@> 934 atoms and 1 coordinate set(s) were parsed in 0.01s.
/home/nithin/data2/nithin/codex_work/resilient_interface/Upside_Desktop/py/upside_config.py:2403: VisibleDeprecationWarning: dtype(): align should be passed as Python or NumPy boolean but got `align=0`. Did you mean to pass a tuple to create a subarray type? (Deprecated NumPy 2.4)
  ref_state_cor =  np.log(cPickle.load(open(args.reference_state_rama, 'rb'), encoding='latin1'))
invocation: /home/nithin/data2/nithin/codex_work/resilient_interface/Upside_Desktop/obj/upside --duration 100001 --frame-interval 100 --temperature 0.7999999999999999,0.7999999999999999,0.7999999999999999,0.7999999999999999 --seed -1 --disable-recentering --integrator mv .//outputs/fixed_curv/1rkl.run.0.up .//outputs/fixed_curv/1rkl.run.1.up .//outputs/fixed_curv/1rkl.run.2.up .//outputs/fixed_curv/1rkl.run.3.up
random seed: 24

Using the multi-step integrator
slow motion
  time step: 0.027
  potential terms:
    backbone_pairs
    hbond_energy
    rotamer
    sigmoid_coupling_environment
    bb_sigmoid_coupling_environment

fast motion
  time step: 0.009
  potential terms:
    Spring_angle
    Spring_bond
    Spring_omega
    rama_map_pot
    rama_map_pot_ref
    hb_membrane_potential
    cb_membrane_potential

.//outputs/fixed_curv/1rkl.run.0.up
n_atom 93


Using the multi-step integrator
slow motion
  time step: 0.027
  potential terms:
    backbone_pairs
    hbond_energy
    rotamer
    sigmoid_coupling_environment
    bb_sigmoid_coupling_environment

fast motion
  time step: 0.009
  potential terms:
    Spring_angle
    Spring_bond
    Spring_omega
    rama_map_pot
    rama_map_pot_ref
    hb_membrane_potential
    cb_membrane_potential

.//outputs/fixed_curv/1rkl.run.1.up
n_atom 93


Using the multi-step integrator
slow motion
  time step: 0.027
  potential terms:
    backbone_pairs
    hbond_energy
    rotamer
    sigmoid_coupling_environment
    bb_sigmoid_coupling_environment

fast motion
  time step: 0.009
  potential terms:
    Spring_angle
    Spring_bond
    Spring_omega
    rama_map_pot
    rama_map_pot_ref
    hb_membrane_potential
    cb_membrane_potential

.//outputs/fixed_curv/1rkl.run.2.up
n_atom 93


Using the multi-step integrator
slow motion
  time step: 0.027
  potential terms:
    backbone_pairs
    hbond_energy
    rotamer
    sigmoid_coupling_environment
    bb_sigmoid_coupling_environment

fast motion
  time step: 0.009
  potential terms:
    Spring_angle
    Spring_bond
    Spring_omega
    rama_map_pot
    rama_map_pot_ref
    hb_membrane_potential
    cb_membrane_potential

.//outputs/fixed_curv/1rkl.run.3.up
n_atom 93


0 0.80
1 0.80
2 0.80
3 0.80

Initial potential energy: 228.65 228.65 228.65 228.65
     0 / 100001 elapsed  0 system 0.80 temp   4.5 hbonds, Rg  12.7 A, potential   228.65
     0 / 100001 elapsed  2 system 0.80 temp   4.5 hbonds, Rg  12.7 A, potential   228.65
     0 / 100001 elapsed  1 system 0.80 temp   4.5 hbonds, Rg  12.7 A, potential   228.65
     0 / 100001 elapsed  3 system 0.80 temp   4.5 hbonds, Rg  12.7 A, potential   228.65
   100 / 100001 elapsed  2 system 0.80 temp  27.1 hbonds, Rg  14.3 A, potential     4.44
   100 / 100001 elapsed  3 system 0.80 temp  34.7 hbonds, Rg  13.8 A, potential    -9.99
   100 / 100001 elapsed  0 system 0.80 temp  37.1 hbonds, Rg  12.7 A, potential   -19.15
   100 / 100001 elapsed  1 system 0.80 temp  35.7 hbonds, Rg  14.2 A, potential   -10.73
   200 / 100001 elapsed  2 system 0.80 temp  28.8 hbonds, Rg  14.4 A, potential   -21.89
   200 / 100001 elapsed  3 system 0.80 temp  34.6 hbonds, Rg  14.4 A, potential   -21.16
   200 / 100001 elapsed  0 system 0.80 temp  36.1 hbonds, Rg  14.1 A, potential   -25.62
   200 / 100001 elapsed  1 system 0.80 temp  34.9 hbonds, Rg  12.8 A, potential   -24.00
   300 / 100001 elapsed  0 system 0.80 temp  30.9 hbonds, Rg  13.4 A, potential   -28.85
   300 / 100001 elapsed  3 system 0.80 temp  33.2 hbonds, Rg  13.5 A, potential   -36.87
   300 / 100001 elapsed  2 system 0.80 temp  28.8 hbonds, Rg  15.4 A, potential    -0.94
   300 / 100001 elapsed  1 system 0.80 temp  33.9 hbonds, Rg  14.5 A, potential   -11.96
   400 / 100001 elapsed  0 system 0.80 temp  35.6 hbonds, Rg  14.4 A, potential   -24.13
   400 / 100001 elapsed  1 system 0.80 temp  33.6 hbonds, Rg  13.8 A, potential   -23.81
   400 / 100001 elapsed  3 system 0.80 temp  32.3 hbonds, Rg  14.7 A, potential   -43.58
   400 / 100001 elapsed  2 system 0.80 temp  29.8 hbonds, Rg  14.6 A, potential   -10.90
   500 / 100001 elapsed  0 system 0.80 temp  29.7 hbonds, Rg  12.3 A, potential   -17.31
   500 / 100001 elapsed  3 system 0.80 temp  31.7 hbonds, Rg  14.5 A, potential     3.99
   500 / 100001 elapsed  1 system 0.80 temp  33.8 hbonds, Rg  15.1 A, potential   -18.81
   500 / 100001 elapsed  2 system 0.80 temp  30.9 hbonds, Rg  14.6 A, potential     0.42
   600 / 100001 elapsed  0 system 0.80 temp  25.1 hbonds, Rg  14.4 A, potential     2.19
   600 / 100001 elapsed  3 system 0.80 temp  32.1 hbonds, Rg  14.4 A, potential     1.63
   600 / 100001 elapsed  2 system 0.80 temp  38.1 hbonds, Rg  13.9 A, potential   -31.54
   600 / 100001 elapsed  1 system 0.80 temp  37.0 hbonds, Rg  14.4 A, potential   -16.57
   700 / 100001 elapsed  3 system 0.80 temp  31.3 hbonds, Rg  14.7 A, potential   -16.06
   700 / 100001 elapsed  0 system 0.80 temp  33.3 hbonds, Rg  13.1 A, potential   -16.60
   700 / 100001 elapsed  2 system 0.80 temp  41.7 hbonds, Rg  13.9 A, potential   -54.30
   700 / 100001 elapsed  1 system 0.80 temp  29.2 hbonds, Rg  14.9 A, potential    -8.47
   800 / 100001 elapsed  3 system 0.80 temp  33.7 hbonds, Rg  14.5 A, potential    -6.75
   800 / 100001 elapsed  0 system 0.80 temp  27.0 hbonds, Rg  14.9 A, potential    -3.43
   800 / 100001 elapsed  2 system 0.80 temp  37.8 hbonds, Rg  14.2 A, potential   -32.34
   800 / 100001 elapsed  1 system 0.80 temp  34.5 hbonds, Rg  14.0 A, potential   -18.98
   900 / 100001 elapsed  0 system 0.80 temp  29.1 hbonds, Rg  14.2 A, potential   -11.29
   900 / 100001 elapsed  3 system 0.80 temp  32.5 hbonds, Rg  14.8 A, potential    -7.09
   900 / 100001 elapsed  2 system 0.80 temp  38.4 hbonds, Rg  13.4 A, potential   -28.94
   900 / 100001 elapsed  1 system 0.80 temp  35.6 hbonds, Rg  12.7 A, potential   -20.52
  1000 / 100001 elapsed  0 system 0.80 temp  30.1 hbonds, Rg  14.1 A, potential   -18.38
  1000 / 100001 elapsed  3 system 0.80 temp  31.7 hbonds, Rg  14.2 A, potential   -13.79
  1000 / 100001 elapsed  2 system 0.80 temp  40.2 hbonds, Rg  14.0 A, potential   -43.14
  1000 / 100001 elapsed  1 system 0.80 temp  37.7 hbonds, Rg  13.5 A, potential   -26.64
  1100 / 100001 elapsed  0 system 0.80 temp  29.6 hbonds, Rg  14.3 A, potential    -5.88
  1100 / 100001 elapsed  3 system 0.80 temp  34.7 hbonds, Rg  13.7 A, potential   -15.07
  1100 / 100001 elapsed  1 system 0.80 temp  38.4 hbonds, Rg  13.3 A, potential   -39.04
  1100 / 100001 elapsed  2 system 0.80 temp  36.2 hbonds, Rg  13.1 A, potential   -32.03
  1200 / 100001 elapsed  0 system 0.80 temp  26.9 hbonds, Rg  14.7 A, potential     3.50
  1200 / 100001 elapsed  3 system 0.80 temp  36.0 hbonds, Rg  13.9 A, potential   -41.10
  1200 / 100001 elapsed  1 system 0.80 temp  36.0 hbonds, Rg  13.6 A, potential   -15.18
  1200 / 100001 elapsed  2 system 0.80 temp  36.5 hbonds, Rg  13.5 A, potential   -38.39
  1300 / 100001 elapsed  0 system 0.80 temp  30.7 hbonds, Rg  13.4 A, potential    -2.38
  1300 / 100001 elapsed  3 system 0.80 temp  35.4 hbonds, Rg  14.7 A, potential   -32.44
  1300 / 100001 elapsed  1 system 0.80 temp  37.0 hbonds, Rg  13.3 A, potential   -21.80
  1300 / 100001 elapsed  2 system 0.80 temp  40.3 hbonds, Rg  12.9 A, potential   -37.85
  1400 / 100001 elapsed  0 system 0.80 temp  27.9 hbonds, Rg  14.0 A, potential    -2.88
  1400 / 100001 elapsed  3 system 0.80 temp  37.7 hbonds, Rg  14.6 A, potential   -54.35
  1400 / 100001 elapsed  1 system 0.80 temp  36.3 hbonds, Rg  13.8 A, potential   -16.84
  1400 / 100001 elapsed  2 system 0.80 temp  42.3 hbonds, Rg  13.3 A, potential   -31.74
  1500 / 100001 elapsed  0 system 0.80 temp  30.2 hbonds, Rg  13.9 A, potential   -10.29
  1500 / 100001 elapsed  3 system 0.80 temp  40.5 hbonds, Rg  14.1 A, potential   -39.69
  1500 / 100001 elapsed  1 system 0.80 temp  39.6 hbonds, Rg  13.7 A, potential   -49.73
  1500 / 100001 elapsed  2 system 0.80 temp  40.4 hbonds, Rg  12.9 A, potential   -26.73
  1600 / 100001 elapsed  0 system 0.80 temp  31.1 hbonds, Rg  13.4 A, potential   -22.79
  1600 / 100001 elapsed  3 system 0.80 temp  36.9 hbonds, Rg  13.9 A, potential   -26.54
  1600 / 100001 elapsed  1 system 0.80 temp  42.0 hbonds, Rg  13.2 A, potential   -37.04
  1600 / 100001 elapsed  2 system 0.80 temp  42.1 hbonds, Rg  12.8 A, potential   -44.86
  1700 / 100001 elapsed  0 system 0.80 temp  33.2 hbonds, Rg  13.5 A, potential   -28.89
  1700 / 100001 elapsed  3 system 0.80 temp  37.5 hbonds, Rg  13.6 A, potential   -20.81
  1700 / 100001 elapsed  2 system 0.80 temp  40.1 hbonds, Rg  12.5 A, potential   -28.97
  1700 / 100001 elapsed  1 system 0.80 temp  47.4 hbonds, Rg  13.5 A, potential   -53.74
  1800 / 100001 elapsed  0 system 0.80 temp  29.6 hbonds, Rg  14.5 A, potential   -21.10
  1800 / 100001 elapsed  3 system 0.80 temp  39.2 hbonds, Rg  13.6 A, potential   -20.73
  1800 / 100001 elapsed  2 system 0.80 temp  40.2 hbonds, Rg  13.4 A, potential   -58.56
  1800 / 100001 elapsed  1 system 0.80 temp  42.4 hbonds, Rg  13.8 A, potential   -20.58
  1900 / 100001 elapsed  0 system 0.80 temp  32.4 hbonds, Rg  13.7 A, potential   -25.29
  1900 / 100001 elapsed  3 system 0.80 temp  38.9 hbonds, Rg  13.3 A, potential   -22.64
  1900 / 100001 elapsed  2 system 0.80 temp  40.6 hbonds, Rg  12.9 A, potential    -8.16
  2000 / 100001 elapsed  0 system 0.80 temp  30.6 hbonds, Rg  14.6 A, potential   -13.51
  1900 / 100001 elapsed  1 system 0.80 temp  41.7 hbonds, Rg  13.7 A, potential   -46.44
  2000 / 100001 elapsed  3 system 0.80 temp  37.8 hbonds, Rg  13.2 A, potential   -17.80
  2000 / 100001 elapsed  2 system 0.80 temp  42.6 hbonds, Rg  13.7 A, potential   -21.45
  2100 / 100001 elapsed  0 system 0.80 temp  31.6 hbonds, Rg  13.7 A, potential    -5.63
  2000 / 100001 elapsed  1 system 0.80 temp  39.8 hbonds, Rg  13.6 A, potential   -23.97
  2100 / 100001 elapsed  3 system 0.80 temp  39.0 hbonds, Rg  12.9 A, potential   -36.09
  2200 / 100001 elapsed  0 system 0.80 temp  32.2 hbonds, Rg  14.5 A, potential    -7.64
  2100 / 100001 elapsed  2 system 0.80 temp  41.8 hbonds, Rg  14.2 A, potential   -46.63
  2100 / 100001 elapsed  1 system 0.80 temp  46.6 hbonds, Rg  13.4 A, potential   -48.07
  2200 / 100001 elapsed  3 system 0.80 temp  37.0 hbonds, Rg  12.6 A, potential   -31.45
  2300 / 100001 elapsed  0 system 0.80 temp  31.1 hbonds, Rg  14.2 A, potential   -12.75
  2200 / 100001 elapsed  2 system 0.80 temp  43.5 hbonds, Rg  13.7 A, potential   -53.96
  2200 / 100001 elapsed  1 system 0.80 temp  46.4 hbonds, Rg  13.5 A, potential   -59.34
  2300 / 100001 elapsed  3 system 0.80 temp  36.4 hbonds, Rg  13.9 A, potential   -28.38
  2400 / 100001 elapsed  0 system 0.80 temp  33.0 hbonds, Rg  13.5 A, potential   -21.98
  2300 / 100001 elapsed  2 system 0.80 temp  42.5 hbonds, Rg  13.8 A, potential   -29.37
  2300 / 100001 elapsed  1 system 0.80 temp  46.1 hbonds, Rg  13.5 A, potential   -56.06
  2400 / 100001 elapsed  3 system 0.80 temp  39.2 hbonds, Rg  13.5 A, potential   -18.97
  2500 / 100001 elapsed  0 system 0.80 temp  30.9 hbonds, Rg  14.3 A, potential   -23.51
  2400 / 100001 elapsed  2 system 0.80 temp  42.3 hbonds, Rg  13.3 A, potential   -52.26
  2400 / 100001 elapsed  1 system 0.80 temp  46.9 hbonds, Rg  13.4 A, potential   -61.74
  2500 / 100001 elapsed  3 system 0.80 temp  37.4 hbonds, Rg  13.9 A, potential   -18.66
  2600 / 100001 elapsed  0 system 0.80 temp  32.8 hbonds, Rg  14.1 A, potential   -13.81
  2500 / 100001 elapsed  2 system 0.80 temp  44.7 hbonds, Rg  13.6 A, potential   -48.52
  2500 / 100001 elapsed  1 system 0.80 temp  47.4 hbonds, Rg  13.4 A, potential   -71.29
  2600 / 100001 elapsed  3 system 0.80 temp  39.0 hbonds, Rg  14.3 A, potential   -22.99
  2700 / 100001 elapsed  0 system 0.80 temp  32.0 hbonds, Rg  13.9 A, potential   -28.72
  2600 / 100001 elapsed  2 system 0.80 temp  43.2 hbonds, Rg  13.3 A, potential   -32.28
  2600 / 100001 elapsed  1 system 0.80 temp  45.4 hbonds, Rg  13.3 A, potential   -67.68
  2700 / 100001 elapsed  3 system 0.80 temp  38.5 hbonds, Rg  13.6 A, potential   -12.59
  2800 / 100001 elapsed  0 system 0.80 temp  34.2 hbonds, Rg  13.2 A, potential   -39.16
  2700 / 100001 elapsed  2 system 0.80 temp  43.6 hbonds, Rg  13.1 A, potential   -50.59
  2700 / 100001 elapsed  1 system 0.80 temp  46.9 hbonds, Rg  13.3 A, potential   -55.91
  2800 / 100001 elapsed  3 system 0.80 temp  39.9 hbonds, Rg  14.1 A, potential   -42.38
  2900 / 100001 elapsed  0 system 0.80 temp  31.3 hbonds, Rg  13.9 A, potential   -26.18
  2800 / 100001 elapsed  2 system 0.80 temp  46.2 hbonds, Rg  13.3 A, potential   -55.04
  2900 / 100001 elapsed  3 system 0.80 temp  39.2 hbonds, Rg  13.7 A, potential   -19.76
  2800 / 100001 elapsed  1 system 0.80 temp  45.6 hbonds, Rg  13.6 A, potential   -53.86
  3000 / 100001 elapsed  0 system 0.80 temp  32.5 hbonds, Rg  13.0 A, potential   -24.40
  2900 / 100001 elapsed  2 system 0.80 temp  43.7 hbonds, Rg  13.6 A, potential   -46.58
  3000 / 100001 elapsed  3 system 0.80 temp  38.1 hbonds, Rg  13.3 A, potential   -46.00
  2900 / 100001 elapsed  1 system 0.80 temp  44.9 hbonds, Rg  13.5 A, potential   -40.53
  3100 / 100001 elapsed  0 system 0.80 temp  33.2 hbonds, Rg  13.7 A, potential   -27.39
  3000 / 100001 elapsed  2 system 0.80 temp  44.5 hbonds, Rg  13.4 A, potential   -46.51
  3100 / 100001 elapsed  3 system 0.80 temp  43.3 hbonds, Rg  13.2 A, potential   -39.82
  3000 / 100001 elapsed  1 system 0.80 temp  44.6 hbonds, Rg  13.4 A, potential   -51.36
  3200 / 100001 elapsed  0 system 0.80 temp  35.2 hbonds, Rg  13.5 A, potential   -29.02
  3100 / 100001 elapsed  2 system 0.80 temp  45.4 hbonds, Rg  13.6 A, potential   -62.20
  3200 / 100001 elapsed  3 system 0.80 temp  42.6 hbonds, Rg  13.4 A, potential   -56.91
  3300 / 100001 elapsed  0 system 0.80 temp  33.2 hbonds, Rg  13.7 A, potential   -15.22
  3100 / 100001 elapsed  1 system 0.80 temp  43.8 hbonds, Rg  13.6 A, potential   -35.03
  3200 / 100001 elapsed  2 system 0.80 temp  47.4 hbonds, Rg  13.3 A, potential   -32.08
  3300 / 100001 elapsed  3 system 0.80 temp  39.8 hbonds, Rg  13.9 A, potential   -34.93
  3400 / 100001 elapsed  0 system 0.80 temp  32.6 hbonds, Rg  14.9 A, potential   -23.62
  3200 / 100001 elapsed  1 system 0.80 temp  42.1 hbonds, Rg  13.6 A, potential   -53.84
  3300 / 100001 elapsed  2 system 0.80 temp  44.1 hbonds, Rg  13.3 A, potential   -30.17
  3400 / 100001 elapsed  3 system 0.80 temp  38.1 hbonds, Rg  13.7 A, potential   -27.06
  3500 / 100001 elapsed  0 system 0.80 temp  35.0 hbonds, Rg  14.1 A, potential   -28.03
  3300 / 100001 elapsed  1 system 0.80 temp  44.7 hbonds, Rg  13.5 A, potential   -32.97
  3400 / 100001 elapsed  2 system 0.80 temp  44.6 hbonds, Rg  13.3 A, potential   -55.56
  3600 / 100001 elapsed  0 system 0.80 temp  29.2 hbonds, Rg  14.9 A, potential    -8.04
  3500 / 100001 elapsed  3 system 0.80 temp  42.9 hbonds, Rg  13.5 A, potential   -46.58
  3400 / 100001 elapsed  1 system 0.80 temp  45.3 hbonds, Rg  13.3 A, potential   -39.37
  3700 / 100001 elapsed  0 system 0.80 temp  33.3 hbonds, Rg  12.5 A, potential    -8.51
  3600 / 100001 elapsed  3 system 0.80 temp  43.6 hbonds, Rg  13.7 A, potential   -40.49
  3500 / 100001 elapsed  2 system 0.80 temp  45.7 hbonds, Rg  13.3 A, potential   -58.66
  3500 / 100001 elapsed  1 system 0.80 temp  43.4 hbonds, Rg  13.5 A, potential   -55.13
  3800 / 100001 elapsed  0 system 0.80 temp  31.6 hbonds, Rg  13.4 A, potential   -20.61
  3700 / 100001 elapsed  3 system 0.80 temp  42.8 hbonds, Rg  13.3 A, potential   -35.27
  3600 / 100001 elapsed  2 system 0.80 temp  41.8 hbonds, Rg  13.8 A, potential   -47.16
  3600 / 100001 elapsed  1 system 0.80 temp  46.2 hbonds, Rg  13.9 A, potential   -46.20
  3900 / 100001 elapsed  0 system 0.80 temp  34.2 hbonds, Rg  13.9 A, potential    -9.44
  3800 / 100001 elapsed  3 system 0.80 temp  41.4 hbonds, Rg  13.9 A, potential   -35.16
  3700 / 100001 elapsed  2 system 0.80 temp  44.9 hbonds, Rg  13.5 A, potential   -70.09
  3700 / 100001 elapsed  1 system 0.80 temp  45.7 hbonds, Rg  13.2 A, potential   -37.92
  4000 / 100001 elapsed  0 system 0.80 temp  32.5 hbonds, Rg  13.9 A, potential    -5.70
  3900 / 100001 elapsed  3 system 0.80 temp  40.5 hbonds, Rg  13.4 A, potential   -25.01
  3800 / 100001 elapsed  2 system 0.80 temp  47.3 hbonds, Rg  13.3 A, potential   -56.99
  3800 / 100001 elapsed  1 system 0.80 temp  43.3 hbonds, Rg  13.4 A, potential   -27.28
  4100 / 100001 elapsed  0 system 0.80 temp  34.1 hbonds, Rg  14.6 A, potential   -24.45
  4000 / 100001 elapsed  3 system 0.80 temp  39.9 hbonds, Rg  14.1 A, potential   -37.70
  3900 / 100001 elapsed  2 system 0.80 temp  45.5 hbonds, Rg  13.6 A, potential   -36.73
  3900 / 100001 elapsed  1 system 0.80 temp  44.9 hbonds, Rg  13.4 A, potential   -33.35
  4200 / 100001 elapsed  0 system 0.80 temp  30.7 hbonds, Rg  13.7 A, potential     6.56
  4100 / 100001 elapsed  3 system 0.80 temp  42.2 hbonds, Rg  13.8 A, potential   -46.07
  4000 / 100001 elapsed  2 system 0.80 temp  45.3 hbonds, Rg  13.6 A, potential   -54.69
  4000 / 100001 elapsed  1 system 0.80 temp  39.2 hbonds, Rg  13.8 A, potential   -35.11
  4300 / 100001 elapsed  0 system 0.80 temp  34.6 hbonds, Rg  14.3 A, potential   -37.84
  4200 / 100001 elapsed  3 system 0.80 temp  40.1 hbonds, Rg  13.7 A, potential   -37.12
  4100 / 100001 elapsed  2 system 0.80 temp  44.0 hbonds, Rg  13.4 A, potential   -37.10
  4100 / 100001 elapsed  1 system 0.80 temp  43.1 hbonds, Rg  13.6 A, potential   -30.49
  4400 / 100001 elapsed  0 system 0.80 temp  33.8 hbonds, Rg  14.6 A, potential   -29.04
  4300 / 100001 elapsed  3 system 0.80 temp  45.5 hbonds, Rg  13.6 A, potential   -37.46
  4200 / 100001 elapsed  2 system 0.80 temp  45.2 hbonds, Rg  13.5 A, potential   -37.14
  4200 / 100001 elapsed  1 system 0.80 temp  47.0 hbonds, Rg  13.2 A, potential   -47.13
  4500 / 100001 elapsed  0 system 0.80 temp  34.1 hbonds, Rg  14.6 A, potential   -35.22
  4400 / 100001 elapsed  3 system 0.80 temp  44.1 hbonds, Rg  13.5 A, potential   -51.27
  4600 / 100001 elapsed  0 system 0.80 temp  36.0 hbonds, Rg  14.2 A, potential   -22.35
  4300 / 100001 elapsed  1 system 0.80 temp  46.0 hbonds, Rg  13.6 A, potential   -53.28
  4300 / 100001 elapsed  2 system 0.80 temp  47.6 hbonds, Rg  13.4 A, potential   -69.50
  4500 / 100001 elapsed  3 system 0.80 temp  41.2 hbonds, Rg  14.1 A, potential   -44.26
  4700 / 100001 elapsed  0 system 0.80 temp  38.8 hbonds, Rg  13.6 A, potential   -30.72
  4400 / 100001 elapsed  1 system 0.80 temp  41.6 hbonds, Rg  13.5 A, potential   -46.43
  4400 / 100001 elapsed  2 system 0.80 temp  46.3 hbonds, Rg  13.4 A, potential   -42.66
  4600 / 100001 elapsed  3 system 0.80 temp  43.3 hbonds, Rg  13.9 A, potential   -51.87
  4800 / 100001 elapsed  0 system 0.80 temp  36.2 hbonds, Rg  14.1 A, potential   -22.62
  4500 / 100001 elapsed  1 system 0.80 temp  44.3 hbonds, Rg  13.4 A, potential   -38.21
  4500 / 100001 elapsed  2 system 0.80 temp  44.7 hbonds, Rg  13.0 A, potential   -42.64
  4700 / 100001 elapsed  3 system 0.80 temp  44.6 hbonds, Rg  13.3 A, potential   -36.65
  4900 / 100001 elapsed  0 system 0.80 temp  38.6 hbonds, Rg  14.0 A, potential   -19.64
  4600 / 100001 elapsed  1 system 0.80 temp  37.3 hbonds, Rg  13.2 A, potential   -32.14
  4600 / 100001 elapsed  2 system 0.80 temp  46.7 hbonds, Rg  13.6 A, potential   -50.38
  5000 / 100001 elapsed  0 system 0.80 temp  40.1 hbonds, Rg  13.9 A, potential   -49.85
  4800 / 100001 elapsed  3 system 0.80 temp  43.4 hbonds, Rg  13.1 A, potential   -43.61
  4700 / 100001 elapsed  1 system 0.80 temp  46.5 hbonds, Rg  13.2 A, potential   -55.03
  4700 / 100001 elapsed  2 system 0.80 temp  47.5 hbonds, Rg  13.3 A, potential   -67.18
  5100 / 100001 elapsed  0 system 0.80 temp  40.0 hbonds, Rg  13.9 A, potential   -21.60
  4900 / 100001 elapsed  3 system 0.80 temp  44.3 hbonds, Rg  13.5 A, potential   -48.54
  4800 / 100001 elapsed  1 system 0.80 temp  46.2 hbonds, Rg  13.5 A, potential   -48.80
  4800 / 100001 elapsed  2 system 0.80 temp  44.1 hbonds, Rg  13.5 A, potential   -35.27
  5200 / 100001 elapsed  0 system 0.80 temp  41.8 hbonds, Rg  13.7 A, potential   -49.56
  5000 / 100001 elapsed  3 system 0.80 temp  40.5 hbonds, Rg  14.2 A, potential   -23.34
  4900 / 100001 elapsed  1 system 0.80 temp  43.7 hbonds, Rg  13.5 A, potential   -57.42
  4900 / 100001 elapsed  2 system 0.80 temp  43.5 hbonds, Rg  13.3 A, potential   -58.18
  5300 / 100001 elapsed  0 system 0.80 temp  41.5 hbonds, Rg  13.7 A, potential   -37.71
  5100 / 100001 elapsed  3 system 0.80 temp  41.1 hbonds, Rg  13.6 A, potential   -44.05
  5000 / 100001 elapsed  1 system 0.80 temp  42.3 hbonds, Rg  13.4 A, potential   -32.05
  5000 / 100001 elapsed  2 system 0.80 temp  41.1 hbonds, Rg  13.9 A, potential   -60.23
  5400 / 100001 elapsed  0 system 0.80 temp  45.5 hbonds, Rg  13.5 A, potential   -62.63
  5200 / 100001 elapsed  3 system 0.80 temp  43.2 hbonds, Rg  13.4 A, potential   -55.69
  5100 / 100001 elapsed  1 system 0.80 temp  43.4 hbonds, Rg  13.7 A, potential   -37.16
  5100 / 100001 elapsed  2 system 0.80 temp  44.6 hbonds, Rg  13.6 A, potential   -44.65
  5500 / 100001 elapsed  0 system 0.80 temp  46.6 hbonds, Rg  13.3 A, potential   -58.43
  5300 / 100001 elapsed  3 system 0.80 temp  43.0 hbonds, Rg  12.8 A, potential   -37.42
  5200 / 100001 elapsed  1 system 0.80 temp  48.0 hbonds, Rg  13.4 A, potential   -43.74
  5200 / 100001 elapsed  2 system 0.80 temp  47.9 hbonds, Rg  13.4 A, potential   -56.05
  5400 / 100001 elapsed  3 system 0.80 temp  40.9 hbonds, Rg  13.9 A, potential   -46.87
  5600 / 100001 elapsed  0 system 0.80 temp  46.2 hbonds, Rg  13.5 A, potential   -49.39
  5300 / 100001 elapsed  1 system 0.80 temp  43.7 hbonds, Rg  13.5 A, potential   -44.80
  5300 / 100001 elapsed  2 system 0.80 temp  46.8 hbonds, Rg  13.5 A, potential   -42.81
  5500 / 100001 elapsed  3 system 0.80 temp  42.4 hbonds, Rg  12.9 A, potential   -31.49
  5700 / 100001 elapsed  0 system 0.80 temp  46.4 hbonds, Rg  13.5 A, potential   -47.29
  5400 / 100001 elapsed  1 system 0.80 temp  45.7 hbonds, Rg  13.6 A, potential   -43.34
  5400 / 100001 elapsed  2 system 0.80 temp  43.8 hbonds, Rg  13.4 A, potential   -27.00
  5600 / 100001 elapsed  3 system 0.80 temp  43.5 hbonds, Rg  12.9 A, potential   -41.54
  5800 / 100001 elapsed  0 system 0.80 temp  47.2 hbonds, Rg  13.6 A, potential   -64.72
  5500 / 100001 elapsed  1 system 0.80 temp  45.9 hbonds, Rg  13.3 A, potential   -48.26
  5500 / 100001 elapsed  2 system 0.80 temp  43.4 hbonds, Rg  13.3 A, potential   -43.69
  5700 / 100001 elapsed  3 system 0.80 temp  41.3 hbonds, Rg  13.9 A, potential   -43.08
  5900 / 100001 elapsed  0 system 0.80 temp  45.3 hbonds, Rg  13.6 A, potential   -48.27
  5600 / 100001 elapsed  1 system 0.80 temp  45.3 hbonds, Rg  13.4 A, potential   -38.04
  5600 / 100001 elapsed  2 system 0.80 temp  45.0 hbonds, Rg  13.6 A, potential   -59.86
  5800 / 100001 elapsed  3 system 0.80 temp  41.2 hbonds, Rg  13.7 A, potential   -25.55
  6000 / 100001 elapsed  0 system 0.80 temp  46.0 hbonds, Rg  13.6 A, potential   -66.11
  5700 / 100001 elapsed  1 system 0.80 temp  47.4 hbonds, Rg  13.3 A, potential   -47.05
  5700 / 100001 elapsed  2 system 0.80 temp  43.8 hbonds, Rg  13.5 A, potential   -47.01
  5900 / 100001 elapsed  3 system 0.80 temp  40.9 hbonds, Rg  13.6 A, potential   -36.12
  6100 / 100001 elapsed  0 system 0.80 temp  42.6 hbonds, Rg  13.5 A, potential   -38.29
  5800 / 100001 elapsed  1 system 0.80 temp  46.3 hbonds, Rg  13.6 A, potential   -56.79
  5800 / 100001 elapsed  2 system 0.80 temp  44.9 hbonds, Rg  13.5 A, potential   -45.93
  6000 / 100001 elapsed  3 system 0.80 temp  39.7 hbonds, Rg  13.4 A, potential   -37.70
  6200 / 100001 elapsed  0 system 0.80 temp  46.0 hbonds, Rg  13.4 A, potential   -49.83
  5900 / 100001 elapsed  1 system 0.80 temp  43.5 hbonds, Rg  13.1 A, potential   -52.73
  5900 / 100001 elapsed  2 system 0.80 temp  43.3 hbonds, Rg  13.7 A, potential   -49.04
  6100 / 100001 elapsed  3 system 0.80 temp  43.5 hbonds, Rg  13.5 A, potential   -48.86
  6301 / 100001 elapsed  0 system 0.80 temp  47.4 hbonds, Rg  13.2 A, potential   -74.16
  6000 / 100001 elapsed  1 system 0.80 temp  44.2 hbonds, Rg  13.3 A, potential   -59.48
  6000 / 100001 elapsed  2 system 0.80 temp  45.0 hbonds, Rg  13.6 A, potential   -62.44
  6200 / 100001 elapsed  3 system 0.80 temp  43.4 hbonds, Rg  13.6 A, potential   -54.30
  6401 / 100001 elapsed  0 system 0.80 temp  45.0 hbonds, Rg  13.4 A, potential   -46.12
  6100 / 100001 elapsed  1 system 0.80 temp  46.1 hbonds, Rg  13.4 A, potential   -64.29
  6100 / 100001 elapsed  2 system 0.80 temp  43.9 hbonds, Rg  13.5 A, potential   -52.66
  6301 / 100001 elapsed  3 system 0.80 temp  44.3 hbonds, Rg  13.4 A, potential   -38.13
  6501 / 100001 elapsed  0 system 0.80 temp  43.7 hbonds, Rg  13.6 A, potential   -49.56
  6200 / 100001 elapsed  1 system 0.80 temp  42.4 hbonds, Rg  13.3 A, potential   -43.92
  6200 / 100001 elapsed  2 system 0.80 temp  47.3 hbonds, Rg  13.2 A, potential   -37.86
  6401 / 100001 elapsed  3 system 0.80 temp  46.2 hbonds, Rg  13.4 A, potential   -52.00
  6601 / 100001 elapsed  0 system 0.80 temp  44.5 hbonds, Rg  13.4 A, potential   -45.07
  6301 / 100001 elapsed  1 system 0.80 temp  45.7 hbonds, Rg  13.5 A, potential   -41.58
  6301 / 100001 elapsed  2 system 0.80 temp  48.7 hbonds, Rg  13.4 A, potential   -60.37
  6501 / 100001 elapsed  3 system 0.80 temp  45.2 hbonds, Rg  13.2 A, potential   -40.52
  6701 / 100001 elapsed  0 system 0.80 temp  46.8 hbonds, Rg  13.0 A, potential   -18.80
  6401 / 100001 elapsed  1 system 0.80 temp  46.3 hbonds, Rg  13.4 A, potential   -33.50
  6401 / 100001 elapsed  2 system 0.80 temp  46.3 hbonds, Rg  13.4 A, potential   -55.74
  6601 / 100001 elapsed  3 system 0.80 temp  46.2 hbonds, Rg  13.3 A, potential   -44.53
  6801 / 100001 elapsed  0 system 0.80 temp  45.9 hbonds, Rg  13.4 A, potential   -17.79
  6501 / 100001 elapsed  1 system 0.80 temp  43.9 hbonds, Rg  13.6 A, potential   -35.45
  6501 / 100001 elapsed  2 system 0.80 temp  47.5 hbonds, Rg  13.5 A, potential   -73.04
  6701 / 100001 elapsed  3 system 0.80 temp  38.0 hbonds, Rg  13.6 A, potential   -31.89
  6901 / 100001 elapsed  0 system 0.80 temp  45.0 hbonds, Rg  13.6 A, potential   -63.37
  6601 / 100001 elapsed  1 system 0.80 temp  42.9 hbonds, Rg  13.6 A, potential   -60.38
  6601 / 100001 elapsed  2 system 0.80 temp  45.4 hbonds, Rg  13.7 A, potential   -51.63
  6801 / 100001 elapsed  3 system 0.80 temp  45.5 hbonds, Rg  13.4 A, potential   -31.92
  7001 / 100001 elapsed  0 system 0.80 temp  47.5 hbonds, Rg  13.4 A, potential   -40.09
  6701 / 100001 elapsed  1 system 0.80 temp  42.1 hbonds, Rg  13.3 A, potential   -25.92
  6701 / 100001 elapsed  2 system 0.80 temp  41.3 hbonds, Rg  13.7 A, potential   -44.27
  6901 / 100001 elapsed  3 system 0.80 temp  47.1 hbonds, Rg  13.5 A, potential   -55.22
  7101 / 100001 elapsed  0 system 0.80 temp  45.2 hbonds, Rg  13.5 A, potential   -47.96
  6801 / 100001 elapsed  1 system 0.80 temp  37.7 hbonds, Rg  14.3 A, potential   -31.29
  6801 / 100001 elapsed  2 system 0.80 temp  45.2 hbonds, Rg  13.2 A, potential   -56.19
  7001 / 100001 elapsed  3 system 0.80 temp  42.3 hbonds, Rg  13.1 A, potential   -47.50
  7201 / 100001 elapsed  0 system 0.80 temp  44.3 hbonds, Rg  13.3 A, potential   -52.22
  6901 / 100001 elapsed  1 system 0.80 temp  37.9 hbonds, Rg  13.9 A, potential   -28.33
  6901 / 100001 elapsed  2 system 0.80 temp  41.0 hbonds, Rg  13.4 A, potential   -41.34
  7101 / 100001 elapsed  3 system 0.80 temp  44.7 hbonds, Rg  13.5 A, potential   -44.01
  7301 / 100001 elapsed  0 system 0.80 temp  45.0 hbonds, Rg  13.5 A, potential   -42.49
  7001 / 100001 elapsed  1 system 0.80 temp  39.8 hbonds, Rg  13.7 A, potential   -50.06
  7001 / 100001 elapsed  2 system 0.80 temp  45.0 hbonds, Rg  13.4 A, potential   -45.33
  7201 / 100001 elapsed  3 system 0.80 temp  43.9 hbonds, Rg  13.6 A, potential   -39.87
  7401 / 100001 elapsed  0 system 0.80 temp  48.0 hbonds, Rg  13.5 A, potential   -48.63
  7101 / 100001 elapsed  1 system 0.80 temp  36.2 hbonds, Rg  13.5 A, potential   -18.00
  7101 / 100001 elapsed  2 system 0.80 temp  47.6 hbonds, Rg  13.5 A, potential   -71.33
  7301 / 100001 elapsed  3 system 0.80 temp  46.0 hbonds, Rg  13.4 A, potential   -43.99
  7501 / 100001 elapsed  0 system 0.80 temp  43.9 hbonds, Rg  13.5 A, potential   -61.46
  7201 / 100001 elapsed  1 system 0.80 temp  38.0 hbonds, Rg  13.9 A, potential   -40.17
  7201 / 100001 elapsed  2 system 0.80 temp  44.5 hbonds, Rg  13.4 A, potential   -64.97
  7401 / 100001 elapsed  3 system 0.80 temp  44.0 hbonds, Rg  13.2 A, potential   -36.24
  7601 / 100001 elapsed  0 system 0.80 temp  46.1 hbonds, Rg  13.4 A, potential   -43.48
  7301 / 100001 elapsed  1 system 0.80 temp  40.1 hbonds, Rg  13.8 A, potential   -29.92
  7301 / 100001 elapsed  2 system 0.80 temp  46.0 hbonds, Rg  13.5 A, potential   -55.91
  7501 / 100001 elapsed  3 system 0.80 temp  45.5 hbonds, Rg  13.6 A, potential   -45.40
  7701 / 100001 elapsed  0 system 0.80 temp  45.5 hbonds, Rg  13.7 A, potential   -43.30
  7401 / 100001 elapsed  1 system 0.80 temp  36.3 hbonds, Rg  13.9 A, potential   -18.25
  7401 / 100001 elapsed  2 system 0.80 temp  45.6 hbonds, Rg  13.5 A, potential   -57.73
  7601 / 100001 elapsed  3 system 0.80 temp  44.3 hbonds, Rg  13.6 A, potential   -43.12
  7501 / 100001 elapsed  1 system 0.80 temp  36.5 hbonds, Rg  13.7 A, potential   -13.55
  7801 / 100001 elapsed  0 system 0.80 temp  45.8 hbonds, Rg  13.1 A, potential   -38.88
  7501 / 100001 elapsed  2 system 0.80 temp  41.3 hbonds, Rg  13.0 A, potential   -19.84
  7701 / 100001 elapsed  3 system 0.80 temp  45.2 hbonds, Rg  13.2 A, potential   -43.90
  7601 / 100001 elapsed  1 system 0.80 temp  35.6 hbonds, Rg  13.8 A, potential   -15.43
  7901 / 100001 elapsed  0 system 0.80 temp  44.9 hbonds, Rg  13.5 A, potential   -49.93
  7601 / 100001 elapsed  2 system 0.80 temp  46.0 hbonds, Rg  13.5 A, potential   -55.38
  7801 / 100001 elapsed  3 system 0.80 temp  44.7 hbonds, Rg  13.5 A, potential   -45.74
  7701 / 100001 elapsed  1 system 0.80 temp  38.3 hbonds, Rg  13.8 A, potential   -22.46
  8001 / 100001 elapsed  0 system 0.80 temp  46.6 hbonds, Rg  13.2 A, potential   -64.98
  7701 / 100001 elapsed  2 system 0.80 temp  45.3 hbonds, Rg  13.4 A, potential   -45.50
  7901 / 100001 elapsed  3 system 0.80 temp  45.0 hbonds, Rg  13.6 A, potential   -52.35
  7801 / 100001 elapsed  1 system 0.80 temp  38.9 hbonds, Rg  13.7 A, potential   -26.20
  8101 / 100001 elapsed  0 system 0.80 temp  48.0 hbonds, Rg  13.4 A, potential   -53.29
  7801 / 100001 elapsed  2 system 0.80 temp  46.3 hbonds, Rg  13.6 A, potential   -50.00
  8001 / 100001 elapsed  3 system 0.80 temp  44.7 hbonds, Rg  13.3 A, potential   -53.67
  7901 / 100001 elapsed  1 system 0.80 temp  38.4 hbonds, Rg  13.8 A, potential   -42.78
  8201 / 100001 elapsed  0 system 0.80 temp  45.3 hbonds, Rg  13.7 A, potential   -37.24
  8001 / 100001 elapsed  1 system 0.80 temp  40.4 hbonds, Rg  13.6 A, potential   -56.95
  8101 / 100001 elapsed  3 system 0.80 temp  46.5 hbonds, Rg  13.3 A, potential   -53.70
  7901 / 100001 elapsed  2 system 0.80 temp  41.9 hbonds, Rg  13.8 A, potential   -39.32
  8301 / 100001 elapsed  0 system 0.80 temp  48.0 hbonds, Rg  13.4 A, potential   -30.99
  8101 / 100001 elapsed  1 system 0.80 temp  37.0 hbonds, Rg  14.0 A, potential   -27.96
  8201 / 100001 elapsed  3 system 0.80 temp  44.4 hbonds, Rg  13.5 A, potential   -65.75
  8001 / 100001 elapsed  2 system 0.80 temp  46.5 hbonds, Rg  13.6 A, potential   -66.68
  8401 / 100001 elapsed  0 system 0.80 temp  44.6 hbonds, Rg  13.2 A, potential   -44.31
  8201 / 100001 elapsed  1 system 0.80 temp  37.3 hbonds, Rg  14.1 A, potential   -29.17
  8301 / 100001 elapsed  3 system 0.80 temp  47.5 hbonds, Rg  13.3 A, potential   -62.05
  8101 / 100001 elapsed  2 system 0.80 temp  42.8 hbonds, Rg  13.5 A, potential   -21.83
  8501 / 100001 elapsed  0 system 0.80 temp  46.6 hbonds, Rg  13.5 A, potential   -49.79
  8301 / 100001 elapsed  1 system 0.80 temp  42.9 hbonds, Rg  13.8 A, potential   -41.25
  8401 / 100001 elapsed  3 system 0.80 temp  44.1 hbonds, Rg  13.4 A, potential   -51.80
  8201 / 100001 elapsed  2 system 0.80 temp  44.5 hbonds, Rg  13.5 A, potential   -49.80
  8601 / 100001 elapsed  0 system 0.80 temp  44.5 hbonds, Rg  13.2 A, potential   -48.54
  8401 / 100001 elapsed  1 system 0.80 temp  44.3 hbonds, Rg  13.6 A, potential   -24.94
  8501 / 100001 elapsed  3 system 0.80 temp  42.5 hbonds, Rg  13.7 A, potential   -59.27
  8301 / 100001 elapsed  2 system 0.80 temp  46.8 hbonds, Rg  13.6 A, potential   -49.33
  8701 / 100001 elapsed  0 system 0.80 temp  42.0 hbonds, Rg  13.8 A, potential   -46.83
  8501 / 100001 elapsed  1 system 0.80 temp  46.2 hbonds, Rg  13.4 A, potential   -52.75
  8601 / 100001 elapsed  3 system 0.80 temp  45.4 hbonds, Rg  13.6 A, potential   -56.42
  8401 / 100001 elapsed  2 system 0.80 temp  46.1 hbonds, Rg  13.4 A, potential   -43.32
  8801 / 100001 elapsed  0 system 0.80 temp  45.4 hbonds, Rg  13.4 A, potential   -59.22
  8601 / 100001 elapsed  1 system 0.80 temp  47.3 hbonds, Rg  13.7 A, potential   -76.08
  8701 / 100001 elapsed  3 system 0.80 temp  45.2 hbonds, Rg  13.5 A, potential   -42.17
  8501 / 100001 elapsed  2 system 0.80 temp  45.4 hbonds, Rg  13.5 A, potential   -44.79
  8901 / 100001 elapsed  0 system 0.80 temp  43.3 hbonds, Rg  13.5 A, potential   -32.22
  8701 / 100001 elapsed  1 system 0.80 temp  45.3 hbonds, Rg  13.4 A, potential   -60.00
  8801 / 100001 elapsed  3 system 0.80 temp  41.4 hbonds, Rg  13.5 A, potential   -22.27
  8601 / 100001 elapsed  2 system 0.80 temp  40.7 hbonds, Rg  13.4 A, potential   -22.48
  9001 / 100001 elapsed  0 system 0.80 temp  42.6 hbonds, Rg  13.4 A, potential   -46.04
  8801 / 100001 elapsed  1 system 0.80 temp  45.8 hbonds, Rg  13.3 A, potential   -39.13
  8901 / 100001 elapsed  3 system 0.80 temp  43.1 hbonds, Rg  13.4 A, potential   -59.36
  8701 / 100001 elapsed  2 system 0.80 temp  43.9 hbonds, Rg  13.5 A, potential   -39.03
  9101 / 100001 elapsed  0 system 0.80 temp  44.4 hbonds, Rg  13.6 A, potential   -39.11
  8901 / 100001 elapsed  1 system 0.80 temp  45.8 hbonds, Rg  13.1 A, potential   -44.32
  9001 / 100001 elapsed  3 system 0.80 temp  45.5 hbonds, Rg  13.4 A, potential   -60.90
  8801 / 100001 elapsed  2 system 0.80 temp  43.4 hbonds, Rg  13.5 A, potential   -68.82
  9201 / 100001 elapsed  0 system 0.80 temp  46.1 hbonds, Rg  13.4 A, potential   -48.18
  9001 / 100001 elapsed  1 system 0.80 temp  47.8 hbonds, Rg  13.5 A, potential   -55.51
  9101 / 100001 elapsed  3 system 0.80 temp  45.0 hbonds, Rg  13.4 A, potential   -50.65
  8901 / 100001 elapsed  2 system 0.80 temp  41.1 hbonds, Rg  14.1 A, potential   -48.71
  9301 / 100001 elapsed  0 system 0.80 temp  45.9 hbonds, Rg  13.4 A, potential   -41.13
  9101 / 100001 elapsed  1 system 0.80 temp  45.4 hbonds, Rg  13.2 A, potential   -47.49
  9201 / 100001 elapsed  3 system 0.80 temp  43.0 hbonds, Rg  13.5 A, potential   -52.22
  9001 / 100001 elapsed  2 system 0.80 temp  46.1 hbonds, Rg  13.2 A, potential   -35.77
  9401 / 100001 elapsed  0 system 0.80 temp  45.2 hbonds, Rg  13.7 A, potential   -52.13
  9201 / 100001 elapsed  1 system 0.80 temp  45.1 hbonds, Rg  13.6 A, potential   -48.71
  9301 / 100001 elapsed  3 system 0.80 temp  46.9 hbonds, Rg  13.3 A, potential   -47.50
  9101 / 100001 elapsed  2 system 0.80 temp  42.6 hbonds, Rg  13.6 A, potential   -44.06
  9501 / 100001 elapsed  0 system 0.80 temp  46.7 hbonds, Rg  13.2 A, potential   -60.08
  9301 / 100001 elapsed  1 system 0.80 temp  46.3 hbonds, Rg  13.5 A, potential   -60.31
  9401 / 100001 elapsed  3 system 0.80 temp  40.1 hbonds, Rg  13.8 A, potential   -40.87
  9201 / 100001 elapsed  2 system 0.80 temp  45.4 hbonds, Rg  13.1 A, potential   -64.68
  9601 / 100001 elapsed  0 system 0.80 temp  45.6 hbonds, Rg  13.3 A, potential   -39.27
  9401 / 100001 elapsed  1 system 0.80 temp  46.6 hbonds, Rg  13.3 A, potential   -52.24
  9501 / 100001 elapsed  3 system 0.80 temp  43.4 hbonds, Rg  13.5 A, potential   -56.80
  9301 / 100001 elapsed  2 system 0.80 temp  43.9 hbonds, Rg  13.6 A, potential   -58.09
  9701 / 100001 elapsed  0 system 0.80 temp  46.6 hbonds, Rg  13.0 A, potential   -51.40
  9501 / 100001 elapsed  1 system 0.80 temp  45.4 hbonds, Rg  13.5 A, potential   -46.98
  9601 / 100001 elapsed  3 system 0.80 temp  44.7 hbonds, Rg  13.4 A, potential   -65.82
  9401 / 100001 elapsed  2 system 0.80 temp  45.9 hbonds, Rg  13.5 A, potential   -50.88
  9801 / 100001 elapsed  0 system 0.80 temp  43.6 hbonds, Rg  13.3 A, potential   -57.68
  9601 / 100001 elapsed  1 system 0.80 temp  46.1 hbonds, Rg  13.6 A, potential   -45.75
  9701 / 100001 elapsed  3 system 0.80 temp  45.7 hbonds, Rg  13.4 A, potential   -31.66
  9501 / 100001 elapsed  2 system 0.80 temp  44.8 hbonds, Rg  13.1 A, potential   -44.92
  9901 / 100001 elapsed  0 system 0.80 temp  42.5 hbonds, Rg  13.5 A, potential   -50.96
  9701 / 100001 elapsed  1 system 0.80 temp  42.6 hbonds, Rg  13.5 A, potential   -35.98
  9801 / 100001 elapsed  3 system 0.80 temp  48.0 hbonds, Rg  13.5 A, potential   -53.54
  9601 / 100001 elapsed  2 system 0.80 temp  44.8 hbonds, Rg  13.5 A, potential   -67.38
 10001 / 100001 elapsed  0 system 0.80 temp  43.2 hbonds, Rg  13.6 A, potential   -42.08
  9801 / 100001 elapsed  1 system 0.80 temp  45.3 hbonds, Rg  13.5 A, potential   -54.96
  9901 / 100001 elapsed  3 system 0.80 temp  44.3 hbonds, Rg  13.6 A, potential   -53.74
  9701 / 100001 elapsed  2 system 0.80 temp  44.8 hbonds, Rg  13.4 A, potential   -48.04
 10101 / 100001 elapsed  0 system 0.80 temp  44.5 hbonds, Rg  13.6 A, potential   -50.17
  9901 / 100001 elapsed  1 system 0.80 temp  45.1 hbonds, Rg  13.6 A, potential   -58.98
 10001 / 100001 elapsed  3 system 0.80 temp  43.1 hbonds, Rg  13.5 A, potential   -30.04
  9801 / 100001 elapsed  2 system 0.80 temp  43.4 hbonds, Rg  13.5 A, potential   -32.82
 10201 / 100001 elapsed  0 system 0.80 temp  43.4 hbonds, Rg  13.6 A, potential   -22.62
 10001 / 100001 elapsed  1 system 0.80 temp  42.5 hbonds, Rg  13.5 A, potential   -51.26
 10101 / 100001 elapsed  3 system 0.80 temp  45.1 hbonds, Rg  13.5 A, potential   -62.90
  9901 / 100001 elapsed  2 system 0.80 temp  45.3 hbonds, Rg  13.2 A, potential   -40.56
 10301 / 100001 elapsed  0 system 0.80 temp  44.0 hbonds, Rg  13.4 A, potential   -51.31
 10101 / 100001 elapsed  1 system 0.80 temp  43.4 hbonds, Rg  13.6 A, potential   -32.72
 10201 / 100001 elapsed  3 system 0.80 temp  43.4 hbonds, Rg  13.6 A, potential   -50.48
 10001 / 100001 elapsed  2 system 0.80 temp  40.3 hbonds, Rg  13.8 A, potential   -49.92
 10401 / 100001 elapsed  0 system 0.80 temp  42.0 hbonds, Rg  13.9 A, potential   -48.69
 10201 / 100001 elapsed  1 system 0.80 temp  41.3 hbonds, Rg  13.5 A, potential   -47.44
 10301 / 100001 elapsed  3 system 0.80 temp  46.0 hbonds, Rg  13.5 A, potential   -45.01
 10101 / 100001 elapsed  2 system 0.80 temp  43.8 hbonds, Rg  14.0 A, potential   -57.74
 10501 / 100001 elapsed  0 system 0.80 temp  44.2 hbonds, Rg  13.4 A, potential   -58.88
 10301 / 100001 elapsed  1 system 0.80 temp  42.6 hbonds, Rg  13.5 A, potential   -21.63
 10401 / 100001 elapsed  3 system 0.80 temp  45.6 hbonds, Rg  13.5 A, potential   -73.83
 10201 / 100001 elapsed  2 system 0.80 temp  45.7 hbonds, Rg  13.3 A, potential   -36.71
 10601 / 100001 elapsed  0 system 0.80 temp  47.6 hbonds, Rg  13.4 A, potential   -59.33
 10401 / 100001 elapsed  1 system 0.80 temp  46.0 hbonds, Rg  13.2 A, potential   -49.31
 10501 / 100001 elapsed  3 system 0.80 temp  43.3 hbonds, Rg  13.7 A, potential   -25.96
 10301 / 100001 elapsed  2 system 0.80 temp  45.5 hbonds, Rg  13.5 A, potential   -38.54
 10701 / 100001 elapsed  0 system 0.80 temp  45.2 hbonds, Rg  13.6 A, potential   -39.47
 10501 / 100001 elapsed  1 system 0.80 temp  45.2 hbonds, Rg  13.7 A, potential   -37.99
 10601 / 100001 elapsed  3 system 0.80 temp  46.3 hbonds, Rg  13.5 A, potential   -51.74
 10401 / 100001 elapsed  2 system 0.80 temp  47.2 hbonds, Rg  13.4 A, potential   -58.07
 10801 / 100001 elapsed  0 system 0.80 temp  46.2 hbonds, Rg  13.4 A, potential   -63.63
 10601 / 100001 elapsed  1 system 0.80 temp  46.4 hbonds, Rg  13.6 A, potential   -55.83
 10701 / 100001 elapsed  3 system 0.80 temp  45.4 hbonds, Rg  13.6 A, potential   -42.84
 10901 / 100001 elapsed  0 system 0.80 temp  43.0 hbonds, Rg  13.7 A, potential   -55.36
 10501 / 100001 elapsed  2 system 0.80 temp  44.3 hbonds, Rg  13.5 A, potential   -34.56
 10701 / 100001 elapsed  1 system 0.80 temp  45.6 hbonds, Rg  13.3 A, potential   -58.25
 10801 / 100001 elapsed  3 system 0.80 temp  46.0 hbonds, Rg  13.4 A, potential   -66.05
 11001 / 100001 elapsed  0 system 0.80 temp  45.9 hbonds, Rg  13.4 A, potential   -43.82
 10601 / 100001 elapsed  2 system 0.80 temp  46.0 hbonds, Rg  13.5 A, potential   -47.96
 10801 / 100001 elapsed  1 system 0.80 temp  46.5 hbonds, Rg  13.4 A, potential   -56.11
 10901 / 100001 elapsed  3 system 0.80 temp  45.1 hbonds, Rg  13.5 A, potential   -59.79
 11101 / 100001 elapsed  0 system 0.80 temp  45.1 hbonds, Rg  13.6 A, potential   -53.50
 10701 / 100001 elapsed  2 system 0.80 temp  44.6 hbonds, Rg  13.2 A, potential   -30.88
 10901 / 100001 elapsed  1 system 0.80 temp  43.2 hbonds, Rg  13.4 A, potential   -39.59
 11001 / 100001 elapsed  3 system 0.80 temp  44.3 hbonds, Rg  13.5 A, potential   -48.41
 11201 / 100001 elapsed  0 system 0.80 temp  45.9 hbonds, Rg  13.5 A, potential   -39.88
 10801 / 100001 elapsed  2 system 0.80 temp  47.0 hbonds, Rg  13.2 A, potential   -48.73
 11001 / 100001 elapsed  1 system 0.80 temp  44.6 hbonds, Rg  13.3 A, potential   -40.84
 11101 / 100001 elapsed  3 system 0.80 temp  43.6 hbonds, Rg  13.3 A, potential   -51.35
 11301 / 100001 elapsed  0 system 0.80 temp  43.4 hbonds, Rg  13.6 A, potential   -16.15
 10901 / 100001 elapsed  2 system 0.80 temp  43.0 hbonds, Rg  13.5 A, potential   -44.48
 11101 / 100001 elapsed  1 system 0.80 temp  40.2 hbonds, Rg  13.6 A, potential   -38.54
 11201 / 100001 elapsed  3 system 0.80 temp  40.9 hbonds, Rg  13.6 A, potential   -26.71
 11401 / 100001 elapsed  0 system 0.80 temp  45.5 hbonds, Rg  13.6 A, potential   -28.23
 11001 / 100001 elapsed  2 system 0.80 temp  43.9 hbonds, Rg  13.5 A, potential   -34.52
 11201 / 100001 elapsed  1 system 0.80 temp  40.5 hbonds, Rg  13.4 A, potential   -28.69
 11301 / 100001 elapsed  3 system 0.80 temp  45.6 hbonds, Rg  13.6 A, potential   -57.29
 11501 / 100001 elapsed  0 system 0.80 temp  43.7 hbonds, Rg  13.9 A, potential   -55.42
 11101 / 100001 elapsed  2 system 0.80 temp  43.8 hbonds, Rg  13.5 A, potential   -44.40
 11301 / 100001 elapsed  1 system 0.80 temp  44.6 hbonds, Rg  13.7 A, potential   -60.64
 11401 / 100001 elapsed  3 system 0.80 temp  45.0 hbonds, Rg  13.6 A, potential   -50.30
 11601 / 100001 elapsed  0 system 0.80 temp  47.3 hbonds, Rg  13.5 A, potential   -56.62
 11201 / 100001 elapsed  2 system 0.80 temp  44.3 hbonds, Rg  13.8 A, potential   -35.11
 11401 / 100001 elapsed  1 system 0.80 temp  43.9 hbonds, Rg  13.3 A, potential   -54.05
 11501 / 100001 elapsed  3 system 0.80 temp  46.1 hbonds, Rg  12.8 A, potential   -52.10
 11701 / 100001 elapsed  0 system 0.80 temp  48.2 hbonds, Rg  13.2 A, potential   -49.35
 11301 / 100001 elapsed  2 system 0.80 temp  45.1 hbonds, Rg  13.5 A, potential   -51.40
 11501 / 100001 elapsed  1 system 0.80 temp  44.9 hbonds, Rg  13.5 A, potential   -61.65
 11601 / 100001 elapsed  3 system 0.80 temp  43.7 hbonds, Rg  13.7 A, potential   -46.83
 11801 / 100001 elapsed  0 system 0.80 temp  44.6 hbonds, Rg  13.3 A, potential   -42.14
 11401 / 100001 elapsed  2 system 0.80 temp  46.0 hbonds, Rg  13.5 A, potential   -45.61
 11701 / 100001 elapsed  3 system 0.80 temp  45.6 hbonds, Rg  13.5 A, potential   -30.31
 11601 / 100001 elapsed  1 system 0.80 temp  44.5 hbonds, Rg  13.2 A, potential   -52.54
 11901 / 100001 elapsed  0 system 0.80 temp  45.5 hbonds, Rg  13.5 A, potential   -48.54
 11501 / 100001 elapsed  2 system 0.80 temp  45.5 hbonds, Rg  13.1 A, potential   -43.44
 11801 / 100001 elapsed  3 system 0.80 temp  45.9 hbonds, Rg  13.5 A, potential   -54.30
 11701 / 100001 elapsed  1 system 0.80 temp  48.3 hbonds, Rg  13.4 A, potential   -71.25
 12001 / 100001 elapsed  0 system 0.80 temp  47.3 hbonds, Rg  13.4 A, potential   -73.28
 11601 / 100001 elapsed  2 system 0.80 temp  43.9 hbonds, Rg  13.9 A, potential   -38.70
 11901 / 100001 elapsed  3 system 0.80 temp  45.6 hbonds, Rg  13.5 A, potential   -60.73
 11801 / 100001 elapsed  1 system 0.80 temp  46.3 hbonds, Rg  13.6 A, potential   -52.18
 12101 / 100001 elapsed  0 system 0.80 temp  47.5 hbonds, Rg  13.4 A, potential   -48.23
 11701 / 100001 elapsed  2 system 0.80 temp  43.2 hbonds, Rg  13.5 A, potential   -34.24
 12001 / 100001 elapsed  3 system 0.80 temp  44.7 hbonds, Rg  13.4 A, potential   -59.47
 11901 / 100001 elapsed  1 system 0.80 temp  45.5 hbonds, Rg  13.3 A, potential   -42.80
 12201 / 100001 elapsed  0 system 0.80 temp  44.2 hbonds, Rg  13.6 A, potential   -58.92
 11801 / 100001 elapsed  2 system 0.80 temp  44.8 hbonds, Rg  13.1 A, potential   -37.05
 12101 / 100001 elapsed  3 system 0.80 temp  43.4 hbonds, Rg  13.1 A, potential   -31.60
 12001 / 100001 elapsed  1 system 0.80 temp  41.7 hbonds, Rg  13.6 A, potential   -32.25
 12301 / 100001 elapsed  0 system 0.80 temp  46.1 hbonds, Rg  13.4 A, potential   -52.28
 11901 / 100001 elapsed  2 system 0.80 temp  41.3 hbonds, Rg  13.6 A, potential   -25.70
 12201 / 100001 elapsed  3 system 0.80 temp  40.3 hbonds, Rg  13.4 A, potential   -39.64
 12101 / 100001 elapsed  1 system 0.80 temp  42.8 hbonds, Rg  13.4 A, potential   -60.74
 12401 / 100001 elapsed  0 system 0.80 temp  41.6 hbonds, Rg  13.4 A, potential   -52.43
 12001 / 100001 elapsed  2 system 0.80 temp  46.5 hbonds, Rg  13.4 A, potential   -41.86
 12301 / 100001 elapsed  3 system 0.80 temp  46.0 hbonds, Rg  13.4 A, potential   -44.01
 12201 / 100001 elapsed  1 system 0.80 temp  44.8 hbonds, Rg  13.6 A, potential   -63.11
 12501 / 100001 elapsed  0 system 0.80 temp  45.9 hbonds, Rg  13.5 A, potential   -60.79
 12101 / 100001 elapsed  2 system 0.80 temp  43.4 hbonds, Rg  13.3 A, potential   -47.85
 12401 / 100001 elapsed  3 system 0.80 temp  41.9 hbonds, Rg  13.3 A, potential   -37.63
 12301 / 100001 elapsed  1 system 0.80 temp  44.2 hbonds, Rg  13.5 A, potential   -48.75
 12601 / 100001 elapsed  0 system 0.80 temp  42.2 hbonds, Rg  13.3 A, potential   -45.59
 12201 / 100001 elapsed  2 system 0.80 temp  44.1 hbonds, Rg  13.2 A, potential   -44.53
 12501 / 100001 elapsed  3 system 0.80 temp  41.5 hbonds, Rg  13.4 A, potential   -31.54
 12401 / 100001 elapsed  1 system 0.80 temp  44.6 hbonds, Rg  13.2 A, potential   -44.93
 12701 / 100001 elapsed  0 system 0.80 temp  42.8 hbonds, Rg  13.6 A, potential   -53.36
 12301 / 100001 elapsed  2 system 0.80 temp  46.5 hbonds, Rg  13.6 A, potential   -55.85
 12601 / 100001 elapsed  3 system 0.80 temp  44.1 hbonds, Rg  13.7 A, potential   -42.46
 12501 / 100001 elapsed  1 system 0.80 temp  44.6 hbonds, Rg  13.6 A, potential   -57.11
 12801 / 100001 elapsed  0 system 0.80 temp  44.8 hbonds, Rg  13.4 A, potential   -61.96
 12401 / 100001 elapsed  2 system 0.80 temp  44.2 hbonds, Rg  13.4 A, potential   -29.89
 12701 / 100001 elapsed  3 system 0.80 temp  44.2 hbonds, Rg  13.6 A, potential   -54.41
 12601 / 100001 elapsed  1 system 0.80 temp  42.8 hbonds, Rg  13.6 A, potential   -38.54
 12901 / 100001 elapsed  0 system 0.80 temp  43.3 hbonds, Rg  13.7 A, potential   -38.35
 12501 / 100001 elapsed  2 system 0.80 temp  41.9 hbonds, Rg  13.5 A, potential   -53.72
 12801 / 100001 elapsed  3 system 0.80 temp  46.1 hbonds, Rg  13.3 A, potential   -36.41
 12701 / 100001 elapsed  1 system 0.80 temp  47.4 hbonds, Rg  13.1 A, potential   -54.59
 13001 / 100001 elapsed  0 system 0.80 temp  43.9 hbonds, Rg  13.6 A, potential   -60.56
 12601 / 100001 elapsed  2 system 0.80 temp  44.9 hbonds, Rg  13.4 A, potential   -58.05
 12901 / 100001 elapsed  3 system 0.80 temp  40.5 hbonds, Rg  13.4 A, potential   -20.36
 12801 / 100001 elapsed  1 system 0.80 temp  45.1 hbonds, Rg  13.5 A, potential   -49.01
 13101 / 100001 elapsed  0 system 0.80 temp  45.4 hbonds, Rg  13.3 A, potential   -54.18
 12701 / 100001 elapsed  2 system 0.80 temp  46.3 hbonds, Rg  13.5 A, potential   -51.17
 13001 / 100001 elapsed  3 system 0.80 temp  42.7 hbonds, Rg  13.7 A, potential   -38.71
 12901 / 100001 elapsed  1 system 0.80 temp  46.7 hbonds, Rg  13.1 A, potential   -51.03
 13201 / 100001 elapsed  0 system 0.80 temp  41.9 hbonds, Rg  13.3 A, potential   -27.36
 12801 / 100001 elapsed  2 system 0.80 temp  47.4 hbonds, Rg  13.3 A, potential   -56.53
 13101 / 100001 elapsed  3 system 0.80 temp  43.0 hbonds, Rg  13.4 A, potential   -33.90
 13001 / 100001 elapsed  1 system 0.80 temp  44.0 hbonds, Rg  13.1 A, potential   -35.91
 13301 / 100001 elapsed  0 system 0.80 temp  45.5 hbonds, Rg  13.4 A, potential   -39.46
 12901 / 100001 elapsed  2 system 0.80 temp  47.2 hbonds, Rg  13.2 A, potential   -40.60
 13201 / 100001 elapsed  3 system 0.80 temp  46.7 hbonds, Rg  13.6 A, potential   -41.87
 13401 / 100001 elapsed  0 system 0.80 temp  44.7 hbonds, Rg  13.0 A, potential   -47.94
 13101 / 100001 elapsed  1 system 0.80 temp  45.3 hbonds, Rg  13.3 A, potential   -49.70
 13001 / 100001 elapsed  2 system 0.80 temp  45.4 hbonds, Rg  13.5 A, potential   -48.82
 13301 / 100001 elapsed  3 system 0.80 temp  47.2 hbonds, Rg  13.2 A, potential   -51.98
 13501 / 100001 elapsed  0 system 0.80 temp  44.8 hbonds, Rg  13.6 A, potential   -16.91
 13201 / 100001 elapsed  1 system 0.80 temp  46.7 hbonds, Rg  13.2 A, potential   -66.64
 13101 / 100001 elapsed  2 system 0.80 temp  42.8 hbonds, Rg  13.6 A, potential   -57.90
 13401 / 100001 elapsed  3 system 0.80 temp  45.5 hbonds, Rg  13.6 A, potential   -47.30
 13601 / 100001 elapsed  0 system 0.80 temp  43.7 hbonds, Rg  13.3 A, potential   -36.82
 13301 / 100001 elapsed  1 system 0.80 temp  46.4 hbonds, Rg  13.2 A, potential   -56.95
 13201 / 100001 elapsed  2 system 0.80 temp  42.1 hbonds, Rg  13.9 A, potential   -32.80
 13501 / 100001 elapsed  3 system 0.80 temp  46.8 hbonds, Rg  13.7 A, potential   -59.69
 13701 / 100001 elapsed  0 system 0.80 temp  44.1 hbonds, Rg  13.4 A, potential   -36.29
 13401 / 100001 elapsed  1 system 0.80 temp  46.3 hbonds, Rg  13.5 A, potential   -47.14
 13301 / 100001 elapsed  2 system 0.80 temp  40.3 hbonds, Rg  13.3 A, potential   -27.31
 13601 / 100001 elapsed  3 system 0.80 temp  47.3 hbonds, Rg  13.5 A, potential   -57.46
 13801 / 100001 elapsed  0 system 0.80 temp  39.9 hbonds, Rg  13.3 A, potential   -36.81
 13501 / 100001 elapsed  1 system 0.80 temp  47.4 hbonds, Rg  13.3 A, potential   -56.78
 13401 / 100001 elapsed  2 system 0.80 temp  38.7 hbonds, Rg  13.8 A, potential   -32.41
 13701 / 100001 elapsed  3 system 0.80 temp  46.2 hbonds, Rg  13.2 A, potential   -50.39
 13901 / 100001 elapsed  0 system 0.80 temp  43.9 hbonds, Rg  13.8 A, potential   -48.80
 13601 / 100001 elapsed  1 system 0.80 temp  43.4 hbonds, Rg  13.5 A, potential   -42.25
 13501 / 100001 elapsed  2 system 0.80 temp  46.3 hbonds, Rg  13.3 A, potential   -52.21
 13801 / 100001 elapsed  3 system 0.80 temp  46.9 hbonds, Rg  13.2 A, potential   -53.70
 14001 / 100001 elapsed  0 system 0.80 temp  42.2 hbonds, Rg  12.9 A, potential   -31.46
 13701 / 100001 elapsed  1 system 0.80 temp  47.0 hbonds, Rg  13.3 A, potential   -60.40
 13601 / 100001 elapsed  2 system 0.80 temp  45.7 hbonds, Rg  13.4 A, potential   -30.94
 13901 / 100001 elapsed  3 system 0.80 temp  44.6 hbonds, Rg  13.4 A, potential   -42.71
 14101 / 100001 elapsed  0 system 0.80 temp  44.7 hbonds, Rg  13.7 A, potential   -37.16
 13801 / 100001 elapsed  1 system 0.80 temp  44.5 hbonds, Rg  13.5 A, potential   -56.72
 13701 / 100001 elapsed  2 system 0.80 temp  45.3 hbonds, Rg  13.3 A, potential   -57.92
 14001 / 100001 elapsed  3 system 0.80 temp  46.8 hbonds, Rg  13.4 A, potential   -42.82
 14201 / 100001 elapsed  0 system 0.80 temp  44.1 hbonds, Rg  13.3 A, potential   -39.22
 13901 / 100001 elapsed  1 system 0.80 temp  44.1 hbonds, Rg  13.5 A, potential   -55.26
 13801 / 100001 elapsed  2 system 0.80 temp  44.3 hbonds, Rg  13.6 A, potential   -59.16
 14101 / 100001 elapsed  3 system 0.80 temp  47.3 hbonds, Rg  13.5 A, potential   -57.60
 14301 / 100001 elapsed  0 system 0.80 temp  47.3 hbonds, Rg  13.3 A, potential   -76.40
 14001 / 100001 elapsed  1 system 0.80 temp  47.0 hbonds, Rg  13.6 A, potential   -57.59
 13901 / 100001 elapsed  2 system 0.80 temp  44.6 hbonds, Rg  13.2 A, potential   -64.73
 14201 / 100001 elapsed  3 system 0.80 temp  42.6 hbonds, Rg  13.4 A, potential   -33.14
 14401 / 100001 elapsed  0 system 0.80 temp  43.2 hbonds, Rg  13.7 A, potential   -56.76
 14101 / 100001 elapsed  1 system 0.80 temp  48.3 hbonds, Rg  13.4 A, potential   -50.80
 14001 / 100001 elapsed  2 system 0.80 temp  46.8 hbonds, Rg  13.5 A, potential   -57.82
 14301 / 100001 elapsed  3 system 0.80 temp  39.3 hbonds, Rg  13.5 A, potential   -40.24
 14501 / 100001 elapsed  0 system 0.80 temp  44.5 hbonds, Rg  13.3 A, potential   -50.86
 14201 / 100001 elapsed  1 system 0.80 temp  46.5 hbonds, Rg  13.5 A, potential   -62.30
 14101 / 100001 elapsed  2 system 0.80 temp  45.4 hbonds, Rg  13.4 A, potential   -65.47
 14401 / 100001 elapsed  3 system 0.80 temp  45.0 hbonds, Rg  13.5 A, potential   -67.83
 14601 / 100001 elapsed  0 system 0.80 temp  42.9 hbonds, Rg  13.4 A, potential   -43.64
 14301 / 100001 elapsed  1 system 0.80 temp  44.9 hbonds, Rg  13.2 A, potential   -48.09
 14201 / 100001 elapsed  2 system 0.80 temp  43.7 hbonds, Rg  13.5 A, potential   -47.45
 14501 / 100001 elapsed  3 system 0.80 temp  44.8 hbonds, Rg  13.0 A, potential   -65.00
 14701 / 100001 elapsed  0 system 0.80 temp  47.9 hbonds, Rg  13.5 A, potential   -55.60
 14301 / 100001 elapsed  2 system 0.80 temp  44.7 hbonds, Rg  13.4 A, potential   -32.11
 14401 / 100001 elapsed  1 system 0.80 temp  46.7 hbonds, Rg  13.1 A, potential   -29.79
 14601 / 100001 elapsed  3 system 0.80 temp  44.9 hbonds, Rg  13.6 A, potential   -60.85
 14801 / 100001 elapsed  0 system 0.80 temp  46.0 hbonds, Rg  13.3 A, potential   -51.52
 14401 / 100001 elapsed  2 system 0.80 temp  43.0 hbonds, Rg  13.6 A, potential   -51.95
 14501 / 100001 elapsed  1 system 0.80 temp  46.5 hbonds, Rg  13.5 A, potential   -64.78
 14701 / 100001 elapsed  3 system 0.80 temp  44.4 hbonds, Rg  13.2 A, potential   -41.29
 14901 / 100001 elapsed  0 system 0.80 temp  44.4 hbonds, Rg  13.4 A, potential   -58.98
 14501 / 100001 elapsed  2 system 0.80 temp  44.4 hbonds, Rg  13.5 A, potential   -45.52
 14601 / 100001 elapsed  1 system 0.80 temp  45.4 hbonds, Rg  13.6 A, potential   -55.67
 14801 / 100001 elapsed  3 system 0.80 temp  42.9 hbonds, Rg  13.6 A, potential   -56.03
 15001 / 100001 elapsed  0 system 0.80 temp  44.8 hbonds, Rg  13.6 A, potential   -57.29
 14601 / 100001 elapsed  2 system 0.80 temp  44.5 hbonds, Rg  13.4 A, potential   -56.17
 14701 / 100001 elapsed  1 system 0.80 temp  43.2 hbonds, Rg  13.6 A, potential   -36.32
 14901 / 100001 elapsed  3 system 0.80 temp  44.9 hbonds, Rg  13.7 A, potential   -55.57
 15101 / 100001 elapsed  0 system 0.80 temp  45.1 hbonds, Rg  13.3 A, potential   -39.68
 14701 / 100001 elapsed  2 system 0.80 temp  42.3 hbonds, Rg  13.6 A, potential   -44.63
 14801 / 100001 elapsed  1 system 0.80 temp  46.5 hbonds, Rg  13.5 A, potential   -62.77
 15001 / 100001 elapsed  3 system 0.80 temp  46.1 hbonds, Rg  13.4 A, potential   -81.50
 15201 / 100001 elapsed  0 system 0.80 temp  44.8 hbonds, Rg  13.6 A, potential   -34.66
 14801 / 100001 elapsed  2 system 0.80 temp  44.6 hbonds, Rg  13.5 A, potential   -42.02
 14901 / 100001 elapsed  1 system 0.80 temp  44.7 hbonds, Rg  13.5 A, potential   -54.95
 15301 / 100001 elapsed  0 system 0.80 temp  45.8 hbonds, Rg  13.4 A, potential   -52.78
 15101 / 100001 elapsed  3 system 0.80 temp  41.3 hbonds, Rg  13.6 A, potential   -24.70
 14901 / 100001 elapsed  2 system 0.80 temp  42.6 hbonds, Rg  13.3 A, potential   -37.72
 15001 / 100001 elapsed  1 system 0.80 temp  47.3 hbonds, Rg  13.5 A, potential   -57.74
 15201 / 100001 elapsed  3 system 0.80 temp  45.5 hbonds, Rg  13.4 A, potential   -42.76
 15401 / 100001 elapsed  0 system 0.80 temp  46.6 hbonds, Rg  13.7 A, potential   -66.69
 15001 / 100001 elapsed  2 system 0.80 temp  43.2 hbonds, Rg  13.7 A, potential   -62.47
 15101 / 100001 elapsed  1 system 0.80 temp  45.7 hbonds, Rg  13.4 A, potential   -44.52
 15301 / 100001 elapsed  3 system 0.80 temp  45.1 hbonds, Rg  13.6 A, potential   -42.86
 15501 / 100001 elapsed  0 system 0.80 temp  46.3 hbonds, Rg  13.3 A, potential   -57.74
 15101 / 100001 elapsed  2 system 0.80 temp  43.5 hbonds, Rg  13.4 A, potential   -37.42
 15201 / 100001 elapsed  1 system 0.80 temp  45.7 hbonds, Rg  13.4 A, potential   -47.40
 15401 / 100001 elapsed  3 system 0.80 temp  46.0 hbonds, Rg  13.2 A, potential   -46.82
 15601 / 100001 elapsed  0 system 0.80 temp  44.2 hbonds, Rg  13.4 A, potential   -40.97
 15201 / 100001 elapsed  2 system 0.80 temp  45.5 hbonds, Rg  13.5 A, potential   -48.31
 15301 / 100001 elapsed  1 system 0.80 temp  44.2 hbonds, Rg  13.6 A, potential   -41.40
 15501 / 100001 elapsed  3 system 0.80 temp  43.1 hbonds, Rg  13.5 A, potential   -67.47
 15701 / 100001 elapsed  0 system 0.80 temp  46.0 hbonds, Rg  13.4 A, potential   -47.10
 15301 / 100001 elapsed  2 system 0.80 temp  45.6 hbonds, Rg  13.4 A, potential   -39.89
 15401 / 100001 elapsed  1 system 0.80 temp  43.5 hbonds, Rg  13.4 A, potential   -36.72
 15601 / 100001 elapsed  3 system 0.80 temp  46.8 hbonds, Rg  13.5 A, potential   -47.54
 15801 / 100001 elapsed  0 system 0.80 temp  43.6 hbonds, Rg  13.4 A, potential   -53.62
 15401 / 100001 elapsed  2 system 0.80 temp  43.4 hbonds, Rg  13.6 A, potential   -45.49
 15501 / 100001 elapsed  1 system 0.80 temp  42.6 hbonds, Rg  13.5 A, potential   -34.68
 15701 / 100001 elapsed  3 system 0.80 temp  43.6 hbonds, Rg  13.3 A, potential   -45.99
 15901 / 100001 elapsed  0 system 0.80 temp  45.1 hbonds, Rg  13.7 A, potential   -39.57
 15501 / 100001 elapsed  2 system 0.80 temp  43.2 hbonds, Rg  13.7 A, potential   -34.63
 15601 / 100001 elapsed  1 system 0.80 temp  42.0 hbonds, Rg  13.6 A, potential   -28.20
 15801 / 100001 elapsed  3 system 0.80 temp  44.3 hbonds, Rg  13.6 A, potential   -48.49
 16001 / 100001 elapsed  0 system 0.80 temp  48.3 hbonds, Rg  13.3 A, potential   -57.03
 15601 / 100001 elapsed  2 system 0.80 temp  46.6 hbonds, Rg  13.4 A, potential   -46.80
 15701 / 100001 elapsed  1 system 0.80 temp  44.4 hbonds, Rg  13.0 A, potential   -35.14
 16101 / 100001 elapsed  0 system 0.80 temp  42.8 hbonds, Rg  13.4 A, potential   -45.68
 15901 / 100001 elapsed  3 system 0.80 temp  42.7 hbonds, Rg  13.4 A, potential   -43.53
 15701 / 100001 elapsed  2 system 0.80 temp  42.9 hbonds, Rg  13.6 A, potential   -45.82
 15801 / 100001 elapsed  1 system 0.80 temp  42.2 hbonds, Rg  13.3 A, potential   -47.47
 16201 / 100001 elapsed  0 system 0.80 temp  44.9 hbonds, Rg  13.7 A, potential   -41.87
 16001 / 100001 elapsed  3 system 0.80 temp  41.2 hbonds, Rg  14.1 A, potential   -39.09
 15801 / 100001 elapsed  2 system 0.80 temp  45.9 hbonds, Rg  13.0 A, potential   -45.77
 15901 / 100001 elapsed  1 system 0.80 temp  43.4 hbonds, Rg  13.6 A, potential   -51.37
 16301 / 100001 elapsed  0 system 0.80 temp  47.1 hbonds, Rg  13.4 A, potential   -46.82
 16101 / 100001 elapsed  3 system 0.80 temp  43.9 hbonds, Rg  13.4 A, potential   -51.62
 15901 / 100001 elapsed  2 system 0.80 temp  44.3 hbonds, Rg  13.5 A, potential   -53.27
 16001 / 100001 elapsed  1 system 0.80 temp  45.4 hbonds, Rg  13.2 A, potential   -57.05
 16401 / 100001 elapsed  0 system 0.80 temp  47.0 hbonds, Rg  13.6 A, potential   -50.96
 16201 / 100001 elapsed  3 system 0.80 temp  43.7 hbonds, Rg  13.5 A, potential   -38.94
 16001 / 100001 elapsed  2 system 0.80 temp  47.9 hbonds, Rg  13.6 A, potential   -57.75
 16101 / 100001 elapsed  1 system 0.80 temp  44.8 hbonds, Rg  13.4 A, potential   -54.38
 16501 / 100001 elapsed  0 system 0.80 temp  44.9 hbonds, Rg  13.5 A, potential   -56.47
 16301 / 100001 elapsed  3 system 0.80 temp  44.1 hbonds, Rg  13.9 A, potential   -50.33
 16101 / 100001 elapsed  2 system 0.80 temp  45.8 hbonds, Rg  13.3 A, potential   -36.09
 16201 / 100001 elapsed  1 system 0.80 temp  44.3 hbonds, Rg  13.6 A, potential   -41.02
 16601 / 100001 elapsed  0 system 0.80 temp  43.0 hbonds, Rg  13.8 A, potential   -55.63
 16401 / 100001 elapsed  3 system 0.80 temp  43.2 hbonds, Rg  13.6 A, potential   -32.84
 16201 / 100001 elapsed  2 system 0.80 temp  44.2 hbonds, Rg  13.4 A, potential   -45.39
 16301 / 100001 elapsed  1 system 0.80 temp  46.3 hbonds, Rg  13.4 A, potential   -51.73
 16701 / 100001 elapsed  0 system 0.80 temp  38.0 hbonds, Rg  13.3 A, potential   -16.98
 16501 / 100001 elapsed  3 system 0.80 temp  42.0 hbonds, Rg  13.9 A, potential   -17.42
 16301 / 100001 elapsed  2 system 0.80 temp  45.8 hbonds, Rg  13.5 A, potential   -49.96
 16401 / 100001 elapsed  1 system 0.80 temp  41.9 hbonds, Rg  13.5 A, potential   -48.58
 16801 / 100001 elapsed  0 system 0.80 temp  43.6 hbonds, Rg  13.8 A, potential   -61.83
 16601 / 100001 elapsed  3 system 0.80 temp  43.3 hbonds, Rg  13.4 A, potential   -43.30
 16401 / 100001 elapsed  2 system 0.80 temp  44.3 hbonds, Rg  13.6 A, potential   -45.10
 16501 / 100001 elapsed  1 system 0.80 temp  45.3 hbonds, Rg  13.3 A, potential   -37.51
 16901 / 100001 elapsed  0 system 0.80 temp  45.1 hbonds, Rg  13.3 A, potential   -52.42
 16701 / 100001 elapsed  3 system 0.80 temp  45.9 hbonds, Rg  13.2 A, potential   -57.47
 16501 / 100001 elapsed  2 system 0.80 temp  42.7 hbonds, Rg  13.2 A, potential   -42.43
 16601 / 100001 elapsed  1 system 0.80 temp  44.9 hbonds, Rg  13.7 A, potential   -53.59
 17001 / 100001 elapsed  0 system 0.80 temp  47.2 hbonds, Rg  13.3 A, potential   -35.57
 16801 / 100001 elapsed  3 system 0.80 temp  45.2 hbonds, Rg  13.2 A, potential   -34.35
 16601 / 100001 elapsed  2 system 0.80 temp  47.8 hbonds, Rg  13.4 A, potential   -58.41
 16701 / 100001 elapsed  1 system 0.80 temp  44.8 hbonds, Rg  13.5 A, potential   -32.29
 17101 / 100001 elapsed  0 system 0.80 temp  44.5 hbonds, Rg  13.5 A, potential   -50.91
 16901 / 100001 elapsed  3 system 0.80 temp  44.2 hbonds, Rg  13.8 A, potential   -48.68
 16701 / 100001 elapsed  2 system 0.80 temp  43.9 hbonds, Rg  13.4 A, potential   -58.41
 16801 / 100001 elapsed  1 system 0.80 temp  43.1 hbonds, Rg  13.4 A, potential   -52.00
 17201 / 100001 elapsed  0 system 0.80 temp  47.6 hbonds, Rg  13.4 A, potential   -57.45
 17001 / 100001 elapsed  3 system 0.80 temp  46.2 hbonds, Rg  13.2 A, potential   -33.95
 16801 / 100001 elapsed  2 system 0.80 temp  46.5 hbonds, Rg  13.5 A, potential   -27.02
 16901 / 100001 elapsed  1 system 0.80 temp  45.2 hbonds, Rg  13.5 A, potential   -57.78
 17301 / 100001 elapsed  0 system 0.80 temp  47.1 hbonds, Rg  13.6 A, potential   -57.81
 17101 / 100001 elapsed  3 system 0.80 temp  45.2 hbonds, Rg  13.4 A, potential   -38.62
 16901 / 100001 elapsed  2 system 0.80 temp  46.6 hbonds, Rg  13.6 A, potential   -37.25
 17001 / 100001 elapsed  1 system 0.80 temp  45.9 hbonds, Rg  13.3 A, potential   -35.46
 17401 / 100001 elapsed  0 system 0.80 temp  46.5 hbonds, Rg  13.3 A, potential   -54.48
 17201 / 100001 elapsed  3 system 0.80 temp  43.4 hbonds, Rg  13.6 A, potential   -43.72
 17001 / 100001 elapsed  2 system 0.80 temp  47.9 hbonds, Rg  13.1 A, potential   -54.48
 17101 / 100001 elapsed  1 system 0.80 temp  43.2 hbonds, Rg  13.3 A, potential   -51.04
 17501 / 100001 elapsed  0 system 0.80 temp  47.4 hbonds, Rg  13.4 A, potential   -46.70
 17301 / 100001 elapsed  3 system 0.80 temp  45.5 hbonds, Rg  13.4 A, potential   -50.88
 17101 / 100001 elapsed  2 system 0.80 temp  46.5 hbonds, Rg  13.4 A, potential   -59.45
 17201 / 100001 elapsed  1 system 0.80 temp  46.2 hbonds, Rg  13.5 A, potential   -57.10
 17601 / 100001 elapsed  0 system 0.80 temp  44.2 hbonds, Rg  13.4 A, potential   -28.65
 17401 / 100001 elapsed  3 system 0.80 temp  44.4 hbonds, Rg  13.4 A, potential   -29.92
 17201 / 100001 elapsed  2 system 0.80 temp  46.0 hbonds, Rg  13.4 A, potential   -60.11
 17301 / 100001 elapsed  1 system 0.80 temp  46.8 hbonds, Rg  13.5 A, potential   -57.77
 17701 / 100001 elapsed  0 system 0.80 temp  46.3 hbonds, Rg  13.4 A, potential   -69.03
 17501 / 100001 elapsed  3 system 0.80 temp  42.4 hbonds, Rg  13.7 A, potential   -46.52
 17301 / 100001 elapsed  2 system 0.80 temp  37.0 hbonds, Rg  12.8 A, potential    -8.90
 17401 / 100001 elapsed  1 system 0.80 temp  44.8 hbonds, Rg  13.7 A, potential   -44.11
 17801 / 100001 elapsed  0 system 0.80 temp  46.9 hbonds, Rg  13.3 A, potential   -57.14
 17601 / 100001 elapsed  3 system 0.80 temp  44.9 hbonds, Rg  13.5 A, potential   -31.33
 17401 / 100001 elapsed  2 system 0.80 temp  38.8 hbonds, Rg  12.3 A, potential   -34.14
 17501 / 100001 elapsed  1 system 0.80 temp  46.8 hbonds, Rg  13.4 A, potential   -60.54
 17901 / 100001 elapsed  0 system 0.80 temp  46.3 hbonds, Rg  13.3 A, potential   -40.29
 17701 / 100001 elapsed  3 system 0.80 temp  44.0 hbonds, Rg  13.6 A, potential   -37.19
 17501 / 100001 elapsed  2 system 0.80 temp  41.8 hbonds, Rg  13.1 A, potential   -42.13
 17601 / 100001 elapsed  1 system 0.80 temp  44.8 hbonds, Rg  13.3 A, potential   -45.49
 17801 / 100001 elapsed  3 system 0.80 temp  39.7 hbonds, Rg  13.4 A, potential   -31.10
 18001 / 100001 elapsed  0 system 0.80 temp  47.6 hbonds, Rg  13.4 A, potential   -54.20
 17601 / 100001 elapsed  2 system 0.80 temp  39.4 hbonds, Rg  13.3 A, potential   -26.50
 17701 / 100001 elapsed  1 system 0.80 temp  43.8 hbonds, Rg  13.5 A, potential   -56.19
 17901 / 100001 elapsed  3 system 0.80 temp  45.1 hbonds, Rg  13.2 A, potential   -48.02
 18101 / 100001 elapsed  0 system 0.80 temp  48.0 hbonds, Rg  13.5 A, potential   -51.10
 17701 / 100001 elapsed  2 system 0.80 temp  35.9 hbonds, Rg  13.5 A, potential   -28.59
 17801 / 100001 elapsed  1 system 0.80 temp  46.0 hbonds, Rg  13.3 A, potential   -42.96
 18001 / 100001 elapsed  3 system 0.80 temp  40.8 hbonds, Rg  13.3 A, potential   -48.68
 18201 / 100001 elapsed  0 system 0.80 temp  43.7 hbonds, Rg  13.4 A, potential   -49.91
 17801 / 100001 elapsed  2 system 0.80 temp  40.2 hbonds, Rg  12.9 A, potential   -20.47
 17901 / 100001 elapsed  1 system 0.80 temp  47.5 hbonds, Rg  13.4 A, potential   -54.83
 18101 / 100001 elapsed  3 system 0.80 temp  42.9 hbonds, Rg  13.7 A, potential   -36.70
 18301 / 100001 elapsed  0 system 0.80 temp  44.1 hbonds, Rg  13.6 A, potential   -56.65
 17901 / 100001 elapsed  2 system 0.80 temp  36.8 hbonds, Rg  13.8 A, potential   -33.44
 18001 / 100001 elapsed  1 system 0.80 temp  42.9 hbonds, Rg  13.5 A, potential   -42.79
 18201 / 100001 elapsed  3 system 0.80 temp  46.5 hbonds, Rg  13.5 A, potential   -46.59
 18401 / 100001 elapsed  0 system 0.80 temp  46.5 hbonds, Rg  13.3 A, potential   -62.55
 18001 / 100001 elapsed  2 system 0.80 temp  38.6 hbonds, Rg  14.0 A, potential   -35.92
 18101 / 100001 elapsed  1 system 0.80 temp  42.5 hbonds, Rg  13.7 A, potential   -46.36
 18301 / 100001 elapsed  3 system 0.80 temp  45.0 hbonds, Rg  13.4 A, potential   -47.80
 18501 / 100001 elapsed  0 system 0.80 temp  44.2 hbonds, Rg  13.4 A, potential   -52.86
 18101 / 100001 elapsed  2 system 0.80 temp  34.6 hbonds, Rg  14.7 A, potential    -2.08
 18201 / 100001 elapsed  1 system 0.80 temp  46.3 hbonds, Rg  13.4 A, potential   -56.07
 18601 / 100001 elapsed  0 system 0.80 temp  47.1 hbonds, Rg  13.4 A, potential   -57.36
 18401 / 100001 elapsed  3 system 0.80 temp  44.0 hbonds, Rg  13.7 A, potential   -35.63
 18201 / 100001 elapsed  2 system 0.80 temp  37.1 hbonds, Rg  13.4 A, potential   -39.42
 18301 / 100001 elapsed  1 system 0.80 temp  45.5 hbonds, Rg  13.0 A, potential   -38.48
 18501 / 100001 elapsed  3 system 0.80 temp  47.8 hbonds, Rg  13.6 A, potential   -64.01
 18701 / 100001 elapsed  0 system 0.80 temp  46.3 hbonds, Rg  13.4 A, potential   -47.88
 18301 / 100001 elapsed  2 system 0.80 temp  38.4 hbonds, Rg  12.9 A, potential   -42.03
 18401 / 100001 elapsed  1 system 0.80 temp  46.6 hbonds, Rg  13.2 A, potential   -37.58
 18401 / 100001 elapsed  2 system 0.80 temp  37.9 hbonds, Rg  13.9 A, potential   -41.47
 18601 / 100001 elapsed  3 system 0.80 temp  46.4 hbonds, Rg  13.5 A, potential   -54.72
 18802 / 100001 elapsed  0 system 0.80 temp  47.2 hbonds, Rg  13.6 A, potential   -40.32
 18501 / 100001 elapsed  1 system 0.80 temp  44.3 hbonds, Rg  13.7 A, potential   -54.03
 18501 / 100001 elapsed  2 system 0.80 temp  36.9 hbonds, Rg  13.3 A, potential   -46.67
 18902 / 100001 elapsed  0 system 0.80 temp  44.9 hbonds, Rg  13.6 A, potential   -45.17
 18701 / 100001 elapsed  3 system 0.80 temp  47.3 hbonds, Rg  13.4 A, potential   -56.29
 18601 / 100001 elapsed  1 system 0.80 temp  40.2 hbonds, Rg  13.6 A, potential   -32.77
 18601 / 100001 elapsed  2 system 0.80 temp  36.0 hbonds, Rg  14.4 A, potential   -33.03
 18802 / 100001 elapsed  3 system 0.80 temp  45.6 hbonds, Rg  13.4 A, potential   -43.64
 19002 / 100001 elapsed  0 system 0.80 temp  43.0 hbonds, Rg  13.2 A, potential   -48.34
 18701 / 100001 elapsed  2 system 0.80 temp  39.8 hbonds, Rg  13.5 A, potential   -21.81
 18701 / 100001 elapsed  1 system 0.80 temp  45.1 hbonds, Rg  13.2 A, potential   -47.17
 18902 / 100001 elapsed  3 system 0.80 temp  47.6 hbonds, Rg  13.7 A, potential   -53.56
 19102 / 100001 elapsed  0 system 0.80 temp  42.8 hbonds, Rg  13.4 A, potential   -57.44
 18802 / 100001 elapsed  2 system 0.80 temp  37.8 hbonds, Rg  13.8 A, potential   -10.20
 18802 / 100001 elapsed  1 system 0.80 temp  45.8 hbonds, Rg  13.2 A, potential   -53.28
 19002 / 100001 elapsed  3 system 0.80 temp  43.6 hbonds, Rg  13.6 A, potential   -24.65
 19202 / 100001 elapsed  0 system 0.80 temp  48.3 hbonds, Rg  13.3 A, potential   -44.25
 18902 / 100001 elapsed  2 system 0.80 temp  37.8 hbonds, Rg  13.4 A, potential   -23.81
 18902 / 100001 elapsed  1 system 0.80 temp  46.1 hbonds, Rg  13.2 A, potential   -36.45
 19302 / 100001 elapsed  0 system 0.80 temp  45.7 hbonds, Rg  13.4 A, potential   -55.41
 19102 / 100001 elapsed  3 system 0.80 temp  47.1 hbonds, Rg  13.6 A, potential   -57.18
 19002 / 100001 elapsed  2 system 0.80 temp  37.2 hbonds, Rg  13.3 A, potential    -8.36
 19402 / 100001 elapsed  0 system 0.80 temp  47.6 hbonds, Rg  13.4 A, potential   -64.42
 19002 / 100001 elapsed  1 system 0.80 temp  44.3 hbonds, Rg  13.7 A, potential   -61.68
 19202 / 100001 elapsed  3 system 0.80 temp  44.6 hbonds, Rg  13.6 A, potential   -48.19
 19102 / 100001 elapsed  2 system 0.80 temp  40.4 hbonds, Rg  13.4 A, potential   -32.74
 19502 / 100001 elapsed  0 system 0.80 temp  44.6 hbonds, Rg  13.6 A, potential   -72.91
 19102 / 100001 elapsed  1 system 0.80 temp  45.7 hbonds, Rg  13.5 A, potential   -53.13
 19302 / 100001 elapsed  3 system 0.80 temp  45.6 hbonds, Rg  13.2 A, potential   -46.52
 19202 / 100001 elapsed  2 system 0.80 temp  39.9 hbonds, Rg  13.6 A, potential   -31.07
 19602 / 100001 elapsed  0 system 0.80 temp  44.2 hbonds, Rg  13.6 A, potential   -56.13
 19202 / 100001 elapsed  1 system 0.80 temp  47.7 hbonds, Rg  13.5 A, potential   -67.07
 19402 / 100001 elapsed  3 system 0.80 temp  39.8 hbonds, Rg  13.4 A, potential   -56.51
 19302 / 100001 elapsed  2 system 0.80 temp  37.6 hbonds, Rg  13.1 A, potential   -11.75
 19702 / 100001 elapsed  0 system 0.80 temp  40.9 hbonds, Rg  13.5 A, potential   -16.68
 19302 / 100001 elapsed  1 system 0.80 temp  44.0 hbonds, Rg  13.4 A, potential   -47.36
 19502 / 100001 elapsed  3 system 0.80 temp  43.0 hbonds, Rg  13.3 A, potential   -40.43
 19402 / 100001 elapsed  2 system 0.80 temp  38.3 hbonds, Rg  13.1 A, potential   -29.58
 19802 / 100001 elapsed  0 system 0.80 temp  45.8 hbonds, Rg  13.3 A, potential   -25.09
 19402 / 100001 elapsed  1 system 0.80 temp  44.9 hbonds, Rg  13.6 A, potential   -37.60
 19602 / 100001 elapsed  3 system 0.80 temp  44.4 hbonds, Rg  13.7 A, potential   -56.55
 19502 / 100001 elapsed  2 system 0.80 temp  39.1 hbonds, Rg  13.5 A, potential   -30.45
 19902 / 100001 elapsed  0 system 0.80 temp  46.3 hbonds, Rg  13.5 A, potential   -62.97
 19502 / 100001 elapsed  1 system 0.80 temp  43.0 hbonds, Rg  13.7 A, potential   -50.38
 19702 / 100001 elapsed  3 system 0.80 temp  44.1 hbonds, Rg  13.2 A, potential   -55.34
 19602 / 100001 elapsed  2 system 0.80 temp  40.4 hbonds, Rg  13.5 A, potential   -29.11
 19602 / 100001 elapsed  1 system 0.80 temp  42.8 hbonds, Rg  13.5 A, potential   -26.28
 19802 / 100001 elapsed  3 system 0.80 temp  44.0 hbonds, Rg  13.5 A, potential   -29.17
 20002 / 100001 elapsed  0 system 0.80 temp  46.0 hbonds, Rg  13.5 A, potential   -35.93
 19702 / 100001 elapsed  2 system 0.80 temp  37.9 hbonds, Rg  13.5 A, potential   -38.57
 20102 / 100001 elapsed  0 system 0.80 temp  45.7 hbonds, Rg  13.7 A, potential   -72.47
 19902 / 100001 elapsed  3 system 0.80 temp  46.3 hbonds, Rg  13.5 A, potential   -62.17
 19702 / 100001 elapsed  1 system 0.80 temp  42.4 hbonds, Rg  13.3 A, potential   -34.86
 19802 / 100001 elapsed  2 system 0.80 temp  39.4 hbonds, Rg  13.6 A, potential   -35.71
 20002 / 100001 elapsed  3 system 0.80 temp  36.6 hbonds, Rg  13.9 A, potential   -10.99
 20202 / 100001 elapsed  0 system 0.80 temp  45.7 hbonds, Rg  13.1 A, potential   -44.75
 19802 / 100001 elapsed  1 system 0.80 temp  44.7 hbonds, Rg  13.5 A, potential   -58.00
 19902 / 100001 elapsed  2 system 0.80 temp  40.5 hbonds, Rg  13.8 A, potential   -32.61
 20102 / 100001 elapsed  3 system 0.80 temp  42.2 hbonds, Rg  13.7 A, potential   -38.44
 20302 / 100001 elapsed  0 system 0.80 temp  46.3 hbonds, Rg  13.6 A, potential   -66.73
 19902 / 100001 elapsed  1 system 0.80 temp  44.0 hbonds, Rg  13.4 A, potential   -29.62
 20002 / 100001 elapsed  2 system 0.80 temp  38.9 hbonds, Rg  13.1 A, potential   -23.59
 20202 / 100001 elapsed  3 system 0.80 temp  39.4 hbonds, Rg  13.4 A, potential   -40.21
 20002 / 100001 elapsed  1 system 0.80 temp  44.2 hbonds, Rg  13.6 A, potential   -49.61
 20402 / 100001 elapsed  0 system 0.80 temp  44.3 hbonds, Rg  13.4 A, potential   -42.07
 20102 / 100001 elapsed  2 system 0.80 temp  38.0 hbonds, Rg  12.9 A, potential   -20.02
 20302 / 100001 elapsed  3 system 0.80 temp  39.7 hbonds, Rg  13.6 A, potential   -51.47
 20502 / 100001 elapsed  0 system 0.80 temp  46.8 hbonds, Rg  13.4 A, potential   -75.00
 20102 / 100001 elapsed  1 system 0.80 temp  45.7 hbonds, Rg  13.5 A, potential   -49.11
 20202 / 100001 elapsed  2 system 0.80 temp  39.5 hbonds, Rg  12.0 A, potential   -36.60
 20402 / 100001 elapsed  3 system 0.80 temp  43.2 hbonds, Rg  13.8 A, potential   -28.99
 20602 / 100001 elapsed  0 system 0.80 temp  44.8 hbonds, Rg  13.6 A, potential   -56.06
 20202 / 100001 elapsed  1 system 0.80 temp  46.3 hbonds, Rg  13.4 A, potential   -78.45
 20302 / 100001 elapsed  2 system 0.80 temp  39.4 hbonds, Rg  12.1 A, potential   -35.68
 20502 / 100001 elapsed  3 system 0.80 temp  38.9 hbonds, Rg  13.8 A, potential   -50.60
 20302 / 100001 elapsed  1 system 0.80 temp  47.6 hbonds, Rg  13.5 A, potential   -71.19
 20702 / 100001 elapsed  0 system 0.80 temp  41.0 hbonds, Rg  13.5 A, potential   -21.20
 20402 / 100001 elapsed  2 system 0.80 temp  38.6 hbonds, Rg  12.4 A, potential   -24.27
 20602 / 100001 elapsed  3 system 0.80 temp  42.1 hbonds, Rg  13.8 A, potential   -48.42
 20802 / 100001 elapsed  0 system 0.80 temp  42.7 hbonds, Rg  13.5 A, potential   -34.39
 20402 / 100001 elapsed  1 system 0.80 temp  46.5 hbonds, Rg  13.4 A, potential   -52.24
 20502 / 100001 elapsed  2 system 0.80 temp  37.2 hbonds, Rg  13.6 A, potential   -30.67
 20702 / 100001 elapsed  3 system 0.80 temp  47.5 hbonds, Rg  13.5 A, potential   -53.46
 20902 / 100001 elapsed  0 system 0.80 temp  44.9 hbonds, Rg  13.6 A, potential   -48.33
 20502 / 100001 elapsed  1 system 0.80 temp  45.2 hbonds, Rg  13.5 A, potential   -60.78
 20602 / 100001 elapsed  2 system 0.80 temp  37.5 hbonds, Rg  13.9 A, potential   -43.29
 20802 / 100001 elapsed  3 system 0.80 temp  46.5 hbonds, Rg  13.6 A, potential   -41.18
 21002 / 100001 elapsed  0 system 0.80 temp  45.9 hbonds, Rg  13.5 A, potential   -49.74
 20602 / 100001 elapsed  1 system 0.80 temp  45.3 hbonds, Rg  13.5 A, potential   -48.45
 20702 / 100001 elapsed  2 system 0.80 temp  37.9 hbonds, Rg  14.0 A, potential   -26.93
 20902 / 100001 elapsed  3 system 0.80 temp  43.4 hbonds, Rg  13.8 A, potential   -47.70
 21102 / 100001 elapsed  0 system 0.80 temp  45.6 hbonds, Rg  13.5 A, potential   -55.21
 20702 / 100001 elapsed  1 system 0.80 temp  46.3 hbonds, Rg  13.5 A, potential   -65.48
 20802 / 100001 elapsed  2 system 0.80 temp  39.0 hbonds, Rg  13.9 A, potential   -35.61
 21002 / 100001 elapsed  3 system 0.80 temp  45.9 hbonds, Rg  13.5 A, potential   -56.19
 21202 / 100001 elapsed  0 system 0.80 temp  45.4 hbonds, Rg  13.4 A, potential   -45.83
 20802 / 100001 elapsed  1 system 0.80 temp  43.4 hbonds, Rg  13.7 A, potential   -45.47
 20902 / 100001 elapsed  2 system 0.80 temp  38.1 hbonds, Rg  13.2 A, potential   -17.71
 21102 / 100001 elapsed  3 system 0.80 temp  45.7 hbonds, Rg  13.3 A, potential   -65.42
 21302 / 100001 elapsed  0 system 0.80 temp  47.5 hbonds, Rg  13.7 A, potential   -75.55
 20902 / 100001 elapsed  1 system 0.80 temp  43.7 hbonds, Rg  13.7 A, potential   -39.48
 21002 / 100001 elapsed  2 system 0.80 temp  38.6 hbonds, Rg  13.8 A, potential   -29.62
 21202 / 100001 elapsed  3 system 0.80 temp  43.6 hbonds, Rg  13.4 A, potential   -55.44
 21402 / 100001 elapsed  0 system 0.80 temp  45.8 hbonds, Rg  13.1 A, potential   -43.57
 21002 / 100001 elapsed  1 system 0.80 temp  43.8 hbonds, Rg  13.1 A, potential   -35.36
 21102 / 100001 elapsed  2 system 0.80 temp  36.9 hbonds, Rg  12.8 A, potential   -19.37
 21302 / 100001 elapsed  3 system 0.80 temp  45.6 hbonds, Rg  13.4 A, potential   -59.36
 21502 / 100001 elapsed  0 system 0.80 temp  46.8 hbonds, Rg  13.4 A, potential   -66.91
 21102 / 100001 elapsed  1 system 0.80 temp  45.2 hbonds, Rg  13.4 A, potential   -51.57
 21202 / 100001 elapsed  2 system 0.80 temp  40.7 hbonds, Rg  12.3 A, potential   -32.25
 21402 / 100001 elapsed  3 system 0.80 temp  46.4 hbonds, Rg  13.3 A, potential   -45.99
 21602 / 100001 elapsed  0 system 0.80 temp  45.3 hbonds, Rg  13.5 A, potential   -42.70
 21302 / 100001 elapsed  2 system 0.80 temp  39.3 hbonds, Rg  12.4 A, potential   -29.44
 21202 / 100001 elapsed  1 system 0.80 temp  47.7 hbonds, Rg  13.4 A, potential   -58.83
 21502 / 100001 elapsed  3 system 0.80 temp  45.8 hbonds, Rg  13.4 A, potential   -62.91
 21702 / 100001 elapsed  0 system 0.80 temp  46.7 hbonds, Rg  13.4 A, potential   -42.97
 21402 / 100001 elapsed  2 system 0.80 temp  38.3 hbonds, Rg  12.4 A, potential   -23.86
 21302 / 100001 elapsed  1 system 0.80 temp  45.3 hbonds, Rg  13.4 A, potential   -49.85
 21602 / 100001 elapsed  3 system 0.80 temp  42.8 hbonds, Rg  13.2 A, potential   -17.94
 21502 / 100001 elapsed  2 system 0.80 temp  38.3 hbonds, Rg  12.3 A, potential   -16.64
 21802 / 100001 elapsed  0 system 0.80 temp  46.1 hbonds, Rg  13.5 A, potential   -59.45
 21402 / 100001 elapsed  1 system 0.80 temp  42.8 hbonds, Rg  13.0 A, potential   -36.81
 21602 / 100001 elapsed  2 system 0.80 temp  39.5 hbonds, Rg  12.8 A, potential   -25.93
 21702 / 100001 elapsed  3 system 0.80 temp  39.5 hbonds, Rg  13.1 A, potential   -30.67
 21902 / 100001 elapsed  0 system 0.80 temp  45.4 hbonds, Rg  13.4 A, potential   -41.23
 21502 / 100001 elapsed  1 system 0.80 temp  39.8 hbonds, Rg  13.6 A, potential   -25.73
 21702 / 100001 elapsed  2 system 0.80 temp  38.6 hbonds, Rg  13.4 A, potential   -35.87
 21802 / 100001 elapsed  3 system 0.80 temp  44.8 hbonds, Rg  13.2 A, potential   -37.60
 22002 / 100001 elapsed  0 system 0.80 temp  45.1 hbonds, Rg  13.3 A, potential   -41.21
 21602 / 100001 elapsed  1 system 0.80 temp  46.3 hbonds, Rg  13.3 A, potential   -58.16
 21802 / 100001 elapsed  2 system 0.80 temp  38.9 hbonds, Rg  14.2 A, potential   -11.77
 22102 / 100001 elapsed  0 system 0.80 temp  46.6 hbonds, Rg  13.4 A, potential   -45.89
 21902 / 100001 elapsed  3 system 0.80 temp  45.0 hbonds, Rg  13.7 A, potential   -34.40
 21702 / 100001 elapsed  1 system 0.80 temp  45.8 hbonds, Rg  13.7 A, potential   -40.93
 21902 / 100001 elapsed  2 system 0.80 temp  35.6 hbonds, Rg  14.0 A, potential   -32.61
 22002 / 100001 elapsed  3 system 0.80 temp  44.5 hbonds, Rg  13.5 A, potential   -58.00
 22202 / 100001 elapsed  0 system 0.80 temp  44.7 hbonds, Rg  13.8 A, potential   -42.68
 21802 / 100001 elapsed  1 system 0.80 temp  44.0 hbonds, Rg  13.1 A, potential   -51.42
 22002 / 100001 elapsed  2 system 0.80 temp  39.5 hbonds, Rg  13.3 A, potential   -23.21
 22102 / 100001 elapsed  3 system 0.80 temp  40.2 hbonds, Rg  13.9 A, potential   -32.87
 22302 / 100001 elapsed  0 system 0.80 temp  44.5 hbonds, Rg  13.5 A, potential   -29.94
 21902 / 100001 elapsed  1 system 0.80 temp  46.1 hbonds, Rg  13.2 A, potential   -63.03
 22102 / 100001 elapsed  2 system 0.80 temp  39.0 hbonds, Rg  13.1 A, potential   -45.36
 22202 / 100001 elapsed  3 system 0.80 temp  45.1 hbonds, Rg  13.3 A, potential   -53.77
 22402 / 100001 elapsed  0 system 0.80 temp  44.0 hbonds, Rg  13.3 A, potential   -59.49
 22002 / 100001 elapsed  1 system 0.80 temp  44.5 hbonds, Rg  13.3 A, potential   -23.27
 22202 / 100001 elapsed  2 system 0.80 temp  39.0 hbonds, Rg  13.5 A, potential   -23.71
 22302 / 100001 elapsed  3 system 0.80 temp  42.4 hbonds, Rg  13.8 A, potential   -25.97
 22502 / 100001 elapsed  0 system 0.80 temp  45.7 hbonds, Rg  13.3 A, potential   -53.73
 22102 / 100001 elapsed  1 system 0.80 temp  47.1 hbonds, Rg  13.7 A, potential   -32.96
 22302 / 100001 elapsed  2 system 0.80 temp  39.3 hbonds, Rg  12.6 A, potential   -29.29
 22402 / 100001 elapsed  3 system 0.80 temp  44.8 hbonds, Rg  13.7 A, potential   -55.91
 22602 / 100001 elapsed  0 system 0.80 temp  45.1 hbonds, Rg  13.5 A, potential   -53.51
 22202 / 100001 elapsed  1 system 0.80 temp  45.5 hbonds, Rg  13.5 A, potential   -69.58
 22402 / 100001 elapsed  2 system 0.80 temp  39.2 hbonds, Rg  13.1 A, potential   -44.54
 22502 / 100001 elapsed  3 system 0.80 temp  41.8 hbonds, Rg  13.3 A, potential   -31.39
 22702 / 100001 elapsed  0 system 0.80 temp  46.2 hbonds, Rg  13.7 A, potential   -53.09
 22302 / 100001 elapsed  1 system 0.80 temp  43.4 hbonds, Rg  13.6 A, potential   -44.68
 22502 / 100001 elapsed  2 system 0.80 temp  37.1 hbonds, Rg  13.3 A, potential   -27.88
 22602 / 100001 elapsed  3 system 0.80 temp  47.3 hbonds, Rg  13.4 A, potential   -70.51
 22802 / 100001 elapsed  0 system 0.80 temp  44.7 hbonds, Rg  13.6 A, potential   -57.38
 22402 / 100001 elapsed  1 system 0.80 temp  42.2 hbonds, Rg  13.5 A, potential   -43.69
 22602 / 100001 elapsed  2 system 0.80 temp  38.5 hbonds, Rg  12.7 A, potential   -35.70
 22702 / 100001 elapsed  3 system 0.80 temp  40.2 hbonds, Rg  14.1 A, potential   -47.98
 22902 / 100001 elapsed  0 system 0.80 temp  45.2 hbonds, Rg  13.4 A, potential   -50.07
 22502 / 100001 elapsed  1 system 0.80 temp  43.5 hbonds, Rg  12.7 A, potential   -52.61
 22702 / 100001 elapsed  2 system 0.80 temp  39.2 hbonds, Rg  12.7 A, potential   -36.98
 22802 / 100001 elapsed  3 system 0.80 temp  44.3 hbonds, Rg  13.7 A, potential   -26.48
 23002 / 100001 elapsed  0 system 0.80 temp  46.1 hbonds, Rg  13.4 A, potential   -53.24
 22602 / 100001 elapsed  1 system 0.80 temp  41.1 hbonds, Rg  13.6 A, potential   -43.30
 22802 / 100001 elapsed  2 system 0.80 temp  38.3 hbonds, Rg  13.3 A, potential   -42.53
 22902 / 100001 elapsed  3 system 0.80 temp  46.4 hbonds, Rg  13.7 A, potential   -51.14
 23102 / 100001 elapsed  0 system 0.80 temp  42.1 hbonds, Rg  13.6 A, potential   -18.68
 22702 / 100001 elapsed  1 system 0.80 temp  37.8 hbonds, Rg  13.8 A, potential   -25.92
 22902 / 100001 elapsed  2 system 0.80 temp  37.4 hbonds, Rg  12.7 A, potential   -27.08
 23002 / 100001 elapsed  3 system 0.80 temp  44.3 hbonds, Rg  13.5 A, potential   -34.81
 23202 / 100001 elapsed  0 system 0.80 temp  45.8 hbonds, Rg  13.6 A, potential   -64.63
 23002 / 100001 elapsed  2 system 0.80 temp  38.6 hbonds, Rg  13.7 A, potential   -36.46
 22802 / 100001 elapsed  1 system 0.80 temp  45.2 hbonds, Rg  13.6 A, potential   -50.73
 23102 / 100001 elapsed  3 system 0.80 temp  44.1 hbonds, Rg  13.3 A, potential   -44.18
 23302 / 100001 elapsed  0 system 0.80 temp  44.5 hbonds, Rg  13.4 A, potential   -40.55
 23102 / 100001 elapsed  2 system 0.80 temp  40.5 hbonds, Rg  13.7 A, potential   -30.17
 22902 / 100001 elapsed  1 system 0.80 temp  45.0 hbonds, Rg  13.4 A, potential   -56.38
 23202 / 100001 elapsed  3 system 0.80 temp  37.4 hbonds, Rg  14.0 A, potential   -20.77
 23402 / 100001 elapsed  0 system 0.80 temp  47.2 hbonds, Rg  13.1 A, potential   -48.96
 23202 / 100001 elapsed  2 system 0.80 temp  40.0 hbonds, Rg  13.6 A, potential   -21.00
 23002 / 100001 elapsed  1 system 0.80 temp  43.0 hbonds, Rg  13.5 A, potential   -36.88
 23302 / 100001 elapsed  3 system 0.80 temp  42.3 hbonds, Rg  13.6 A, potential   -41.81
 23502 / 100001 elapsed  0 system 0.80 temp  44.2 hbonds, Rg  13.7 A, potential   -58.07
 23302 / 100001 elapsed  2 system 0.80 temp  41.4 hbonds, Rg  13.7 A, potential   -45.90
 23102 / 100001 elapsed  1 system 0.80 temp  44.4 hbonds, Rg  13.1 A, potential   -32.83
 23402 / 100001 elapsed  3 system 0.80 temp  43.7 hbonds, Rg  13.2 A, potential   -49.81
 23602 / 100001 elapsed  0 system 0.80 temp  43.9 hbonds, Rg  13.4 A, potential   -32.97
 23402 / 100001 elapsed  2 system 0.80 temp  37.3 hbonds, Rg  13.7 A, potential   -24.76
 23202 / 100001 elapsed  1 system 0.80 temp  39.2 hbonds, Rg  13.8 A, potential   -19.32
 23502 / 100001 elapsed  3 system 0.80 temp  44.4 hbonds, Rg  13.7 A, potential   -35.69
 23702 / 100001 elapsed  0 system 0.80 temp  44.8 hbonds, Rg  13.4 A, potential   -45.46
 23502 / 100001 elapsed  2 system 0.80 temp  38.7 hbonds, Rg  13.5 A, potential   -29.50
 23302 / 100001 elapsed  1 system 0.80 temp  46.5 hbonds, Rg  13.5 A, potential   -37.86
 23602 / 100001 elapsed  3 system 0.80 temp  46.2 hbonds, Rg  13.3 A, potential   -72.98
 23802 / 100001 elapsed  0 system 0.80 temp  46.7 hbonds, Rg  13.3 A, potential   -57.11
 23602 / 100001 elapsed  2 system 0.80 temp  34.0 hbonds, Rg  14.3 A, potential   -15.19
 23402 / 100001 elapsed  1 system 0.80 temp  43.7 hbonds, Rg  13.3 A, potential   -32.50
 23702 / 100001 elapsed  3 system 0.80 temp  44.8 hbonds, Rg  13.3 A, potential   -42.44
 23902 / 100001 elapsed  0 system 0.80 temp  47.4 hbonds, Rg  13.5 A, potential   -49.28
 23702 / 100001 elapsed  2 system 0.80 temp  38.8 hbonds, Rg  12.6 A, potential   -17.83
 23502 / 100001 elapsed  1 system 0.80 temp  45.9 hbonds, Rg  13.5 A, potential   -46.81
 23802 / 100001 elapsed  3 system 0.80 temp  44.9 hbonds, Rg  13.6 A, potential   -34.61
 24002 / 100001 elapsed  0 system 0.80 temp  46.8 hbonds, Rg  13.3 A, potential   -42.51
 23802 / 100001 elapsed  2 system 0.80 temp  38.2 hbonds, Rg  12.7 A, potential   -41.26
 23602 / 100001 elapsed  1 system 0.80 temp  43.3 hbonds, Rg  13.4 A, potential   -26.53
 23902 / 100001 elapsed  3 system 0.80 temp  42.0 hbonds, Rg  13.5 A, potential   -30.63
 23902 / 100001 elapsed  2 system 0.80 temp  37.4 hbonds, Rg  12.9 A, potential   -30.31
 24102 / 100001 elapsed  0 system 0.80 temp  44.2 hbonds, Rg  13.5 A, potential   -58.60
 23702 / 100001 elapsed  1 system 0.80 temp  44.2 hbonds, Rg  13.5 A, potential   -32.11
 24002 / 100001 elapsed  3 system 0.80 temp  45.1 hbonds, Rg  13.4 A, potential   -41.73
 24002 / 100001 elapsed  2 system 0.80 temp  37.8 hbonds, Rg  13.7 A, potential   -40.74
 24202 / 100001 elapsed  0 system 0.80 temp  45.0 hbonds, Rg  13.3 A, potential   -43.66
 23802 / 100001 elapsed  1 system 0.80 temp  45.0 hbonds, Rg  13.5 A, potential   -58.53
 24102 / 100001 elapsed  2 system 0.80 temp  38.1 hbonds, Rg  14.2 A, potential   -37.06
 24102 / 100001 elapsed  3 system 0.80 temp  44.0 hbonds, Rg  13.4 A, potential   -45.25
 24302 / 100001 elapsed  0 system 0.80 temp  48.0 hbonds, Rg  13.3 A, potential   -36.70
 23902 / 100001 elapsed  1 system 0.80 temp  45.2 hbonds, Rg  13.2 A, potential   -45.64
 24202 / 100001 elapsed  2 system 0.80 temp  36.0 hbonds, Rg  14.8 A, potential   -36.34
 24202 / 100001 elapsed  3 system 0.80 temp  46.6 hbonds, Rg  13.6 A, potential   -42.49
 24402 / 100001 elapsed  0 system 0.80 temp  46.6 hbonds, Rg  13.5 A, potential   -66.32
 24002 / 100001 elapsed  1 system 0.80 temp  44.2 hbonds, Rg  13.7 A, potential   -53.92
 24302 / 100001 elapsed  2 system 0.80 temp  36.9 hbonds, Rg  14.3 A, potential   -34.03
 24302 / 100001 elapsed  3 system 0.80 temp  43.6 hbonds, Rg  13.8 A, potential   -56.92
 24502 / 100001 elapsed  0 system 0.80 temp  44.7 hbonds, Rg  13.2 A, potential   -52.38
 24102 / 100001 elapsed  1 system 0.80 temp  45.6 hbonds, Rg  13.5 A, potential   -49.50
 24402 / 100001 elapsed  2 system 0.80 temp  38.1 hbonds, Rg  12.9 A, potential   -35.16
 24402 / 100001 elapsed  3 system 0.80 temp  46.4 hbonds, Rg  13.5 A, potential   -42.60
 24602 / 100001 elapsed  0 system 0.80 temp  46.0 hbonds, Rg  13.4 A, potential   -52.23
 24202 / 100001 elapsed  1 system 0.80 temp  46.5 hbonds, Rg  13.1 A, potential   -28.60
 24502 / 100001 elapsed  2 system 0.80 temp  36.0 hbonds, Rg  12.8 A, potential   -26.35
 24502 / 100001 elapsed  3 system 0.80 temp  48.2 hbonds, Rg  13.3 A, potential   -64.86
 24702 / 100001 elapsed  0 system 0.80 temp  46.9 hbonds, Rg  13.6 A, potential   -58.04
 24302 / 100001 elapsed  1 system 0.80 temp  44.3 hbonds, Rg  13.4 A, potential   -43.25
 24602 / 100001 elapsed  2 system 0.80 temp  35.8 hbonds, Rg  12.9 A, potential   -48.55
 24602 / 100001 elapsed  3 system 0.80 temp  45.0 hbonds, Rg  13.2 A, potential   -63.89
 24802 / 100001 elapsed  0 system 0.80 temp  45.2 hbonds, Rg  13.4 A, potential   -55.34
 24402 / 100001 elapsed  1 system 0.80 temp  39.9 hbonds, Rg  13.5 A, potential   -40.65
 24702 / 100001 elapsed  2 system 0.80 temp  36.6 hbonds, Rg  13.3 A, potential   -14.37
 24702 / 100001 elapsed  3 system 0.80 temp  45.6 hbonds, Rg  13.5 A, potential   -63.91
 24902 / 100001 elapsed  0 system 0.80 temp  47.1 hbonds, Rg  13.5 A, potential   -57.68
 24502 / 100001 elapsed  1 system 0.80 temp  45.1 hbonds, Rg  13.3 A, potential   -54.90
 24802 / 100001 elapsed  2 system 0.80 temp  37.2 hbonds, Rg  12.0 A, potential   -17.98
 24802 / 100001 elapsed  3 system 0.80 temp  43.0 hbonds, Rg  13.4 A, potential   -37.57
 25002 / 100001 elapsed  0 system 0.80 temp  44.6 hbonds, Rg  13.5 A, potential   -59.18
 24602 / 100001 elapsed  1 system 0.80 temp  44.2 hbonds, Rg  13.5 A, potential   -48.20
 24902 / 100001 elapsed  2 system 0.80 temp  37.8 hbonds, Rg  12.9 A, potential   -31.24
 24902 / 100001 elapsed  3 system 0.80 temp  44.5 hbonds, Rg  13.4 A, potential   -27.85
 25102 / 100001 elapsed  0 system 0.80 temp  42.6 hbonds, Rg  13.8 A, potential   -36.82
 25002 / 100001 elapsed  2 system 0.80 temp  37.0 hbonds, Rg  13.0 A, potential   -25.61
 24702 / 100001 elapsed  1 system 0.80 temp  45.0 hbonds, Rg  13.6 A, potential   -53.03
 25002 / 100001 elapsed  3 system 0.80 temp  44.7 hbonds, Rg  13.4 A, potential   -52.93
 25202 / 100001 elapsed  0 system 0.80 temp  47.3 hbonds, Rg  13.5 A, potential   -35.99
 25102 / 100001 elapsed  2 system 0.80 temp  36.5 hbonds, Rg  12.0 A, potential    -5.08
 24802 / 100001 elapsed  1 system 0.80 temp  45.4 hbonds, Rg  13.5 A, potential   -56.09
 25102 / 100001 elapsed  3 system 0.80 temp  44.1 hbonds, Rg  13.6 A, potential   -28.98
 25302 / 100001 elapsed  0 system 0.80 temp  45.2 hbonds, Rg  13.3 A, potential   -54.96
 25202 / 100001 elapsed  2 system 0.80 temp  38.0 hbonds, Rg  12.0 A, potential   -20.25
 24902 / 100001 elapsed  1 system 0.80 temp  45.6 hbonds, Rg  13.5 A, potential   -62.03
 25202 / 100001 elapsed  3 system 0.80 temp  44.1 hbonds, Rg  13.6 A, potential   -45.46
 25402 / 100001 elapsed  0 system 0.80 temp  45.7 hbonds, Rg  13.4 A, potential   -52.18
 25302 / 100001 elapsed  2 system 0.80 temp  36.7 hbonds, Rg  12.7 A, potential   -25.57
 25002 / 100001 elapsed  1 system 0.80 temp  41.9 hbonds, Rg  13.7 A, potential   -30.50
 25302 / 100001 elapsed  3 system 0.80 temp  45.7 hbonds, Rg  13.4 A, potential   -52.40
 25502 / 100001 elapsed  0 system 0.80 temp  47.4 hbonds, Rg  13.1 A, potential   -46.94
 25402 / 100001 elapsed  2 system 0.80 temp  36.2 hbonds, Rg  12.6 A, potential    -6.92
 25102 / 100001 elapsed  1 system 0.80 temp  46.4 hbonds, Rg  13.1 A, potential   -54.65
 25402 / 100001 elapsed  3 system 0.80 temp  46.2 hbonds, Rg  13.3 A, potential   -47.38
 25602 / 100001 elapsed  0 system 0.80 temp  45.4 hbonds, Rg  13.4 A, potential   -52.75
 25502 / 100001 elapsed  2 system 0.80 temp  37.7 hbonds, Rg  13.0 A, potential   -29.34
 25202 / 100001 elapsed  1 system 0.80 temp  46.8 hbonds, Rg  13.1 A, potential   -69.80
 25502 / 100001 elapsed  3 system 0.80 temp  46.2 hbonds, Rg  13.7 A, potential   -55.24
 25702 / 100001 elapsed  0 system 0.80 temp  48.2 hbonds, Rg  13.6 A, potential   -68.48
 25602 / 100001 elapsed  2 system 0.80 temp  37.8 hbonds, Rg  13.8 A, potential   -17.97
 25302 / 100001 elapsed  1 system 0.80 temp  45.6 hbonds, Rg  13.7 A, potential   -55.29
 25802 / 100001 elapsed  0 system 0.80 temp  43.2 hbonds, Rg  13.7 A, potential   -44.98
 25602 / 100001 elapsed  3 system 0.80 temp  44.1 hbonds, Rg  13.4 A, potential   -43.65
 25702 / 100001 elapsed  2 system 0.80 temp  38.3 hbonds, Rg  14.3 A, potential   -36.51
 25402 / 100001 elapsed  1 system 0.80 temp  48.0 hbonds, Rg  13.2 A, potential   -73.55
 25902 / 100001 elapsed  0 system 0.80 temp  45.6 hbonds, Rg  13.4 A, potential   -48.37
 25702 / 100001 elapsed  3 system 0.80 temp  43.7 hbonds, Rg  13.3 A, potential   -49.15
 25802 / 100001 elapsed  2 system 0.80 temp  37.2 hbonds, Rg  14.1 A, potential   -34.40
 25502 / 100001 elapsed  1 system 0.80 temp  47.2 hbonds, Rg  13.4 A, potential   -61.13
 26002 / 100001 elapsed  0 system 0.80 temp  37.2 hbonds, Rg  13.4 A, potential   -22.17
 25802 / 100001 elapsed  3 system 0.80 temp  43.0 hbonds, Rg  13.5 A, potential   -65.99
 25902 / 100001 elapsed  2 system 0.80 temp  36.7 hbonds, Rg  13.7 A, potential   -33.25
 25602 / 100001 elapsed  1 system 0.80 temp  45.6 hbonds, Rg  13.7 A, potential   -56.94
 26102 / 100001 elapsed  0 system 0.80 temp  46.2 hbonds, Rg  13.5 A, potential   -45.83
 25902 / 100001 elapsed  3 system 0.80 temp  44.1 hbonds, Rg  13.4 A, potential   -42.41
 26002 / 100001 elapsed  2 system 0.80 temp  35.9 hbonds, Rg  13.1 A, potential   -20.84
 25702 / 100001 elapsed  1 system 0.80 temp  45.0 hbonds, Rg  13.4 A, potential   -48.85
 26102 / 100001 elapsed  2 system 0.80 temp  36.5 hbonds, Rg  14.2 A, potential   -31.09
 26202 / 100001 elapsed  0 system 0.80 temp  45.1 hbonds, Rg  13.5 A, potential   -25.45
 26002 / 100001 elapsed  3 system 0.80 temp  42.8 hbonds, Rg  13.2 A, potential   -30.95
 25802 / 100001 elapsed  1 system 0.80 temp  45.8 hbonds, Rg  13.7 A, potential   -48.36
 26202 / 100001 elapsed  2 system 0.80 temp  36.5 hbonds, Rg  13.7 A, potential   -40.18
 26302 / 100001 elapsed  0 system 0.80 temp  45.0 hbonds, Rg  13.7 A, potential   -50.27
 26102 / 100001 elapsed  3 system 0.80 temp  43.0 hbonds, Rg  13.6 A, potential   -43.24
 25902 / 100001 elapsed  1 system 0.80 temp  45.6 hbonds, Rg  13.4 A, potential   -61.93
 26302 / 100001 elapsed  2 system 0.80 temp  34.8 hbonds, Rg  13.6 A, potential   -17.31
 26202 / 100001 elapsed  3 system 0.80 temp  44.0 hbonds, Rg  13.3 A, potential   -44.04
 26402 / 100001 elapsed  0 system 0.80 temp  45.5 hbonds, Rg  13.5 A, potential   -35.29
 26002 / 100001 elapsed  1 system 0.80 temp  40.9 hbonds, Rg  13.7 A, potential   -39.41
 26402 / 100001 elapsed  2 system 0.80 temp  35.8 hbonds, Rg  12.5 A, potential   -21.30
 26302 / 100001 elapsed  3 system 0.80 temp  46.0 hbonds, Rg  13.5 A, potential   -47.75
 26502 / 100001 elapsed  0 system 0.80 temp  44.6 hbonds, Rg  13.5 A, potential   -40.09
 26102 / 100001 elapsed  1 system 0.80 temp  43.0 hbonds, Rg  13.5 A, potential   -23.41
 26502 / 100001 elapsed  2 system 0.80 temp  38.2 hbonds, Rg  13.3 A, potential   -25.82
 26402 / 100001 elapsed  3 system 0.80 temp  44.6 hbonds, Rg  13.5 A, potential   -54.16
 26602 / 100001 elapsed  0 system 0.80 temp  46.8 hbonds, Rg  13.5 A, potential   -62.23
 26202 / 100001 elapsed  1 system 0.80 temp  45.3 hbonds, Rg  13.5 A, potential   -34.52
 26602 / 100001 elapsed  2 system 0.80 temp  38.9 hbonds, Rg  12.6 A, potential   -49.50
 26702 / 100001 elapsed  0 system 0.80 temp  47.8 hbonds, Rg  13.4 A, potential   -55.81
 26502 / 100001 elapsed  3 system 0.80 temp  46.6 hbonds, Rg  13.4 A, potential   -61.33
 26302 / 100001 elapsed  1 system 0.80 temp  43.5 hbonds, Rg  13.3 A, potential   -53.31
 26702 / 100001 elapsed  2 system 0.80 temp  38.0 hbonds, Rg  12.9 A, potential   -36.15
 26802 / 100001 elapsed  0 system 0.80 temp  46.9 hbonds, Rg  13.4 A, potential   -71.75
 26602 / 100001 elapsed  3 system 0.80 temp  45.7 hbonds, Rg  13.4 A, potential   -51.10
 26402 / 100001 elapsed  1 system 0.80 temp  44.4 hbonds, Rg  13.8 A, potential   -45.38
 26802 / 100001 elapsed  2 system 0.80 temp  38.6 hbonds, Rg  12.7 A, potential   -29.44
 26902 / 100001 elapsed  0 system 0.80 temp  45.7 hbonds, Rg  13.6 A, potential   -53.71
 26702 / 100001 elapsed  3 system 0.80 temp  47.5 hbonds, Rg  13.4 A, potential   -51.32
 26502 / 100001 elapsed  1 system 0.80 temp  47.6 hbonds, Rg  13.2 A, potential   -61.42
 26902 / 100001 elapsed  2 system 0.80 temp  36.5 hbonds, Rg  13.1 A, potential   -13.31
 27002 / 100001 elapsed  0 system 0.80 temp  46.3 hbonds, Rg  13.5 A, potential   -64.27
 26802 / 100001 elapsed  3 system 0.80 temp  46.8 hbonds, Rg  13.4 A, potential   -56.80
 26602 / 100001 elapsed  1 system 0.80 temp  44.5 hbonds, Rg  13.4 A, potential   -40.40
 27002 / 100001 elapsed  2 system 0.80 temp  42.9 hbonds, Rg  13.5 A, potential   -40.99
 27102 / 100001 elapsed  0 system 0.80 temp  46.2 hbonds, Rg  13.5 A, potential   -51.97
 26902 / 100001 elapsed  3 system 0.80 temp  46.0 hbonds, Rg  13.2 A, potential   -45.33
 26702 / 100001 elapsed  1 system 0.80 temp  42.4 hbonds, Rg  13.7 A, potential   -39.87
 27102 / 100001 elapsed  2 system 0.80 temp  44.0 hbonds, Rg  13.7 A, potential   -40.03
 27202 / 100001 elapsed  0 system 0.80 temp  46.6 hbonds, Rg  13.2 A, potential   -51.56
 27002 / 100001 elapsed  3 system 0.80 temp  43.8 hbonds, Rg  13.1 A, potential   -50.21
 26802 / 100001 elapsed  1 system 0.80 temp  45.8 hbonds, Rg  13.5 A, potential   -49.13
 27202 / 100001 elapsed  2 system 0.80 temp  45.5 hbonds, Rg  13.5 A, potential   -49.28
 27302 / 100001 elapsed  0 system 0.80 temp  45.3 hbonds, Rg  13.4 A, potential   -46.08
 27102 / 100001 elapsed  3 system 0.80 temp  43.8 hbonds, Rg  13.7 A, potential   -41.90
 26902 / 100001 elapsed  1 system 0.80 temp  44.8 hbonds, Rg  13.6 A, potential   -57.51
 27302 / 100001 elapsed  2 system 0.80 temp  46.8 hbonds, Rg  13.6 A, potential   -50.97
 27402 / 100001 elapsed  0 system 0.80 temp  40.3 hbonds, Rg  13.4 A, potential   -44.96
 27202 / 100001 elapsed  3 system 0.80 temp  44.6 hbonds, Rg  13.6 A, potential   -36.33
 27002 / 100001 elapsed  1 system 0.80 temp  46.0 hbonds, Rg  13.3 A, potential   -76.74
 27402 / 100001 elapsed  2 system 0.80 temp  44.7 hbonds, Rg  13.4 A, potential   -42.31
 27502 / 100001 elapsed  0 system 0.80 temp  46.0 hbonds, Rg  13.6 A, potential   -38.72
 27302 / 100001 elapsed  3 system 0.80 temp  45.1 hbonds, Rg  13.6 A, potential   -55.59
 27102 / 100001 elapsed  1 system 0.80 temp  41.4 hbonds, Rg  13.6 A, potential   -38.67
 27502 / 100001 elapsed  2 system 0.80 temp  46.3 hbonds, Rg  13.3 A, potential   -58.29
 27602 / 100001 elapsed  0 system 0.80 temp  45.5 hbonds, Rg  13.5 A, potential   -65.60
 27402 / 100001 elapsed  3 system 0.80 temp  47.2 hbonds, Rg  13.2 A, potential   -44.65
 27202 / 100001 elapsed  1 system 0.80 temp  43.8 hbonds, Rg  13.8 A, potential   -43.00
 27602 / 100001 elapsed  2 system 0.80 temp  46.2 hbonds, Rg  13.5 A, potential   -51.50
 27702 / 100001 elapsed  0 system 0.80 temp  45.7 hbonds, Rg  13.5 A, potential   -32.09
 27502 / 100001 elapsed  3 system 0.80 temp  43.5 hbonds, Rg  13.6 A, potential   -61.57
 27302 / 100001 elapsed  1 system 0.80 temp  43.6 hbonds, Rg  13.6 A, potential   -36.36
 27702 / 100001 elapsed  2 system 0.80 temp  45.0 hbonds, Rg  13.6 A, potential   -25.75
 27802 / 100001 elapsed  0 system 0.80 temp  44.4 hbonds, Rg  13.2 A, potential   -31.83
 27602 / 100001 elapsed  3 system 0.80 temp  43.9 hbonds, Rg  13.7 A, potential   -55.41
 27402 / 100001 elapsed  1 system 0.80 temp  38.8 hbonds, Rg  13.3 A, potential   -17.36
 27802 / 100001 elapsed  2 system 0.80 temp  45.6 hbonds, Rg  13.3 A, potential   -46.70
 27902 / 100001 elapsed  0 system 0.80 temp  46.5 hbonds, Rg  13.5 A, potential   -68.89
 27702 / 100001 elapsed  3 system 0.80 temp  47.2 hbonds, Rg  13.5 A, potential   -66.40
 27502 / 100001 elapsed  1 system 0.80 temp  44.4 hbonds, Rg  13.7 A, potential   -48.73
 27902 / 100001 elapsed  2 system 0.80 temp  47.8 hbonds, Rg  13.5 A, potential   -59.61
 28002 / 100001 elapsed  0 system 0.80 temp  44.7 hbonds, Rg  13.6 A, potential   -55.10
 27802 / 100001 elapsed  3 system 0.80 temp  42.1 hbonds, Rg  13.6 A, potential   -39.13
 27602 / 100001 elapsed  1 system 0.80 temp  40.1 hbonds, Rg  13.6 A, potential   -38.93
 28002 / 100001 elapsed  2 system 0.80 temp  46.0 hbonds, Rg  13.6 A, potential   -58.17
 28102 / 100001 elapsed  0 system 0.80 temp  43.3 hbonds, Rg  13.3 A, potential   -39.16
 27902 / 100001 elapsed  3 system 0.80 temp  44.5 hbonds, Rg  13.5 A, potential   -44.11
 27702 / 100001 elapsed  1 system 0.80 temp  40.4 hbonds, Rg  13.7 A, potential   -27.85
 28102 / 100001 elapsed  2 system 0.80 temp  43.1 hbonds, Rg  13.3 A, potential   -37.17
 28202 / 100001 elapsed  0 system 0.80 temp  43.5 hbonds, Rg  13.4 A, potential   -50.32
 28002 / 100001 elapsed  3 system 0.80 temp  47.5 hbonds, Rg  13.4 A, potential   -40.85
 27802 / 100001 elapsed  1 system 0.80 temp  44.1 hbonds, Rg  13.1 A, potential   -59.74
 28202 / 100001 elapsed  2 system 0.80 temp  44.3 hbonds, Rg  13.7 A, potential   -55.90
 28302 / 100001 elapsed  0 system 0.80 temp  44.8 hbonds, Rg  13.4 A, potential   -37.29
 28102 / 100001 elapsed  3 system 0.80 temp  45.8 hbonds, Rg  13.3 A, potential   -50.68
 27902 / 100001 elapsed  1 system 0.80 temp  46.5 hbonds, Rg  13.2 A, potential   -43.94
 28302 / 100001 elapsed  2 system 0.80 temp  43.2 hbonds, Rg  13.7 A, potential   -45.61
 28402 / 100001 elapsed  0 system 0.80 temp  47.6 hbonds, Rg  13.3 A, potential   -52.68
 28202 / 100001 elapsed  3 system 0.80 temp  45.4 hbonds, Rg  13.4 A, potential   -38.27
 28002 / 100001 elapsed  1 system 0.80 temp  47.0 hbonds, Rg  13.5 A, potential   -23.42
 28402 / 100001 elapsed  2 system 0.80 temp  45.1 hbonds, Rg  13.2 A, potential   -26.56
 28502 / 100001 elapsed  0 system 0.80 temp  47.7 hbonds, Rg  13.5 A, potential   -43.17
 28302 / 100001 elapsed  3 system 0.80 temp  46.4 hbonds, Rg  13.3 A, potential   -43.12
 28102 / 100001 elapsed  1 system 0.80 temp  47.2 hbonds, Rg  13.3 A, potential   -34.81
 28502 / 100001 elapsed  2 system 0.80 temp  45.1 hbonds, Rg  13.6 A, potential   -61.71
 28602 / 100001 elapsed  0 system 0.80 temp  44.7 hbonds, Rg  13.7 A, potential   -48.08
 28402 / 100001 elapsed  3 system 0.80 temp  45.0 hbonds, Rg  13.1 A, potential   -45.70
 28202 / 100001 elapsed  1 system 0.80 temp  46.6 hbonds, Rg  13.4 A, potential   -54.72
 28602 / 100001 elapsed  2 system 0.80 temp  47.7 hbonds, Rg  13.5 A, potential   -59.98
 28702 / 100001 elapsed  0 system 0.80 temp  43.3 hbonds, Rg  13.3 A, potential   -53.51
 28302 / 100001 elapsed  1 system 0.80 temp  46.2 hbonds, Rg  13.7 A, potential   -50.01
 28502 / 100001 elapsed  3 system 0.80 temp  44.7 hbonds, Rg  13.6 A, potential   -52.13
 28802 / 100001 elapsed  0 system 0.80 temp  44.1 hbonds, Rg  13.4 A, potential   -34.34
 28702 / 100001 elapsed  2 system 0.80 temp  45.0 hbonds, Rg  13.5 A, potential   -51.17
 28402 / 100001 elapsed  1 system 0.80 temp  43.5 hbonds, Rg  13.4 A, potential   -37.27
 28602 / 100001 elapsed  3 system 0.80 temp  44.1 hbonds, Rg  13.6 A, potential   -39.90
 28802 / 100001 elapsed  2 system 0.80 temp  45.7 hbonds, Rg  13.3 A, potential   -62.10
 28902 / 100001 elapsed  0 system 0.80 temp  45.7 hbonds, Rg  13.4 A, potential   -48.59
 28702 / 100001 elapsed  3 system 0.80 temp  46.2 hbonds, Rg  13.5 A, potential   -50.65
 28502 / 100001 elapsed  1 system 0.80 temp  46.8 hbonds, Rg  13.3 A, potential   -52.49
 28902 / 100001 elapsed  2 system 0.80 temp  39.7 hbonds, Rg  13.7 A, potential   -53.02
 29002 / 100001 elapsed  0 system 0.80 temp  44.7 hbonds, Rg  13.4 A, potential   -57.64
 28802 / 100001 elapsed  3 system 0.80 temp  44.8 hbonds, Rg  13.5 A, potential   -44.86
 28602 / 100001 elapsed  1 system 0.80 temp  37.3 hbonds, Rg  13.8 A, potential   -45.81
 29002 / 100001 elapsed  2 system 0.80 temp  46.7 hbonds, Rg  13.6 A, potential   -54.42
 29102 / 100001 elapsed  0 system 0.80 temp  42.7 hbonds, Rg  13.9 A, potential   -33.46
 28902 / 100001 elapsed  3 system 0.80 temp  45.7 hbonds, Rg  13.2 A, potential   -38.91
 28702 / 100001 elapsed  1 system 0.80 temp  45.0 hbonds, Rg  13.4 A, potential   -14.41
 29102 / 100001 elapsed  2 system 0.80 temp  43.7 hbonds, Rg  13.7 A, potential   -40.81
 29202 / 100001 elapsed  0 system 0.80 temp  45.8 hbonds, Rg  13.4 A, potential   -49.29
 29002 / 100001 elapsed  3 system 0.80 temp  45.4 hbonds, Rg  13.5 A, potential   -46.31
 28802 / 100001 elapsed  1 system 0.80 temp  42.6 hbonds, Rg  13.8 A, potential   -46.79
 29202 / 100001 elapsed  2 system 0.80 temp  47.9 hbonds, Rg  13.4 A, potential   -47.89
 29302 / 100001 elapsed  0 system 0.80 temp  41.2 hbonds, Rg  13.6 A, potential   -36.30
 29102 / 100001 elapsed  3 system 0.80 temp  45.0 hbonds, Rg  13.6 A, potential   -30.08
 28902 / 100001 elapsed  1 system 0.80 temp  47.0 hbonds, Rg  13.6 A, potential   -57.05
 29302 / 100001 elapsed  2 system 0.80 temp  44.9 hbonds, Rg  13.6 A, potential   -39.30
 29402 / 100001 elapsed  0 system 0.80 temp  42.6 hbonds, Rg  13.6 A, potential   -30.29
 29202 / 100001 elapsed  3 system 0.80 temp  45.7 hbonds, Rg  13.2 A, potential   -36.98
 29002 / 100001 elapsed  1 system 0.80 temp  45.5 hbonds, Rg  13.6 A, potential   -51.59
 29402 / 100001 elapsed  2 system 0.80 temp  45.1 hbonds, Rg  13.5 A, potential   -52.45
 29502 / 100001 elapsed  0 system 0.80 temp  46.5 hbonds, Rg  13.3 A, potential   -51.78
 29302 / 100001 elapsed  3 system 0.80 temp  43.7 hbonds, Rg  13.6 A, potential   -58.35
 29102 / 100001 elapsed  1 system 0.80 temp  44.1 hbonds, Rg  13.3 A, potential   -39.36
 29502 / 100001 elapsed  2 system 0.80 temp  42.4 hbonds, Rg  13.7 A, potential   -43.59
 29602 / 100001 elapsed  0 system 0.80 temp  48.6 hbonds, Rg  13.4 A, potential   -53.81
 29402 / 100001 elapsed  3 system 0.80 temp  45.2 hbonds, Rg  13.6 A, potential   -34.69
 29202 / 100001 elapsed  1 system 0.80 temp  43.1 hbonds, Rg  13.4 A, potential   -51.88
 29602 / 100001 elapsed  2 system 0.80 temp  41.1 hbonds, Rg  13.3 A, potential   -34.46
 29702 / 100001 elapsed  0 system 0.80 temp  43.8 hbonds, Rg  13.5 A, potential   -51.01
 29502 / 100001 elapsed  3 system 0.80 temp  46.2 hbonds, Rg  13.4 A, potential   -58.67
 29302 / 100001 elapsed  1 system 0.80 temp  45.7 hbonds, Rg  13.2 A, potential   -50.31
 29702 / 100001 elapsed  2 system 0.80 temp  43.5 hbonds, Rg  13.3 A, potential   -49.09
 29802 / 100001 elapsed  0 system 0.80 temp  45.1 hbonds, Rg  13.4 A, potential   -52.75
 29602 / 100001 elapsed  3 system 0.80 temp  45.3 hbonds, Rg  13.6 A, potential   -54.68
 29402 / 100001 elapsed  1 system 0.80 temp  42.2 hbonds, Rg  13.6 A, potential   -52.68
 29802 / 100001 elapsed  2 system 0.80 temp  47.2 hbonds, Rg  13.4 A, potential   -43.57
 29902 / 100001 elapsed  0 system 0.80 temp  44.4 hbonds, Rg  13.6 A, potential   -50.74
 29702 / 100001 elapsed  3 system 0.80 temp  45.2 hbonds, Rg  13.5 A, potential   -46.43
 29502 / 100001 elapsed  1 system 0.80 temp  42.3 hbonds, Rg  13.4 A, potential   -28.34
 29902 / 100001 elapsed  2 system 0.80 temp  43.9 hbonds, Rg  13.3 A, potential   -43.40
 30002 / 100001 elapsed  0 system 0.80 temp  42.9 hbonds, Rg  13.5 A, potential   -34.29
 29802 / 100001 elapsed  3 system 0.80 temp  48.2 hbonds, Rg  13.5 A, potential   -47.98
 29602 / 100001 elapsed  1 system 0.80 temp  46.7 hbonds, Rg  13.5 A, potential   -54.96
 30002 / 100001 elapsed  2 system 0.80 temp  44.1 hbonds, Rg  13.5 A, potential   -53.53
 30102 / 100001 elapsed  0 system 0.80 temp  43.8 hbonds, Rg  13.4 A, potential   -60.49
 29902 / 100001 elapsed  3 system 0.80 temp  45.8 hbonds, Rg  13.6 A, potential   -40.70
 29702 / 100001 elapsed  1 system 0.80 temp  46.9 hbonds, Rg  13.5 A, potential   -56.13
 30102 / 100001 elapsed  2 system 0.80 temp  46.5 hbonds, Rg  13.3 A, potential   -63.86
 30202 / 100001 elapsed  0 system 0.80 temp  43.1 hbonds, Rg  13.8 A, potential   -43.27
 30002 / 100001 elapsed  3 system 0.80 temp  44.2 hbonds, Rg  13.5 A, potential   -44.66
 29802 / 100001 elapsed  1 system 0.80 temp  46.6 hbonds, Rg  13.3 A, potential   -27.65
 30202 / 100001 elapsed  2 system 0.80 temp  45.5 hbonds, Rg  13.4 A, potential   -48.50
 30302 / 100001 elapsed  0 system 0.80 temp  46.6 hbonds, Rg  13.5 A, potential   -52.37
 30102 / 100001 elapsed  3 system 0.80 temp  44.6 hbonds, Rg  13.6 A, potential   -45.35
 29902 / 100001 elapsed  1 system 0.80 temp  46.7 hbonds, Rg  13.6 A, potential   -45.15
 30302 / 100001 elapsed  2 system 0.80 temp  47.1 hbonds, Rg  13.1 A, potential   -31.22
 30402 / 100001 elapsed  0 system 0.80 temp  47.3 hbonds, Rg  13.5 A, potential   -58.42
 30202 / 100001 elapsed  3 system 0.80 temp  42.7 hbonds, Rg  13.5 A, potential   -44.34
 30002 / 100001 elapsed  1 system 0.80 temp  43.7 hbonds, Rg  13.5 A, potential   -64.13
 30402 / 100001 elapsed  2 system 0.80 temp  45.4 hbonds, Rg  13.2 A, potential   -39.69
 30502 / 100001 elapsed  0 system 0.80 temp  45.4 hbonds, Rg  13.6 A, potential   -50.35
 30302 / 100001 elapsed  3 system 0.80 temp  45.8 hbonds, Rg  13.5 A, potential   -47.56
 30102 / 100001 elapsed  1 system 0.80 temp  45.5 hbonds, Rg  13.4 A, potential   -38.71
 30502 / 100001 elapsed  2 system 0.80 temp  45.1 hbonds, Rg  13.3 A, potential   -36.80
 30602 / 100001 elapsed  0 system 0.80 temp  47.0 hbonds, Rg  13.4 A, potential   -54.33
 30402 / 100001 elapsed  3 system 0.80 temp  46.2 hbonds, Rg  13.5 A, potential   -54.35
 30202 / 100001 elapsed  1 system 0.80 temp  41.5 hbonds, Rg  13.5 A, potential   -53.44
 30602 / 100001 elapsed  2 system 0.80 temp  46.7 hbonds, Rg  13.4 A, potential   -56.64
 30702 / 100001 elapsed  0 system 0.80 temp  45.4 hbonds, Rg  13.7 A, potential   -28.61
 30502 / 100001 elapsed  3 system 0.80 temp  44.1 hbonds, Rg  13.5 A, potential   -43.85
 30302 / 100001 elapsed  1 system 0.80 temp  47.3 hbonds, Rg  13.6 A, potential   -54.09
 30702 / 100001 elapsed  2 system 0.80 temp  46.0 hbonds, Rg  13.5 A, potential   -54.82
 30802 / 100001 elapsed  0 system 0.80 temp  46.0 hbonds, Rg  13.3 A, potential   -56.65
 30602 / 100001 elapsed  3 system 0.80 temp  46.7 hbonds, Rg  13.6 A, potential   -63.66
 30402 / 100001 elapsed  1 system 0.80 temp  46.6 hbonds, Rg  13.4 A, potential   -65.69
 30802 / 100001 elapsed  2 system 0.80 temp  46.9 hbonds, Rg  13.3 A, potential   -46.29
 30902 / 100001 elapsed  0 system 0.80 temp  45.2 hbonds, Rg  13.7 A, potential   -52.98
 30702 / 100001 elapsed  3 system 0.80 temp  45.8 hbonds, Rg  13.6 A, potential   -47.34
 30502 / 100001 elapsed  1 system 0.80 temp  45.1 hbonds, Rg  13.4 A, potential   -60.14
 30902 / 100001 elapsed  2 system 0.80 temp  46.1 hbonds, Rg  13.4 A, potential   -26.97
 31002 / 100001 elapsed  0 system 0.80 temp  46.0 hbonds, Rg  13.5 A, potential   -41.32
 30802 / 100001 elapsed  3 system 0.80 temp  47.1 hbonds, Rg  13.7 A, potential   -46.63
 30602 / 100001 elapsed  1 system 0.80 temp  46.6 hbonds, Rg  13.3 A, potential   -56.97
 31002 / 100001 elapsed  2 system 0.80 temp  43.1 hbonds, Rg  13.6 A, potential   -50.72
 31102 / 100001 elapsed  0 system 0.80 temp  43.1 hbonds, Rg  13.6 A, potential   -52.69
 30902 / 100001 elapsed  3 system 0.80 temp  44.7 hbonds, Rg  13.4 A, potential   -48.95
 31102 / 100001 elapsed  2 system 0.80 temp  44.7 hbonds, Rg  13.5 A, potential   -53.20
 31202 / 100001 elapsed  0 system 0.80 temp  47.7 hbonds, Rg  13.5 A, potential   -55.17
 30702 / 100001 elapsed  1 system 0.80 temp  47.2 hbonds, Rg  13.5 A, potential   -76.55
 31002 / 100001 elapsed  3 system 0.80 temp  47.5 hbonds, Rg  13.2 A, potential   -52.74
 31202 / 100001 elapsed  2 system 0.80 temp  42.5 hbonds, Rg  13.2 A, potential   -47.61
 31303 / 100001 elapsed  0 system 0.80 temp  47.5 hbonds, Rg  13.5 A, potential   -67.25
 30802 / 100001 elapsed  1 system 0.80 temp  42.0 hbonds, Rg  13.4 A, potential   -28.44
 31102 / 100001 elapsed  3 system 0.80 temp  47.7 hbonds, Rg  13.5 A, potential   -62.05
 31303 / 100001 elapsed  2 system 0.80 temp  47.8 hbonds, Rg  13.5 A, potential   -72.69
 31403 / 100001 elapsed  0 system 0.80 temp  45.1 hbonds, Rg  12.9 A, potential   -54.30
 30902 / 100001 elapsed  1 system 0.80 temp  44.3 hbonds, Rg  13.5 A, potential   -59.52
 31202 / 100001 elapsed  3 system 0.80 temp  45.5 hbonds, Rg  13.5 A, potential   -55.06
 31403 / 100001 elapsed  2 system 0.80 temp  48.4 hbonds, Rg  13.4 A, potential   -48.22
 31503 / 100001 elapsed  0 system 0.80 temp  42.8 hbonds, Rg  13.4 A, potential   -53.77
 31002 / 100001 elapsed  1 system 0.80 temp  45.0 hbonds, Rg  13.3 A, potential   -51.79
 31303 / 100001 elapsed  3 system 0.80 temp  46.7 hbonds, Rg  13.4 A, potential   -42.31
 31503 / 100001 elapsed  2 system 0.80 temp  47.0 hbonds, Rg  13.5 A, potential   -54.80
 31603 / 100001 elapsed  0 system 0.80 temp  45.2 hbonds, Rg  13.4 A, potential   -47.32
 31102 / 100001 elapsed  1 system 0.80 temp  42.8 hbonds, Rg  13.6 A, potential   -41.69
 31403 / 100001 elapsed  3 system 0.80 temp  44.9 hbonds, Rg  13.5 A, potential   -58.68
 31603 / 100001 elapsed  2 system 0.80 temp  43.9 hbonds, Rg  13.5 A, potential   -43.33
 31202 / 100001 elapsed  1 system 0.80 temp  44.7 hbonds, Rg  13.5 A, potential   -47.47
 31703 / 100001 elapsed  0 system 0.80 temp  46.2 hbonds, Rg  13.6 A, potential   -52.64
 31503 / 100001 elapsed  3 system 0.80 temp  47.7 hbonds, Rg  13.4 A, potential   -63.58
 31703 / 100001 elapsed  2 system 0.80 temp  44.2 hbonds, Rg  13.4 A, potential   -52.07
 31803 / 100001 elapsed  0 system 0.80 temp  48.0 hbonds, Rg  13.4 A, potential   -51.10
 31303 / 100001 elapsed  1 system 0.80 temp  41.0 hbonds, Rg  13.7 A, potential   -19.15
 31603 / 100001 elapsed  3 system 0.80 temp  44.9 hbonds, Rg  13.3 A, potential   -37.50
 31803 / 100001 elapsed  2 system 0.80 temp  41.3 hbonds, Rg  13.3 A, potential   -51.64
 31903 / 100001 elapsed  0 system 0.80 temp  42.8 hbonds, Rg  13.6 A, potential   -35.41
 31403 / 100001 elapsed  1 system 0.80 temp  43.7 hbonds, Rg  13.6 A, potential   -56.51
 31703 / 100001 elapsed  3 system 0.80 temp  44.8 hbonds, Rg  13.4 A, potential   -52.34
 31903 / 100001 elapsed  2 system 0.80 temp  43.5 hbonds, Rg  13.5 A, potential   -72.64
 32003 / 100001 elapsed  0 system 0.80 temp  44.4 hbonds, Rg  13.2 A, potential   -49.94
 31503 / 100001 elapsed  1 system 0.80 temp  42.5 hbonds, Rg  13.3 A, potential   -28.68
 31803 / 100001 elapsed  3 system 0.80 temp  45.6 hbonds, Rg  13.4 A, potential   -56.49
 32003 / 100001 elapsed  2 system 0.80 temp  44.6 hbonds, Rg  13.2 A, potential   -64.82
 32103 / 100001 elapsed  0 system 0.80 temp  44.7 hbonds, Rg  13.3 A, potential   -30.87
 31603 / 100001 elapsed  1 system 0.80 temp  44.6 hbonds, Rg  13.4 A, potential   -49.16
 31903 / 100001 elapsed  3 system 0.80 temp  46.7 hbonds, Rg  13.5 A, potential   -44.18
 32103 / 100001 elapsed  2 system 0.80 temp  41.3 hbonds, Rg  13.0 A, potential   -46.67
 32203 / 100001 elapsed  0 system 0.80 temp  45.9 hbonds, Rg  13.7 A, potential   -61.04
 31703 / 100001 elapsed  1 system 0.80 temp  42.7 hbonds, Rg  13.7 A, potential   -59.11
 32003 / 100001 elapsed  3 system 0.80 temp  46.0 hbonds, Rg  13.7 A, potential   -58.11
 32303 / 100001 elapsed  0 system 0.80 temp  42.5 hbonds, Rg  13.4 A, potential   -44.33
 32203 / 100001 elapsed  2 system 0.80 temp  44.6 hbonds, Rg  13.5 A, potential   -26.54
 31803 / 100001 elapsed  1 system 0.80 temp  45.5 hbonds, Rg  13.3 A, potential   -56.65
 32103 / 100001 elapsed  3 system 0.80 temp  42.9 hbonds, Rg  13.5 A, potential   -35.41
 32403 / 100001 elapsed  0 system 0.80 temp  44.5 hbonds, Rg  13.2 A, potential   -51.23
 32303 / 100001 elapsed  2 system 0.80 temp  43.7 hbonds, Rg  13.6 A, potential   -52.41
 31903 / 100001 elapsed  1 system 0.80 temp  46.9 hbonds, Rg  13.4 A, potential   -50.15
 32203 / 100001 elapsed  3 system 0.80 temp  47.3 hbonds, Rg  13.3 A, potential   -49.54
 32503 / 100001 elapsed  0 system 0.80 temp  44.3 hbonds, Rg  13.5 A, potential   -28.55
 32403 / 100001 elapsed  2 system 0.80 temp  46.2 hbonds, Rg  13.5 A, potential   -72.61
 32003 / 100001 elapsed  1 system 0.80 temp  46.8 hbonds, Rg  13.2 A, potential   -58.87
 32303 / 100001 elapsed  3 system 0.80 temp  44.3 hbonds, Rg  13.4 A, potential   -53.65
 32603 / 100001 elapsed  0 system 0.80 temp  44.3 hbonds, Rg  13.3 A, potential   -40.19
 32503 / 100001 elapsed  2 system 0.80 temp  43.0 hbonds, Rg  13.5 A, potential   -19.61
 32103 / 100001 elapsed  1 system 0.80 temp  38.7 hbonds, Rg  14.0 A, potential   -18.69
 32403 / 100001 elapsed  3 system 0.80 temp  44.8 hbonds, Rg  13.3 A, potential   -61.79
 32703 / 100001 elapsed  0 system 0.80 temp  43.2 hbonds, Rg  13.6 A, potential   -28.75
 32603 / 100001 elapsed  2 system 0.80 temp  43.4 hbonds, Rg  13.5 A, potential   -24.59
 32203 / 100001 elapsed  1 system 0.80 temp  41.4 hbonds, Rg  13.7 A, potential   -55.70
 32503 / 100001 elapsed  3 system 0.80 temp  46.5 hbonds, Rg  13.3 A, potential   -59.38
 32703 / 100001 elapsed  2 system 0.80 temp  45.9 hbonds, Rg  13.3 A, potential   -39.61
 32803 / 100001 elapsed  0 system 0.80 temp  42.1 hbonds, Rg  13.8 A, potential   -29.37
 32303 / 100001 elapsed  1 system 0.80 temp  42.3 hbonds, Rg  13.1 A, potential   -49.47
 32603 / 100001 elapsed  3 system 0.80 temp  45.8 hbonds, Rg  13.4 A, potential   -57.64
 32903 / 100001 elapsed  0 system 0.80 temp  43.9 hbonds, Rg  13.6 A, potential   -36.47
 32803 / 100001 elapsed  2 system 0.80 temp  45.7 hbonds, Rg  13.5 A, potential   -35.60
 32403 / 100001 elapsed  1 system 0.80 temp  41.3 hbonds, Rg  13.8 A, potential   -43.36
 32703 / 100001 elapsed  3 system 0.80 temp  44.5 hbonds, Rg  13.6 A, potential   -35.89
 33003 / 100001 elapsed  0 system 0.80 temp  42.8 hbonds, Rg  13.6 A, potential   -36.11
 32903 / 100001 elapsed  2 system 0.80 temp  42.7 hbonds, Rg  13.6 A, potential   -55.63
 32503 / 100001 elapsed  1 system 0.80 temp  41.6 hbonds, Rg  13.4 A, potential   -33.60
 32803 / 100001 elapsed  3 system 0.80 temp  45.2 hbonds, Rg  13.7 A, potential   -37.92
 33103 / 100001 elapsed  0 system 0.80 temp  45.5 hbonds, Rg  13.5 A, potential   -52.83
 33003 / 100001 elapsed  2 system 0.80 temp  46.4 hbonds, Rg  13.7 A, potential   -40.81
 32603 / 100001 elapsed  1 system 0.80 temp  43.3 hbonds, Rg  13.5 A, potential   -48.59
 32903 / 100001 elapsed  3 system 0.80 temp  43.5 hbonds, Rg  13.5 A, potential   -44.17
 33203 / 100001 elapsed  0 system 0.80 temp  45.4 hbonds, Rg  13.3 A, potential   -57.85
 33103 / 100001 elapsed  2 system 0.80 temp  45.4 hbonds, Rg  13.6 A, potential   -42.57
 32703 / 100001 elapsed  1 system 0.80 temp  44.7 hbonds, Rg  13.6 A, potential   -60.17
 33003 / 100001 elapsed  3 system 0.80 temp  44.6 hbonds, Rg  13.5 A, potential   -40.86
 33303 / 100001 elapsed  0 system 0.80 temp  47.2 hbonds, Rg  13.3 A, potential   -43.93
 33203 / 100001 elapsed  2 system 0.80 temp  46.3 hbonds, Rg  13.4 A, potential   -62.69
 32803 / 100001 elapsed  1 system 0.80 temp  45.8 hbonds, Rg  13.4 A, potential   -57.79
 33103 / 100001 elapsed  3 system 0.80 temp  43.5 hbonds, Rg  13.7 A, potential   -33.64
 33403 / 100001 elapsed  0 system 0.80 temp  44.7 hbonds, Rg  13.2 A, potential   -47.48
 33303 / 100001 elapsed  2 system 0.80 temp  40.2 hbonds, Rg  13.9 A, potential   -18.22
 32903 / 100001 elapsed  1 system 0.80 temp  45.6 hbonds, Rg  13.7 A, potential   -57.08
 33203 / 100001 elapsed  3 system 0.80 temp  43.4 hbonds, Rg  13.4 A, potential   -50.10
 33503 / 100001 elapsed  0 system 0.80 temp  45.5 hbonds, Rg  13.6 A, potential   -43.70
 33403 / 100001 elapsed  2 system 0.80 temp  43.8 hbonds, Rg  13.3 A, potential   -24.54
 33003 / 100001 elapsed  1 system 0.80 temp  46.6 hbonds, Rg  13.5 A, potential   -44.58
 33303 / 100001 elapsed  3 system 0.80 temp  43.2 hbonds, Rg  13.4 A, potential   -64.96
 33603 / 100001 elapsed  0 system 0.80 temp  45.7 hbonds, Rg  13.3 A, potential   -43.28
 33503 / 100001 elapsed  2 system 0.80 temp  42.2 hbonds, Rg  13.7 A, potential   -36.71
 33103 / 100001 elapsed  1 system 0.80 temp  41.8 hbonds, Rg  13.7 A, potential   -51.24
 33403 / 100001 elapsed  3 system 0.80 temp  43.4 hbonds, Rg  13.6 A, potential   -35.20
 33703 / 100001 elapsed  0 system 0.80 temp  45.5 hbonds, Rg  13.2 A, potential   -39.45
 33603 / 100001 elapsed  2 system 0.80 temp  45.4 hbonds, Rg  13.7 A, potential   -37.59
 33203 / 100001 elapsed  1 system 0.80 temp  47.7 hbonds, Rg  13.3 A, potential   -57.66
 33503 / 100001 elapsed  3 system 0.80 temp  47.2 hbonds, Rg  13.6 A, potential   -38.39
 33803 / 100001 elapsed  0 system 0.80 temp  48.9 hbonds, Rg  13.3 A, potential   -49.15
 33703 / 100001 elapsed  2 system 0.80 temp  45.5 hbonds, Rg  13.3 A, potential   -45.61
 33303 / 100001 elapsed  1 system 0.80 temp  46.6 hbonds, Rg  13.3 A, potential   -57.45
 33603 / 100001 elapsed  3 system 0.80 temp  46.5 hbonds, Rg  13.6 A, potential   -57.54
 33903 / 100001 elapsed  0 system 0.80 temp  45.8 hbonds, Rg  13.7 A, potential   -46.74
 33803 / 100001 elapsed  2 system 0.80 temp  46.1 hbonds, Rg  13.2 A, potential   -51.34
 33403 / 100001 elapsed  1 system 0.80 temp  47.0 hbonds, Rg  13.5 A, potential   -61.15
 33703 / 100001 elapsed  3 system 0.80 temp  46.6 hbonds, Rg  13.5 A, potential   -61.75
 34003 / 100001 elapsed  0 system 0.80 temp  44.4 hbonds, Rg  13.5 A, potential   -49.64
 33503 / 100001 elapsed  1 system 0.80 temp  47.9 hbonds, Rg  13.5 A, potential   -52.56
 33903 / 100001 elapsed  2 system 0.80 temp  43.5 hbonds, Rg  13.6 A, potential   -32.20
 33803 / 100001 elapsed  3 system 0.80 temp  44.9 hbonds, Rg  13.4 A, potential   -46.57
 34103 / 100001 elapsed  0 system 0.80 temp  48.6 hbonds, Rg  13.4 A, potential   -52.49
 34003 / 100001 elapsed  2 system 0.80 temp  46.0 hbonds, Rg  13.6 A, potential   -50.62
 33603 / 100001 elapsed  1 system 0.80 temp  45.8 hbonds, Rg  13.5 A, potential   -32.32
 33903 / 100001 elapsed  3 system 0.80 temp  44.1 hbonds, Rg  13.7 A, potential   -53.77
 34203 / 100001 elapsed  0 system 0.80 temp  47.7 hbonds, Rg  13.3 A, potential   -54.83
 34103 / 100001 elapsed  2 system 0.80 temp  45.5 hbonds, Rg  13.5 A, potential   -23.65
 33703 / 100001 elapsed  1 system 0.80 temp  47.0 hbonds, Rg  13.3 A, potential   -52.67
 34003 / 100001 elapsed  3 system 0.80 temp  44.4 hbonds, Rg  13.5 A, potential   -54.60
 34303 / 100001 elapsed  0 system 0.80 temp  46.8 hbonds, Rg  13.2 A, potential   -41.55
 34203 / 100001 elapsed  2 system 0.80 temp  44.3 hbonds, Rg  13.4 A, potential   -47.58
 33803 / 100001 elapsed  1 system 0.80 temp  44.5 hbonds, Rg  13.5 A, potential   -36.26
 34103 / 100001 elapsed  3 system 0.80 temp  44.9 hbonds, Rg  13.4 A, potential   -52.75
 34403 / 100001 elapsed  0 system 0.80 temp  45.7 hbonds, Rg  13.5 A, potential   -54.99
 34303 / 100001 elapsed  2 system 0.80 temp  43.4 hbonds, Rg  13.5 A, potential   -46.76
 33903 / 100001 elapsed  1 system 0.80 temp  47.3 hbonds, Rg  13.3 A, potential   -76.93
 34203 / 100001 elapsed  3 system 0.80 temp  47.7 hbonds, Rg  13.6 A, potential   -58.73
 34503 / 100001 elapsed  0 system 0.80 temp  45.7 hbonds, Rg  13.2 A, potential   -51.85
 34403 / 100001 elapsed  2 system 0.80 temp  47.7 hbonds, Rg  13.3 A, potential   -50.68
 34003 / 100001 elapsed  1 system 0.80 temp  45.3 hbonds, Rg  13.5 A, potential   -48.36
 34303 / 100001 elapsed  3 system 0.80 temp  46.7 hbonds, Rg  13.1 A, potential   -75.42
 34603 / 100001 elapsed  0 system 0.80 temp  46.7 hbonds, Rg  13.4 A, potential   -45.05
 34503 / 100001 elapsed  2 system 0.80 temp  44.4 hbonds, Rg  13.4 A, potential   -45.09
 34103 / 100001 elapsed  1 system 0.80 temp  43.4 hbonds, Rg  13.6 A, potential   -39.87
 34703 / 100001 elapsed  0 system 0.80 temp  40.5 hbonds, Rg  13.7 A, potential   -46.56
 34403 / 100001 elapsed  3 system 0.80 temp  45.8 hbonds, Rg  13.7 A, potential   -36.50
 34603 / 100001 elapsed  2 system 0.80 temp  44.6 hbonds, Rg  13.5 A, potential   -40.73
 34203 / 100001 elapsed  1 system 0.80 temp  45.5 hbonds, Rg  13.6 A, potential   -40.12
 34803 / 100001 elapsed  0 system 0.80 temp  43.7 hbonds, Rg  13.4 A, potential   -45.26
 34503 / 100001 elapsed  3 system 0.80 temp  45.7 hbonds, Rg  13.5 A, potential   -27.50
 34703 / 100001 elapsed  2 system 0.80 temp  44.4 hbonds, Rg  13.5 A, potential   -51.99
 34303 / 100001 elapsed  1 system 0.80 temp  43.5 hbonds, Rg  13.6 A, potential   -50.47
 34903 / 100001 elapsed  0 system 0.80 temp  43.0 hbonds, Rg  13.8 A, potential   -44.02
 34603 / 100001 elapsed  3 system 0.80 temp  47.3 hbonds, Rg  13.3 A, potential   -36.58
 34803 / 100001 elapsed  2 system 0.80 temp  43.4 hbonds, Rg  13.3 A, potential   -47.65
 34403 / 100001 elapsed  1 system 0.80 temp  43.3 hbonds, Rg  13.6 A, potential   -38.77
 35003 / 100001 elapsed  0 system 0.80 temp  42.3 hbonds, Rg  13.7 A, potential   -35.45
 34703 / 100001 elapsed  3 system 0.80 temp  44.1 hbonds, Rg  13.3 A, potential   -62.79
 34903 / 100001 elapsed  2 system 0.80 temp  44.1 hbonds, Rg  13.5 A, potential   -36.39
 34503 / 100001 elapsed  1 system 0.80 temp  43.2 hbonds, Rg  13.4 A, potential   -54.39
 35103 / 100001 elapsed  0 system 0.80 temp  40.6 hbonds, Rg  13.5 A, potential   -31.67
 34803 / 100001 elapsed  3 system 0.80 temp  45.7 hbonds, Rg  13.3 A, potential   -40.57
 35003 / 100001 elapsed  2 system 0.80 temp  43.1 hbonds, Rg  13.2 A, potential   -46.94
 34603 / 100001 elapsed  1 system 0.80 temp  41.2 hbonds, Rg  13.4 A, potential   -48.18
 35203 / 100001 elapsed  0 system 0.80 temp  41.5 hbonds, Rg  13.2 A, potential   -45.26
 34903 / 100001 elapsed  3 system 0.80 temp  45.2 hbonds, Rg  13.3 A, potential   -59.77
 35103 / 100001 elapsed  2 system 0.80 temp  45.4 hbonds, Rg  13.6 A, potential   -41.40
 34703 / 100001 elapsed  1 system 0.80 temp  42.1 hbonds, Rg  13.8 A, potential   -41.78
 35303 / 100001 elapsed  0 system 0.80 temp  41.9 hbonds, Rg  13.7 A, potential   -59.22
 35003 / 100001 elapsed  3 system 0.80 temp  46.2 hbonds, Rg  13.3 A, potential   -46.71
 35203 / 100001 elapsed  2 system 0.80 temp  45.6 hbonds, Rg  13.3 A, potential   -59.11
 34803 / 100001 elapsed  1 system 0.80 temp  45.6 hbonds, Rg  13.5 A, potential   -51.69
 35403 / 100001 elapsed  0 system 0.80 temp  41.9 hbonds, Rg  13.5 A, potential   -33.67
 35103 / 100001 elapsed  3 system 0.80 temp  45.5 hbonds, Rg  13.6 A, potential   -48.18
 35303 / 100001 elapsed  2 system 0.80 temp  41.6 hbonds, Rg  13.4 A, potential   -30.39
 34903 / 100001 elapsed  1 system 0.80 temp  46.5 hbonds, Rg  13.5 A, potential   -64.71
 35503 / 100001 elapsed  0 system 0.80 temp  43.2 hbonds, Rg  13.3 A, potential   -42.78
 35203 / 100001 elapsed  3 system 0.80 temp  44.4 hbonds, Rg  13.7 A, potential   -54.79
 35403 / 100001 elapsed  2 system 0.80 temp  45.1 hbonds, Rg  13.6 A, potential   -35.43
 35003 / 100001 elapsed  1 system 0.80 temp  44.4 hbonds, Rg  13.5 A, potential   -53.24
 35603 / 100001 elapsed  0 system 0.80 temp  44.4 hbonds, Rg  13.4 A, potential   -47.95
 35303 / 100001 elapsed  3 system 0.80 temp  47.0 hbonds, Rg  13.3 A, potential   -54.44
 35503 / 100001 elapsed  2 system 0.80 temp  44.4 hbonds, Rg  13.6 A, potential   -48.49
 35103 / 100001 elapsed  1 system 0.80 temp  47.3 hbonds, Rg  13.4 A, potential   -59.38
 35703 / 100001 elapsed  0 system 0.80 temp  44.5 hbonds, Rg  13.4 A, potential   -42.42
 35403 / 100001 elapsed  3 system 0.80 temp  44.6 hbonds, Rg  13.8 A, potential   -58.94
 35603 / 100001 elapsed  2 system 0.80 temp  46.8 hbonds, Rg  13.5 A, potential   -50.47
 35203 / 100001 elapsed  1 system 0.80 temp  42.7 hbonds, Rg  13.6 A, potential   -43.28
 35803 / 100001 elapsed  0 system 0.80 temp  46.9 hbonds, Rg  13.4 A, potential   -64.77
 35503 / 100001 elapsed  3 system 0.80 temp  47.7 hbonds, Rg  13.1 A, potential   -52.79
 35703 / 100001 elapsed  2 system 0.80 temp  45.9 hbonds, Rg  13.5 A, potential   -53.36
 35303 / 100001 elapsed  1 system 0.80 temp  44.5 hbonds, Rg  13.6 A, potential   -69.45
 35903 / 100001 elapsed  0 system 0.80 temp  46.0 hbonds, Rg  13.6 A, potential   -66.45
 35603 / 100001 elapsed  3 system 0.80 temp  45.5 hbonds, Rg  13.6 A, potential   -66.45
 35403 / 100001 elapsed  1 system 0.80 temp  44.3 hbonds, Rg  13.6 A, potential   -44.87
 35803 / 100001 elapsed  2 system 0.80 temp  43.0 hbonds, Rg  13.4 A, potential   -27.42
 36003 / 100001 elapsed  0 system 0.80 temp  46.1 hbonds, Rg  13.6 A, potential   -50.16
 35703 / 100001 elapsed  3 system 0.80 temp  44.4 hbonds, Rg  13.5 A, potential   -46.76
 35503 / 100001 elapsed  1 system 0.80 temp  46.3 hbonds, Rg  13.4 A, potential   -36.58
 35903 / 100001 elapsed  2 system 0.80 temp  46.6 hbonds, Rg  13.4 A, potential   -51.01
 36103 / 100001 elapsed  0 system 0.80 temp  45.6 hbonds, Rg  13.2 A, potential   -46.22
 35803 / 100001 elapsed  3 system 0.80 temp  44.3 hbonds, Rg  13.5 A, potential   -60.97
 35603 / 100001 elapsed  1 system 0.80 temp  44.4 hbonds, Rg  13.6 A, potential   -39.56
 36003 / 100001 elapsed  2 system 0.80 temp  45.9 hbonds, Rg  13.4 A, potential   -43.78
 36203 / 100001 elapsed  0 system 0.80 temp  45.0 hbonds, Rg  13.4 A, potential   -44.71
 35903 / 100001 elapsed  3 system 0.80 temp  43.7 hbonds, Rg  13.5 A, potential   -42.77
 35703 / 100001 elapsed  1 system 0.80 temp  47.3 hbonds, Rg  13.6 A, potential   -56.16
 36103 / 100001 elapsed  2 system 0.80 temp  44.0 hbonds, Rg  13.1 A, potential   -51.22
 36303 / 100001 elapsed  0 system 0.80 temp  42.5 hbonds, Rg  13.4 A, potential   -39.16
 36003 / 100001 elapsed  3 system 0.80 temp  43.4 hbonds, Rg  13.1 A, potential   -37.24
 35803 / 100001 elapsed  1 system 0.80 temp  48.1 hbonds, Rg  13.4 A, potential   -50.26
 36203 / 100001 elapsed  2 system 0.80 temp  40.2 hbonds, Rg  14.0 A, potential   -43.66
 36403 / 100001 elapsed  0 system 0.80 temp  39.2 hbonds, Rg  13.7 A, potential   -25.85
 36103 / 100001 elapsed  3 system 0.80 temp  45.0 hbonds, Rg  13.4 A, potential   -45.35
 35903 / 100001 elapsed  1 system 0.80 temp  44.4 hbonds, Rg  13.7 A, potential   -49.51
 36303 / 100001 elapsed  2 system 0.80 temp  42.8 hbonds, Rg  12.8 A, potential   -28.56
 36503 / 100001 elapsed  0 system 0.80 temp  40.9 hbonds, Rg  13.9 A, potential   -35.17
 36003 / 100001 elapsed  1 system 0.80 temp  47.1 hbonds, Rg  13.2 A, potential   -53.66
 36203 / 100001 elapsed  3 system 0.80 temp  44.0 hbonds, Rg  13.5 A, potential   -52.56
 36403 / 100001 elapsed  2 system 0.80 temp  39.1 hbonds, Rg  13.6 A, potential   -50.26
 36603 / 100001 elapsed  0 system 0.80 temp  47.2 hbonds, Rg  13.4 A, potential   -57.16
 36103 / 100001 elapsed  1 system 0.80 temp  45.7 hbonds, Rg  13.4 A, potential   -59.12
 36303 / 100001 elapsed  3 system 0.80 temp  44.5 hbonds, Rg  13.3 A, potential   -44.83
 36503 / 100001 elapsed  2 system 0.80 temp  39.6 hbonds, Rg  13.8 A, potential   -40.84
 36703 / 100001 elapsed  0 system 0.80 temp  46.1 hbonds, Rg  13.4 A, potential   -69.23
 36203 / 100001 elapsed  1 system 0.80 temp  47.0 hbonds, Rg  13.6 A, potential   -59.36
 36603 / 100001 elapsed  2 system 0.80 temp  41.3 hbonds, Rg  13.9 A, potential   -25.01
 36403 / 100001 elapsed  3 system 0.80 temp  44.9 hbonds, Rg  13.5 A, potential   -64.01
 36803 / 100001 elapsed  0 system 0.80 temp  47.5 hbonds, Rg  13.4 A, potential   -61.05
 36303 / 100001 elapsed  1 system 0.80 temp  45.0 hbonds, Rg  13.5 A, potential   -59.26
 36703 / 100001 elapsed  2 system 0.80 temp  43.0 hbonds, Rg  13.3 A, potential   -53.04
 36503 / 100001 elapsed  3 system 0.80 temp  44.5 hbonds, Rg  13.2 A, potential   -39.06
 36903 / 100001 elapsed  0 system 0.80 temp  44.9 hbonds, Rg  13.4 A, potential   -54.36
 36403 / 100001 elapsed  1 system 0.80 temp  47.0 hbonds, Rg  13.5 A, potential   -56.17
 36803 / 100001 elapsed  2 system 0.80 temp  39.8 hbonds, Rg  13.1 A, potential   -36.13
 36603 / 100001 elapsed  3 system 0.80 temp  42.6 hbonds, Rg  13.7 A, potential   -31.93
 37003 / 100001 elapsed  0 system 0.80 temp  45.5 hbonds, Rg  13.4 A, potential   -53.19
 36503 / 100001 elapsed  1 system 0.80 temp  47.3 hbonds, Rg  13.5 A, potential   -37.23
 36903 / 100001 elapsed  2 system 0.80 temp  42.7 hbonds, Rg  13.7 A, potential   -34.62
 36703 / 100001 elapsed  3 system 0.80 temp  44.1 hbonds, Rg  13.5 A, potential   -51.81
 37103 / 100001 elapsed  0 system 0.80 temp  47.4 hbonds, Rg  13.4 A, potential   -48.36
 36603 / 100001 elapsed  1 system 0.80 temp  45.8 hbonds, Rg  13.4 A, potential   -34.44
 37003 / 100001 elapsed  2 system 0.80 temp  44.4 hbonds, Rg  13.7 A, potential   -36.30
 36803 / 100001 elapsed  3 system 0.80 temp  41.5 hbonds, Rg  12.8 A, potential   -44.62
 37203 / 100001 elapsed  0 system 0.80 temp  43.2 hbonds, Rg  13.6 A, potential   -57.18
 36703 / 100001 elapsed  1 system 0.80 temp  46.1 hbonds, Rg  13.3 A, potential   -53.59
 37103 / 100001 elapsed  2 system 0.80 temp  45.7 hbonds, Rg  13.3 A, potential   -54.52
 36903 / 100001 elapsed  3 system 0.80 temp  43.5 hbonds, Rg  12.7 A, potential   -38.60
 37303 / 100001 elapsed  0 system 0.80 temp  42.9 hbonds, Rg  13.3 A, potential   -46.98
 36803 / 100001 elapsed  1 system 0.80 temp  42.6 hbonds, Rg  13.4 A, potential   -45.03
 37203 / 100001 elapsed  2 system 0.80 temp  45.1 hbonds, Rg  13.8 A, potential   -63.37
 37003 / 100001 elapsed  3 system 0.80 temp  44.0 hbonds, Rg  13.2 A, potential   -54.99
 37403 / 100001 elapsed  0 system 0.80 temp  45.7 hbonds, Rg  13.4 A, potential   -60.10
 36903 / 100001 elapsed  1 system 0.80 temp  36.9 hbonds, Rg  13.7 A, potential   -25.82
 37303 / 100001 elapsed  2 system 0.80 temp  45.3 hbonds, Rg  13.7 A, potential   -48.39
 37103 / 100001 elapsed  3 system 0.80 temp  38.4 hbonds, Rg  13.6 A, potential   -27.29
 37503 / 100001 elapsed  0 system 0.80 temp  44.8 hbonds, Rg  13.5 A, potential   -49.01
 37003 / 100001 elapsed  1 system 0.80 temp  45.5 hbonds, Rg  13.6 A, potential   -65.43
 37403 / 100001 elapsed  2 system 0.80 temp  42.7 hbonds, Rg  13.4 A, potential   -50.51
 37203 / 100001 elapsed  3 system 0.80 temp  36.9 hbonds, Rg  13.1 A, potential   -16.92
 37603 / 100001 elapsed  0 system 0.80 temp  44.3 hbonds, Rg  13.7 A, potential   -30.41
 37103 / 100001 elapsed  1 system 0.80 temp  46.6 hbonds, Rg  13.4 A, potential   -60.39
 37303 / 100001 elapsed  3 system 0.80 temp  36.4 hbonds, Rg  13.2 A, potential   -33.20
 37503 / 100001 elapsed  2 system 0.80 temp  46.1 hbonds, Rg  13.6 A, potential   -49.02
 37703 / 100001 elapsed  0 system 0.80 temp  42.3 hbonds, Rg  13.4 A, potential   -15.27
 37203 / 100001 elapsed  1 system 0.80 temp  45.8 hbonds, Rg  13.6 A, potential   -39.68
 37403 / 100001 elapsed  3 system 0.80 temp  41.7 hbonds, Rg  13.3 A, potential   -34.12
 37603 / 100001 elapsed  2 system 0.80 temp  44.0 hbonds, Rg  13.5 A, potential   -41.03
 37803 / 100001 elapsed  0 system 0.80 temp  44.2 hbonds, Rg  13.0 A, potential   -45.19
 37503 / 100001 elapsed  3 system 0.80 temp  38.9 hbonds, Rg  13.5 A, potential   -20.80
 37303 / 100001 elapsed  1 system 0.80 temp  46.0 hbonds, Rg  13.6 A, potential   -32.00
 37703 / 100001 elapsed  2 system 0.80 temp  44.8 hbonds, Rg  13.2 A, potential   -56.76
 37903 / 100001 elapsed  0 system 0.80 temp  42.6 hbonds, Rg  13.4 A, potential   -53.92
 37603 / 100001 elapsed  3 system 0.80 temp  41.5 hbonds, Rg  12.8 A, potential   -16.28
 37403 / 100001 elapsed  1 system 0.80 temp  45.6 hbonds, Rg  13.5 A, potential   -55.35
 37803 / 100001 elapsed  2 system 0.80 temp  43.3 hbonds, Rg  13.5 A, potential   -15.79
 38003 / 100001 elapsed  0 system 0.80 temp  42.2 hbonds, Rg  13.7 A, potential   -18.45
 37703 / 100001 elapsed  3 system 0.80 temp  44.2 hbonds, Rg  13.4 A, potential   -47.97
 37503 / 100001 elapsed  1 system 0.80 temp  43.9 hbonds, Rg  13.1 A, potential   -35.64
 37903 / 100001 elapsed  2 system 0.80 temp  43.3 hbonds, Rg  13.2 A, potential   -35.07
 38103 / 100001 elapsed  0 system 0.80 temp  45.4 hbonds, Rg  13.6 A, potential   -48.18
 37803 / 100001 elapsed  3 system 0.80 temp  42.2 hbonds, Rg  13.3 A, potential   -51.75
 37603 / 100001 elapsed  1 system 0.80 temp  42.9 hbonds, Rg  13.4 A, potential   -49.20
 38003 / 100001 elapsed  2 system 0.80 temp  44.5 hbonds, Rg  13.5 A, potential   -44.91
 38203 / 100001 elapsed  0 system 0.80 temp  43.8 hbonds, Rg  13.5 A, potential   -49.48
 37903 / 100001 elapsed  3 system 0.80 temp  39.2 hbonds, Rg  13.9 A, potential   -40.26
 37703 / 100001 elapsed  1 system 0.80 temp  42.2 hbonds, Rg  13.7 A, potential   -69.09
 38103 / 100001 elapsed  2 system 0.80 temp  42.1 hbonds, Rg  13.8 A, potential   -35.43
 38303 / 100001 elapsed  0 system 0.80 temp  47.0 hbonds, Rg  13.4 A, potential   -50.63
 38003 / 100001 elapsed  3 system 0.80 temp  43.2 hbonds, Rg  13.8 A, potential   -10.55
 37803 / 100001 elapsed  1 system 0.80 temp  41.5 hbonds, Rg  14.2 A, potential   -43.97
 38203 / 100001 elapsed  2 system 0.80 temp  41.1 hbonds, Rg  13.8 A, potential   -31.72
 38403 / 100001 elapsed  0 system 0.80 temp  41.9 hbonds, Rg  13.5 A, potential   -43.01
 38103 / 100001 elapsed  3 system 0.80 temp  41.4 hbonds, Rg  13.8 A, potential   -35.60
 37903 / 100001 elapsed  1 system 0.80 temp  42.9 hbonds, Rg  13.7 A, potential   -40.77
 38303 / 100001 elapsed  2 system 0.80 temp  40.8 hbonds, Rg  13.2 A, potential   -18.12
 38503 / 100001 elapsed  0 system 0.80 temp  45.3 hbonds, Rg  13.5 A, potential   -39.75
 38203 / 100001 elapsed  3 system 0.80 temp  42.0 hbonds, Rg  13.4 A, potential   -25.68
 38003 / 100001 elapsed  1 system 0.80 temp  42.5 hbonds, Rg  14.0 A, potential   -47.02
 38403 / 100001 elapsed  2 system 0.80 temp  44.6 hbonds, Rg  13.5 A, potential   -49.65
 38603 / 100001 elapsed  0 system 0.80 temp  46.5 hbonds, Rg  13.4 A, potential   -51.58
 38303 / 100001 elapsed  3 system 0.80 temp  41.6 hbonds, Rg  13.1 A, potential   -36.51
 38103 / 100001 elapsed  1 system 0.80 temp  41.5 hbonds, Rg  13.7 A, potential   -26.20
 38503 / 100001 elapsed  2 system 0.80 temp  46.7 hbonds, Rg  13.5 A, potential   -53.81
 38703 / 100001 elapsed  0 system 0.80 temp  46.6 hbonds, Rg  13.5 A, potential   -42.93
 38403 / 100001 elapsed  3 system 0.80 temp  44.6 hbonds, Rg  13.6 A, potential   -54.35
 38203 / 100001 elapsed  1 system 0.80 temp  44.9 hbonds, Rg  13.6 A, potential   -51.99
 38603 / 100001 elapsed  2 system 0.80 temp  43.8 hbonds, Rg  13.6 A, potential   -50.54
 38803 / 100001 elapsed  0 system 0.80 temp  43.2 hbonds, Rg  13.1 A, potential   -38.25
 38503 / 100001 elapsed  3 system 0.80 temp  43.2 hbonds, Rg  13.4 A, potential   -54.66
 38303 / 100001 elapsed  1 system 0.80 temp  46.2 hbonds, Rg  13.4 A, potential   -42.91
 38703 / 100001 elapsed  2 system 0.80 temp  45.4 hbonds, Rg  13.3 A, potential   -55.17
 38903 / 100001 elapsed  0 system 0.80 temp  46.9 hbonds, Rg  13.5 A, potential   -45.24
 38603 / 100001 elapsed  3 system 0.80 temp  45.4 hbonds, Rg  13.7 A, potential   -43.87
 38403 / 100001 elapsed  1 system 0.80 temp  46.0 hbonds, Rg  13.6 A, potential   -53.09
 38803 / 100001 elapsed  2 system 0.80 temp  46.8 hbonds, Rg  13.1 A, potential   -45.54
 39003 / 100001 elapsed  0 system 0.80 temp  44.9 hbonds, Rg  13.5 A, potential   -51.66
 38703 / 100001 elapsed  3 system 0.80 temp  44.5 hbonds, Rg  13.5 A, potential   -52.00
 38503 / 100001 elapsed  1 system 0.80 temp  46.3 hbonds, Rg  13.6 A, potential   -29.87
 38903 / 100001 elapsed  2 system 0.80 temp  45.5 hbonds, Rg  13.6 A, potential   -43.07
 39103 / 100001 elapsed  0 system 0.80 temp  42.6 hbonds, Rg  13.6 A, potential    -9.57
 38803 / 100001 elapsed  3 system 0.80 temp  43.8 hbonds, Rg  13.4 A, potential   -48.62
 38603 / 100001 elapsed  1 system 0.80 temp  43.6 hbonds, Rg  13.7 A, potential   -41.79
 39003 / 100001 elapsed  2 system 0.80 temp  45.4 hbonds, Rg  13.3 A, potential   -67.18
 39203 / 100001 elapsed  0 system 0.80 temp  48.0 hbonds, Rg  13.3 A, potential   -56.71
 38903 / 100001 elapsed  3 system 0.80 temp  43.3 hbonds, Rg  13.5 A, potential   -56.43
 38703 / 100001 elapsed  1 system 0.80 temp  46.9 hbonds, Rg  13.6 A, potential   -58.35
 39103 / 100001 elapsed  2 system 0.80 temp  46.1 hbonds, Rg  13.5 A, potential   -46.06
 39303 / 100001 elapsed  0 system 0.80 temp  44.7 hbonds, Rg  13.6 A, potential   -58.27
 39003 / 100001 elapsed  3 system 0.80 temp  44.4 hbonds, Rg  13.4 A, potential   -54.28
 38803 / 100001 elapsed  1 system 0.80 temp  44.8 hbonds, Rg  13.4 A, potential   -53.58
 39203 / 100001 elapsed  2 system 0.80 temp  41.9 hbonds, Rg  13.6 A, potential   -26.46
 39103 / 100001 elapsed  3 system 0.80 temp  44.1 hbonds, Rg  13.6 A, potential   -45.13
 39403 / 100001 elapsed  0 system 0.80 temp  46.0 hbonds, Rg  13.6 A, potential   -55.73
 38903 / 100001 elapsed  1 system 0.80 temp  44.2 hbonds, Rg  13.3 A, potential   -45.39
 39303 / 100001 elapsed  2 system 0.80 temp  44.6 hbonds, Rg  13.6 A, potential   -49.52
 39203 / 100001 elapsed  3 system 0.80 temp  43.7 hbonds, Rg  13.5 A, potential   -51.31
 39503 / 100001 elapsed  0 system 0.80 temp  45.7 hbonds, Rg  13.4 A, potential   -53.06
 39003 / 100001 elapsed  1 system 0.80 temp  46.3 hbonds, Rg  13.3 A, potential   -44.73
 39403 / 100001 elapsed  2 system 0.80 temp  47.0 hbonds, Rg  13.5 A, potential   -61.48
 39303 / 100001 elapsed  3 system 0.80 temp  44.4 hbonds, Rg  13.4 A, potential   -40.23
 39603 / 100001 elapsed  0 system 0.80 temp  44.1 hbonds, Rg  13.2 A, potential   -44.60
 39103 / 100001 elapsed  1 system 0.80 temp  47.7 hbonds, Rg  13.3 A, potential   -41.92
 39503 / 100001 elapsed  2 system 0.80 temp  44.5 hbonds, Rg  13.5 A, potential   -59.72
 39403 / 100001 elapsed  3 system 0.80 temp  46.4 hbonds, Rg  13.7 A, potential   -64.67
 39703 / 100001 elapsed  0 system 0.80 temp  47.0 hbonds, Rg  13.3 A, potential   -45.23
 39203 / 100001 elapsed  1 system 0.80 temp  43.7 hbonds, Rg  13.4 A, potential   -50.24
 39603 / 100001 elapsed  2 system 0.80 temp  44.0 hbonds, Rg  13.2 A, potential   -46.12
 39503 / 100001 elapsed  3 system 0.80 temp  47.4 hbonds, Rg  13.4 A, potential   -47.31
 39803 / 100001 elapsed  0 system 0.80 temp  44.2 hbonds, Rg  13.4 A, potential   -32.99
 39303 / 100001 elapsed  1 system 0.80 temp  46.1 hbonds, Rg  13.5 A, potential   -65.34
 39703 / 100001 elapsed  2 system 0.80 temp  47.5 hbonds, Rg  13.3 A, potential   -48.31
 39603 / 100001 elapsed  3 system 0.80 temp  45.3 hbonds, Rg  13.4 A, potential   -52.69
 39903 / 100001 elapsed  0 system 0.80 temp  42.5 hbonds, Rg  13.6 A, potential   -29.68
 39403 / 100001 elapsed  1 system 0.80 temp  44.4 hbonds, Rg  13.5 A, potential   -39.13
 39803 / 100001 elapsed  2 system 0.80 temp  45.6 hbonds, Rg  13.0 A, potential   -66.17
 39703 / 100001 elapsed  3 system 0.80 temp  43.2 hbonds, Rg  13.2 A, potential   -48.24
 40003 / 100001 elapsed  0 system 0.80 temp  44.8 hbonds, Rg  13.6 A, potential   -47.03
 39503 / 100001 elapsed  1 system 0.80 temp  46.8 hbonds, Rg  13.7 A, potential   -61.18
 39903 / 100001 elapsed  2 system 0.80 temp  45.2 hbonds, Rg  13.8 A, potential   -62.94
 39803 / 100001 elapsed  3 system 0.80 temp  46.2 hbonds, Rg  13.5 A, potential   -43.53
 40103 / 100001 elapsed  0 system 0.80 temp  46.0 hbonds, Rg  13.3 A, potential   -60.69
 39603 / 100001 elapsed  1 system 0.80 temp  46.8 hbonds, Rg  13.5 A, potential   -57.72
 40003 / 100001 elapsed  2 system 0.80 temp  43.6 hbonds, Rg  13.8 A, potential   -46.87
 39903 / 100001 elapsed  3 system 0.80 temp  46.6 hbonds, Rg  13.5 A, potential   -42.27
 40203 / 100001 elapsed  0 system 0.80 temp  45.0 hbonds, Rg  13.3 A, potential   -45.86
 39703 / 100001 elapsed  1 system 0.80 temp  43.8 hbonds, Rg  13.6 A, potential   -58.27
 40103 / 100001 elapsed  2 system 0.80 temp  44.3 hbonds, Rg  13.6 A, potential   -44.47
 40003 / 100001 elapsed  3 system 0.80 temp  42.6 hbonds, Rg  13.7 A, potential   -30.42
 40303 / 100001 elapsed  0 system 0.80 temp  43.5 hbonds, Rg  13.6 A, potential   -39.07
 39803 / 100001 elapsed  1 system 0.80 temp  40.8 hbonds, Rg  13.4 A, potential   -21.92
 40203 / 100001 elapsed  2 system 0.80 temp  43.4 hbonds, Rg  13.5 A, potential   -21.25
 40103 / 100001 elapsed  3 system 0.80 temp  42.3 hbonds, Rg  13.5 A, potential   -35.27
 40403 / 100001 elapsed  0 system 0.80 temp  41.5 hbonds, Rg  13.7 A, potential   -46.70
 39903 / 100001 elapsed  1 system 0.80 temp  46.7 hbonds, Rg  13.4 A, potential   -63.26
 40303 / 100001 elapsed  2 system 0.80 temp  45.8 hbonds, Rg  13.3 A, potential   -50.37
 40203 / 100001 elapsed  3 system 0.80 temp  47.1 hbonds, Rg  13.3 A, potential   -49.63
 40503 / 100001 elapsed  0 system 0.80 temp  42.9 hbonds, Rg  13.5 A, potential   -19.14
 40003 / 100001 elapsed  1 system 0.80 temp  45.3 hbonds, Rg  13.4 A, potential   -39.28
 40403 / 100001 elapsed  2 system 0.80 temp  46.3 hbonds, Rg  13.3 A, potential   -59.65
 40303 / 100001 elapsed  3 system 0.80 temp  45.2 hbonds, Rg  13.5 A, potential   -50.56
 40603 / 100001 elapsed  0 system 0.80 temp  48.4 hbonds, Rg  13.3 A, potential   -64.48
 40103 / 100001 elapsed  1 system 0.80 temp  47.6 hbonds, Rg  13.5 A, potential   -70.32
 40503 / 100001 elapsed  2 system 0.80 temp  44.9 hbonds, Rg  13.7 A, potential   -42.42
 40403 / 100001 elapsed  3 system 0.80 temp  42.4 hbonds, Rg  13.5 A, potential   -37.53
 40203 / 100001 elapsed  1 system 0.80 temp  47.2 hbonds, Rg  13.5 A, potential   -37.16
 40703 / 100001 elapsed  0 system 0.80 temp  45.0 hbonds, Rg  13.3 A, potential   -47.19
 40603 / 100001 elapsed  2 system 0.80 temp  47.1 hbonds, Rg  13.3 A, potential   -67.80
 40503 / 100001 elapsed  3 system 0.80 temp  45.5 hbonds, Rg  13.8 A, potential   -49.96
 40303 / 100001 elapsed  1 system 0.80 temp  44.5 hbonds, Rg  13.7 A, potential   -45.14
 40803 / 100001 elapsed  0 system 0.80 temp  44.5 hbonds, Rg  13.1 A, potential   -46.93
 40703 / 100001 elapsed  2 system 0.80 temp  46.9 hbonds, Rg  13.5 A, potential   -55.92
 40603 / 100001 elapsed  3 system 0.80 temp  46.0 hbonds, Rg  13.2 A, potential   -30.94
 40403 / 100001 elapsed  1 system 0.80 temp  45.0 hbonds, Rg  13.6 A, potential   -45.98
 40903 / 100001 elapsed  0 system 0.80 temp  44.5 hbonds, Rg  13.6 A, potential   -67.46
 40803 / 100001 elapsed  2 system 0.80 temp  43.9 hbonds, Rg  13.4 A, potential   -40.23
 40703 / 100001 elapsed  3 system 0.80 temp  47.1 hbonds, Rg  13.7 A, potential   -53.90
 40503 / 100001 elapsed  1 system 0.80 temp  42.4 hbonds, Rg  13.5 A, potential   -45.14
 40903 / 100001 elapsed  2 system 0.80 temp  44.3 hbonds, Rg  13.6 A, potential   -53.11
 41003 / 100001 elapsed  0 system 0.80 temp  45.6 hbonds, Rg  13.4 A, potential   -56.21
 40803 / 100001 elapsed  3 system 0.80 temp  46.3 hbonds, Rg  13.7 A, potential   -52.61
 40603 / 100001 elapsed  1 system 0.80 temp  43.4 hbonds, Rg  13.6 A, potential   -51.35
 41003 / 100001 elapsed  2 system 0.80 temp  42.9 hbonds, Rg  13.5 A, potential   -26.68
 41103 / 100001 elapsed  0 system 0.80 temp  47.5 hbonds, Rg  13.4 A, potential   -62.57
 40903 / 100001 elapsed  3 system 0.80 temp  47.8 hbonds, Rg  13.1 A, potential   -52.79
 40703 / 100001 elapsed  1 system 0.80 temp  44.9 hbonds, Rg  13.2 A, potential   -55.92
 41103 / 100001 elapsed  2 system 0.80 temp  45.4 hbonds, Rg  13.4 A, potential   -54.93
 41203 / 100001 elapsed  0 system 0.80 temp  43.7 hbonds, Rg  13.3 A, potential   -25.51
 41003 / 100001 elapsed  3 system 0.80 temp  43.8 hbonds, Rg  13.6 A, potential   -41.80
 40803 / 100001 elapsed  1 system 0.80 temp  42.4 hbonds, Rg  13.4 A, potential   -21.66
 41203 / 100001 elapsed  2 system 0.80 temp  44.3 hbonds, Rg  13.5 A, potential   -35.28
 41303 / 100001 elapsed  0 system 0.80 temp  46.8 hbonds, Rg  13.6 A, potential   -40.98
 41103 / 100001 elapsed  3 system 0.80 temp  46.2 hbonds, Rg  13.6 A, potential   -58.62
 40903 / 100001 elapsed  1 system 0.80 temp  43.6 hbonds, Rg  13.4 A, potential   -29.29
 41303 / 100001 elapsed  2 system 0.80 temp  45.0 hbonds, Rg  13.4 A, potential   -47.50
 41403 / 100001 elapsed  0 system 0.80 temp  46.7 hbonds, Rg  13.6 A, potential   -51.14
 41203 / 100001 elapsed  3 system 0.80 temp  45.3 hbonds, Rg  13.6 A, potential   -45.02
 41003 / 100001 elapsed  1 system 0.80 temp  46.3 hbonds, Rg  13.4 A, potential   -54.27
 41403 / 100001 elapsed  2 system 0.80 temp  43.2 hbonds, Rg  13.2 A, potential   -44.65
 41503 / 100001 elapsed  0 system 0.80 temp  45.6 hbonds, Rg  13.6 A, potential   -47.76
 41303 / 100001 elapsed  3 system 0.80 temp  48.0 hbonds, Rg  13.4 A, potential   -41.47
 41103 / 100001 elapsed  1 system 0.80 temp  44.7 hbonds, Rg  13.4 A, potential   -50.76
 41503 / 100001 elapsed  2 system 0.80 temp  44.4 hbonds, Rg  13.6 A, potential   -38.16
 41603 / 100001 elapsed  0 system 0.80 temp  47.2 hbonds, Rg  13.2 A, potential   -36.60
 41403 / 100001 elapsed  3 system 0.80 temp  46.3 hbonds, Rg  13.6 A, potential   -51.30
 41203 / 100001 elapsed  1 system 0.80 temp  43.4 hbonds, Rg  13.5 A, potential   -45.25
 41603 / 100001 elapsed  2 system 0.80 temp  45.1 hbonds, Rg  13.6 A, potential   -35.55
 41703 / 100001 elapsed  0 system 0.80 temp  43.3 hbonds, Rg  13.7 A, potential   -47.42
 41303 / 100001 elapsed  1 system 0.80 temp  42.9 hbonds, Rg  13.2 A, potential   -28.55
 41503 / 100001 elapsed  3 system 0.80 temp  45.6 hbonds, Rg  13.6 A, potential   -63.50
 41703 / 100001 elapsed  2 system 0.80 temp  42.1 hbonds, Rg  13.1 A, potential   -23.23
 41803 / 100001 elapsed  0 system 0.80 temp  45.5 hbonds, Rg  13.4 A, potential   -48.98
 41403 / 100001 elapsed  1 system 0.80 temp  43.7 hbonds, Rg  13.7 A, potential   -53.22
 41603 / 100001 elapsed  3 system 0.80 temp  43.8 hbonds, Rg  13.3 A, potential   -35.57
 41803 / 100001 elapsed  2 system 0.80 temp  43.9 hbonds, Rg  13.3 A, potential   -52.71
 41903 / 100001 elapsed  0 system 0.80 temp  45.9 hbonds, Rg  13.4 A, potential   -60.14
 41503 / 100001 elapsed  1 system 0.80 temp  42.9 hbonds, Rg  13.7 A, potential   -58.75
 41703 / 100001 elapsed  3 system 0.80 temp  47.1 hbonds, Rg  13.6 A, potential   -58.91
 41903 / 100001 elapsed  2 system 0.80 temp  46.2 hbonds, Rg  13.7 A, potential   -51.26
 42003 / 100001 elapsed  0 system 0.80 temp  47.3 hbonds, Rg  13.2 A, potential   -39.84
 41603 / 100001 elapsed  1 system 0.80 temp  44.1 hbonds, Rg  13.7 A, potential   -40.71
 41803 / 100001 elapsed  3 system 0.80 temp  44.5 hbonds, Rg  13.6 A, potential   -65.10
 42003 / 100001 elapsed  2 system 0.80 temp  46.1 hbonds, Rg  13.5 A, potential   -60.94
 42103 / 100001 elapsed  0 system 0.80 temp  47.4 hbonds, Rg  13.4 A, potential   -57.18
 41703 / 100001 elapsed  1 system 0.80 temp  45.1 hbonds, Rg  13.5 A, potential   -55.99
 42103 / 100001 elapsed  2 system 0.80 temp  44.6 hbonds, Rg  13.5 A, potential   -51.48
 41903 / 100001 elapsed  3 system 0.80 temp  45.4 hbonds, Rg  13.4 A, potential   -46.46
 42203 / 100001 elapsed  0 system 0.80 temp  41.5 hbonds, Rg  13.4 A, potential   -32.97
 41803 / 100001 elapsed  1 system 0.80 temp  45.5 hbonds, Rg  13.4 A, potential   -47.94
 42203 / 100001 elapsed  2 system 0.80 temp  44.7 hbonds, Rg  13.5 A, potential   -52.82
 42003 / 100001 elapsed  3 system 0.80 temp  45.3 hbonds, Rg  13.4 A, potential   -57.69
 42303 / 100001 elapsed  0 system 0.80 temp  46.8 hbonds, Rg  13.3 A, potential   -41.52
 42303 / 100001 elapsed  2 system 0.80 temp  47.0 hbonds, Rg  13.5 A, potential   -65.39
 41903 / 100001 elapsed  1 system 0.80 temp  46.1 hbonds, Rg  13.3 A, potential   -44.22
 42103 / 100001 elapsed  3 system 0.80 temp  45.8 hbonds, Rg  13.3 A, potential   -34.71
 42403 / 100001 elapsed  0 system 0.80 temp  47.3 hbonds, Rg  13.4 A, potential   -61.00
 42403 / 100001 elapsed  2 system 0.80 temp  43.4 hbonds, Rg  13.4 A, potential   -51.65
 42003 / 100001 elapsed  1 system 0.80 temp  45.7 hbonds, Rg  13.6 A, potential   -50.54
 42203 / 100001 elapsed  3 system 0.80 temp  43.9 hbonds, Rg  13.4 A, potential   -50.69
 42503 / 100001 elapsed  0 system 0.80 temp  44.7 hbonds, Rg  13.3 A, potential   -37.24
 42103 / 100001 elapsed  1 system 0.80 temp  45.0 hbonds, Rg  13.6 A, potential   -47.34
 42503 / 100001 elapsed  2 system 0.80 temp  46.4 hbonds, Rg  13.5 A, potential   -62.18
 42303 / 100001 elapsed  3 system 0.80 temp  42.3 hbonds, Rg  13.4 A, potential   -19.92
 42603 / 100001 elapsed  0 system 0.80 temp  42.8 hbonds, Rg  13.6 A, potential   -41.13
 42203 / 100001 elapsed  1 system 0.80 temp  47.6 hbonds, Rg  13.3 A, potential   -71.23
 42603 / 100001 elapsed  2 system 0.80 temp  46.4 hbonds, Rg  13.7 A, potential   -53.60
 42403 / 100001 elapsed  3 system 0.80 temp  42.0 hbonds, Rg  13.7 A, potential   -54.54
 42703 / 100001 elapsed  0 system 0.80 temp  45.2 hbonds, Rg  13.5 A, potential   -39.65
 42303 / 100001 elapsed  1 system 0.80 temp  46.1 hbonds, Rg  13.6 A, potential   -50.31
 42503 / 100001 elapsed  3 system 0.80 temp  46.2 hbonds, Rg  13.6 A, potential   -57.62
 42703 / 100001 elapsed  2 system 0.80 temp  44.6 hbonds, Rg  13.4 A, potential   -42.45
 42803 / 100001 elapsed  0 system 0.80 temp  43.3 hbonds, Rg  13.6 A, potential   -44.21
 42403 / 100001 elapsed  1 system 0.80 temp  42.2 hbonds, Rg  13.4 A, potential   -54.28
 42603 / 100001 elapsed  3 system 0.80 temp  43.6 hbonds, Rg  13.5 A, potential   -52.14
 42803 / 100001 elapsed  2 system 0.80 temp  43.1 hbonds, Rg  13.3 A, potential   -46.63
 42903 / 100001 elapsed  0 system 0.80 temp  45.8 hbonds, Rg  13.5 A, potential   -56.07
 42503 / 100001 elapsed  1 system 0.80 temp  44.4 hbonds, Rg  13.5 A, potential   -42.65
 42903 / 100001 elapsed  2 system 0.80 temp  46.0 hbonds, Rg  13.4 A, potential   -56.23
 42703 / 100001 elapsed  3 system 0.80 temp  45.5 hbonds, Rg  13.1 A, potential   -24.85
 43003 / 100001 elapsed  0 system 0.80 temp  42.1 hbonds, Rg  13.7 A, potential   -66.32
 42603 / 100001 elapsed  1 system 0.80 temp  43.3 hbonds, Rg  13.7 A, potential   -28.94
 42803 / 100001 elapsed  3 system 0.80 temp  43.9 hbonds, Rg  13.6 A, potential   -54.02
 43003 / 100001 elapsed  2 system 0.80 temp  44.1 hbonds, Rg  13.7 A, potential   -50.91
 43103 / 100001 elapsed  0 system 0.80 temp  41.4 hbonds, Rg  13.6 A, potential   -26.77
 42703 / 100001 elapsed  1 system 0.80 temp  43.5 hbonds, Rg  13.6 A, potential   -50.34
 42903 / 100001 elapsed  3 system 0.80 temp  47.7 hbonds, Rg  13.2 A, potential   -56.42
 43103 / 100001 elapsed  2 system 0.80 temp  43.3 hbonds, Rg  13.5 A, potential   -43.45
 43203 / 100001 elapsed  0 system 0.80 temp  44.6 hbonds, Rg  13.1 A, potential   -57.00
 42803 / 100001 elapsed  1 system 0.80 temp  47.1 hbonds, Rg  13.4 A, potential   -62.00
 43203 / 100001 elapsed  2 system 0.80 temp  44.6 hbonds, Rg  13.5 A, potential   -58.70
 43003 / 100001 elapsed  3 system 0.80 temp  43.1 hbonds, Rg  13.6 A, potential   -38.76
 43303 / 100001 elapsed  0 system 0.80 temp  45.6 hbonds, Rg  13.2 A, potential   -47.90
 42903 / 100001 elapsed  1 system 0.80 temp  43.9 hbonds, Rg  13.4 A, potential   -28.93
 43303 / 100001 elapsed  2 system 0.80 temp  43.6 hbonds, Rg  13.5 A, potential   -47.25
 43103 / 100001 elapsed  3 system 0.80 temp  45.9 hbonds, Rg  13.7 A, potential   -73.17
 43403 / 100001 elapsed  0 system 0.80 temp  46.6 hbonds, Rg  13.6 A, potential   -50.16
 43003 / 100001 elapsed  1 system 0.80 temp  45.3 hbonds, Rg  13.6 A, potential   -48.73
 43403 / 100001 elapsed  2 system 0.80 temp  45.5 hbonds, Rg  13.6 A, potential   -56.51
 43203 / 100001 elapsed  3 system 0.80 temp  46.0 hbonds, Rg  13.4 A, potential   -62.79
 43503 / 100001 elapsed  0 system 0.80 temp  42.8 hbonds, Rg  13.5 A, potential   -46.64
 43103 / 100001 elapsed  1 system 0.80 temp  44.2 hbonds, Rg  13.3 A, potential   -48.01
 43503 / 100001 elapsed  2 system 0.80 temp  47.1 hbonds, Rg  13.3 A, potential   -22.05
 43303 / 100001 elapsed  3 system 0.80 temp  47.5 hbonds, Rg  13.5 A, potential   -65.78
 43603 / 100001 elapsed  0 system 0.80 temp  45.0 hbonds, Rg  13.5 A, potential   -55.75
 43203 / 100001 elapsed  1 system 0.80 temp  44.9 hbonds, Rg  13.4 A, potential   -31.56
 43603 / 100001 elapsed  2 system 0.80 temp  46.5 hbonds, Rg  13.6 A, potential   -44.52
 43403 / 100001 elapsed  3 system 0.80 temp  42.7 hbonds, Rg  13.5 A, potential   -34.65
 43703 / 100001 elapsed  0 system 0.80 temp  43.5 hbonds, Rg  13.5 A, potential   -52.66
 43303 / 100001 elapsed  1 system 0.80 temp  46.8 hbonds, Rg  13.5 A, potential   -62.89
 43703 / 100001 elapsed  2 system 0.80 temp  44.0 hbonds, Rg  13.2 A, potential   -37.44
 43503 / 100001 elapsed  3 system 0.80 temp  43.4 hbonds, Rg  13.3 A, potential   -50.55
 43804 / 100001 elapsed  0 system 0.80 temp  45.5 hbonds, Rg  13.4 A, potential   -44.65
 43403 / 100001 elapsed  1 system 0.80 temp  44.8 hbonds, Rg  13.0 A, potential   -58.50
 43804 / 100001 elapsed  2 system 0.80 temp  45.4 hbonds, Rg  13.5 A, potential   -36.35
 43603 / 100001 elapsed  3 system 0.80 temp  45.6 hbonds, Rg  13.6 A, potential   -52.34
 43904 / 100001 elapsed  0 system 0.80 temp  43.7 hbonds, Rg  13.7 A, potential   -45.84
 43503 / 100001 elapsed  1 system 0.80 temp  44.5 hbonds, Rg  13.6 A, potential   -49.20
 43904 / 100001 elapsed  2 system 0.80 temp  44.4 hbonds, Rg  13.3 A, potential   -65.91
 43703 / 100001 elapsed  3 system 0.80 temp  46.8 hbonds, Rg  13.5 A, potential   -72.80
 44004 / 100001 elapsed  0 system 0.80 temp  44.8 hbonds, Rg  13.3 A, potential   -39.41
 43603 / 100001 elapsed  1 system 0.80 temp  46.0 hbonds, Rg  13.4 A, potential   -70.14
 44004 / 100001 elapsed  2 system 0.80 temp  43.7 hbonds, Rg  13.4 A, potential   -43.47
 43804 / 100001 elapsed  3 system 0.80 temp  44.9 hbonds, Rg  13.5 A, potential   -47.79
 44104 / 100001 elapsed  0 system 0.80 temp  44.8 hbonds, Rg  13.3 A, potential   -58.24
 43703 / 100001 elapsed  1 system 0.80 temp  47.3 hbonds, Rg  13.5 A, potential   -51.55
 44104 / 100001 elapsed  2 system 0.80 temp  46.2 hbonds, Rg  13.3 A, potential   -36.87
 43904 / 100001 elapsed  3 system 0.80 temp  40.9 hbonds, Rg  13.7 A, potential   -38.45
 44204 / 100001 elapsed  0 system 0.80 temp  46.7 hbonds, Rg  13.3 A, potential   -56.08
 43804 / 100001 elapsed  1 system 0.80 temp  44.1 hbonds, Rg  13.6 A, potential   -63.74
 44204 / 100001 elapsed  2 system 0.80 temp  47.0 hbonds, Rg  13.4 A, potential   -64.92
 44004 / 100001 elapsed  3 system 0.80 temp  40.0 hbonds, Rg  13.4 A, potential   -35.24
 44304 / 100001 elapsed  0 system 0.80 temp  46.0 hbonds, Rg  13.3 A, potential   -65.74
 43904 / 100001 elapsed  1 system 0.80 temp  45.5 hbonds, Rg  13.2 A, potential   -48.64
 44304 / 100001 elapsed  2 system 0.80 temp  46.5 hbonds, Rg  13.6 A, potential   -64.86
 44104 / 100001 elapsed  3 system 0.80 temp  45.6 hbonds, Rg  13.5 A, potential   -57.86
 44404 / 100001 elapsed  0 system 0.80 temp  46.1 hbonds, Rg  13.6 A, potential   -57.59
 44004 / 100001 elapsed  1 system 0.80 temp  45.9 hbonds, Rg  13.5 A, potential   -43.93
 44404 / 100001 elapsed  2 system 0.80 temp  42.6 hbonds, Rg  13.7 A, potential   -54.13
 44204 / 100001 elapsed  3 system 0.80 temp  43.8 hbonds, Rg  13.5 A, potential   -42.12
 44504 / 100001 elapsed  0 system 0.80 temp  48.0 hbonds, Rg  13.5 A, potential   -62.82
 44104 / 100001 elapsed  1 system 0.80 temp  45.5 hbonds, Rg  13.6 A, potential   -43.80
 44304 / 100001 elapsed  3 system 0.80 temp  44.9 hbonds, Rg  13.4 A, potential   -39.04
 44504 / 100001 elapsed  2 system 0.80 temp  48.4 hbonds, Rg  13.3 A, potential   -60.19
 44604 / 100001 elapsed  0 system 0.80 temp  41.5 hbonds, Rg  13.7 A, potential   -54.84
 44604 / 100001 elapsed  2 system 0.80 temp  46.4 hbonds, Rg  13.3 A, potential   -39.79
 44404 / 100001 elapsed  3 system 0.80 temp  46.9 hbonds, Rg  13.3 A, potential   -73.50
 44204 / 100001 elapsed  1 system 0.80 temp  46.5 hbonds, Rg  13.6 A, potential   -71.21
 44704 / 100001 elapsed  0 system 0.80 temp  47.9 hbonds, Rg  13.5 A, potential   -36.61
 44704 / 100001 elapsed  2 system 0.80 temp  45.5 hbonds, Rg  13.4 A, potential   -45.33
 44504 / 100001 elapsed  3 system 0.80 temp  44.7 hbonds, Rg  13.6 A, potential   -45.57
 44304 / 100001 elapsed  1 system 0.80 temp  43.6 hbonds, Rg  13.6 A, potential   -60.58
 44804 / 100001 elapsed  2 system 0.80 temp  46.7 hbonds, Rg  13.4 A, potential   -47.91
 44804 / 100001 elapsed  0 system 0.80 temp  46.1 hbonds, Rg  13.3 A, potential   -49.55
 44604 / 100001 elapsed  3 system 0.80 temp  47.7 hbonds, Rg  13.5 A, potential   -62.94
 44404 / 100001 elapsed  1 system 0.80 temp  46.1 hbonds, Rg  13.4 A, potential   -51.75
 44904 / 100001 elapsed  0 system 0.80 temp  47.5 hbonds, Rg  13.4 A, potential   -57.85
 44704 / 100001 elapsed  3 system 0.80 temp  44.1 hbonds, Rg  13.3 A, potential   -15.92
 44904 / 100001 elapsed  2 system 0.80 temp  44.3 hbonds, Rg  13.6 A, potential   -61.86
 44504 / 100001 elapsed  1 system 0.80 temp  42.4 hbonds, Rg  13.5 A, potential   -31.60
 45004 / 100001 elapsed  0 system 0.80 temp  42.3 hbonds, Rg  13.7 A, potential   -50.40
 44804 / 100001 elapsed  3 system 0.80 temp  45.6 hbonds, Rg  13.4 A, potential   -44.94
 45004 / 100001 elapsed  2 system 0.80 temp  41.5 hbonds, Rg  13.4 A, potential   -41.39
 44604 / 100001 elapsed  1 system 0.80 temp  44.2 hbonds, Rg  13.5 A, potential   -42.45
 45104 / 100001 elapsed  2 system 0.80 temp  46.3 hbonds, Rg  13.1 A, potential   -75.52
 44904 / 100001 elapsed  3 system 0.80 temp  44.8 hbonds, Rg  13.3 A, potential   -28.03
 45104 / 100001 elapsed  0 system 0.80 temp  45.1 hbonds, Rg  13.3 A, potential   -48.65
 44704 / 100001 elapsed  1 system 0.80 temp  40.4 hbonds, Rg  14.0 A, potential   -47.56
 45204 / 100001 elapsed  2 system 0.80 temp  46.6 hbonds, Rg  13.4 A, potential   -56.89
 45004 / 100001 elapsed  3 system 0.80 temp  44.9 hbonds, Rg  13.4 A, potential   -45.82
 45204 / 100001 elapsed  0 system 0.80 temp  46.0 hbonds, Rg  13.3 A, potential   -63.37
 44804 / 100001 elapsed  1 system 0.80 temp  40.9 hbonds, Rg  14.1 A, potential   -50.26
 45104 / 100001 elapsed  3 system 0.80 temp  45.3 hbonds, Rg  13.4 A, potential   -54.78
 45304 / 100001 elapsed  2 system 0.80 temp  45.0 hbonds, Rg  13.6 A, potential   -57.51
 44904 / 100001 elapsed  1 system 0.80 temp  43.1 hbonds, Rg  13.8 A, potential   -40.25
 45304 / 100001 elapsed  0 system 0.80 temp  46.1 hbonds, Rg  13.5 A, potential   -34.68
 45204 / 100001 elapsed  3 system 0.80 temp  41.3 hbonds, Rg  13.5 A, potential   -37.55
 45404 / 100001 elapsed  2 system 0.80 temp  45.3 hbonds, Rg  13.4 A, potential   -46.28
 45004 / 100001 elapsed  1 system 0.80 temp  43.2 hbonds, Rg  13.7 A, potential   -47.39
 45404 / 100001 elapsed  0 system 0.80 temp  45.2 hbonds, Rg  13.6 A, potential   -38.92
 45304 / 100001 elapsed  3 system 0.80 temp  43.9 hbonds, Rg  13.7 A, potential   -31.49
 45504 / 100001 elapsed  2 system 0.80 temp  45.3 hbonds, Rg  13.5 A, potential   -59.45
 45104 / 100001 elapsed  1 system 0.80 temp  44.6 hbonds, Rg  13.6 A, potential   -54.95
 45504 / 100001 elapsed  0 system 0.80 temp  47.0 hbonds, Rg  13.3 A, potential   -50.26
 45404 / 100001 elapsed  3 system 0.80 temp  40.8 hbonds, Rg  13.7 A, potential   -42.11
 45604 / 100001 elapsed  2 system 0.80 temp  44.8 hbonds, Rg  13.6 A, potential   -46.68
 45204 / 100001 elapsed  1 system 0.80 temp  45.6 hbonds, Rg  13.5 A, potential   -49.90
 45604 / 100001 elapsed  0 system 0.80 temp  45.3 hbonds, Rg  13.5 A, potential   -59.18
 45504 / 100001 elapsed  3 system 0.80 temp  44.1 hbonds, Rg  13.7 A, potential   -54.68
 45304 / 100001 elapsed  1 system 0.80 temp  42.6 hbonds, Rg  13.2 A, potential   -45.71
 45704 / 100001 elapsed  2 system 0.80 temp  44.3 hbonds, Rg  13.3 A, potential   -42.71
 45704 / 100001 elapsed  0 system 0.80 temp  46.5 hbonds, Rg  13.3 A, potential   -54.73
 45604 / 100001 elapsed  3 system 0.80 temp  43.0 hbonds, Rg  13.5 A, potential   -55.12
 45404 / 100001 elapsed  1 system 0.80 temp  41.8 hbonds, Rg  13.5 A, potential   -43.35
 45804 / 100001 elapsed  2 system 0.80 temp  44.8 hbonds, Rg  13.5 A, potential   -54.55
 45804 / 100001 elapsed  0 system 0.80 temp  46.5 hbonds, Rg  13.5 A, potential   -57.45
 45704 / 100001 elapsed  3 system 0.80 temp  46.6 hbonds, Rg  13.6 A, potential   -53.20
 45504 / 100001 elapsed  1 system 0.80 temp  45.2 hbonds, Rg  13.6 A, potential   -41.46
 45904 / 100001 elapsed  2 system 0.80 temp  46.0 hbonds, Rg  13.5 A, potential   -52.76
 45904 / 100001 elapsed  0 system 0.80 temp  44.2 hbonds, Rg  13.4 A, potential   -49.92
 45804 / 100001 elapsed  3 system 0.80 temp  41.2 hbonds, Rg  13.3 A, potential   -25.10
 45604 / 100001 elapsed  1 system 0.80 temp  45.0 hbonds, Rg  13.4 A, potential   -48.58
 46004 / 100001 elapsed  2 system 0.80 temp  44.2 hbonds, Rg  13.4 A, potential   -45.43
 46004 / 100001 elapsed  0 system 0.80 temp  43.5 hbonds, Rg  13.6 A, potential   -27.19
 45904 / 100001 elapsed  3 system 0.80 temp  45.4 hbonds, Rg  13.2 A, potential   -53.95
 45704 / 100001 elapsed  1 system 0.80 temp  47.2 hbonds, Rg  13.4 A, potential   -50.87
 46104 / 100001 elapsed  2 system 0.80 temp  41.3 hbonds, Rg  13.8 A, potential   -41.79
 46104 / 100001 elapsed  0 system 0.80 temp  44.8 hbonds, Rg  13.5 A, potential   -39.96
 46004 / 100001 elapsed  3 system 0.80 temp  43.4 hbonds, Rg  13.7 A, potential   -54.28
 45804 / 100001 elapsed  1 system 0.80 temp  45.4 hbonds, Rg  13.5 A, potential   -50.69
 46204 / 100001 elapsed  2 system 0.80 temp  44.9 hbonds, Rg  13.6 A, potential   -50.77
 46204 / 100001 elapsed  0 system 0.80 temp  46.6 hbonds, Rg  13.2 A, potential   -57.52
 46104 / 100001 elapsed  3 system 0.80 temp  47.4 hbonds, Rg  13.4 A, potential   -34.52
 45904 / 100001 elapsed  1 system 0.80 temp  47.2 hbonds, Rg  13.5 A, potential   -49.88
 46304 / 100001 elapsed  2 system 0.80 temp  43.1 hbonds, Rg  13.6 A, potential   -47.18
 46304 / 100001 elapsed  0 system 0.80 temp  43.4 hbonds, Rg  13.5 A, potential   -34.30
 46204 / 100001 elapsed  3 system 0.80 temp  43.3 hbonds, Rg  13.3 A, potential   -26.02
 46004 / 100001 elapsed  1 system 0.80 temp  44.1 hbonds, Rg  13.3 A, potential   -31.92
 46404 / 100001 elapsed  2 system 0.80 temp  44.7 hbonds, Rg  13.3 A, potential   -49.14
 46404 / 100001 elapsed  0 system 0.80 temp  45.6 hbonds, Rg  13.4 A, potential   -40.46
 46304 / 100001 elapsed  3 system 0.80 temp  44.7 hbonds, Rg  13.5 A, potential   -55.30
 46104 / 100001 elapsed  1 system 0.80 temp  47.0 hbonds, Rg  13.4 A, potential   -49.14
 46504 / 100001 elapsed  2 system 0.80 temp  44.1 hbonds, Rg  13.7 A, potential   -59.26
 46504 / 100001 elapsed  0 system 0.80 temp  46.7 hbonds, Rg  13.3 A, potential   -46.01
 46404 / 100001 elapsed  3 system 0.80 temp  44.5 hbonds, Rg  13.0 A, potential   -35.78
 46204 / 100001 elapsed  1 system 0.80 temp  44.4 hbonds, Rg  13.3 A, potential   -68.99
 46604 / 100001 elapsed  0 system 0.80 temp  41.9 hbonds, Rg  13.6 A, potential   -32.94
 46604 / 100001 elapsed  2 system 0.80 temp  44.5 hbonds, Rg  13.7 A, potential   -50.75
 46504 / 100001 elapsed  3 system 0.80 temp  46.4 hbonds, Rg  13.4 A, potential   -71.31
 46304 / 100001 elapsed  1 system 0.80 temp  44.1 hbonds, Rg  13.4 A, potential   -44.58
 46704 / 100001 elapsed  0 system 0.80 temp  44.5 hbonds, Rg  13.6 A, potential   -58.11
 46704 / 100001 elapsed  2 system 0.80 temp  44.6 hbonds, Rg  13.6 A, potential   -51.20
 46604 / 100001 elapsed  3 system 0.80 temp  42.1 hbonds, Rg  13.4 A, potential   -66.98
 46404 / 100001 elapsed  1 system 0.80 temp  47.4 hbonds, Rg  13.5 A, potential   -43.20
 46804 / 100001 elapsed  0 system 0.80 temp  46.2 hbonds, Rg  13.4 A, potential   -71.53
 46804 / 100001 elapsed  2 system 0.80 temp  46.2 hbonds, Rg  13.5 A, potential   -58.52
 46704 / 100001 elapsed  3 system 0.80 temp  44.3 hbonds, Rg  13.5 A, potential   -53.94
 46504 / 100001 elapsed  1 system 0.80 temp  47.2 hbonds, Rg  13.5 A, potential   -62.24
 46904 / 100001 elapsed  0 system 0.80 temp  45.2 hbonds, Rg  13.2 A, potential   -39.08
 46904 / 100001 elapsed  2 system 0.80 temp  45.2 hbonds, Rg  13.5 A, potential   -31.92
 46804 / 100001 elapsed  3 system 0.80 temp  38.2 hbonds, Rg  13.5 A, potential    -1.61
 46604 / 100001 elapsed  1 system 0.80 temp  43.1 hbonds, Rg  13.6 A, potential   -68.91
 47004 / 100001 elapsed  0 system 0.80 temp  40.9 hbonds, Rg  13.3 A, potential   -17.86
 47004 / 100001 elapsed  2 system 0.80 temp  46.4 hbonds, Rg  13.7 A, potential   -77.21
 46904 / 100001 elapsed  3 system 0.80 temp  40.2 hbonds, Rg  13.3 A, potential   -56.00
 46704 / 100001 elapsed  1 system 0.80 temp  44.4 hbonds, Rg  13.1 A, potential   -39.95
 47104 / 100001 elapsed  0 system 0.80 temp  42.6 hbonds, Rg  13.5 A, potential   -31.53
 47104 / 100001 elapsed  2 system 0.80 temp  47.2 hbonds, Rg  13.6 A, potential   -61.06
 47004 / 100001 elapsed  3 system 0.80 temp  45.3 hbonds, Rg  13.5 A, potential   -64.53
 46804 / 100001 elapsed  1 system 0.80 temp  45.2 hbonds, Rg  13.2 A, potential   -38.58
 47204 / 100001 elapsed  0 system 0.80 temp  43.4 hbonds, Rg  13.4 A, potential   -37.14
 47204 / 100001 elapsed  2 system 0.80 temp  47.0 hbonds, Rg  13.2 A, potential   -62.94
 47104 / 100001 elapsed  3 system 0.80 temp  41.3 hbonds, Rg  13.7 A, potential   -45.38
 46904 / 100001 elapsed  1 system 0.80 temp  45.9 hbonds, Rg  13.6 A, potential   -41.63
 47304 / 100001 elapsed  0 system 0.80 temp  42.0 hbonds, Rg  13.4 A, potential   -36.96
 47304 / 100001 elapsed  2 system 0.80 temp  45.4 hbonds, Rg  13.7 A, potential   -50.71
 47204 / 100001 elapsed  3 system 0.80 temp  39.0 hbonds, Rg  14.1 A, potential   -22.37
 47004 / 100001 elapsed  1 system 0.80 temp  45.8 hbonds, Rg  13.4 A, potential   -55.69
 47404 / 100001 elapsed  0 system 0.80 temp  40.2 hbonds, Rg  13.8 A, potential   -20.00
 47404 / 100001 elapsed  2 system 0.80 temp  43.4 hbonds, Rg  14.0 A, potential   -41.75
 47304 / 100001 elapsed  3 system 0.80 temp  39.7 hbonds, Rg  13.3 A, potential   -29.24
 47104 / 100001 elapsed  1 system 0.80 temp  44.2 hbonds, Rg  13.4 A, potential   -46.32
 47504 / 100001 elapsed  0 system 0.80 temp  46.0 hbonds, Rg  13.3 A, potential   -48.84
 47504 / 100001 elapsed  2 system 0.80 temp  44.9 hbonds, Rg  13.4 A, potential   -43.20
 47404 / 100001 elapsed  3 system 0.80 temp  40.3 hbonds, Rg  13.9 A, potential   -40.46
 47204 / 100001 elapsed  1 system 0.80 temp  45.5 hbonds, Rg  13.3 A, potential   -39.05
 47604 / 100001 elapsed  0 system 0.80 temp  46.1 hbonds, Rg  13.6 A, potential   -39.11
 47604 / 100001 elapsed  2 system 0.80 temp  47.2 hbonds, Rg  13.6 A, potential   -39.46
 47504 / 100001 elapsed  3 system 0.80 temp  41.7 hbonds, Rg  13.2 A, potential   -37.32
 47304 / 100001 elapsed  1 system 0.80 temp  46.8 hbonds, Rg  13.5 A, potential   -61.97
 47704 / 100001 elapsed  0 system 0.80 temp  46.4 hbonds, Rg  13.6 A, potential   -44.34
 47704 / 100001 elapsed  2 system 0.80 temp  42.1 hbonds, Rg  13.5 A, potential   -45.91
 47604 / 100001 elapsed  3 system 0.80 temp  42.0 hbonds, Rg  13.7 A, potential   -55.32
 47804 / 100001 elapsed  0 system 0.80 temp  40.1 hbonds, Rg  13.5 A, potential   -27.66
 47404 / 100001 elapsed  1 system 0.80 temp  42.2 hbonds, Rg  13.4 A, potential   -32.91
 47804 / 100001 elapsed  2 system 0.80 temp  43.9 hbonds, Rg  13.7 A, potential   -46.93
 47704 / 100001 elapsed  3 system 0.80 temp  38.8 hbonds, Rg  13.6 A, potential   -29.95
 47904 / 100001 elapsed  0 system 0.80 temp  45.8 hbonds, Rg  13.1 A, potential   -54.57
 47504 / 100001 elapsed  1 system 0.80 temp  46.7 hbonds, Rg  13.6 A, potential   -29.99
 47904 / 100001 elapsed  2 system 0.80 temp  45.1 hbonds, Rg  13.4 A, potential   -45.69
 47804 / 100001 elapsed  3 system 0.80 temp  42.5 hbonds, Rg  13.0 A, potential   -43.42
 48004 / 100001 elapsed  0 system 0.80 temp  44.0 hbonds, Rg  13.6 A, potential   -47.05
 47604 / 100001 elapsed  1 system 0.80 temp  45.3 hbonds, Rg  13.3 A, potential   -42.95
 48004 / 100001 elapsed  2 system 0.80 temp  41.9 hbonds, Rg  13.6 A, potential   -47.15
 47904 / 100001 elapsed  3 system 0.80 temp  37.3 hbonds, Rg  14.2 A, potential   -36.46
 48104 / 100001 elapsed  0 system 0.80 temp  47.0 hbonds, Rg  13.5 A, potential   -61.80
 47704 / 100001 elapsed  1 system 0.80 temp  44.4 hbonds, Rg  13.4 A, potential   -44.65
 48104 / 100001 elapsed  2 system 0.80 temp  44.7 hbonds, Rg  13.4 A, potential   -60.83
 48004 / 100001 elapsed  3 system 0.80 temp  37.7 hbonds, Rg  14.2 A, potential   -32.41
 48204 / 100001 elapsed  0 system 0.80 temp  43.0 hbonds, Rg  13.7 A, potential   -44.28
 47804 / 100001 elapsed  1 system 0.80 temp  46.4 hbonds, Rg  13.5 A, potential   -43.06
 48104 / 100001 elapsed  3 system 0.80 temp  39.5 hbonds, Rg  13.7 A, potential   -42.88
 48204 / 100001 elapsed  2 system 0.80 temp  41.9 hbonds, Rg  13.7 A, potential   -58.35
 48304 / 100001 elapsed  0 system 0.80 temp  42.5 hbonds, Rg  13.8 A, potential   -37.61
 47904 / 100001 elapsed  1 system 0.80 temp  45.2 hbonds, Rg  13.2 A, potential   -41.03
 48204 / 100001 elapsed  3 system 0.80 temp  38.5 hbonds, Rg  14.1 A, potential   -40.38
 48304 / 100001 elapsed  2 system 0.80 temp  43.4 hbonds, Rg  13.7 A, potential   -33.51
 48404 / 100001 elapsed  0 system 0.80 temp  44.4 hbonds, Rg  13.4 A, potential   -66.78
 48304 / 100001 elapsed  3 system 0.80 temp  39.0 hbonds, Rg  14.2 A, potential   -24.99
 48004 / 100001 elapsed  1 system 0.80 temp  45.8 hbonds, Rg  13.6 A, potential   -31.73
 48404 / 100001 elapsed  2 system 0.80 temp  44.3 hbonds, Rg  13.6 A, potential   -46.09
 48504 / 100001 elapsed  0 system 0.80 temp  41.2 hbonds, Rg  13.2 A, potential   -36.97
 48404 / 100001 elapsed  3 system 0.80 temp  37.9 hbonds, Rg  13.8 A, potential   -34.09
 48104 / 100001 elapsed  1 system 0.80 temp  44.9 hbonds, Rg  13.5 A, potential   -45.84
 48504 / 100001 elapsed  2 system 0.80 temp  46.1 hbonds, Rg  13.6 A, potential   -43.48
 48604 / 100001 elapsed  0 system 0.80 temp  45.0 hbonds, Rg  13.3 A, potential   -65.20
 48504 / 100001 elapsed  3 system 0.80 temp  38.4 hbonds, Rg  14.1 A, potential   -14.02
 48204 / 100001 elapsed  1 system 0.80 temp  45.8 hbonds, Rg  13.3 A, potential   -37.54
 48604 / 100001 elapsed  2 system 0.80 temp  44.5 hbonds, Rg  13.3 A, potential   -48.05
 48704 / 100001 elapsed  0 system 0.80 temp  45.1 hbonds, Rg  13.5 A, potential   -50.64
 48604 / 100001 elapsed  3 system 0.80 temp  37.7 hbonds, Rg  14.4 A, potential   -19.67
 48304 / 100001 elapsed  1 system 0.80 temp  40.9 hbonds, Rg  13.7 A, potential   -20.87
 48704 / 100001 elapsed  2 system 0.80 temp  45.6 hbonds, Rg  13.5 A, potential   -45.06
 48804 / 100001 elapsed  0 system 0.80 temp  45.4 hbonds, Rg  13.7 A, potential   -48.20
 48704 / 100001 elapsed  3 system 0.80 temp  35.5 hbonds, Rg  14.5 A, potential   -10.21
 48404 / 100001 elapsed  1 system 0.80 temp  46.4 hbonds, Rg  13.5 A, potential   -73.41
 48804 / 100001 elapsed  2 system 0.80 temp  45.9 hbonds, Rg  13.8 A, potential   -70.79
 48804 / 100001 elapsed  3 system 0.80 temp  33.4 hbonds, Rg  14.5 A, potential    -2.19
 48904 / 100001 elapsed  0 system 0.80 temp  46.1 hbonds, Rg  13.6 A, potential   -56.08
 48904 / 100001 elapsed  2 system 0.80 temp  43.4 hbonds, Rg  13.2 A, potential   -33.61
 48504 / 100001 elapsed  1 system 0.80 temp  47.8 hbonds, Rg  13.3 A, potential   -52.61
 48904 / 100001 elapsed  3 system 0.80 temp  40.0 hbonds, Rg  13.3 A, potential   -21.75
 49004 / 100001 elapsed  0 system 0.80 temp  44.0 hbonds, Rg  13.7 A, potential   -35.55
 49004 / 100001 elapsed  2 system 0.80 temp  43.8 hbonds, Rg  13.4 A, potential   -63.23
 48604 / 100001 elapsed  1 system 0.80 temp  45.2 hbonds, Rg  13.4 A, potential   -44.25
 49004 / 100001 elapsed  3 system 0.80 temp  39.9 hbonds, Rg  13.5 A, potential   -42.06
 49104 / 100001 elapsed  0 system 0.80 temp  45.0 hbonds, Rg  13.6 A, potential   -42.14
 49104 / 100001 elapsed  2 system 0.80 temp  45.0 hbonds, Rg  13.4 A, potential   -65.50
 48704 / 100001 elapsed  1 system 0.80 temp  46.8 hbonds, Rg  13.7 A, potential   -51.81
 49104 / 100001 elapsed  3 system 0.80 temp  37.9 hbonds, Rg  14.5 A, potential   -23.73
 49204 / 100001 elapsed  0 system 0.80 temp  40.8 hbonds, Rg  13.7 A, potential   -43.36
 49204 / 100001 elapsed  2 system 0.80 temp  45.5 hbonds, Rg  13.9 A, potential   -48.08
 48804 / 100001 elapsed  1 system 0.80 temp  43.3 hbonds, Rg  13.4 A, potential   -41.71
 49204 / 100001 elapsed  3 system 0.80 temp  35.8 hbonds, Rg  14.0 A, potential    -9.90
 49304 / 100001 elapsed  2 system 0.80 temp  44.9 hbonds, Rg  13.9 A, potential   -52.93
 49304 / 100001 elapsed  0 system 0.80 temp  45.7 hbonds, Rg  13.5 A, potential   -58.52
 48904 / 100001 elapsed  1 system 0.80 temp  47.1 hbonds, Rg  13.4 A, potential   -59.99
 49304 / 100001 elapsed  3 system 0.80 temp  39.1 hbonds, Rg  13.9 A, potential    -8.39
 49404 / 100001 elapsed  2 system 0.80 temp  46.7 hbonds, Rg  13.2 A, potential   -65.80
 49404 / 100001 elapsed  0 system 0.80 temp  45.9 hbonds, Rg  13.5 A, potential   -47.56
 49004 / 100001 elapsed  1 system 0.80 temp  46.4 hbonds, Rg  13.3 A, potential   -40.01
 49404 / 100001 elapsed  3 system 0.80 temp  39.5 hbonds, Rg  14.3 A, potential   -35.65
 49504 / 100001 elapsed  2 system 0.80 temp  46.1 hbonds, Rg  13.6 A, potential   -31.40
 49504 / 100001 elapsed  0 system 0.80 temp  47.3 hbonds, Rg  13.4 A, potential   -52.84
 49104 / 100001 elapsed  1 system 0.80 temp  45.6 hbonds, Rg  13.5 A, potential   -41.26
 49504 / 100001 elapsed  3 system 0.80 temp  36.2 hbonds, Rg  13.7 A, potential   -33.07
 49604 / 100001 elapsed  2 system 0.80 temp  44.4 hbonds, Rg  13.2 A, potential   -39.08
 49604 / 100001 elapsed  0 system 0.80 temp  44.6 hbonds, Rg  13.4 A, potential   -45.61
 49204 / 100001 elapsed  1 system 0.80 temp  41.8 hbonds, Rg  13.5 A, potential   -30.79
 49604 / 100001 elapsed  3 system 0.80 temp  38.1 hbonds, Rg  14.3 A, potential   -26.26
 49704 / 100001 elapsed  2 system 0.80 temp  45.9 hbonds, Rg  13.8 A, potential   -51.51
 49704 / 100001 elapsed  0 system 0.80 temp  45.3 hbonds, Rg  13.6 A, potential   -53.16
 49304 / 100001 elapsed  1 system 0.80 temp  44.4 hbonds, Rg  13.5 A, potential   -44.95
 49704 / 100001 elapsed  3 system 0.80 temp  34.2 hbonds, Rg  14.4 A, potential    -4.76
 49804 / 100001 elapsed  0 system 0.80 temp  41.4 hbonds, Rg  13.5 A, potential   -31.98
 49804 / 100001 elapsed  2 system 0.80 temp  45.5 hbonds, Rg  13.5 A, potential   -45.83
 49404 / 100001 elapsed  1 system 0.80 temp  44.6 hbonds, Rg  13.3 A, potential   -57.05
 49804 / 100001 elapsed  3 system 0.80 temp  40.2 hbonds, Rg  13.6 A, potential   -26.52
 49904 / 100001 elapsed  0 system 0.80 temp  46.2 hbonds, Rg  13.3 A, potential   -54.45
 49904 / 100001 elapsed  2 system 0.80 temp  47.2 hbonds, Rg  13.3 A, potential   -51.96
 49504 / 100001 elapsed  1 system 0.80 temp  44.1 hbonds, Rg  13.4 A, potential   -38.29
 49904 / 100001 elapsed  3 system 0.80 temp  42.8 hbonds, Rg  13.3 A, potential   -46.29
 50004 / 100001 elapsed  0 system 0.80 temp  47.3 hbonds, Rg  13.4 A, potential   -46.48
 50004 / 100001 elapsed  2 system 0.80 temp  44.3 hbonds, Rg  13.3 A, potential   -42.96
 49604 / 100001 elapsed  1 system 0.80 temp  46.7 hbonds, Rg  13.3 A, potential   -53.50
 50004 / 100001 elapsed  3 system 0.80 temp  40.8 hbonds, Rg  13.4 A, potential   -26.88
 50104 / 100001 elapsed  0 system 0.80 temp  47.2 hbonds, Rg  13.1 A, potential   -54.31
 50104 / 100001 elapsed  2 system 0.80 temp  43.7 hbonds, Rg  13.6 A, potential   -37.15
 50104 / 100001 elapsed  3 system 0.80 temp  44.2 hbonds, Rg  13.8 A, potential   -50.08
 49704 / 100001 elapsed  1 system 0.80 temp  43.8 hbonds, Rg  13.4 A, potential   -24.29
 50204 / 100001 elapsed  0 system 0.80 temp  48.3 hbonds, Rg  13.5 A, potential   -53.09
 50204 / 100001 elapsed  2 system 0.80 temp  46.4 hbonds, Rg  13.4 A, potential   -63.60
 50204 / 100001 elapsed  3 system 0.80 temp  43.7 hbonds, Rg  13.6 A, potential   -29.30
 49804 / 100001 elapsed  1 system 0.80 temp  44.0 hbonds, Rg  13.8 A, potential   -54.42
 50304 / 100001 elapsed  0 system 0.80 temp  44.7 hbonds, Rg  13.3 A, potential   -50.74
 50304 / 100001 elapsed  2 system 0.80 temp  44.5 hbonds, Rg  13.6 A, potential   -55.04
 50304 / 100001 elapsed  3 system 0.80 temp  40.9 hbonds, Rg  13.3 A, potential   -36.74
 49904 / 100001 elapsed  1 system 0.80 temp  45.6 hbonds, Rg  13.3 A, potential   -54.90
 50404 / 100001 elapsed  0 system 0.80 temp  47.4 hbonds, Rg  13.4 A, potential   -55.77
 50404 / 100001 elapsed  2 system 0.80 temp  46.0 hbonds, Rg  13.7 A, potential   -73.34
 50404 / 100001 elapsed  3 system 0.80 temp  38.9 hbonds, Rg  13.4 A, potential   -39.14
 50004 / 100001 elapsed  1 system 0.80 temp  46.2 hbonds, Rg  13.4 A, potential   -64.33
 50504 / 100001 elapsed  0 system 0.80 temp  44.0 hbonds, Rg  13.7 A, potential   -48.89
 50504 / 100001 elapsed  2 system 0.80 temp  41.6 hbonds, Rg  13.4 A, potential   -33.46
 50504 / 100001 elapsed  3 system 0.80 temp  40.2 hbonds, Rg  14.0 A, potential   -19.78
 50104 / 100001 elapsed  1 system 0.80 temp  45.7 hbonds, Rg  13.4 A, potential   -54.97
 50604 / 100001 elapsed  0 system 0.80 temp  47.5 hbonds, Rg  13.4 A, potential   -55.64
 50604 / 100001 elapsed  2 system 0.80 temp  46.5 hbonds, Rg  13.5 A, potential   -43.59
 50604 / 100001 elapsed  3 system 0.80 temp  43.5 hbonds, Rg  13.9 A, potential   -45.21
 50204 / 100001 elapsed  1 system 0.80 temp  47.7 hbonds, Rg  13.5 A, potential   -49.80
 50704 / 100001 elapsed  0 system 0.80 temp  45.8 hbonds, Rg  13.4 A, potential   -43.36
 50704 / 100001 elapsed  2 system 0.80 temp  44.7 hbonds, Rg  13.4 A, potential   -45.09
 50704 / 100001 elapsed  3 system 0.80 temp  43.5 hbonds, Rg  13.3 A, potential   -48.29
 50304 / 100001 elapsed  1 system 0.80 temp  43.8 hbonds, Rg  13.3 A, potential   -38.65
 50804 / 100001 elapsed  0 system 0.80 temp  45.9 hbonds, Rg  13.4 A, potential   -56.69
 50804 / 100001 elapsed  2 system 0.80 temp  45.5 hbonds, Rg  13.4 A, potential   -51.09
 50804 / 100001 elapsed  3 system 0.80 temp  41.5 hbonds, Rg  13.7 A, potential   -37.96
 50404 / 100001 elapsed  1 system 0.80 temp  46.8 hbonds, Rg  13.6 A, potential   -40.50
 50904 / 100001 elapsed  0 system 0.80 temp  45.6 hbonds, Rg  13.5 A, potential   -50.45
 50904 / 100001 elapsed  2 system 0.80 temp  46.4 hbonds, Rg  13.5 A, potential   -41.47
 50904 / 100001 elapsed  3 system 0.80 temp  43.3 hbonds, Rg  13.6 A, potential   -59.10
 50504 / 100001 elapsed  1 system 0.80 temp  45.3 hbonds, Rg  13.1 A, potential   -44.73
 51004 / 100001 elapsed  0 system 0.80 temp  47.2 hbonds, Rg  13.2 A, potential   -52.03
 51004 / 100001 elapsed  2 system 0.80 temp  42.5 hbonds, Rg  13.4 A, potential   -24.22
 51004 / 100001 elapsed  3 system 0.80 temp  42.8 hbonds, Rg  13.8 A, potential   -40.76
 50604 / 100001 elapsed  1 system 0.80 temp  45.7 hbonds, Rg  12.8 A, potential   -40.91
 51104 / 100001 elapsed  0 system 0.80 temp  45.8 hbonds, Rg  13.3 A, potential   -51.15
 51104 / 100001 elapsed  2 system 0.80 temp  42.2 hbonds, Rg  12.8 A, potential   -34.60
 51104 / 100001 elapsed  3 system 0.80 temp  45.5 hbonds, Rg  13.6 A, potential   -38.22
 50704 / 100001 elapsed  1 system 0.80 temp  43.0 hbonds, Rg  13.4 A, potential   -27.72
 51204 / 100001 elapsed  0 system 0.80 temp  44.5 hbonds, Rg  13.0 A, potential   -52.98
 51204 / 100001 elapsed  2 system 0.80 temp  41.6 hbonds, Rg  13.1 A, potential   -42.82
 51204 / 100001 elapsed  3 system 0.80 temp  46.3 hbonds, Rg  13.4 A, potential   -57.27
 50804 / 100001 elapsed  1 system 0.80 temp  46.1 hbonds, Rg  13.1 A, potential   -39.34
 51304 / 100001 elapsed  0 system 0.80 temp  44.8 hbonds, Rg  13.7 A, potential   -54.83
 51304 / 100001 elapsed  2 system 0.80 temp  40.6 hbonds, Rg  13.4 A, potential   -31.18
 51304 / 100001 elapsed  3 system 0.80 temp  44.5 hbonds, Rg  13.3 A, potential   -54.75
 50904 / 100001 elapsed  1 system 0.80 temp  43.2 hbonds, Rg  13.1 A, potential   -27.04
 51404 / 100001 elapsed  0 system 0.80 temp  43.1 hbonds, Rg  13.0 A, potential   -48.50
 51404 / 100001 elapsed  2 system 0.80 temp  40.7 hbonds, Rg  13.4 A, potential   -57.51
 51404 / 100001 elapsed  3 system 0.80 temp  45.4 hbonds, Rg  13.6 A, potential   -44.63
 51004 / 100001 elapsed  1 system 0.80 temp  41.4 hbonds, Rg  13.5 A, potential   -32.72
 51504 / 100001 elapsed  2 system 0.80 temp  43.2 hbonds, Rg  13.9 A, potential   -43.02
 51504 / 100001 elapsed  0 system 0.80 temp  43.5 hbonds, Rg  13.1 A, potential   -42.26
 51504 / 100001 elapsed  3 system 0.80 temp  46.7 hbonds, Rg  13.3 A, potential   -52.43
 51104 / 100001 elapsed  1 system 0.80 temp  42.5 hbonds, Rg  13.6 A, potential   -13.96
 51604 / 100001 elapsed  2 system 0.80 temp  41.9 hbonds, Rg  13.1 A, potential   -39.21
 51604 / 100001 elapsed  0 system 0.80 temp  45.5 hbonds, Rg  13.7 A, potential   -40.17
 51604 / 100001 elapsed  3 system 0.80 temp  47.5 hbonds, Rg  13.4 A, potential   -65.34
 51204 / 100001 elapsed  1 system 0.80 temp  39.6 hbonds, Rg  13.4 A, potential    -6.71
 51704 / 100001 elapsed  2 system 0.80 temp  39.5 hbonds, Rg  13.9 A, potential   -15.57
 51704 / 100001 elapsed  0 system 0.80 temp  43.3 hbonds, Rg  13.2 A, potential   -50.77
 51704 / 100001 elapsed  3 system 0.80 temp  42.9 hbonds, Rg  13.7 A, potential   -50.47
 51304 / 100001 elapsed  1 system 0.80 temp  45.0 hbonds, Rg  12.9 A, potential   -52.72
 51804 / 100001 elapsed  2 system 0.80 temp  40.0 hbonds, Rg  13.3 A, potential   -48.73
 51804 / 100001 elapsed  0 system 0.80 temp  45.0 hbonds, Rg  13.6 A, potential   -44.49
 51804 / 100001 elapsed  3 system 0.80 temp  42.2 hbonds, Rg  13.5 A, potential   -44.32
 51404 / 100001 elapsed  1 system 0.80 temp  41.0 hbonds, Rg  13.6 A, potential   -32.71
 51904 / 100001 elapsed  2 system 0.80 temp  44.2 hbonds, Rg  13.4 A, potential   -30.01
 51904 / 100001 elapsed  0 system 0.80 temp  44.5 hbonds, Rg  13.6 A, potential   -56.90
 51904 / 100001 elapsed  3 system 0.80 temp  45.0 hbonds, Rg  13.5 A, potential   -58.66
 51504 / 100001 elapsed  1 system 0.80 temp  44.0 hbonds, Rg  13.3 A, potential   -48.02
 52004 / 100001 elapsed  2 system 0.80 temp  39.7 hbonds, Rg  13.8 A, potential   -30.72
 52004 / 100001 elapsed  0 system 0.80 temp  46.5 hbonds, Rg  13.6 A, potential   -50.81
 52004 / 100001 elapsed  3 system 0.80 temp  45.3 hbonds, Rg  13.5 A, potential   -48.08
 51604 / 100001 elapsed  1 system 0.80 temp  42.5 hbonds, Rg  13.0 A, potential   -55.41
 52104 / 100001 elapsed  2 system 0.80 temp  37.2 hbonds, Rg  13.5 A, potential   -32.11
 52104 / 100001 elapsed  0 system 0.80 temp  47.1 hbonds, Rg  13.3 A, potential   -61.91
 52104 / 100001 elapsed  3 system 0.80 temp  45.7 hbonds, Rg  13.5 A, potential   -56.07
 51704 / 100001 elapsed  1 system 0.80 temp  40.5 hbonds, Rg  13.5 A, potential   -31.04
 52204 / 100001 elapsed  2 system 0.80 temp  38.2 hbonds, Rg  14.0 A, potential   -29.94
 52204 / 100001 elapsed  0 system 0.80 temp  46.1 hbonds, Rg  13.4 A, potential   -62.59
 52204 / 100001 elapsed  3 system 0.80 temp  43.5 hbonds, Rg  13.3 A, potential   -33.61
 51804 / 100001 elapsed  1 system 0.80 temp  44.9 hbonds, Rg  13.5 A, potential   -54.09
 52304 / 100001 elapsed  2 system 0.80 temp  42.7 hbonds, Rg  13.3 A, potential   -48.21
 52304 / 100001 elapsed  0 system 0.80 temp  44.6 hbonds, Rg  13.3 A, potential   -36.86
 52304 / 100001 elapsed  3 system 0.80 temp  45.6 hbonds, Rg  13.6 A, potential   -53.25
 51904 / 100001 elapsed  1 system 0.80 temp  46.0 hbonds, Rg  13.4 A, potential   -26.79
 52404 / 100001 elapsed  2 system 0.80 temp  41.6 hbonds, Rg  13.5 A, potential   -32.56
 52404 / 100001 elapsed  0 system 0.80 temp  43.5 hbonds, Rg  13.4 A, potential   -51.06
 52404 / 100001 elapsed  3 system 0.80 temp  44.8 hbonds, Rg  13.6 A, potential   -37.97
 52004 / 100001 elapsed  1 system 0.80 temp  44.9 hbonds, Rg  13.2 A, potential   -34.06
 52504 / 100001 elapsed  2 system 0.80 temp  34.8 hbonds, Rg  13.6 A, potential   -12.97
 52504 / 100001 elapsed  0 system 0.80 temp  44.2 hbonds, Rg  13.5 A, potential   -40.32
 52504 / 100001 elapsed  3 system 0.80 temp  44.3 hbonds, Rg  13.5 A, potential   -61.34
 52104 / 100001 elapsed  1 system 0.80 temp  44.8 hbonds, Rg  13.1 A, potential   -33.47
 52604 / 100001 elapsed  2 system 0.80 temp  39.0 hbonds, Rg  13.7 A, potential   -27.25
 52604 / 100001 elapsed  0 system 0.80 temp  41.6 hbonds, Rg  13.6 A, potential   -65.25
 52204 / 100001 elapsed  1 system 0.80 temp  41.5 hbonds, Rg  14.1 A, potential   -41.65
 52604 / 100001 elapsed  3 system 0.80 temp  46.2 hbonds, Rg  13.7 A, potential   -68.29
 52704 / 100001 elapsed  2 system 0.80 temp  36.1 hbonds, Rg  13.3 A, potential   -25.58
 52704 / 100001 elapsed  0 system 0.80 temp  47.5 hbonds, Rg  13.5 A, potential   -45.84
 52304 / 100001 elapsed  1 system 0.80 temp  44.3 hbonds, Rg  13.1 A, potential   -38.72
 52704 / 100001 elapsed  3 system 0.80 temp  43.5 hbonds, Rg  13.6 A, potential   -23.89
 52804 / 100001 elapsed  2 system 0.80 temp  38.9 hbonds, Rg  14.6 A, potential   -34.15
 52804 / 100001 elapsed  0 system 0.80 temp  47.7 hbonds, Rg  13.6 A, potential   -36.29
 52404 / 100001 elapsed  1 system 0.80 temp  42.8 hbonds, Rg  13.7 A, potential   -46.04
 52804 / 100001 elapsed  3 system 0.80 temp  46.4 hbonds, Rg  13.5 A, potential   -49.45
 52904 / 100001 elapsed  2 system 0.80 temp  38.6 hbonds, Rg  14.4 A, potential    -4.97
 52904 / 100001 elapsed  0 system 0.80 temp  45.2 hbonds, Rg  13.5 A, potential   -57.21
 52504 / 100001 elapsed  1 system 0.80 temp  40.5 hbonds, Rg  13.8 A, potential   -48.64
 52904 / 100001 elapsed  3 system 0.80 temp  46.2 hbonds, Rg  13.4 A, potential   -51.91
 53004 / 100001 elapsed  2 system 0.80 temp  39.1 hbonds, Rg  14.2 A, potential   -36.77
 53004 / 100001 elapsed  0 system 0.80 temp  46.2 hbonds, Rg  13.5 A, potential   -49.00
 52604 / 100001 elapsed  1 system 0.80 temp  45.2 hbonds, Rg  13.1 A, potential   -50.25
 53004 / 100001 elapsed  3 system 0.80 temp  44.8 hbonds, Rg  13.2 A, potential   -34.64
 53104 / 100001 elapsed  2 system 0.80 temp  36.2 hbonds, Rg  13.9 A, potential   -32.42
 53104 / 100001 elapsed  0 system 0.80 temp  43.6 hbonds, Rg  13.4 A, potential   -57.65
 52704 / 100001 elapsed  1 system 0.80 temp  43.9 hbonds, Rg  13.3 A, potential   -61.97
 53104 / 100001 elapsed  3 system 0.80 temp  46.0 hbonds, Rg  13.2 A, potential   -51.13
 53204 / 100001 elapsed  2 system 0.80 temp  38.7 hbonds, Rg  13.7 A, potential   -22.93
 53204 / 100001 elapsed  0 system 0.80 temp  46.5 hbonds, Rg  13.4 A, potential   -53.43
 52804 / 100001 elapsed  1 system 0.80 temp  43.1 hbonds, Rg  13.6 A, potential   -51.80
 53304 / 100001 elapsed  2 system 0.80 temp  37.5 hbonds, Rg  13.8 A, potential   -14.91
 53204 / 100001 elapsed  3 system 0.80 temp  46.6 hbonds, Rg  13.5 A, potential   -54.14
 53304 / 100001 elapsed  0 system 0.80 temp  45.9 hbonds, Rg  13.2 A, potential   -58.20
 52904 / 100001 elapsed  1 system 0.80 temp  45.8 hbonds, Rg  13.4 A, potential   -32.48
 53304 / 100001 elapsed  3 system 0.80 temp  45.6 hbonds, Rg  13.1 A, potential   -50.00
 53404 / 100001 elapsed  2 system 0.80 temp  38.3 hbonds, Rg  14.3 A, potential   -23.07
 53404 / 100001 elapsed  0 system 0.80 temp  46.9 hbonds, Rg  13.5 A, potential   -60.16
 53004 / 100001 elapsed  1 system 0.80 temp  47.0 hbonds, Rg  13.4 A, potential   -59.67
 53504 / 100001 elapsed  2 system 0.80 temp  36.7 hbonds, Rg  14.7 A, potential   -39.04
 53404 / 100001 elapsed  3 system 0.80 temp  45.0 hbonds, Rg  13.5 A, potential   -48.12
 53504 / 100001 elapsed  0 system 0.80 temp  43.9 hbonds, Rg  13.6 A, potential   -50.58
 53604 / 100001 elapsed  2 system 0.80 temp  39.8 hbonds, Rg  13.7 A, potential   -41.32
 53104 / 100001 elapsed  1 system 0.80 temp  45.4 hbonds, Rg  13.5 A, potential   -63.70
 53504 / 100001 elapsed  3 system 0.80 temp  44.2 hbonds, Rg  13.5 A, potential   -54.02
 53604 / 100001 elapsed  0 system 0.80 temp  44.5 hbonds, Rg  13.5 A, potential   -41.89
 53704 / 100001 elapsed  2 system 0.80 temp  39.1 hbonds, Rg  14.2 A, potential   -32.44
 53604 / 100001 elapsed  3 system 0.80 temp  41.4 hbonds, Rg  13.8 A, potential   -49.93
 53204 / 100001 elapsed  1 system 0.80 temp  46.3 hbonds, Rg  13.4 A, potential   -36.40
 53704 / 100001 elapsed  0 system 0.80 temp  46.7 hbonds, Rg  13.6 A, potential   -41.27
 53804 / 100001 elapsed  2 system 0.80 temp  42.4 hbonds, Rg  13.4 A, potential   -30.05
 53704 / 100001 elapsed  3 system 0.80 temp  45.0 hbonds, Rg  13.5 A, potential   -68.90
 53304 / 100001 elapsed  1 system 0.80 temp  47.6 hbonds, Rg  13.5 A, potential   -55.14
 53804 / 100001 elapsed  0 system 0.80 temp  46.9 hbonds, Rg  13.5 A, potential   -35.77
 53904 / 100001 elapsed  2 system 0.80 temp  41.0 hbonds, Rg  14.2 A, potential   -50.47
 53804 / 100001 elapsed  3 system 0.80 temp  44.7 hbonds, Rg  13.2 A, potential   -40.34
 53404 / 100001 elapsed  1 system 0.80 temp  44.0 hbonds, Rg  13.5 A, potential   -40.01
 53904 / 100001 elapsed  0 system 0.80 temp  46.5 hbonds, Rg  13.6 A, potential   -46.00
 54004 / 100001 elapsed  2 system 0.80 temp  42.4 hbonds, Rg  13.4 A, potential   -45.42
 53904 / 100001 elapsed  3 system 0.80 temp  45.4 hbonds, Rg  13.2 A, potential   -53.48
 53504 / 100001 elapsed  1 system 0.80 temp  42.9 hbonds, Rg  13.6 A, potential   -51.24
 54004 / 100001 elapsed  0 system 0.80 temp  45.6 hbonds, Rg  13.4 A, potential   -58.50
 54104 / 100001 elapsed  2 system 0.80 temp  42.3 hbonds, Rg  12.9 A, potential   -51.74
 54004 / 100001 elapsed  3 system 0.80 temp  42.2 hbonds, Rg  13.7 A, potential   -50.58
 53604 / 100001 elapsed  1 system 0.80 temp  45.0 hbonds, Rg  13.4 A, potential   -56.78
 54104 / 100001 elapsed  0 system 0.80 temp  44.4 hbonds, Rg  13.4 A, potential   -42.39
 54204 / 100001 elapsed  2 system 0.80 temp  43.4 hbonds, Rg  13.5 A, potential   -50.30
 54104 / 100001 elapsed  3 system 0.80 temp  46.4 hbonds, Rg  13.3 A, potential   -46.35
 53704 / 100001 elapsed  1 system 0.80 temp  44.6 hbonds, Rg  13.4 A, potential   -32.02
 54204 / 100001 elapsed  0 system 0.80 temp  43.8 hbonds, Rg  13.7 A, potential   -65.68
 54304 / 100001 elapsed  2 system 0.80 temp  41.5 hbonds, Rg  14.1 A, potential   -57.75
 54204 / 100001 elapsed  3 system 0.80 temp  47.2 hbonds, Rg  13.3 A, potential   -42.20
 53804 / 100001 elapsed  1 system 0.80 temp  42.7 hbonds, Rg  13.6 A, potential   -32.09
 54304 / 100001 elapsed  0 system 0.80 temp  43.2 hbonds, Rg  13.6 A, potential   -50.30
 54404 / 100001 elapsed  2 system 0.80 temp  41.2 hbonds, Rg  13.4 A, potential   -48.42
 54304 / 100001 elapsed  3 system 0.80 temp  46.3 hbonds, Rg  13.3 A, potential   -53.18
 53904 / 100001 elapsed  1 system 0.80 temp  46.5 hbonds, Rg  13.3 A, potential   -50.41
 54404 / 100001 elapsed  0 system 0.80 temp  41.7 hbonds, Rg  13.2 A, potential   -36.38
 54504 / 100001 elapsed  2 system 0.80 temp  42.4 hbonds, Rg  13.6 A, potential   -44.45
 54404 / 100001 elapsed  3 system 0.80 temp  46.6 hbonds, Rg  13.3 A, potential   -48.02
 54004 / 100001 elapsed  1 system 0.80 temp  42.3 hbonds, Rg  13.8 A, potential   -48.02
 54504 / 100001 elapsed  0 system 0.80 temp  43.5 hbonds, Rg  13.5 A, potential   -31.65
 54604 / 100001 elapsed  2 system 0.80 temp  43.6 hbonds, Rg  13.6 A, potential   -46.74
 54504 / 100001 elapsed  3 system 0.80 temp  41.4 hbonds, Rg  13.5 A, potential   -49.08
 54104 / 100001 elapsed  1 system 0.80 temp  43.0 hbonds, Rg  13.8 A, potential   -44.75
 54604 / 100001 elapsed  0 system 0.80 temp  45.4 hbonds, Rg  13.4 A, potential   -39.12
 54704 / 100001 elapsed  2 system 0.80 temp  41.6 hbonds, Rg  13.7 A, potential   -30.32
 54604 / 100001 elapsed  3 system 0.80 temp  45.0 hbonds, Rg  13.5 A, potential   -50.31
 54204 / 100001 elapsed  1 system 0.80 temp  44.8 hbonds, Rg  13.2 A, potential   -65.16
 54804 / 100001 elapsed  2 system 0.80 temp  44.1 hbonds, Rg  13.9 A, potential   -44.12
 54704 / 100001 elapsed  0 system 0.80 temp  48.1 hbonds, Rg  13.5 A, potential   -65.84
 54704 / 100001 elapsed  3 system 0.80 temp  42.9 hbonds, Rg  13.6 A, potential   -44.09
 54304 / 100001 elapsed  1 system 0.80 temp  45.2 hbonds, Rg  13.5 A, potential   -57.06
 54904 / 100001 elapsed  2 system 0.80 temp  44.7 hbonds, Rg  13.6 A, potential   -44.23
 54804 / 100001 elapsed  0 system 0.80 temp  46.0 hbonds, Rg  13.4 A, potential   -53.50
 54804 / 100001 elapsed  3 system 0.80 temp  46.6 hbonds, Rg  13.3 A, potential   -39.63
 54404 / 100001 elapsed  1 system 0.80 temp  45.2 hbonds, Rg  13.3 A, potential   -63.21
 55004 / 100001 elapsed  2 system 0.80 temp  45.2 hbonds, Rg  13.3 A, potential   -26.72
 54904 / 100001 elapsed  0 system 0.80 temp  40.1 hbonds, Rg  13.5 A, potential   -23.59
 54904 / 100001 elapsed  3 system 0.80 temp  45.9 hbonds, Rg  13.3 A, potential   -56.22
 54504 / 100001 elapsed  1 system 0.80 temp  45.7 hbonds, Rg  13.3 A, potential   -48.19
 55104 / 100001 elapsed  2 system 0.80 temp  45.2 hbonds, Rg  13.5 A, potential   -35.87
 55004 / 100001 elapsed  0 system 0.80 temp  46.8 hbonds, Rg  13.6 A, potential   -65.41
 55004 / 100001 elapsed  3 system 0.80 temp  40.5 hbonds, Rg  13.4 A, potential   -27.61
 54604 / 100001 elapsed  1 system 0.80 temp  43.8 hbonds, Rg  13.4 A, potential   -58.20
 55204 / 100001 elapsed  2 system 0.80 temp  44.0 hbonds, Rg  13.5 A, potential   -53.24
 55104 / 100001 elapsed  0 system 0.80 temp  46.6 hbonds, Rg  13.5 A, potential   -56.69
 55104 / 100001 elapsed  3 system 0.80 temp  46.7 hbonds, Rg  13.6 A, potential   -48.22
 54704 / 100001 elapsed  1 system 0.80 temp  45.3 hbonds, Rg  13.4 A, potential   -59.93
 55304 / 100001 elapsed  2 system 0.80 temp  47.5 hbonds, Rg  13.4 A, potential   -50.14
 55204 / 100001 elapsed  0 system 0.80 temp  47.8 hbonds, Rg  13.4 A, potential   -41.07
 55204 / 100001 elapsed  3 system 0.80 temp  45.5 hbonds, Rg  13.6 A, potential   -38.82
 54804 / 100001 elapsed  1 system 0.80 temp  46.4 hbonds, Rg  13.5 A, potential   -55.18
 55404 / 100001 elapsed  2 system 0.80 temp  47.2 hbonds, Rg  13.5 A, potential   -63.82
 55304 / 100001 elapsed  0 system 0.80 temp  45.7 hbonds, Rg  13.2 A, potential   -57.94
 55304 / 100001 elapsed  3 system 0.80 temp  47.1 hbonds, Rg  13.5 A, potential   -60.76
 55504 / 100001 elapsed  2 system 0.80 temp  40.3 hbonds, Rg  13.7 A, potential   -31.13
 54904 / 100001 elapsed  1 system 0.80 temp  46.3 hbonds, Rg  13.5 A, potential   -67.31
 55404 / 100001 elapsed  0 system 0.80 temp  43.2 hbonds, Rg  13.3 A, potential   -58.15
 55404 / 100001 elapsed  3 system 0.80 temp  43.6 hbonds, Rg  13.4 A, potential   -55.96
 55604 / 100001 elapsed  2 system 0.80 temp  45.8 hbonds, Rg  13.8 A, potential   -42.62
 55004 / 100001 elapsed  1 system 0.80 temp  45.7 hbonds, Rg  13.6 A, potential   -28.34
 55504 / 100001 elapsed  0 system 0.80 temp  48.2 hbonds, Rg  13.4 A, potential   -53.46
 55504 / 100001 elapsed  3 system 0.80 temp  41.9 hbonds, Rg  13.7 A, potential   -41.63
 55704 / 100001 elapsed  2 system 0.80 temp  44.3 hbonds, Rg  13.4 A, potential   -44.85
 55104 / 100001 elapsed  1 system 0.80 temp  45.9 hbonds, Rg  13.6 A, potential   -46.49
 55604 / 100001 elapsed  0 system 0.80 temp  42.4 hbonds, Rg  13.6 A, potential   -34.69
 55604 / 100001 elapsed  3 system 0.80 temp  44.2 hbonds, Rg  13.6 A, potential   -50.33
 55804 / 100001 elapsed  2 system 0.80 temp  48.0 hbonds, Rg  13.6 A, potential   -46.67
 55204 / 100001 elapsed  1 system 0.80 temp  40.9 hbonds, Rg  13.5 A, potential   -29.17
 55704 / 100001 elapsed  0 system 0.80 temp  45.9 hbonds, Rg  13.4 A, potential   -40.79
 55704 / 100001 elapsed  3 system 0.80 temp  45.9 hbonds, Rg  13.5 A, potential   -59.66
 55904 / 100001 elapsed  2 system 0.80 temp  43.9 hbonds, Rg  13.3 A, potential   -53.72
 55304 / 100001 elapsed  1 system 0.80 temp  46.3 hbonds, Rg  13.3 A, potential   -66.71
 55804 / 100001 elapsed  0 system 0.80 temp  44.5 hbonds, Rg  13.4 A, potential   -59.96
 55804 / 100001 elapsed  3 system 0.80 temp  45.3 hbonds, Rg  13.5 A, potential   -64.94
 56004 / 100001 elapsed  2 system 0.80 temp  45.9 hbonds, Rg  13.6 A, potential   -38.52
 55404 / 100001 elapsed  1 system 0.80 temp  45.7 hbonds, Rg  13.5 A, potential   -67.57
 55904 / 100001 elapsed  0 system 0.80 temp  46.5 hbonds, Rg  13.4 A, potential   -34.75
 55904 / 100001 elapsed  3 system 0.80 temp  46.1 hbonds, Rg  13.6 A, potential   -53.79
 56104 / 100001 elapsed  2 system 0.80 temp  45.8 hbonds, Rg  13.5 A, potential   -65.41
 55504 / 100001 elapsed  1 system 0.80 temp  45.0 hbonds, Rg  13.5 A, potential   -53.94
 56004 / 100001 elapsed  0 system 0.80 temp  39.4 hbonds, Rg  13.5 A, potential   -25.52
 56004 / 100001 elapsed  3 system 0.80 temp  40.7 hbonds, Rg  13.4 A, potential   -37.65
 56204 / 100001 elapsed  2 system 0.80 temp  45.0 hbonds, Rg  13.5 A, potential   -47.72
 55604 / 100001 elapsed  1 system 0.80 temp  44.2 hbonds, Rg  13.4 A, potential   -26.51
 56104 / 100001 elapsed  0 system 0.80 temp  44.9 hbonds, Rg  13.5 A, potential   -34.24
 56104 / 100001 elapsed  3 system 0.80 temp  46.2 hbonds, Rg  13.6 A, potential   -61.70
 56305 / 100001 elapsed  2 system 0.80 temp  47.0 hbonds, Rg  13.3 A, potential   -56.19
 56204 / 100001 elapsed  0 system 0.80 temp  46.9 hbonds, Rg  13.7 A, potential   -68.18
 55704 / 100001 elapsed  1 system 0.80 temp  45.3 hbonds, Rg  13.4 A, potential   -53.93
 56204 / 100001 elapsed  3 system 0.80 temp  48.1 hbonds, Rg  13.4 A, potential   -52.74
 56405 / 100001 elapsed  2 system 0.80 temp  44.6 hbonds, Rg  13.5 A, potential   -70.90
 56305 / 100001 elapsed  0 system 0.80 temp  44.5 hbonds, Rg  13.6 A, potential   -47.81
 55804 / 100001 elapsed  1 system 0.80 temp  46.7 hbonds, Rg  13.4 A, potential   -64.52
 56305 / 100001 elapsed  3 system 0.80 temp  44.2 hbonds, Rg  13.3 A, potential   -49.50
 56505 / 100001 elapsed  2 system 0.80 temp  48.0 hbonds, Rg  13.4 A, potential   -50.71
 56405 / 100001 elapsed  0 system 0.80 temp  45.5 hbonds, Rg  13.2 A, potential   -43.00
 55904 / 100001 elapsed  1 system 0.80 temp  46.1 hbonds, Rg  13.2 A, potential   -57.19
 56405 / 100001 elapsed  3 system 0.80 temp  46.1 hbonds, Rg  13.3 A, potential   -42.12
 56605 / 100001 elapsed  2 system 0.80 temp  44.9 hbonds, Rg  13.6 A, potential   -41.74
 56505 / 100001 elapsed  0 system 0.80 temp  44.2 hbonds, Rg  13.5 A, potential   -47.06
 56004 / 100001 elapsed  1 system 0.80 temp  45.7 hbonds, Rg  13.6 A, potential   -44.66
 56505 / 100001 elapsed  3 system 0.80 temp  46.7 hbonds, Rg  13.5 A, potential   -51.44
 56705 / 100001 elapsed  2 system 0.80 temp  42.0 hbonds, Rg  13.5 A, potential   -25.28
 56605 / 100001 elapsed  0 system 0.80 temp  45.1 hbonds, Rg  13.5 A, potential   -51.11
 56104 / 100001 elapsed  1 system 0.80 temp  47.3 hbonds, Rg  13.5 A, potential   -56.53
 56605 / 100001 elapsed  3 system 0.80 temp  44.8 hbonds, Rg  13.6 A, potential   -61.63
 56805 / 100001 elapsed  2 system 0.80 temp  45.7 hbonds, Rg  13.4 A, potential   -48.75
 56705 / 100001 elapsed  0 system 0.80 temp  45.9 hbonds, Rg  13.5 A, potential   -59.75
 56204 / 100001 elapsed  1 system 0.80 temp  47.0 hbonds, Rg  13.6 A, potential   -45.41
 56705 / 100001 elapsed  3 system 0.80 temp  47.9 hbonds, Rg  13.2 A, potential   -43.53
 56905 / 100001 elapsed  2 system 0.80 temp  45.3 hbonds, Rg  13.6 A, potential   -42.35
 56805 / 100001 elapsed  0 system 0.80 temp  44.9 hbonds, Rg  13.5 A, potential   -58.70
 56305 / 100001 elapsed  1 system 0.80 temp  47.6 hbonds, Rg  13.4 A, potential   -47.70
 56805 / 100001 elapsed  3 system 0.80 temp  45.9 hbonds, Rg  13.6 A, potential   -53.96
 57005 / 100001 elapsed  2 system 0.80 temp  45.9 hbonds, Rg  13.5 A, potential   -49.10
 56905 / 100001 elapsed  0 system 0.80 temp  46.5 hbonds, Rg  13.5 A, potential   -51.53
 56405 / 100001 elapsed  1 system 0.80 temp  47.3 hbonds, Rg  13.4 A, potential   -43.20
 56905 / 100001 elapsed  3 system 0.80 temp  46.3 hbonds, Rg  13.4 A, potential   -43.78
 57105 / 100001 elapsed  2 system 0.80 temp  44.7 hbonds, Rg  13.2 A, potential   -43.68
 57005 / 100001 elapsed  0 system 0.80 temp  43.3 hbonds, Rg  13.6 A, potential   -26.34
 56505 / 100001 elapsed  1 system 0.80 temp  45.7 hbonds, Rg  13.6 A, potential   -61.40
 57005 / 100001 elapsed  3 system 0.80 temp  45.0 hbonds, Rg  13.5 A, potential   -51.51
 57205 / 100001 elapsed  2 system 0.80 temp  43.1 hbonds, Rg  13.7 A, potential   -52.86
 57105 / 100001 elapsed  0 system 0.80 temp  44.8 hbonds, Rg  13.2 A, potential   -22.91
 56605 / 100001 elapsed  1 system 0.80 temp  40.9 hbonds, Rg  13.6 A, potential   -27.29
 57105 / 100001 elapsed  3 system 0.80 temp  46.4 hbonds, Rg  13.4 A, potential   -57.35
 57305 / 100001 elapsed  2 system 0.80 temp  46.4 hbonds, Rg  13.5 A, potential   -48.68
 57205 / 100001 elapsed  0 system 0.80 temp  42.2 hbonds, Rg  13.5 A, potential   -41.80
 57205 / 100001 elapsed  3 system 0.80 temp  47.8 hbonds, Rg  13.6 A, potential   -65.72
 56705 / 100001 elapsed  1 system 0.80 temp  45.0 hbonds, Rg  13.5 A, potential   -45.53
 57405 / 100001 elapsed  2 system 0.80 temp  47.4 hbonds, Rg  13.4 A, potential   -61.13
 57305 / 100001 elapsed  0 system 0.80 temp  40.0 hbonds, Rg  13.9 A, potential   -30.60
 56805 / 100001 elapsed  1 system 0.80 temp  44.5 hbonds, Rg  13.6 A, potential   -62.47
 57305 / 100001 elapsed  3 system 0.80 temp  45.8 hbonds, Rg  13.7 A, potential   -57.71
 57505 / 100001 elapsed  2 system 0.80 temp  44.1 hbonds, Rg  13.2 A, potential   -36.54
 57405 / 100001 elapsed  0 system 0.80 temp  41.0 hbonds, Rg  13.6 A, potential   -26.96
 56905 / 100001 elapsed  1 system 0.80 temp  44.7 hbonds, Rg  12.9 A, potential   -65.87
 57405 / 100001 elapsed  3 system 0.80 temp  46.1 hbonds, Rg  13.4 A, potential   -54.26
 57605 / 100001 elapsed  2 system 0.80 temp  43.1 hbonds, Rg  13.6 A, potential   -61.09
 57505 / 100001 elapsed  0 system 0.80 temp  43.4 hbonds, Rg  13.3 A, potential   -62.98
 57005 / 100001 elapsed  1 system 0.80 temp  44.4 hbonds, Rg  13.6 A, potential   -33.93
 57505 / 100001 elapsed  3 system 0.80 temp  45.9 hbonds, Rg  13.4 A, potential   -48.62
 57605 / 100001 elapsed  0 system 0.80 temp  44.1 hbonds, Rg  13.6 A, potential   -41.76
 57705 / 100001 elapsed  2 system 0.80 temp  45.3 hbonds, Rg  13.5 A, potential   -42.44
 57105 / 100001 elapsed  1 system 0.80 temp  43.5 hbonds, Rg  13.4 A, potential   -35.79
 57605 / 100001 elapsed  3 system 0.80 temp  44.0 hbonds, Rg  13.6 A, potential   -21.06
 57705 / 100001 elapsed  0 system 0.80 temp  43.6 hbonds, Rg  13.3 A, potential   -30.95
 57805 / 100001 elapsed  2 system 0.80 temp  45.8 hbonds, Rg  13.3 A, potential   -43.10
 57205 / 100001 elapsed  1 system 0.80 temp  47.0 hbonds, Rg  13.6 A, potential   -56.14
 57705 / 100001 elapsed  3 system 0.80 temp  45.3 hbonds, Rg  13.4 A, potential   -41.72
 57805 / 100001 elapsed  0 system 0.80 temp  42.7 hbonds, Rg  14.0 A, potential   -42.62
 57905 / 100001 elapsed  2 system 0.80 temp  45.7 hbonds, Rg  13.6 A, potential   -32.99
 57805 / 100001 elapsed  3 system 0.80 temp  48.0 hbonds, Rg  13.4 A, potential   -74.06
 57305 / 100001 elapsed  1 system 0.80 temp  46.1 hbonds, Rg  13.5 A, potential   -40.92
 57905 / 100001 elapsed  0 system 0.80 temp  42.9 hbonds, Rg  13.7 A, potential   -41.16
 58005 / 100001 elapsed  2 system 0.80 temp  47.2 hbonds, Rg  13.6 A, potential   -48.56
 57905 / 100001 elapsed  3 system 0.80 temp  45.7 hbonds, Rg  13.6 A, potential   -60.26
 57405 / 100001 elapsed  1 system 0.80 temp  45.3 hbonds, Rg  13.5 A, potential   -72.12
 58005 / 100001 elapsed  0 system 0.80 temp  41.4 hbonds, Rg  13.7 A, potential   -39.31
 58105 / 100001 elapsed  2 system 0.80 temp  42.2 hbonds, Rg  13.5 A, potential   -33.00
 58005 / 100001 elapsed  3 system 0.80 temp  43.8 hbonds, Rg  13.7 A, potential   -42.03
 57505 / 100001 elapsed  1 system 0.80 temp  45.5 hbonds, Rg  13.4 A, potential   -42.59
 58105 / 100001 elapsed  0 system 0.80 temp  42.0 hbonds, Rg  13.8 A, potential   -46.09
 58205 / 100001 elapsed  2 system 0.80 temp  46.5 hbonds, Rg  13.7 A, potential   -58.47
 58105 / 100001 elapsed  3 system 0.80 temp  46.1 hbonds, Rg  13.5 A, potential   -52.85
 57605 / 100001 elapsed  1 system 0.80 temp  44.6 hbonds, Rg  13.4 A, potential   -34.02
 58205 / 100001 elapsed  0 system 0.80 temp  33.9 hbonds, Rg  14.4 A, potential   -46.74
 58305 / 100001 elapsed  2 system 0.80 temp  44.2 hbonds, Rg  13.8 A, potential   -49.28
 58205 / 100001 elapsed  3 system 0.80 temp  43.2 hbonds, Rg  13.5 A, potential   -50.08
 57705 / 100001 elapsed  1 system 0.80 temp  47.0 hbonds, Rg  13.2 A, potential   -59.30
 58305 / 100001 elapsed  0 system 0.80 temp  37.9 hbonds, Rg  13.7 A, potential   -29.92
 58405 / 100001 elapsed  2 system 0.80 temp  46.9 hbonds, Rg  13.5 A, potential   -66.44
 58305 / 100001 elapsed  3 system 0.80 temp  46.1 hbonds, Rg  13.4 A, potential   -66.93
 57805 / 100001 elapsed  1 system 0.80 temp  45.2 hbonds, Rg  13.5 A, potential   -61.83
 58405 / 100001 elapsed  0 system 0.80 temp  35.5 hbonds, Rg  14.0 A, potential   -23.22
 58505 / 100001 elapsed  2 system 0.80 temp  42.8 hbonds, Rg  13.5 A, potential   -51.96
 58405 / 100001 elapsed  3 system 0.80 temp  44.5 hbonds, Rg  13.5 A, potential   -44.35
 57905 / 100001 elapsed  1 system 0.80 temp  47.3 hbonds, Rg  13.6 A, potential   -63.49
 58505 / 100001 elapsed  0 system 0.80 temp  37.5 hbonds, Rg  13.8 A, potential   -37.05
 58605 / 100001 elapsed  2 system 0.80 temp  41.1 hbonds, Rg  14.0 A, potential   -38.05
 58505 / 100001 elapsed  3 system 0.80 temp  45.8 hbonds, Rg  13.3 A, potential   -42.27
 58005 / 100001 elapsed  1 system 0.80 temp  46.3 hbonds, Rg  13.4 A, potential   -37.97
 58605 / 100001 elapsed  0 system 0.80 temp  31.4 hbonds, Rg  14.5 A, potential   -26.82
 58705 / 100001 elapsed  2 system 0.80 temp  35.6 hbonds, Rg  14.0 A, potential   -12.34
 58605 / 100001 elapsed  3 system 0.80 temp  45.8 hbonds, Rg  13.4 A, potential   -49.55
 58105 / 100001 elapsed  1 system 0.80 temp  45.2 hbonds, Rg  13.0 A, potential   -48.26
 58705 / 100001 elapsed  0 system 0.80 temp  40.1 hbonds, Rg  14.2 A, potential   -41.59
 58805 / 100001 elapsed  2 system 0.80 temp  37.1 hbonds, Rg  13.8 A, potential   -13.76
 58705 / 100001 elapsed  3 system 0.80 temp  45.6 hbonds, Rg  13.6 A, potential   -65.05
 58805 / 100001 elapsed  0 system 0.80 temp  41.0 hbonds, Rg  13.7 A, potential   -50.63
 58205 / 100001 elapsed  1 system 0.80 temp  44.2 hbonds, Rg  13.5 A, potential   -58.72
 58905 / 100001 elapsed  2 system 0.80 temp  36.2 hbonds, Rg  13.4 A, potential   -39.52
 58905 / 100001 elapsed  0 system 0.80 temp  39.0 hbonds, Rg  13.9 A, potential   -35.48
 58805 / 100001 elapsed  3 system 0.80 temp  43.7 hbonds, Rg  13.5 A, potential   -57.76
 58305 / 100001 elapsed  1 system 0.80 temp  44.3 hbonds, Rg  13.6 A, potential   -52.41
 59005 / 100001 elapsed  2 system 0.80 temp  38.1 hbonds, Rg  13.6 A, potential   -26.60
 59005 / 100001 elapsed  0 system 0.80 temp  39.9 hbonds, Rg  13.9 A, potential   -56.84
 58905 / 100001 elapsed  3 system 0.80 temp  44.8 hbonds, Rg  13.5 A, potential   -44.57
 58405 / 100001 elapsed  1 system 0.80 temp  46.5 hbonds, Rg  13.4 A, potential   -46.01
 59105 / 100001 elapsed  2 system 0.80 temp  35.6 hbonds, Rg  13.5 A, potential   -22.67
 59105 / 100001 elapsed  0 system 0.80 temp  40.7 hbonds, Rg  13.6 A, potential   -41.21
 59005 / 100001 elapsed  3 system 0.80 temp  43.7 hbonds, Rg  13.4 A, potential   -51.42
 58505 / 100001 elapsed  1 system 0.80 temp  45.2 hbonds, Rg  13.4 A, potential   -35.80
 59205 / 100001 elapsed  2 system 0.80 temp  37.3 hbonds, Rg  13.9 A, potential   -37.72
 59205 / 100001 elapsed  0 system 0.80 temp  39.5 hbonds, Rg  13.7 A, potential   -18.71
 59105 / 100001 elapsed  3 system 0.80 temp  44.6 hbonds, Rg  13.4 A, potential   -41.65
 58605 / 100001 elapsed  1 system 0.80 temp  42.5 hbonds, Rg  13.6 A, potential   -55.41
 59305 / 100001 elapsed  2 system 0.80 temp  36.0 hbonds, Rg  13.5 A, potential   -15.16
 59305 / 100001 elapsed  0 system 0.80 temp  37.7 hbonds, Rg  13.6 A, potential   -25.42
 59205 / 100001 elapsed  3 system 0.80 temp  46.9 hbonds, Rg  13.4 A, potential   -58.04
 58705 / 100001 elapsed  1 system 0.80 temp  46.7 hbonds, Rg  13.5 A, potential   -65.91
 59405 / 100001 elapsed  2 system 0.80 temp  36.5 hbonds, Rg  13.7 A, potential   -21.35
 59405 / 100001 elapsed  0 system 0.80 temp  37.4 hbonds, Rg  13.6 A, potential    -7.54
 59305 / 100001 elapsed  3 system 0.80 temp  42.3 hbonds, Rg  13.6 A, potential   -56.30
 58805 / 100001 elapsed  1 system 0.80 temp  41.4 hbonds, Rg  13.4 A, potential   -30.01
 59505 / 100001 elapsed  2 system 0.80 temp  38.3 hbonds, Rg  13.6 A, potential   -40.61
 59505 / 100001 elapsed  0 system 0.80 temp  38.8 hbonds, Rg  14.2 A, potential   -42.58
 59405 / 100001 elapsed  3 system 0.80 temp  45.6 hbonds, Rg  13.7 A, potential   -79.40
 59605 / 100001 elapsed  2 system 0.80 temp  32.8 hbonds, Rg  14.4 A, potential   -25.57
 58905 / 100001 elapsed  1 system 0.80 temp  47.9 hbonds, Rg  13.3 A, potential   -65.07
 59605 / 100001 elapsed  0 system 0.80 temp  38.7 hbonds, Rg  14.0 A, potential   -20.37
 59505 / 100001 elapsed  3 system 0.80 temp  45.4 hbonds, Rg  13.3 A, potential   -54.07
 59705 / 100001 elapsed  2 system 0.80 temp  36.7 hbonds, Rg  13.7 A, potential   -41.38
 59005 / 100001 elapsed  1 system 0.80 temp  45.3 hbonds, Rg  13.2 A, potential   -48.71
 59705 / 100001 elapsed  0 system 0.80 temp  37.5 hbonds, Rg  13.5 A, potential   -20.36
 59605 / 100001 elapsed  3 system 0.80 temp  46.2 hbonds, Rg  13.2 A, potential   -65.30
 59805 / 100001 elapsed  2 system 0.80 temp  38.8 hbonds, Rg  13.5 A, potential   -31.85
 59105 / 100001 elapsed  1 system 0.80 temp  45.1 hbonds, Rg  13.7 A, potential   -47.73
 59805 / 100001 elapsed  0 system 0.80 temp  36.9 hbonds, Rg  13.9 A, potential    -4.90
 59705 / 100001 elapsed  3 system 0.80 temp  45.2 hbonds, Rg  13.6 A, potential   -75.48
 59905 / 100001 elapsed  2 system 0.80 temp  39.7 hbonds, Rg  14.1 A, potential   -47.64
 59205 / 100001 elapsed  1 system 0.80 temp  46.2 hbonds, Rg  13.5 A, potential   -51.32
 59905 / 100001 elapsed  0 system 0.80 temp  37.8 hbonds, Rg  13.8 A, potential   -27.18
 59805 / 100001 elapsed  3 system 0.80 temp  45.2 hbonds, Rg  13.2 A, potential   -49.29
 60005 / 100001 elapsed  2 system 0.80 temp  38.5 hbonds, Rg  13.6 A, potential   -35.87
 59305 / 100001 elapsed  1 system 0.80 temp  45.3 hbonds, Rg  13.5 A, potential   -53.03
 60005 / 100001 elapsed  0 system 0.80 temp  40.0 hbonds, Rg  13.9 A, potential   -27.59
 59905 / 100001 elapsed  3 system 0.80 temp  46.5 hbonds, Rg  13.1 A, potential   -58.26
 60105 / 100001 elapsed  2 system 0.80 temp  39.5 hbonds, Rg  13.5 A, potential   -45.09
 59405 / 100001 elapsed  1 system 0.80 temp  45.4 hbonds, Rg  13.2 A, potential   -47.47
 60105 / 100001 elapsed  0 system 0.80 temp  39.8 hbonds, Rg  14.2 A, potential   -41.88
 60205 / 100001 elapsed  2 system 0.80 temp  39.1 hbonds, Rg  14.3 A, potential   -45.90
 60005 / 100001 elapsed  3 system 0.80 temp  46.9 hbonds, Rg  13.4 A, potential   -42.82
 59505 / 100001 elapsed  1 system 0.80 temp  46.4 hbonds, Rg  13.3 A, potential   -37.23
 60205 / 100001 elapsed  0 system 0.80 temp  40.4 hbonds, Rg  14.0 A, potential   -46.07
 60105 / 100001 elapsed  3 system 0.80 temp  45.4 hbonds, Rg  13.5 A, potential   -48.92
 60305 / 100001 elapsed  2 system 0.80 temp  39.1 hbonds, Rg  13.9 A, potential   -31.05
 59605 / 100001 elapsed  1 system 0.80 temp  44.3 hbonds, Rg  13.6 A, potential   -38.72
 60305 / 100001 elapsed  0 system 0.80 temp  37.1 hbonds, Rg  14.1 A, potential   -37.89
 60405 / 100001 elapsed  2 system 0.80 temp  37.8 hbonds, Rg  14.0 A, potential   -18.18
 60205 / 100001 elapsed  3 system 0.80 temp  45.9 hbonds, Rg  13.4 A, potential   -54.65
 59705 / 100001 elapsed  1 system 0.80 temp  44.1 hbonds, Rg  13.6 A, potential   -54.03
 60405 / 100001 elapsed  0 system 0.80 temp  35.0 hbonds, Rg  13.9 A, potential   -17.07
 60505 / 100001 elapsed  2 system 0.80 temp  36.1 hbonds, Rg  14.4 A, potential   -28.95
 60305 / 100001 elapsed  3 system 0.80 temp  45.2 hbonds, Rg  13.4 A, potential   -32.81
 59805 / 100001 elapsed  1 system 0.80 temp  42.1 hbonds, Rg  13.8 A, potential   -17.17
 60505 / 100001 elapsed  0 system 0.80 temp  39.9 hbonds, Rg  14.2 A, potential   -53.55
 60605 / 100001 elapsed  2 system 0.80 temp  39.0 hbonds, Rg  13.8 A, potential   -25.66
 60405 / 100001 elapsed  3 system 0.80 temp  43.5 hbonds, Rg  13.2 A, potential   -58.06
 59905 / 100001 elapsed  1 system 0.80 temp  43.4 hbonds, Rg  13.7 A, potential   -41.24
 60605 / 100001 elapsed  0 system 0.80 temp  37.2 hbonds, Rg  13.8 A, potential   -36.05
 60705 / 100001 elapsed  2 system 0.80 temp  39.7 hbonds, Rg  13.9 A, potential   -17.80
 60505 / 100001 elapsed  3 system 0.80 temp  45.5 hbonds, Rg  13.4 A, potential   -44.93
 60705 / 100001 elapsed  0 system 0.80 temp  37.9 hbonds, Rg  13.7 A, potential   -18.67
 60005 / 100001 elapsed  1 system 0.80 temp  38.8 hbonds, Rg  13.8 A, potential   -41.38
 60805 / 100001 elapsed  2 system 0.80 temp  38.5 hbonds, Rg  13.6 A, potential   -27.32
 60605 / 100001 elapsed  3 system 0.80 temp  44.4 hbonds, Rg  13.4 A, potential   -39.63
 60805 / 100001 elapsed  0 system 0.80 temp  39.7 hbonds, Rg  13.2 A, potential   -28.97
 60105 / 100001 elapsed  1 system 0.80 temp  42.6 hbonds, Rg  13.5 A, potential   -48.35
 60905 / 100001 elapsed  2 system 0.80 temp  37.4 hbonds, Rg  13.3 A, potential   -41.19
 60705 / 100001 elapsed  3 system 0.80 temp  44.6 hbonds, Rg  13.3 A, potential   -36.10
 60905 / 100001 elapsed  0 system 0.80 temp  42.0 hbonds, Rg  13.5 A, potential   -32.66
 60205 / 100001 elapsed  1 system 0.80 temp  44.2 hbonds, Rg  13.5 A, potential   -46.30
 61005 / 100001 elapsed  2 system 0.80 temp  36.6 hbonds, Rg  14.0 A, potential   -40.38
 60805 / 100001 elapsed  3 system 0.80 temp  43.0 hbonds, Rg  13.3 A, potential   -45.06
 61005 / 100001 elapsed  0 system 0.80 temp  37.5 hbonds, Rg  13.9 A, potential   -40.73
 60305 / 100001 elapsed  1 system 0.80 temp  46.4 hbonds, Rg  13.3 A, potential   -41.50
 61105 / 100001 elapsed  2 system 0.80 temp  38.5 hbonds, Rg  14.6 A, potential   -49.23
 60905 / 100001 elapsed  3 system 0.80 temp  41.6 hbonds, Rg  13.6 A, potential   -46.45
 61105 / 100001 elapsed  0 system 0.80 temp  37.7 hbonds, Rg  14.0 A, potential   -34.13
 60405 / 100001 elapsed  1 system 0.80 temp  46.6 hbonds, Rg  13.6 A, potential   -63.26
 61205 / 100001 elapsed  2 system 0.80 temp  35.0 hbonds, Rg  13.3 A, potential   -15.52
 61205 / 100001 elapsed  0 system 0.80 temp  38.6 hbonds, Rg  14.5 A, potential   -48.35
 61005 / 100001 elapsed  3 system 0.80 temp  44.9 hbonds, Rg  13.4 A, potential   -44.61
 60505 / 100001 elapsed  1 system 0.80 temp  43.6 hbonds, Rg  13.3 A, potential   -46.76
 61305 / 100001 elapsed  2 system 0.80 temp  39.6 hbonds, Rg  14.3 A, potential   -48.90
 61305 / 100001 elapsed  0 system 0.80 temp  37.6 hbonds, Rg  13.8 A, potential   -34.67
 61105 / 100001 elapsed  3 system 0.80 temp  47.2 hbonds, Rg  13.6 A, potential   -33.01
 60605 / 100001 elapsed  1 system 0.80 temp  41.5 hbonds, Rg  13.9 A, potential   -23.94
 61405 / 100001 elapsed  2 system 0.80 temp  35.2 hbonds, Rg  14.7 A, potential   -23.90
 61405 / 100001 elapsed  0 system 0.80 temp  38.2 hbonds, Rg  13.2 A, potential   -59.32
 61205 / 100001 elapsed  3 system 0.80 temp  47.8 hbonds, Rg  13.5 A, potential   -59.49
 60705 / 100001 elapsed  1 system 0.80 temp  47.5 hbonds, Rg  13.4 A, potential   -52.94
 61505 / 100001 elapsed  2 system 0.80 temp  38.0 hbonds, Rg  13.6 A, potential   -42.99
 61505 / 100001 elapsed  0 system 0.80 temp  34.9 hbonds, Rg  13.5 A, potential   -21.58
 61305 / 100001 elapsed  3 system 0.80 temp  45.4 hbonds, Rg  13.4 A, potential   -48.81
 60805 / 100001 elapsed  1 system 0.80 temp  47.8 hbonds, Rg  13.3 A, potential   -58.91
 61605 / 100001 elapsed  2 system 0.80 temp  36.8 hbonds, Rg  14.5 A, potential   -19.63
 61605 / 100001 elapsed  0 system 0.80 temp  41.3 hbonds, Rg  13.8 A, potential   -34.98
 61405 / 100001 elapsed  3 system 0.80 temp  45.6 hbonds, Rg  13.4 A, potential   -44.23
 60905 / 100001 elapsed  1 system 0.80 temp  46.7 hbonds, Rg  13.6 A, potential   -64.56
 61705 / 100001 elapsed  2 system 0.80 temp  37.0 hbonds, Rg  13.5 A, potential   -22.70
 61705 / 100001 elapsed  0 system 0.80 temp  35.3 hbonds, Rg  13.9 A, potential   -24.60
 61505 / 100001 elapsed  3 system 0.80 temp  46.6 hbonds, Rg  13.5 A, potential   -61.10
 61805 / 100001 elapsed  0 system 0.80 temp  40.9 hbonds, Rg  13.0 A, potential   -28.31
 61005 / 100001 elapsed  1 system 0.80 temp  43.6 hbonds, Rg  13.4 A, potential   -47.19
 61805 / 100001 elapsed  2 system 0.80 temp  36.0 hbonds, Rg  13.6 A, potential   -18.94
 61605 / 100001 elapsed  3 system 0.80 temp  45.2 hbonds, Rg  13.5 A, potential   -60.33
 61905 / 100001 elapsed  0 system 0.80 temp  38.5 hbonds, Rg  13.6 A, potential   -21.83
 61905 / 100001 elapsed  2 system 0.80 temp  35.2 hbonds, Rg  14.3 A, potential   -18.13
 61105 / 100001 elapsed  1 system 0.80 temp  43.2 hbonds, Rg  13.8 A, potential   -40.28
 61705 / 100001 elapsed  3 system 0.80 temp  47.5 hbonds, Rg  13.6 A, potential   -62.55
 62005 / 100001 elapsed  2 system 0.80 temp  38.9 hbonds, Rg  13.6 A, potential   -34.86
 62005 / 100001 elapsed  0 system 0.80 temp  37.2 hbonds, Rg  14.0 A, potential   -37.02
 61205 / 100001 elapsed  1 system 0.80 temp  45.5 hbonds, Rg  13.5 A, potential   -67.52
 61805 / 100001 elapsed  3 system 0.80 temp  43.7 hbonds, Rg  13.5 A, potential   -25.26
 62105 / 100001 elapsed  0 system 0.80 temp  37.2 hbonds, Rg  14.4 A, potential   -34.01
 62105 / 100001 elapsed  2 system 0.80 temp  38.3 hbonds, Rg  14.4 A, potential   -34.28
 61305 / 100001 elapsed  1 system 0.80 temp  44.9 hbonds, Rg  13.7 A, potential   -59.40
 61905 / 100001 elapsed  3 system 0.80 temp  42.5 hbonds, Rg  13.3 A, potential   -25.59
 62205 / 100001 elapsed  0 system 0.80 temp  40.7 hbonds, Rg  13.5 A, potential   -33.77
 62205 / 100001 elapsed  2 system 0.80 temp  43.6 hbonds, Rg  13.5 A, potential   -54.57
 61405 / 100001 elapsed  1 system 0.80 temp  45.6 hbonds, Rg  13.4 A, potential   -42.85
 62005 / 100001 elapsed  3 system 0.80 temp  42.9 hbonds, Rg  13.7 A, potential   -48.24
 62305 / 100001 elapsed  0 system 0.80 temp  40.0 hbonds, Rg  13.8 A, potential   -30.61
 62305 / 100001 elapsed  2 system 0.80 temp  42.5 hbonds, Rg  13.8 A, potential   -44.27
 61505 / 100001 elapsed  1 system 0.80 temp  44.6 hbonds, Rg  13.4 A, potential   -42.38
 62105 / 100001 elapsed  3 system 0.80 temp  41.9 hbonds, Rg  13.8 A, potential   -18.13
 62405 / 100001 elapsed  0 system 0.80 temp  43.0 hbonds, Rg  13.6 A, potential   -51.87
 62405 / 100001 elapsed  2 system 0.80 temp  46.0 hbonds, Rg  13.3 A, potential   -57.10
 61605 / 100001 elapsed  1 system 0.80 temp  46.8 hbonds, Rg  13.4 A, potential   -54.04
 62205 / 100001 elapsed  3 system 0.80 temp  44.1 hbonds, Rg  13.4 A, potential   -62.50
 62505 / 100001 elapsed  0 system 0.80 temp  44.5 hbonds, Rg  13.6 A, potential   -46.20
 62505 / 100001 elapsed  2 system 0.80 temp  45.2 hbonds, Rg  13.4 A, potential   -44.00
 61705 / 100001 elapsed  1 system 0.80 temp  43.7 hbonds, Rg  13.5 A, potential   -43.68
 62305 / 100001 elapsed  3 system 0.80 temp  46.7 hbonds, Rg  13.4 A, potential   -60.55
 62605 / 100001 elapsed  0 system 0.80 temp  45.8 hbonds, Rg  13.6 A, potential   -36.77
 62605 / 100001 elapsed  2 system 0.80 temp  45.7 hbonds, Rg  13.3 A, potential   -41.74
 61805 / 100001 elapsed  1 system 0.80 temp  44.2 hbonds, Rg  13.6 A, potential   -49.05
 62405 / 100001 elapsed  3 system 0.80 temp  44.2 hbonds, Rg  13.3 A, potential   -42.24
 62705 / 100001 elapsed  0 system 0.80 temp  44.3 hbonds, Rg  13.5 A, potential   -46.89
 62705 / 100001 elapsed  2 system 0.80 temp  43.8 hbonds, Rg  13.4 A, potential   -47.59
 61905 / 100001 elapsed  1 system 0.80 temp  45.1 hbonds, Rg  13.3 A, potential   -35.77
 62505 / 100001 elapsed  3 system 0.80 temp  47.8 hbonds, Rg  13.5 A, potential   -56.40
 62805 / 100001 elapsed  0 system 0.80 temp  43.9 hbonds, Rg  13.6 A, potential   -51.04
 62805 / 100001 elapsed  2 system 0.80 temp  47.3 hbonds, Rg  13.2 A, potential   -57.05
 62005 / 100001 elapsed  1 system 0.80 temp  43.8 hbonds, Rg  13.3 A, potential   -29.39
 62605 / 100001 elapsed  3 system 0.80 temp  43.5 hbonds, Rg  13.2 A, potential   -57.61
 62905 / 100001 elapsed  0 system 0.80 temp  44.5 hbonds, Rg  13.4 A, potential   -44.56
 62905 / 100001 elapsed  2 system 0.80 temp  45.5 hbonds, Rg  13.2 A, potential   -43.16
 62105 / 100001 elapsed  1 system 0.80 temp  42.8 hbonds, Rg  13.5 A, potential   -39.25
 62705 / 100001 elapsed  3 system 0.80 temp  42.5 hbonds, Rg  13.9 A, potential   -37.83
 63005 / 100001 elapsed  0 system 0.80 temp  45.2 hbonds, Rg  13.5 A, potential   -35.87
 63005 / 100001 elapsed  2 system 0.80 temp  42.9 hbonds, Rg  13.8 A, potential   -54.30
 62205 / 100001 elapsed  1 system 0.80 temp  45.6 hbonds, Rg  13.4 A, potential   -52.63
 62805 / 100001 elapsed  3 system 0.80 temp  44.7 hbonds, Rg  13.0 A, potential   -31.54
 63105 / 100001 elapsed  0 system 0.80 temp  43.2 hbonds, Rg  13.7 A, potential   -39.34
 63105 / 100001 elapsed  2 system 0.80 temp  43.9 hbonds, Rg  13.6 A, potential   -37.64
 62305 / 100001 elapsed  1 system 0.80 temp  46.6 hbonds, Rg  13.6 A, potential   -54.30
 62905 / 100001 elapsed  3 system 0.80 temp  43.5 hbonds, Rg  13.8 A, potential   -65.34
 63205 / 100001 elapsed  0 system 0.80 temp  45.9 hbonds, Rg  13.5 A, potential   -60.76
 63205 / 100001 elapsed  2 system 0.80 temp  44.6 hbonds, Rg  13.7 A, potential   -55.79
 62405 / 100001 elapsed  1 system 0.80 temp  41.6 hbonds, Rg  13.6 A, potential   -28.53
 63005 / 100001 elapsed  3 system 0.80 temp  43.6 hbonds, Rg  13.7 A, potential   -42.69
 63305 / 100001 elapsed  0 system 0.80 temp  47.8 hbonds, Rg  13.5 A, potential   -57.95
 63305 / 100001 elapsed  2 system 0.80 temp  43.2 hbonds, Rg  13.6 A, potential   -53.45
 62505 / 100001 elapsed  1 system 0.80 temp  44.6 hbonds, Rg  13.2 A, potential   -46.24
 63105 / 100001 elapsed  3 system 0.80 temp  42.1 hbonds, Rg  13.1 A, potential   -50.26
 63405 / 100001 elapsed  0 system 0.80 temp  40.6 hbonds, Rg  13.8 A, potential   -37.16
 63405 / 100001 elapsed  2 system 0.80 temp  44.1 hbonds, Rg  13.5 A, potential   -42.11
 62605 / 100001 elapsed  1 system 0.80 temp  47.3 hbonds, Rg  13.6 A, potential   -71.72
 63205 / 100001 elapsed  3 system 0.80 temp  47.2 hbonds, Rg  13.3 A, potential   -58.37
 63505 / 100001 elapsed  0 system 0.80 temp  45.5 hbonds, Rg  13.4 A, potential   -58.89
 63505 / 100001 elapsed  2 system 0.80 temp  42.7 hbonds, Rg  13.4 A, potential   -44.95
 62705 / 100001 elapsed  1 system 0.80 temp  44.6 hbonds, Rg  13.5 A, potential   -44.39
 63305 / 100001 elapsed  3 system 0.80 temp  46.7 hbonds, Rg  13.3 A, potential   -55.58
 63605 / 100001 elapsed  0 system 0.80 temp  40.8 hbonds, Rg  13.5 A, potential   -11.04
 63605 / 100001 elapsed  2 system 0.80 temp  46.8 hbonds, Rg  13.6 A, potential   -45.89
 62805 / 100001 elapsed  1 system 0.80 temp  42.2 hbonds, Rg  13.5 A, potential   -57.11
 63405 / 100001 elapsed  3 system 0.80 temp  44.5 hbonds, Rg  13.4 A, potential   -49.65
 63705 / 100001 elapsed  0 system 0.80 temp  44.5 hbonds, Rg  13.4 A, potential   -43.63
 63705 / 100001 elapsed  2 system 0.80 temp  46.0 hbonds, Rg  13.6 A, potential   -48.57
 62905 / 100001 elapsed  1 system 0.80 temp  44.8 hbonds, Rg  13.4 A, potential   -54.63
 63505 / 100001 elapsed  3 system 0.80 temp  45.4 hbonds, Rg  13.2 A, potential   -42.54
 63805 / 100001 elapsed  0 system 0.80 temp  40.3 hbonds, Rg  13.4 A, potential   -36.86
 63805 / 100001 elapsed  2 system 0.80 temp  44.7 hbonds, Rg  13.4 A, potential   -41.62
 63005 / 100001 elapsed  1 system 0.80 temp  44.6 hbonds, Rg  13.4 A, potential   -34.98
 63605 / 100001 elapsed  3 system 0.80 temp  44.6 hbonds, Rg  13.4 A, potential   -59.11
 63905 / 100001 elapsed  0 system 0.80 temp  45.1 hbonds, Rg  13.3 A, potential   -31.53
 63905 / 100001 elapsed  2 system 0.80 temp  45.0 hbonds, Rg  13.5 A, potential   -49.73
 63105 / 100001 elapsed  1 system 0.80 temp  47.0 hbonds, Rg  13.4 A, potential   -46.11
 63705 / 100001 elapsed  3 system 0.80 temp  42.4 hbonds, Rg  13.5 A, potential   -54.14
 64005 / 100001 elapsed  0 system 0.80 temp  47.2 hbonds, Rg  13.4 A, potential   -52.62
 64005 / 100001 elapsed  2 system 0.80 temp  44.0 hbonds, Rg  13.6 A, potential   -51.70
 63205 / 100001 elapsed  1 system 0.80 temp  44.9 hbonds, Rg  13.3 A, potential   -41.41
 63805 / 100001 elapsed  3 system 0.80 temp  45.1 hbonds, Rg  13.4 A, potential   -41.48
 64105 / 100001 elapsed  0 system 0.80 temp  46.4 hbonds, Rg  13.5 A, potential   -41.46
 64105 / 100001 elapsed  2 system 0.80 temp  47.2 hbonds, Rg  13.2 A, potential   -67.04
 63305 / 100001 elapsed  1 system 0.80 temp  45.7 hbonds, Rg  13.5 A, potential   -37.79
 63905 / 100001 elapsed  3 system 0.80 temp  45.7 hbonds, Rg  13.3 A, potential   -52.10
 64205 / 100001 elapsed  2 system 0.80 temp  45.4 hbonds, Rg  13.3 A, potential   -73.23
 64205 / 100001 elapsed  0 system 0.80 temp  45.5 hbonds, Rg  13.3 A, potential   -45.81
 63405 / 100001 elapsed  1 system 0.80 temp  43.2 hbonds, Rg  13.1 A, potential   -38.09
 64005 / 100001 elapsed  3 system 0.80 temp  44.7 hbonds, Rg  13.5 A, potential   -44.77
 64305 / 100001 elapsed  2 system 0.80 temp  45.3 hbonds, Rg  13.6 A, potential   -61.72
 64305 / 100001 elapsed  0 system 0.80 temp  45.3 hbonds, Rg  13.3 A, potential   -48.93
 63505 / 100001 elapsed  1 system 0.80 temp  46.6 hbonds, Rg  13.2 A, potential   -58.32
 64105 / 100001 elapsed  3 system 0.80 temp  42.6 hbonds, Rg  13.6 A, potential   -51.02
 64405 / 100001 elapsed  0 system 0.80 temp  46.8 hbonds, Rg  13.5 A, potential   -51.89
 64405 / 100001 elapsed  2 system 0.80 temp  45.6 hbonds, Rg  13.4 A, potential   -59.48
 63605 / 100001 elapsed  1 system 0.80 temp  44.6 hbonds, Rg  13.7 A, potential   -64.01
 64205 / 100001 elapsed  3 system 0.80 temp  46.6 hbonds, Rg  13.3 A, potential   -47.67
 64505 / 100001 elapsed  0 system 0.80 temp  46.8 hbonds, Rg  13.5 A, potential   -68.39
 64505 / 100001 elapsed  2 system 0.80 temp  45.2 hbonds, Rg  13.9 A, potential   -48.25
 63705 / 100001 elapsed  1 system 0.80 temp  43.1 hbonds, Rg  13.4 A, potential   -37.97
 64305 / 100001 elapsed  3 system 0.80 temp  45.8 hbonds, Rg  13.7 A, potential   -55.93
 64605 / 100001 elapsed  2 system 0.80 temp  46.1 hbonds, Rg  13.6 A, potential   -67.77
 64605 / 100001 elapsed  0 system 0.80 temp  45.0 hbonds, Rg  13.3 A, potential   -30.09
 63805 / 100001 elapsed  1 system 0.80 temp  46.3 hbonds, Rg  13.4 A, potential   -55.60
 64405 / 100001 elapsed  3 system 0.80 temp  42.7 hbonds, Rg  13.6 A, potential   -50.84
 64705 / 100001 elapsed  2 system 0.80 temp  42.1 hbonds, Rg  13.5 A, potential   -31.71
 64705 / 100001 elapsed  0 system 0.80 temp  43.8 hbonds, Rg  13.1 A, potential   -52.73
 63905 / 100001 elapsed  1 system 0.80 temp  46.4 hbonds, Rg  13.4 A, potential   -49.72
 64505 / 100001 elapsed  3 system 0.80 temp  46.0 hbonds, Rg  13.4 A, potential   -46.43
 64805 / 100001 elapsed  2 system 0.80 temp  44.4 hbonds, Rg  13.3 A, potential   -21.29
 64805 / 100001 elapsed  0 system 0.80 temp  45.3 hbonds, Rg  13.3 A, potential   -33.63
 64005 / 100001 elapsed  1 system 0.80 temp  45.5 hbonds, Rg  13.6 A, potential   -68.82
 64605 / 100001 elapsed  3 system 0.80 temp  44.7 hbonds, Rg  13.5 A, potential   -35.95
 64905 / 100001 elapsed  0 system 0.80 temp  46.7 hbonds, Rg  13.1 A, potential   -56.39
 64905 / 100001 elapsed  2 system 0.80 temp  43.5 hbonds, Rg  13.7 A, potential   -47.73
 64105 / 100001 elapsed  1 system 0.80 temp  45.1 hbonds, Rg  13.5 A, potential   -26.01
 64705 / 100001 elapsed  3 system 0.80 temp  42.9 hbonds, Rg  13.8 A, potential   -31.84
 65005 / 100001 elapsed  0 system 0.80 temp  46.4 hbonds, Rg  13.4 A, potential   -54.97
 65005 / 100001 elapsed  2 system 0.80 temp  46.6 hbonds, Rg  13.1 A, potential   -40.27
 64205 / 100001 elapsed  1 system 0.80 temp  44.7 hbonds, Rg  13.5 A, potential   -28.79
 64805 / 100001 elapsed  3 system 0.80 temp  41.1 hbonds, Rg  13.0 A, potential   -46.85
 65105 / 100001 elapsed  2 system 0.80 temp  47.3 hbonds, Rg  13.2 A, potential   -58.92
 65105 / 100001 elapsed  0 system 0.80 temp  42.1 hbonds, Rg  13.7 A, potential   -39.01
 64305 / 100001 elapsed  1 system 0.80 temp  46.7 hbonds, Rg  13.4 A, potential   -56.24
 64905 / 100001 elapsed  3 system 0.80 temp  38.4 hbonds, Rg  13.9 A, potential   -32.38
 65205 / 100001 elapsed  0 system 0.80 temp  45.7 hbonds, Rg  13.6 A, potential   -46.71
 65205 / 100001 elapsed  2 system 0.80 temp  41.5 hbonds, Rg  13.5 A, potential   -21.68
 64405 / 100001 elapsed  1 system 0.80 temp  44.2 hbonds, Rg  13.5 A, potential   -42.76
 65005 / 100001 elapsed  3 system 0.80 temp  36.0 hbonds, Rg  13.5 A, potential   -39.52
 65305 / 100001 elapsed  0 system 0.80 temp  43.7 hbonds, Rg  13.8 A, potential   -56.79
 65305 / 100001 elapsed  2 system 0.80 temp  43.2 hbonds, Rg  13.5 A, potential   -34.96
 64505 / 100001 elapsed  1 system 0.80 temp  42.0 hbonds, Rg  13.6 A, potential   -57.15
 65105 / 100001 elapsed  3 system 0.80 temp  39.3 hbonds, Rg  13.6 A, potential   -47.43
 65405 / 100001 elapsed  0 system 0.80 temp  43.9 hbonds, Rg  14.0 A, potential   -45.47
 65405 / 100001 elapsed  2 system 0.80 temp  46.1 hbonds, Rg  13.4 A, potential   -56.92
 64605 / 100001 elapsed  1 system 0.80 temp  39.3 hbonds, Rg  13.7 A, potential   -21.67
 65205 / 100001 elapsed  3 system 0.80 temp  38.0 hbonds, Rg  13.6 A, potential   -45.65
 65505 / 100001 elapsed  0 system 0.80 temp  44.3 hbonds, Rg  13.4 A, potential   -39.78
 65505 / 100001 elapsed  2 system 0.80 temp  45.3 hbonds, Rg  13.3 A, potential   -67.76
 64705 / 100001 elapsed  1 system 0.80 temp  46.3 hbonds, Rg  13.4 A, potential   -57.38
 65305 / 100001 elapsed  3 system 0.80 temp  38.0 hbonds, Rg  13.8 A, potential   -27.37
 65605 / 100001 elapsed  0 system 0.80 temp  40.6 hbonds, Rg  14.2 A, potential   -42.72
 65605 / 100001 elapsed  2 system 0.80 temp  43.5 hbonds, Rg  13.8 A, potential   -50.76
 64805 / 100001 elapsed  1 system 0.80 temp  44.2 hbonds, Rg  13.7 A, potential   -49.55
 65405 / 100001 elapsed  3 system 0.80 temp  39.7 hbonds, Rg  14.0 A, potential   -54.28
 65705 / 100001 elapsed  0 system 0.80 temp  45.5 hbonds, Rg  13.4 A, potential   -62.24
 65705 / 100001 elapsed  2 system 0.80 temp  46.0 hbonds, Rg  13.4 A, potential   -37.29
 64905 / 100001 elapsed  1 system 0.80 temp  47.0 hbonds, Rg  13.2 A, potential   -56.76
 65505 / 100001 elapsed  3 system 0.80 temp  35.9 hbonds, Rg  13.8 A, potential   -32.96
 65805 / 100001 elapsed  0 system 0.80 temp  44.7 hbonds, Rg  13.4 A, potential   -27.03
 65805 / 100001 elapsed  2 system 0.80 temp  44.6 hbonds, Rg  13.5 A, potential   -33.80
 65005 / 100001 elapsed  1 system 0.80 temp  47.4 hbonds, Rg  13.3 A, potential   -42.87
 65605 / 100001 elapsed  3 system 0.80 temp  38.9 hbonds, Rg  14.1 A, potential   -27.69
 65905 / 100001 elapsed  0 system 0.80 temp  44.5 hbonds, Rg  13.3 A, potential   -40.22
 65905 / 100001 elapsed  2 system 0.80 temp  45.1 hbonds, Rg  13.2 A, potential   -45.14
 65105 / 100001 elapsed  1 system 0.80 temp  44.4 hbonds, Rg  13.4 A, potential   -55.56
 65705 / 100001 elapsed  3 system 0.80 temp  40.5 hbonds, Rg  13.6 A, potential   -43.42
 66005 / 100001 elapsed  0 system 0.80 temp  45.3 hbonds, Rg  13.7 A, potential   -25.78
 66005 / 100001 elapsed  2 system 0.80 temp  46.6 hbonds, Rg  13.4 A, potential   -59.05
 65805 / 100001 elapsed  3 system 0.80 temp  37.4 hbonds, Rg  14.5 A, potential   -32.62
 65205 / 100001 elapsed  1 system 0.80 temp  45.0 hbonds, Rg  13.1 A, potential   -25.55
 66105 / 100001 elapsed  0 system 0.80 temp  45.1 hbonds, Rg  13.4 A, potential   -54.27
 66105 / 100001 elapsed  2 system 0.80 temp  44.2 hbonds, Rg  13.5 A, potential   -38.74
 65905 / 100001 elapsed  3 system 0.80 temp  36.6 hbonds, Rg  15.0 A, potential   -24.78
 65305 / 100001 elapsed  1 system 0.80 temp  43.8 hbonds, Rg  13.5 A, potential   -39.30
 66205 / 100001 elapsed  0 system 0.80 temp  44.5 hbonds, Rg  13.3 A, potential   -51.85
 66205 / 100001 elapsed  2 system 0.80 temp  44.4 hbonds, Rg  13.5 A, potential   -66.13
 66005 / 100001 elapsed  3 system 0.80 temp  38.7 hbonds, Rg  13.9 A, potential   -30.58
 65405 / 100001 elapsed  1 system 0.80 temp  46.8 hbonds, Rg  13.4 A, potential   -40.30
 66305 / 100001 elapsed  0 system 0.80 temp  46.4 hbonds, Rg  13.4 A, potential   -66.91
 66305 / 100001 elapsed  2 system 0.80 temp  45.0 hbonds, Rg  13.5 A, potential   -51.87
 66105 / 100001 elapsed  3 system 0.80 temp  39.5 hbonds, Rg  13.6 A, potential   -34.95
 65505 / 100001 elapsed  1 system 0.80 temp  47.1 hbonds, Rg  13.4 A, potential   -54.76
 66405 / 100001 elapsed  0 system 0.80 temp  47.4 hbonds, Rg  13.4 A, potential   -68.05
 66405 / 100001 elapsed  2 system 0.80 temp  47.3 hbonds, Rg  13.5 A, potential   -46.78
 66205 / 100001 elapsed  3 system 0.80 temp  38.5 hbonds, Rg  14.1 A, potential   -26.97
 65605 / 100001 elapsed  1 system 0.80 temp  47.1 hbonds, Rg  13.5 A, potential   -52.48
 66505 / 100001 elapsed  0 system 0.80 temp  44.1 hbonds, Rg  13.5 A, potential   -30.86
 66305 / 100001 elapsed  3 system 0.80 temp  36.2 hbonds, Rg  14.4 A, potential   -19.93
 66505 / 100001 elapsed  2 system 0.80 temp  45.8 hbonds, Rg  13.5 A, potential   -58.23
 65705 / 100001 elapsed  1 system 0.80 temp  46.9 hbonds, Rg  13.6 A, potential   -72.90
 66605 / 100001 elapsed  0 system 0.80 temp  43.6 hbonds, Rg  13.5 A, potential   -38.66
 66405 / 100001 elapsed  3 system 0.80 temp  37.4 hbonds, Rg  13.9 A, potential   -34.23
 66605 / 100001 elapsed  2 system 0.80 temp  45.2 hbonds, Rg  13.5 A, potential   -47.61
 65805 / 100001 elapsed  1 system 0.80 temp  42.6 hbonds, Rg  13.3 A, potential   -29.94
 66505 / 100001 elapsed  3 system 0.80 temp  37.7 hbonds, Rg  12.7 A, potential   -19.64
 66705 / 100001 elapsed  0 system 0.80 temp  45.3 hbonds, Rg  13.4 A, potential   -57.39
 66705 / 100001 elapsed  2 system 0.80 temp  42.4 hbonds, Rg  13.5 A, potential   -32.60
 65905 / 100001 elapsed  1 system 0.80 temp  44.6 hbonds, Rg  13.4 A, potential   -62.32
 66605 / 100001 elapsed  3 system 0.80 temp  37.4 hbonds, Rg  14.0 A, potential   -40.72
 66805 / 100001 elapsed  0 system 0.80 temp  46.5 hbonds, Rg  13.6 A, potential   -59.83
 66805 / 100001 elapsed  2 system 0.80 temp  42.1 hbonds, Rg  13.6 A, potential   -25.22
 66005 / 100001 elapsed  1 system 0.80 temp  46.9 hbonds, Rg  13.4 A, potential   -37.71
 66705 / 100001 elapsed  3 system 0.80 temp  37.9 hbonds, Rg  13.5 A, potential   -42.92
 66905 / 100001 elapsed  0 system 0.80 temp  46.5 hbonds, Rg  13.6 A, potential   -66.14
 66905 / 100001 elapsed  2 system 0.80 temp  45.7 hbonds, Rg  13.2 A, potential   -45.07
 66105 / 100001 elapsed  1 system 0.80 temp  44.4 hbonds, Rg  13.3 A, potential   -54.55
 66805 / 100001 elapsed  3 system 0.80 temp  40.2 hbonds, Rg  13.2 A, potential   -29.44
 67005 / 100001 elapsed  0 system 0.80 temp  46.8 hbonds, Rg  13.3 A, potential   -35.27
 67005 / 100001 elapsed  2 system 0.80 temp  46.3 hbonds, Rg  13.6 A, potential   -70.33
 66205 / 100001 elapsed  1 system 0.80 temp  47.5 hbonds, Rg  13.5 A, potential   -58.91
 66905 / 100001 elapsed  3 system 0.80 temp  39.5 hbonds, Rg  14.1 A, potential   -41.43
 67105 / 100001 elapsed  0 system 0.80 temp  46.9 hbonds, Rg  13.6 A, potential   -39.72
 67105 / 100001 elapsed  2 system 0.80 temp  46.2 hbonds, Rg  13.6 A, potential   -56.82
 66305 / 100001 elapsed  1 system 0.80 temp  46.5 hbonds, Rg  13.4 A, potential   -56.02
 67005 / 100001 elapsed  3 system 0.80 temp  37.5 hbonds, Rg  14.3 A, potential   -34.23
 67205 / 100001 elapsed  0 system 0.80 temp  44.4 hbonds, Rg  13.4 A, potential   -36.78
 67205 / 100001 elapsed  2 system 0.80 temp  44.4 hbonds, Rg  13.4 A, potential   -43.03
 67105 / 100001 elapsed  3 system 0.80 temp  36.4 hbonds, Rg  14.3 A, potential    -9.20
 66405 / 100001 elapsed  1 system 0.80 temp  46.0 hbonds, Rg  13.3 A, potential   -56.73
 67305 / 100001 elapsed  0 system 0.80 temp  44.8 hbonds, Rg  13.6 A, potential   -54.22
 67305 / 100001 elapsed  2 system 0.80 temp  45.7 hbonds, Rg  13.6 A, potential   -47.94
 67205 / 100001 elapsed  3 system 0.80 temp  37.0 hbonds, Rg  13.7 A, potential   -22.32
 66505 / 100001 elapsed  1 system 0.80 temp  45.9 hbonds, Rg  13.6 A, potential   -61.86
 67405 / 100001 elapsed  0 system 0.80 temp  45.7 hbonds, Rg  13.4 A, potential   -40.01
 67405 / 100001 elapsed  2 system 0.80 temp  46.1 hbonds, Rg  13.5 A, potential   -51.75
 67305 / 100001 elapsed  3 system 0.80 temp  38.8 hbonds, Rg  13.7 A, potential   -41.00
 66605 / 100001 elapsed  1 system 0.80 temp  45.9 hbonds, Rg  13.6 A, potential   -64.75
 67505 / 100001 elapsed  0 system 0.80 temp  46.6 hbonds, Rg  13.3 A, potential   -52.54
 67505 / 100001 elapsed  2 system 0.80 temp  47.8 hbonds, Rg  13.4 A, potential   -52.39
 67405 / 100001 elapsed  3 system 0.80 temp  38.4 hbonds, Rg  14.4 A, potential    -4.82
 66705 / 100001 elapsed  1 system 0.80 temp  44.3 hbonds, Rg  13.3 A, potential   -57.95
 67605 / 100001 elapsed  0 system 0.80 temp  43.9 hbonds, Rg  13.4 A, potential   -48.63
 67605 / 100001 elapsed  2 system 0.80 temp  46.0 hbonds, Rg  13.5 A, potential   -56.34
 67505 / 100001 elapsed  3 system 0.80 temp  36.5 hbonds, Rg  13.4 A, potential   -18.78
 66805 / 100001 elapsed  1 system 0.80 temp  45.0 hbonds, Rg  13.5 A, potential   -62.64
 67705 / 100001 elapsed  0 system 0.80 temp  48.4 hbonds, Rg  13.1 A, potential   -55.90
 67705 / 100001 elapsed  2 system 0.80 temp  45.4 hbonds, Rg  13.4 A, potential   -48.15
 67605 / 100001 elapsed  3 system 0.80 temp  37.5 hbonds, Rg  14.1 A, potential   -15.32
 66905 / 100001 elapsed  1 system 0.80 temp  47.6 hbonds, Rg  13.3 A, potential   -44.60
 67805 / 100001 elapsed  0 system 0.80 temp  45.6 hbonds, Rg  13.4 A, potential   -40.09
 67805 / 100001 elapsed  2 system 0.80 temp  44.4 hbonds, Rg  13.1 A, potential   -46.55
 67705 / 100001 elapsed  3 system 0.80 temp  37.6 hbonds, Rg  13.7 A, potential   -35.72
 67005 / 100001 elapsed  1 system 0.80 temp  46.0 hbonds, Rg  13.4 A, potential   -54.84
 67905 / 100001 elapsed  0 system 0.80 temp  44.8 hbonds, Rg  13.6 A, potential   -34.92
 67905 / 100001 elapsed  2 system 0.80 temp  47.2 hbonds, Rg  13.0 A, potential   -35.00
 67805 / 100001 elapsed  3 system 0.80 temp  36.5 hbonds, Rg  14.1 A, potential   -34.86
 67105 / 100001 elapsed  1 system 0.80 temp  46.1 hbonds, Rg  13.7 A, potential   -46.89
 68005 / 100001 elapsed  0 system 0.80 temp  45.6 hbonds, Rg  13.6 A, potential   -58.90
 67905 / 100001 elapsed  3 system 0.80 temp  39.2 hbonds, Rg  14.3 A, potential   -34.55
 68005 / 100001 elapsed  2 system 0.80 temp  42.0 hbonds, Rg  13.5 A, potential   -37.26
 67205 / 100001 elapsed  1 system 0.80 temp  46.4 hbonds, Rg  13.6 A, potential   -43.75
 68105 / 100001 elapsed  0 system 0.80 temp  46.3 hbonds, Rg  13.4 A, potential   -69.07
 68005 / 100001 elapsed  3 system 0.80 temp  37.3 hbonds, Rg  14.4 A, potential   -33.30
 68105 / 100001 elapsed  2 system 0.80 temp  43.8 hbonds, Rg  13.7 A, potential   -59.74
 67305 / 100001 elapsed  1 system 0.80 temp  44.6 hbonds, Rg  13.3 A, potential   -42.37
 68205 / 100001 elapsed  0 system 0.80 temp  45.6 hbonds, Rg  13.5 A, potential   -50.22
 68105 / 100001 elapsed  3 system 0.80 temp  39.9 hbonds, Rg  14.3 A, potential   -12.12
 68205 / 100001 elapsed  2 system 0.80 temp  44.9 hbonds, Rg  13.3 A, potential   -59.34
 67405 / 100001 elapsed  1 system 0.80 temp  45.1 hbonds, Rg  13.4 A, potential   -69.67
 68205 / 100001 elapsed  3 system 0.80 temp  36.3 hbonds, Rg  13.8 A, potential   -36.41
 68305 / 100001 elapsed  0 system 0.80 temp  45.3 hbonds, Rg  13.6 A, potential   -66.71
 68305 / 100001 elapsed  2 system 0.80 temp  45.9 hbonds, Rg  13.4 A, potential   -48.03
 67505 / 100001 elapsed  1 system 0.80 temp  46.2 hbonds, Rg  13.4 A, potential   -49.10
 68305 / 100001 elapsed  3 system 0.80 temp  37.7 hbonds, Rg  13.3 A, potential   -36.55
 68405 / 100001 elapsed  2 system 0.80 temp  46.9 hbonds, Rg  13.5 A, potential   -48.17
 68405 / 100001 elapsed  0 system 0.80 temp  45.5 hbonds, Rg  13.4 A, potential   -45.15
 67605 / 100001 elapsed  1 system 0.80 temp  43.4 hbonds, Rg  13.7 A, potential   -51.20
 68405 / 100001 elapsed  3 system 0.80 temp  38.4 hbonds, Rg  14.0 A, potential   -33.92
 68505 / 100001 elapsed  2 system 0.80 temp  46.3 hbonds, Rg  13.2 A, potential   -50.54
 68505 / 100001 elapsed  0 system 0.80 temp  46.5 hbonds, Rg  13.2 A, potential   -51.37
 67705 / 100001 elapsed  1 system 0.80 temp  43.7 hbonds, Rg  13.4 A, potential   -27.47
 68505 / 100001 elapsed  3 system 0.80 temp  37.7 hbonds, Rg  14.0 A, potential   -38.33
 68605 / 100001 elapsed  2 system 0.80 temp  46.1 hbonds, Rg  13.4 A, potential   -67.52
 68605 / 100001 elapsed  0 system 0.80 temp  46.7 hbonds, Rg  13.4 A, potential   -37.81
 67805 / 100001 elapsed  1 system 0.80 temp  43.4 hbonds, Rg  13.4 A, potential   -56.03
 68605 / 100001 elapsed  3 system 0.80 temp  37.6 hbonds, Rg  13.9 A, potential   -47.96
 68705 / 100001 elapsed  2 system 0.80 temp  43.2 hbonds, Rg  13.5 A, potential   -39.99
 68705 / 100001 elapsed  0 system 0.80 temp  43.9 hbonds, Rg  13.4 A, potential   -58.68
 67905 / 100001 elapsed  1 system 0.80 temp  47.7 hbonds, Rg  13.4 A, potential   -42.83
 68705 / 100001 elapsed  3 system 0.80 temp  37.0 hbonds, Rg  14.4 A, potential   -22.70
 68806 / 100001 elapsed  2 system 0.80 temp  42.8 hbonds, Rg  13.5 A, potential   -33.94
 68806 / 100001 elapsed  0 system 0.80 temp  48.3 hbonds, Rg  13.3 A, potential   -57.52
 68005 / 100001 elapsed  1 system 0.80 temp  44.0 hbonds, Rg  13.5 A, potential   -51.45
 68806 / 100001 elapsed  3 system 0.80 temp  36.1 hbonds, Rg  13.5 A, potential   -21.58
 68906 / 100001 elapsed  2 system 0.80 temp  46.7 hbonds, Rg  13.4 A, potential   -61.68
 68906 / 100001 elapsed  0 system 0.80 temp  46.3 hbonds, Rg  13.6 A, potential   -48.68
 68105 / 100001 elapsed  1 system 0.80 temp  45.3 hbonds, Rg  13.5 A, potential   -37.85
 68906 / 100001 elapsed  3 system 0.80 temp  36.6 hbonds, Rg  13.5 A, potential   -16.13
 69006 / 100001 elapsed  2 system 0.80 temp  41.0 hbonds, Rg  13.5 A, potential   -24.54
 69006 / 100001 elapsed  0 system 0.80 temp  45.5 hbonds, Rg  13.6 A, potential   -38.87
 68205 / 100001 elapsed  1 system 0.80 temp  47.0 hbonds, Rg  13.4 A, potential   -40.41
 69006 / 100001 elapsed  3 system 0.80 temp  37.6 hbonds, Rg  14.1 A, potential   -42.73
 69106 / 100001 elapsed  2 system 0.80 temp  46.0 hbonds, Rg  13.2 A, potential   -51.18
 69106 / 100001 elapsed  0 system 0.80 temp  45.7 hbonds, Rg  13.6 A, potential   -44.76
 68305 / 100001 elapsed  1 system 0.80 temp  46.8 hbonds, Rg  13.5 A, potential   -56.20
 69106 / 100001 elapsed  3 system 0.80 temp  36.7 hbonds, Rg  14.0 A, potential   -16.84
 69206 / 100001 elapsed  2 system 0.80 temp  44.6 hbonds, Rg  13.5 A, potential   -58.77
 69206 / 100001 elapsed  0 system 0.80 temp  45.2 hbonds, Rg  13.4 A, potential   -40.70
 69206 / 100001 elapsed  3 system 0.80 temp  36.6 hbonds, Rg  13.7 A, potential   -28.02
 68405 / 100001 elapsed  1 system 0.80 temp  42.8 hbonds, Rg  13.5 A, potential   -43.65
 69306 / 100001 elapsed  2 system 0.80 temp  45.0 hbonds, Rg  13.7 A, potential   -70.46
 69306 / 100001 elapsed  0 system 0.80 temp  44.6 hbonds, Rg  13.6 A, potential   -61.87
 69306 / 100001 elapsed  3 system 0.80 temp  37.5 hbonds, Rg  13.8 A, potential   -30.42
 68505 / 100001 elapsed  1 system 0.80 temp  45.2 hbonds, Rg  13.3 A, potential   -26.00
 69406 / 100001 elapsed  2 system 0.80 temp  44.0 hbonds, Rg  13.5 A, potential   -49.55
 69406 / 100001 elapsed  0 system 0.80 temp  42.9 hbonds, Rg  13.6 A, potential   -35.69
 69406 / 100001 elapsed  3 system 0.80 temp  31.7 hbonds, Rg  14.4 A, potential   -21.64
 68605 / 100001 elapsed  1 system 0.80 temp  44.0 hbonds, Rg  13.4 A, potential   -27.77
 69506 / 100001 elapsed  2 system 0.80 temp  42.4 hbonds, Rg  13.7 A, potential   -35.01
 69506 / 100001 elapsed  0 system 0.80 temp  42.6 hbonds, Rg  13.8 A, potential   -25.75
 69506 / 100001 elapsed  3 system 0.80 temp  41.8 hbonds, Rg  13.5 A, potential   -39.36
 68705 / 100001 elapsed  1 system 0.80 temp  46.6 hbonds, Rg  13.3 A, potential   -58.86
 69606 / 100001 elapsed  2 system 0.80 temp  42.3 hbonds, Rg  13.6 A, potential   -54.36
 69606 / 100001 elapsed  0 system 0.80 temp  44.0 hbonds, Rg  13.3 A, potential   -46.86
 69606 / 100001 elapsed  3 system 0.80 temp  42.0 hbonds, Rg  13.6 A, potential   -14.67
 68806 / 100001 elapsed  1 system 0.80 temp  41.2 hbonds, Rg  13.2 A, potential   -46.04
 69706 / 100001 elapsed  2 system 0.80 temp  46.6 hbonds, Rg  13.5 A, potential   -67.96
 69706 / 100001 elapsed  0 system 0.80 temp  41.5 hbonds, Rg  13.5 A, potential   -10.92
 69706 / 100001 elapsed  3 system 0.80 temp  41.3 hbonds, Rg  14.1 A, potential   -54.97
 68906 / 100001 elapsed  1 system 0.80 temp  43.9 hbonds, Rg  13.1 A, potential   -42.52
 69806 / 100001 elapsed  2 system 0.80 temp  46.2 hbonds, Rg  13.6 A, potential   -57.85
 69806 / 100001 elapsed  0 system 0.80 temp  46.2 hbonds, Rg  13.3 A, potential   -70.36
 69806 / 100001 elapsed  3 system 0.80 temp  42.0 hbonds, Rg  13.8 A, potential   -43.40
 69006 / 100001 elapsed  1 system 0.80 temp  43.5 hbonds, Rg  13.7 A, potential   -49.12
 69906 / 100001 elapsed  2 system 0.80 temp  46.2 hbonds, Rg  13.7 A, potential   -57.61
 69906 / 100001 elapsed  0 system 0.80 temp  44.2 hbonds, Rg  13.5 A, potential   -51.98
 69906 / 100001 elapsed  3 system 0.80 temp  45.1 hbonds, Rg  13.6 A, potential   -53.79
 69106 / 100001 elapsed  1 system 0.80 temp  47.1 hbonds, Rg  13.3 A, potential   -59.21
 70006 / 100001 elapsed  2 system 0.80 temp  46.4 hbonds, Rg  13.4 A, potential   -47.66
 70006 / 100001 elapsed  0 system 0.80 temp  44.3 hbonds, Rg  13.6 A, potential   -51.17
 70006 / 100001 elapsed  3 system 0.80 temp  45.0 hbonds, Rg  13.5 A, potential   -45.69
 69206 / 100001 elapsed  1 system 0.80 temp  41.8 hbonds, Rg  13.5 A, potential   -44.81
 70106 / 100001 elapsed  2 system 0.80 temp  45.8 hbonds, Rg  13.5 A, potential   -50.38
 70106 / 100001 elapsed  3 system 0.80 temp  47.9 hbonds, Rg  13.5 A, potential   -58.72
 70106 / 100001 elapsed  0 system 0.80 temp  44.4 hbonds, Rg  13.2 A, potential   -52.54
 69306 / 100001 elapsed  1 system 0.80 temp  40.0 hbonds, Rg  13.6 A, potential   -30.08
 70206 / 100001 elapsed  2 system 0.80 temp  48.4 hbonds, Rg  13.5 A, potential   -70.42
 70206 / 100001 elapsed  3 system 0.80 temp  43.2 hbonds, Rg  13.4 A, potential   -31.22
 70206 / 100001 elapsed  0 system 0.80 temp  45.1 hbonds, Rg  13.7 A, potential   -52.93
 69406 / 100001 elapsed  1 system 0.80 temp  36.0 hbonds, Rg  14.3 A, potential   -50.67
 70306 / 100001 elapsed  2 system 0.80 temp  46.6 hbonds, Rg  13.4 A, potential   -68.33
 70306 / 100001 elapsed  3 system 0.80 temp  43.7 hbonds, Rg  13.5 A, potential   -46.18
 70306 / 100001 elapsed  0 system 0.80 temp  42.7 hbonds, Rg  13.2 A, potential   -31.08
 69506 / 100001 elapsed  1 system 0.80 temp  39.7 hbonds, Rg  13.3 A, potential   -40.73
 70406 / 100001 elapsed  2 system 0.80 temp  45.4 hbonds, Rg  13.4 A, potential   -36.11
 70406 / 100001 elapsed  3 system 0.80 temp  47.4 hbonds, Rg  13.5 A, potential   -45.21
 70406 / 100001 elapsed  0 system 0.80 temp  47.2 hbonds, Rg  13.2 A, potential   -59.55
 69606 / 100001 elapsed  1 system 0.80 temp  37.0 hbonds, Rg  14.0 A, potential   -30.32
 70506 / 100001 elapsed  2 system 0.80 temp  43.9 hbonds, Rg  13.5 A, potential   -61.67
 70506 / 100001 elapsed  3 system 0.80 temp  45.6 hbonds, Rg  13.6 A, potential   -51.73
 70506 / 100001 elapsed  0 system 0.80 temp  44.3 hbonds, Rg  13.6 A, potential   -59.56
 69706 / 100001 elapsed  1 system 0.80 temp  39.6 hbonds, Rg  13.6 A, potential   -34.72
 70606 / 100001 elapsed  2 system 0.80 temp  47.6 hbonds, Rg  13.5 A, potential   -51.37
 70606 / 100001 elapsed  3 system 0.80 temp  44.9 hbonds, Rg  13.5 A, potential   -48.78
 70606 / 100001 elapsed  0 system 0.80 temp  46.2 hbonds, Rg  13.6 A, potential   -47.98
 69806 / 100001 elapsed  1 system 0.80 temp  35.8 hbonds, Rg  14.7 A, potential   -23.21
 70706 / 100001 elapsed  2 system 0.80 temp  41.5 hbonds, Rg  13.3 A, potential   -52.66
 69906 / 100001 elapsed  1 system 0.80 temp  37.2 hbonds, Rg  14.1 A, potential   -31.40
 70706 / 100001 elapsed  3 system 0.80 temp  42.5 hbonds, Rg  13.7 A, potential   -47.43
 70706 / 100001 elapsed  0 system 0.80 temp  38.6 hbonds, Rg  13.6 A, potential   -33.91
 70806 / 100001 elapsed  2 system 0.80 temp  44.4 hbonds, Rg  13.7 A, potential   -41.32
 70006 / 100001 elapsed  1 system 0.80 temp  37.7 hbonds, Rg  14.1 A, potential   -28.67
 70806 / 100001 elapsed  3 system 0.80 temp  40.5 hbonds, Rg  13.4 A, potential   -46.40
 70806 / 100001 elapsed  0 system 0.80 temp  42.1 hbonds, Rg  13.8 A, potential   -11.44
 70106 / 100001 elapsed  1 system 0.80 temp  34.7 hbonds, Rg  14.1 A, potential   -22.75
 70906 / 100001 elapsed  2 system 0.80 temp  46.9 hbonds, Rg  13.6 A, potential   -58.76
 70906 / 100001 elapsed  3 system 0.80 temp  46.6 hbonds, Rg  12.7 A, potential   -49.48
 70906 / 100001 elapsed  0 system 0.80 temp  37.1 hbonds, Rg  14.1 A, potential   -23.00
 70206 / 100001 elapsed  1 system 0.80 temp  38.7 hbonds, Rg  13.9 A, potential   -33.54
 71006 / 100001 elapsed  2 system 0.80 temp  44.4 hbonds, Rg  13.5 A, potential   -60.81
 71006 / 100001 elapsed  0 system 0.80 temp  39.5 hbonds, Rg  13.7 A, potential   -33.84
 71006 / 100001 elapsed  3 system 0.80 temp  44.4 hbonds, Rg  13.4 A, potential   -35.22
 70306 / 100001 elapsed  1 system 0.80 temp  36.0 hbonds, Rg  14.1 A, potential   -24.15
 71106 / 100001 elapsed  2 system 0.80 temp  47.0 hbonds, Rg  13.5 A, potential   -62.68
 71106 / 100001 elapsed  0 system 0.80 temp  46.0 hbonds, Rg  13.3 A, potential   -62.13
 71106 / 100001 elapsed  3 system 0.80 temp  44.7 hbonds, Rg  13.7 A, potential   -46.43
 70406 / 100001 elapsed  1 system 0.80 temp  38.6 hbonds, Rg  13.8 A, potential   -50.88
 71206 / 100001 elapsed  2 system 0.80 temp  43.3 hbonds, Rg  13.5 A, potential   -40.40
 71206 / 100001 elapsed  0 system 0.80 temp  46.2 hbonds, Rg  13.4 A, potential   -39.94
 71206 / 100001 elapsed  3 system 0.80 temp  45.3 hbonds, Rg  13.3 A, potential   -34.97
 70506 / 100001 elapsed  1 system 0.80 temp  35.6 hbonds, Rg  14.2 A, potential   -32.64
 71306 / 100001 elapsed  0 system 0.80 temp  46.7 hbonds, Rg  13.5 A, potential   -47.09
 71306 / 100001 elapsed  2 system 0.80 temp  46.9 hbonds, Rg  13.3 A, potential   -63.62
 71306 / 100001 elapsed  3 system 0.80 temp  43.5 hbonds, Rg  13.9 A, potential   -56.58
 70606 / 100001 elapsed  1 system 0.80 temp  36.7 hbonds, Rg  14.2 A, potential   -10.96
 71406 / 100001 elapsed  2 system 0.80 temp  42.4 hbonds, Rg  13.8 A, potential   -24.93
 71406 / 100001 elapsed  0 system 0.80 temp  47.1 hbonds, Rg  13.4 A, potential   -38.93
 71406 / 100001 elapsed  3 system 0.80 temp  40.4 hbonds, Rg  13.2 A, potential   -35.69
 70706 / 100001 elapsed  1 system 0.80 temp  40.1 hbonds, Rg  13.8 A, potential   -50.70
 71506 / 100001 elapsed  2 system 0.80 temp  44.2 hbonds, Rg  13.7 A, potential   -51.13
 71506 / 100001 elapsed  0 system 0.80 temp  45.9 hbonds, Rg  13.5 A, potential   -62.81
 71506 / 100001 elapsed  3 system 0.80 temp  42.5 hbonds, Rg  14.1 A, potential   -32.13
 70806 / 100001 elapsed  1 system 0.80 temp  36.8 hbonds, Rg  14.5 A, potential    -8.94
 71606 / 100001 elapsed  2 system 0.80 temp  45.6 hbonds, Rg  13.6 A, potential   -27.42
 71606 / 100001 elapsed  3 system 0.80 temp  45.2 hbonds, Rg  13.4 A, potential   -51.49
 71606 / 100001 elapsed  0 system 0.80 temp  45.2 hbonds, Rg  13.4 A, potential   -48.34
 70906 / 100001 elapsed  1 system 0.80 temp  38.3 hbonds, Rg  14.6 A, potential   -31.91
 71706 / 100001 elapsed  0 system 0.80 temp  46.5 hbonds, Rg  13.6 A, potential   -35.96
 71706 / 100001 elapsed  3 system 0.80 temp  44.8 hbonds, Rg  13.7 A, potential   -46.09
 71706 / 100001 elapsed  2 system 0.80 temp  41.6 hbonds, Rg  13.8 A, potential   -37.56
 71006 / 100001 elapsed  1 system 0.80 temp  39.3 hbonds, Rg  14.4 A, potential   -46.23
 71806 / 100001 elapsed  0 system 0.80 temp  43.4 hbonds, Rg  13.3 A, potential   -41.76
 71806 / 100001 elapsed  3 system 0.80 temp  43.2 hbonds, Rg  13.4 A, potential   -34.16
 71806 / 100001 elapsed  2 system 0.80 temp  38.5 hbonds, Rg  14.0 A, potential   -21.36
 71106 / 100001 elapsed  1 system 0.80 temp  38.7 hbonds, Rg  13.7 A, potential    -6.98
 71906 / 100001 elapsed  0 system 0.80 temp  43.4 hbonds, Rg  13.4 A, potential   -26.12
 71906 / 100001 elapsed  3 system 0.80 temp  42.6 hbonds, Rg  13.2 A, potential   -30.74
 71906 / 100001 elapsed  2 system 0.80 temp  45.9 hbonds, Rg  13.6 A, potential   -52.01
 71206 / 100001 elapsed  1 system 0.80 temp  45.8 hbonds, Rg  13.6 A, potential   -50.49
 72006 / 100001 elapsed  0 system 0.80 temp  46.1 hbonds, Rg  13.6 A, potential   -38.42
 72006 / 100001 elapsed  3 system 0.80 temp  43.8 hbonds, Rg  13.3 A, potential   -23.81
 72006 / 100001 elapsed  2 system 0.80 temp  43.9 hbonds, Rg  13.4 A, potential   -32.57
 71306 / 100001 elapsed  1 system 0.80 temp  41.9 hbonds, Rg  13.7 A, potential   -37.40
 72106 / 100001 elapsed  0 system 0.80 temp  45.9 hbonds, Rg  13.4 A, potential   -45.89
 72106 / 100001 elapsed  3 system 0.80 temp  47.5 hbonds, Rg  13.3 A, potential   -61.86
 72106 / 100001 elapsed  2 system 0.80 temp  46.6 hbonds, Rg  13.4 A, potential   -60.66
 71406 / 100001 elapsed  1 system 0.80 temp  44.7 hbonds, Rg  13.7 A, potential   -52.90
 72206 / 100001 elapsed  0 system 0.80 temp  46.2 hbonds, Rg  13.4 A, potential   -60.48
 72206 / 100001 elapsed  3 system 0.80 temp  45.4 hbonds, Rg  13.5 A, potential   -42.37
 72206 / 100001 elapsed  2 system 0.80 temp  46.8 hbonds, Rg  13.3 A, potential   -62.45
 71506 / 100001 elapsed  1 system 0.80 temp  44.9 hbonds, Rg  13.4 A, potential   -30.02
 72306 / 100001 elapsed  0 system 0.80 temp  41.3 hbonds, Rg  13.5 A, potential   -39.32
 72306 / 100001 elapsed  3 system 0.80 temp  43.3 hbonds, Rg  13.5 A, potential   -48.47
 72306 / 100001 elapsed  2 system 0.80 temp  45.6 hbonds, Rg  13.2 A, potential   -71.60
 71606 / 100001 elapsed  1 system 0.80 temp  43.8 hbonds, Rg  13.7 A, potential   -40.87
 72406 / 100001 elapsed  0 system 0.80 temp  43.5 hbonds, Rg  13.7 A, potential   -73.35
 72406 / 100001 elapsed  3 system 0.80 temp  45.1 hbonds, Rg  13.4 A, potential   -35.78
 72406 / 100001 elapsed  2 system 0.80 temp  47.5 hbonds, Rg  13.5 A, potential   -55.06
 71706 / 100001 elapsed  1 system 0.80 temp  45.0 hbonds, Rg  13.3 A, potential   -53.79
 72506 / 100001 elapsed  0 system 0.80 temp  47.8 hbonds, Rg  13.5 A, potential   -63.83
 72506 / 100001 elapsed  3 system 0.80 temp  47.0 hbonds, Rg  13.5 A, potential   -54.14
 72506 / 100001 elapsed  2 system 0.80 temp  46.8 hbonds, Rg  13.7 A, potential   -64.71
 71806 / 100001 elapsed  1 system 0.80 temp  46.3 hbonds, Rg  13.6 A, potential   -53.56
 72606 / 100001 elapsed  0 system 0.80 temp  42.0 hbonds, Rg  12.9 A, potential   -26.71
 72606 / 100001 elapsed  3 system 0.80 temp  45.7 hbonds, Rg  13.5 A, potential   -65.71
 72606 / 100001 elapsed  2 system 0.80 temp  44.1 hbonds, Rg  13.6 A, potential   -44.53
 71906 / 100001 elapsed  1 system 0.80 temp  45.2 hbonds, Rg  13.3 A, potential   -43.28
 72706 / 100001 elapsed  0 system 0.80 temp  42.9 hbonds, Rg  13.5 A, potential   -39.63
 72706 / 100001 elapsed  3 system 0.80 temp  46.4 hbonds, Rg  13.5 A, potential   -54.80
 72706 / 100001 elapsed  2 system 0.80 temp  44.3 hbonds, Rg  13.5 A, potential   -14.77
 72006 / 100001 elapsed  1 system 0.80 temp  44.2 hbonds, Rg  13.6 A, potential   -44.37
 72806 / 100001 elapsed  0 system 0.80 temp  43.7 hbonds, Rg  13.6 A, potential   -34.49
 72806 / 100001 elapsed  3 system 0.80 temp  46.3 hbonds, Rg  13.6 A, potential   -55.00
 72806 / 100001 elapsed  2 system 0.80 temp  43.0 hbonds, Rg  13.5 A, potential   -31.37
 72106 / 100001 elapsed  1 system 0.80 temp  43.3 hbonds, Rg  13.4 A, potential   -37.07
 72906 / 100001 elapsed  0 system 0.80 temp  44.8 hbonds, Rg  13.4 A, potential   -51.89
 72906 / 100001 elapsed  3 system 0.80 temp  46.9 hbonds, Rg  13.4 A, potential   -45.17
 72906 / 100001 elapsed  2 system 0.80 temp  46.1 hbonds, Rg  13.5 A, potential   -60.56
 72206 / 100001 elapsed  1 system 0.80 temp  45.1 hbonds, Rg  13.8 A, potential   -51.29
 73006 / 100001 elapsed  0 system 0.80 temp  46.5 hbonds, Rg  13.1 A, potential   -65.40
 73006 / 100001 elapsed  3 system 0.80 temp  44.8 hbonds, Rg  13.3 A, potential   -34.24
 73006 / 100001 elapsed  2 system 0.80 temp  45.2 hbonds, Rg  13.5 A, potential   -32.97
 72306 / 100001 elapsed  1 system 0.80 temp  42.0 hbonds, Rg  13.7 A, potential   -53.34
 73106 / 100001 elapsed  0 system 0.80 temp  43.6 hbonds, Rg  13.4 A, potential   -28.17
 73106 / 100001 elapsed  3 system 0.80 temp  48.7 hbonds, Rg  13.2 A, potential   -59.13
 73106 / 100001 elapsed  2 system 0.80 temp  41.3 hbonds, Rg  13.4 A, potential   -39.68
 72406 / 100001 elapsed  1 system 0.80 temp  44.9 hbonds, Rg  13.6 A, potential   -37.53
 73206 / 100001 elapsed  0 system 0.80 temp  42.8 hbonds, Rg  13.6 A, potential   -38.82
 73206 / 100001 elapsed  3 system 0.80 temp  46.7 hbonds, Rg  13.6 A, potential   -49.62
 73206 / 100001 elapsed  2 system 0.80 temp  44.7 hbonds, Rg  13.5 A, potential   -48.60
 72506 / 100001 elapsed  1 system 0.80 temp  44.8 hbonds, Rg  13.4 A, potential   -57.43
 73306 / 100001 elapsed  0 system 0.80 temp  45.0 hbonds, Rg  13.4 A, potential   -46.17
 73306 / 100001 elapsed  3 system 0.80 temp  45.4 hbonds, Rg  13.3 A, potential   -62.65
 73306 / 100001 elapsed  2 system 0.80 temp  44.9 hbonds, Rg  13.3 A, potential   -49.72
 72606 / 100001 elapsed  1 system 0.80 temp  45.0 hbonds, Rg  13.8 A, potential   -57.79
 73406 / 100001 elapsed  0 system 0.80 temp  43.3 hbonds, Rg  13.3 A, potential   -40.72
 73406 / 100001 elapsed  3 system 0.80 temp  44.3 hbonds, Rg  13.6 A, potential   -46.69
 73406 / 100001 elapsed  2 system 0.80 temp  42.8 hbonds, Rg  13.6 A, potential   -49.34
 72706 / 100001 elapsed  1 system 0.80 temp  44.9 hbonds, Rg  13.4 A, potential   -58.70
 73506 / 100001 elapsed  0 system 0.80 temp  44.8 hbonds, Rg  13.6 A, potential   -56.33
 73506 / 100001 elapsed  3 system 0.80 temp  45.7 hbonds, Rg  13.6 A, potential   -48.35
 73506 / 100001 elapsed  2 system 0.80 temp  45.5 hbonds, Rg  13.6 A, potential   -66.73
 72806 / 100001 elapsed  1 system 0.80 temp  41.7 hbonds, Rg  13.8 A, potential   -44.89
 73606 / 100001 elapsed  0 system 0.80 temp  43.1 hbonds, Rg  13.8 A, potential   -53.83
 73606 / 100001 elapsed  2 system 0.80 temp  47.8 hbonds, Rg  13.3 A, potential   -53.39
 73606 / 100001 elapsed  3 system 0.80 temp  43.0 hbonds, Rg  13.9 A, potential   -48.39
 72906 / 100001 elapsed  1 system 0.80 temp  44.3 hbonds, Rg  13.3 A, potential   -54.93
 73706 / 100001 elapsed  0 system 0.80 temp  41.9 hbonds, Rg  13.5 A, potential   -36.08
 73706 / 100001 elapsed  2 system 0.80 temp  46.9 hbonds, Rg  13.3 A, potential   -57.39
 73706 / 100001 elapsed  3 system 0.80 temp  43.7 hbonds, Rg  13.5 A, potential   -18.51
 73006 / 100001 elapsed  1 system 0.80 temp  45.8 hbonds, Rg  13.4 A, potential   -51.50
 73806 / 100001 elapsed  0 system 0.80 temp  44.2 hbonds, Rg  13.7 A, potential   -63.06
 73806 / 100001 elapsed  3 system 0.80 temp  44.2 hbonds, Rg  13.3 A, potential   -40.95
 73806 / 100001 elapsed  2 system 0.80 temp  46.9 hbonds, Rg  13.6 A, potential   -38.84
 73106 / 100001 elapsed  1 system 0.80 temp  44.8 hbonds, Rg  13.4 A, potential   -47.81
 73906 / 100001 elapsed  0 system 0.80 temp  41.5 hbonds, Rg  13.6 A, potential   -28.50
 73906 / 100001 elapsed  3 system 0.80 temp  43.6 hbonds, Rg  13.7 A, potential   -37.92
 73906 / 100001 elapsed  2 system 0.80 temp  46.8 hbonds, Rg  13.4 A, potential   -62.59
 73206 / 100001 elapsed  1 system 0.80 temp  43.6 hbonds, Rg  13.6 A, potential   -30.57
 74006 / 100001 elapsed  0 system 0.80 temp  45.4 hbonds, Rg  13.3 A, potential   -64.44
 74006 / 100001 elapsed  3 system 0.80 temp  45.4 hbonds, Rg  13.4 A, potential   -64.51
 74006 / 100001 elapsed  2 system 0.80 temp  47.2 hbonds, Rg  13.3 A, potential   -51.10
 73306 / 100001 elapsed  1 system 0.80 temp  43.9 hbonds, Rg  13.6 A, potential   -56.10
 74106 / 100001 elapsed  0 system 0.80 temp  42.2 hbonds, Rg  13.5 A, potential   -29.51
 74106 / 100001 elapsed  3 system 0.80 temp  45.5 hbonds, Rg  13.4 A, potential   -44.38
 74106 / 100001 elapsed  2 system 0.80 temp  42.4 hbonds, Rg  13.6 A, potential   -14.78
 73406 / 100001 elapsed  1 system 0.80 temp  48.3 hbonds, Rg  13.5 A, potential   -44.69
 74206 / 100001 elapsed  0 system 0.80 temp  43.8 hbonds, Rg  13.5 A, potential   -44.11
 74206 / 100001 elapsed  3 system 0.80 temp  47.2 hbonds, Rg  13.3 A, potential   -37.71
 74206 / 100001 elapsed  2 system 0.80 temp  45.8 hbonds, Rg  13.6 A, potential   -49.50
 73506 / 100001 elapsed  1 system 0.80 temp  44.9 hbonds, Rg  13.5 A, potential   -52.57
 74306 / 100001 elapsed  0 system 0.80 temp  43.0 hbonds, Rg  13.7 A, potential   -50.44
 74306 / 100001 elapsed  3 system 0.80 temp  46.3 hbonds, Rg  13.5 A, potential   -58.78
 74306 / 100001 elapsed  2 system 0.80 temp  46.5 hbonds, Rg  13.3 A, potential   -55.99
 73606 / 100001 elapsed  1 system 0.80 temp  46.7 hbonds, Rg  13.4 A, potential   -37.31
 74406 / 100001 elapsed  0 system 0.80 temp  44.9 hbonds, Rg  13.5 A, potential   -41.99
 74406 / 100001 elapsed  3 system 0.80 temp  46.0 hbonds, Rg  13.7 A, potential   -56.30
 74406 / 100001 elapsed  2 system 0.80 temp  45.1 hbonds, Rg  13.3 A, potential   -57.44
 73706 / 100001 elapsed  1 system 0.80 temp  43.8 hbonds, Rg  13.4 A, potential   -32.13
 74506 / 100001 elapsed  0 system 0.80 temp  46.4 hbonds, Rg  13.6 A, potential   -41.45
 74506 / 100001 elapsed  3 system 0.80 temp  43.0 hbonds, Rg  13.3 A, potential   -23.89
 74506 / 100001 elapsed  2 system 0.80 temp  42.1 hbonds, Rg  13.7 A, potential   -52.59
 73806 / 100001 elapsed  1 system 0.80 temp  44.1 hbonds, Rg  13.4 A, potential   -34.90
 74606 / 100001 elapsed  0 system 0.80 temp  45.4 hbonds, Rg  13.1 A, potential   -35.93
 74606 / 100001 elapsed  3 system 0.80 temp  45.9 hbonds, Rg  13.3 A, potential   -64.93
 74606 / 100001 elapsed  2 system 0.80 temp  45.3 hbonds, Rg  13.6 A, potential   -43.70
 73906 / 100001 elapsed  1 system 0.80 temp  42.3 hbonds, Rg  13.3 A, potential   -32.37
 74706 / 100001 elapsed  0 system 0.80 temp  47.0 hbonds, Rg  13.1 A, potential   -44.94
 74706 / 100001 elapsed  3 system 0.80 temp  47.6 hbonds, Rg  13.4 A, potential   -56.76
 74706 / 100001 elapsed  2 system 0.80 temp  48.1 hbonds, Rg  13.3 A, potential   -70.58
 74006 / 100001 elapsed  1 system 0.80 temp  45.1 hbonds, Rg  13.6 A, potential   -38.97
 74806 / 100001 elapsed  0 system 0.80 temp  45.2 hbonds, Rg  13.6 A, potential   -43.33
 74806 / 100001 elapsed  3 system 0.80 temp  45.2 hbonds, Rg  13.4 A, potential   -51.77
 74806 / 100001 elapsed  2 system 0.80 temp  45.3 hbonds, Rg  13.5 A, potential   -41.99
 74106 / 100001 elapsed  1 system 0.80 temp  46.0 hbonds, Rg  13.4 A, potential   -49.50
 74906 / 100001 elapsed  0 system 0.80 temp  45.1 hbonds, Rg  13.5 A, potential   -41.87
 74906 / 100001 elapsed  3 system 0.80 temp  47.5 hbonds, Rg  13.3 A, potential   -54.93
 74906 / 100001 elapsed  2 system 0.80 temp  45.4 hbonds, Rg  13.4 A, potential   -45.44
 74206 / 100001 elapsed  1 system 0.80 temp  45.9 hbonds, Rg  13.6 A, potential   -55.25
 75006 / 100001 elapsed  3 system 0.80 temp  46.3 hbonds, Rg  13.6 A, potential   -61.24
 75006 / 100001 elapsed  0 system 0.80 temp  44.5 hbonds, Rg  13.4 A, potential   -48.95
 75006 / 100001 elapsed  2 system 0.80 temp  46.2 hbonds, Rg  13.3 A, potential   -47.07
 74306 / 100001 elapsed  1 system 0.80 temp  42.2 hbonds, Rg  13.3 A, potential   -37.71
 75106 / 100001 elapsed  0 system 0.80 temp  44.0 hbonds, Rg  13.4 A, potential   -55.53
 75106 / 100001 elapsed  3 system 0.80 temp  44.1 hbonds, Rg  13.3 A, potential   -62.90
 75106 / 100001 elapsed  2 system 0.80 temp  42.3 hbonds, Rg  13.3 A, potential   -54.16
 74406 / 100001 elapsed  1 system 0.80 temp  43.0 hbonds, Rg  13.0 A, potential   -43.46
 75206 / 100001 elapsed  0 system 0.80 temp  45.4 hbonds, Rg  13.5 A, potential   -54.80
 75206 / 100001 elapsed  3 system 0.80 temp  43.6 hbonds, Rg  13.3 A, potential   -58.42
 75206 / 100001 elapsed  2 system 0.80 temp  43.1 hbonds, Rg  13.3 A, potential   -32.59
 74506 / 100001 elapsed  1 system 0.80 temp  44.8 hbonds, Rg  13.6 A, potential   -39.50
 75306 / 100001 elapsed  0 system 0.80 temp  45.8 hbonds, Rg  13.3 A, potential   -39.39
 75306 / 100001 elapsed  3 system 0.80 temp  43.7 hbonds, Rg  13.1 A, potential   -45.06
 75306 / 100001 elapsed  2 system 0.80 temp  43.8 hbonds, Rg  13.7 A, potential   -44.81
 74606 / 100001 elapsed  1 system 0.80 temp  42.5 hbonds, Rg  13.6 A, potential   -42.40
 75406 / 100001 elapsed  3 system 0.80 temp  46.0 hbonds, Rg  13.5 A, potential   -42.35
 75406 / 100001 elapsed  0 system 0.80 temp  45.9 hbonds, Rg  13.4 A, potential   -57.30
 75406 / 100001 elapsed  2 system 0.80 temp  44.5 hbonds, Rg  13.7 A, potential   -34.59
 74706 / 100001 elapsed  1 system 0.80 temp  46.1 hbonds, Rg  13.5 A, potential   -49.19
 75506 / 100001 elapsed  3 system 0.80 temp  46.4 hbonds, Rg  13.3 A, potential   -46.98
 75506 / 100001 elapsed  0 system 0.80 temp  46.9 hbonds, Rg  13.3 A, potential   -55.31
 75506 / 100001 elapsed  2 system 0.80 temp  45.6 hbonds, Rg  13.4 A, potential   -22.66
 74806 / 100001 elapsed  1 system 0.80 temp  44.3 hbonds, Rg  13.7 A, potential   -57.89
 75606 / 100001 elapsed  3 system 0.80 temp  46.5 hbonds, Rg  13.5 A, potential   -69.45
 75606 / 100001 elapsed  2 system 0.80 temp  44.1 hbonds, Rg  13.4 A, potential   -51.34
 75606 / 100001 elapsed  0 system 0.80 temp  46.1 hbonds, Rg  13.5 A, potential   -40.39
 74906 / 100001 elapsed  1 system 0.80 temp  46.1 hbonds, Rg  13.6 A, potential   -53.89
 75706 / 100001 elapsed  3 system 0.80 temp  47.2 hbonds, Rg  13.5 A, potential   -56.31
 75706 / 100001 elapsed  2 system 0.80 temp  46.9 hbonds, Rg  13.4 A, potential   -47.71
 75706 / 100001 elapsed  0 system 0.80 temp  45.2 hbonds, Rg  13.5 A, potential   -42.91
 75006 / 100001 elapsed  1 system 0.80 temp  44.0 hbonds, Rg  12.9 A, potential   -64.20
 75806 / 100001 elapsed  3 system 0.80 temp  47.1 hbonds, Rg  13.4 A, potential   -45.38
 75806 / 100001 elapsed  2 system 0.80 temp  45.4 hbonds, Rg  13.7 A, potential   -45.80
 75806 / 100001 elapsed  0 system 0.80 temp  44.6 hbonds, Rg  13.5 A, potential   -53.41
 75106 / 100001 elapsed  1 system 0.80 temp  43.4 hbonds, Rg  13.2 A, potential   -39.71
 75906 / 100001 elapsed  2 system 0.80 temp  45.1 hbonds, Rg  13.2 A, potential   -44.69
 75906 / 100001 elapsed  3 system 0.80 temp  42.2 hbonds, Rg  13.7 A, potential   -48.33
 75906 / 100001 elapsed  0 system 0.80 temp  44.8 hbonds, Rg  13.7 A, potential   -45.45
 75206 / 100001 elapsed  1 system 0.80 temp  45.1 hbonds, Rg  13.4 A, potential   -25.94
 76006 / 100001 elapsed  2 system 0.80 temp  43.9 hbonds, Rg  13.4 A, potential   -40.17
 76006 / 100001 elapsed  3 system 0.80 temp  40.3 hbonds, Rg  13.8 A, potential   -40.88
 76006 / 100001 elapsed  0 system 0.80 temp  46.4 hbonds, Rg  13.4 A, potential   -60.23
 75306 / 100001 elapsed  1 system 0.80 temp  47.1 hbonds, Rg  13.2 A, potential   -44.88
 76106 / 100001 elapsed  2 system 0.80 temp  45.0 hbonds, Rg  13.4 A, potential   -54.85
 76106 / 100001 elapsed  3 system 0.80 temp  47.1 hbonds, Rg  13.2 A, potential   -60.23
 76106 / 100001 elapsed  0 system 0.80 temp  47.5 hbonds, Rg  13.5 A, potential   -59.06
 75406 / 100001 elapsed  1 system 0.80 temp  47.4 hbonds, Rg  13.4 A, potential   -45.23
 76206 / 100001 elapsed  0 system 0.80 temp  44.8 hbonds, Rg  13.4 A, potential   -47.73
 76206 / 100001 elapsed  2 system 0.80 temp  44.4 hbonds, Rg  13.2 A, potential   -55.94
 76206 / 100001 elapsed  3 system 0.80 temp  45.6 hbonds, Rg  13.2 A, potential   -49.92
 75506 / 100001 elapsed  1 system 0.80 temp  45.0 hbonds, Rg  13.2 A, potential   -35.23
 76306 / 100001 elapsed  0 system 0.80 temp  46.0 hbonds, Rg  13.4 A, potential   -61.17
 76306 / 100001 elapsed  2 system 0.80 temp  45.6 hbonds, Rg  13.5 A, potential   -49.96
 76306 / 100001 elapsed  3 system 0.80 temp  45.3 hbonds, Rg  13.3 A, potential   -46.64
 75606 / 100001 elapsed  1 system 0.80 temp  47.8 hbonds, Rg  13.4 A, potential   -70.51
 76406 / 100001 elapsed  0 system 0.80 temp  46.1 hbonds, Rg  13.6 A, potential   -48.07
 76406 / 100001 elapsed  2 system 0.80 temp  44.5 hbonds, Rg  13.6 A, potential   -52.81
 76406 / 100001 elapsed  3 system 0.80 temp  45.1 hbonds, Rg  13.3 A, potential   -49.31
 75706 / 100001 elapsed  1 system 0.80 temp  44.5 hbonds, Rg  13.2 A, potential   -47.71
 76506 / 100001 elapsed  0 system 0.80 temp  44.4 hbonds, Rg  13.5 A, potential   -61.01
 76506 / 100001 elapsed  2 system 0.80 temp  45.8 hbonds, Rg  13.5 A, potential   -54.27
 76506 / 100001 elapsed  3 system 0.80 temp  42.1 hbonds, Rg  13.1 A, potential   -33.89
 75806 / 100001 elapsed  1 system 0.80 temp  44.6 hbonds, Rg  13.4 A, potential   -42.67
 76606 / 100001 elapsed  0 system 0.80 temp  46.9 hbonds, Rg  13.2 A, potential   -46.51
 76606 / 100001 elapsed  2 system 0.80 temp  42.7 hbonds, Rg  13.3 A, potential   -23.65
 76606 / 100001 elapsed  3 system 0.80 temp  43.4 hbonds, Rg  13.5 A, potential   -59.00
 75906 / 100001 elapsed  1 system 0.80 temp  41.9 hbonds, Rg  13.5 A, potential   -40.47
 76706 / 100001 elapsed  0 system 0.80 temp  44.7 hbonds, Rg  13.6 A, potential   -56.31
 76706 / 100001 elapsed  2 system 0.80 temp  45.2 hbonds, Rg  13.4 A, potential   -44.08
 76706 / 100001 elapsed  3 system 0.80 temp  42.5 hbonds, Rg  13.5 A, potential   -41.25
 76006 / 100001 elapsed  1 system 0.80 temp  45.4 hbonds, Rg  13.4 A, potential   -46.69
 76806 / 100001 elapsed  0 system 0.80 temp  44.5 hbonds, Rg  13.3 A, potential   -39.35
 76806 / 100001 elapsed  2 system 0.80 temp  47.4 hbonds, Rg  13.3 A, potential   -53.45
 76806 / 100001 elapsed  3 system 0.80 temp  42.3 hbonds, Rg  13.3 A, potential   -22.97
 76106 / 100001 elapsed  1 system 0.80 temp  45.8 hbonds, Rg  13.6 A, potential   -46.33
 76906 / 100001 elapsed  2 system 0.80 temp  47.5 hbonds, Rg  13.5 A, potential   -53.72
 76906 / 100001 elapsed  0 system 0.80 temp  40.6 hbonds, Rg  13.6 A, potential   -36.22
 76906 / 100001 elapsed  3 system 0.80 temp  40.1 hbonds, Rg  13.4 A, potential   -40.61
 76206 / 100001 elapsed  1 system 0.80 temp  45.6 hbonds, Rg  13.6 A, potential   -42.09
 77006 / 100001 elapsed  2 system 0.80 temp  42.4 hbonds, Rg  13.4 A, potential   -29.84
 77006 / 100001 elapsed  0 system 0.80 temp  47.5 hbonds, Rg  13.5 A, potential   -42.28
 77006 / 100001 elapsed  3 system 0.80 temp  40.9 hbonds, Rg  13.3 A, potential   -34.60
 76306 / 100001 elapsed  1 system 0.80 temp  43.6 hbonds, Rg  13.3 A, potential   -34.64
 77106 / 100001 elapsed  2 system 0.80 temp  39.5 hbonds, Rg  13.3 A, potential   -36.11
 77106 / 100001 elapsed  3 system 0.80 temp  37.4 hbonds, Rg  13.6 A, potential   -44.38
 77106 / 100001 elapsed  0 system 0.80 temp  44.8 hbonds, Rg  13.5 A, potential   -57.22
 76406 / 100001 elapsed  1 system 0.80 temp  43.6 hbonds, Rg  13.5 A, potential   -47.10
 77206 / 100001 elapsed  2 system 0.80 temp  40.4 hbonds, Rg  13.6 A, potential   -13.77
 77206 / 100001 elapsed  3 system 0.80 temp  44.0 hbonds, Rg  13.4 A, potential   -50.28
 77206 / 100001 elapsed  0 system 0.80 temp  48.5 hbonds, Rg  13.3 A, potential   -51.49
 76506 / 100001 elapsed  1 system 0.80 temp  43.2 hbonds, Rg  13.8 A, potential   -47.77
 77306 / 100001 elapsed  3 system 0.80 temp  42.1 hbonds, Rg  13.6 A, potential   -43.51
 77306 / 100001 elapsed  0 system 0.80 temp  45.5 hbonds, Rg  13.3 A, potential   -45.30
 77306 / 100001 elapsed  2 system 0.80 temp  34.3 hbonds, Rg  13.7 A, potential   -15.17
 76606 / 100001 elapsed  1 system 0.80 temp  47.8 hbonds, Rg  13.3 A, potential   -49.70
 77406 / 100001 elapsed  3 system 0.80 temp  40.8 hbonds, Rg  13.4 A, potential   -35.27
 77406 / 100001 elapsed  2 system 0.80 temp  42.5 hbonds, Rg  13.3 A, potential   -37.23
 77406 / 100001 elapsed  0 system 0.80 temp  44.8 hbonds, Rg  13.3 A, potential   -44.87
 76706 / 100001 elapsed  1 system 0.80 temp  44.4 hbonds, Rg  13.1 A, potential   -39.05
 77506 / 100001 elapsed  3 system 0.80 temp  45.1 hbonds, Rg  13.6 A, potential   -69.79
 77506 / 100001 elapsed  2 system 0.80 temp  42.9 hbonds, Rg  13.8 A, potential   -44.95
 77506 / 100001 elapsed  0 system 0.80 temp  41.8 hbonds, Rg  13.5 A, potential   -31.44
 76806 / 100001 elapsed  1 system 0.80 temp  44.5 hbonds, Rg  13.3 A, potential   -34.81
 77606 / 100001 elapsed  0 system 0.80 temp  44.6 hbonds, Rg  13.4 A, potential   -51.79
 77606 / 100001 elapsed  3 system 0.80 temp  45.8 hbonds, Rg  13.6 A, potential   -44.01
 77606 / 100001 elapsed  2 system 0.80 temp  43.2 hbonds, Rg  14.0 A, potential   -47.70
 76906 / 100001 elapsed  1 system 0.80 temp  46.0 hbonds, Rg  13.6 A, potential   -36.53
 77706 / 100001 elapsed  3 system 0.80 temp  44.9 hbonds, Rg  13.0 A, potential   -34.58
 77706 / 100001 elapsed  0 system 0.80 temp  45.3 hbonds, Rg  13.6 A, potential   -41.89
 77706 / 100001 elapsed  2 system 0.80 temp  42.3 hbonds, Rg  13.7 A, potential   -30.57
 77806 / 100001 elapsed  0 system 0.80 temp  47.8 hbonds, Rg  13.4 A, potential   -70.07
 77806 / 100001 elapsed  3 system 0.80 temp  47.4 hbonds, Rg  13.4 A, potential   -49.27
 77006 / 100001 elapsed  1 system 0.80 temp  47.0 hbonds, Rg  13.5 A, potential   -60.48
 77806 / 100001 elapsed  2 system 0.80 temp  42.9 hbonds, Rg  13.3 A, potential   -39.30
 77906 / 100001 elapsed  0 system 0.80 temp  45.6 hbonds, Rg  13.3 A, potential   -50.63
 77906 / 100001 elapsed  3 system 0.80 temp  46.8 hbonds, Rg  13.4 A, potential   -41.34
 77106 / 100001 elapsed  1 system 0.80 temp  45.2 hbonds, Rg  13.5 A, potential   -64.93
 77906 / 100001 elapsed  2 system 0.80 temp  44.5 hbonds, Rg  13.6 A, potential   -48.01
 78006 / 100001 elapsed  3 system 0.80 temp  46.4 hbonds, Rg  13.4 A, potential   -60.29
 78006 / 100001 elapsed  0 system 0.80 temp  46.6 hbonds, Rg  13.2 A, potential   -50.14
 77206 / 100001 elapsed  1 system 0.80 temp  44.7 hbonds, Rg  13.4 A, potential   -49.43
 78006 / 100001 elapsed  2 system 0.80 temp  46.8 hbonds, Rg  13.6 A, potential   -68.29
 78106 / 100001 elapsed  3 system 0.80 temp  46.3 hbonds, Rg  13.4 A, potential   -57.74
 78106 / 100001 elapsed  0 system 0.80 temp  41.9 hbonds, Rg  13.7 A, potential    -7.12
 77306 / 100001 elapsed  1 system 0.80 temp  47.8 hbonds, Rg  13.2 A, potential   -59.38
 78106 / 100001 elapsed  2 system 0.80 temp  46.1 hbonds, Rg  13.4 A, potential   -54.98
 78206 / 100001 elapsed  3 system 0.80 temp  46.1 hbonds, Rg  13.4 A, potential   -63.66
 78206 / 100001 elapsed  0 system 0.80 temp  45.7 hbonds, Rg  13.3 A, potential   -71.42
 77406 / 100001 elapsed  1 system 0.80 temp  46.1 hbonds, Rg  13.5 A, potential   -46.64
 78206 / 100001 elapsed  2 system 0.80 temp  45.4 hbonds, Rg  13.3 A, potential   -42.33
 78306 / 100001 elapsed  3 system 0.80 temp  46.2 hbonds, Rg  13.4 A, potential   -52.42
 78306 / 100001 elapsed  0 system 0.80 temp  46.1 hbonds, Rg  13.3 A, potential   -56.47
 77506 / 100001 elapsed  1 system 0.80 temp  46.3 hbonds, Rg  13.4 A, potential   -53.88
 78306 / 100001 elapsed  2 system 0.80 temp  44.1 hbonds, Rg  13.5 A, potential   -55.15
 78406 / 100001 elapsed  3 system 0.80 temp  44.9 hbonds, Rg  13.3 A, potential   -48.43
 78406 / 100001 elapsed  0 system 0.80 temp  46.1 hbonds, Rg  13.6 A, potential   -46.51
 77606 / 100001 elapsed  1 system 0.80 temp  45.5 hbonds, Rg  13.2 A, potential   -42.96
 78406 / 100001 elapsed  2 system 0.80 temp  41.3 hbonds, Rg  13.3 A, potential   -17.91
 78506 / 100001 elapsed  0 system 0.80 temp  46.8 hbonds, Rg  13.4 A, potential   -60.03
 78506 / 100001 elapsed  3 system 0.80 temp  47.9 hbonds, Rg  13.3 A, potential   -46.77
 77706 / 100001 elapsed  1 system 0.80 temp  43.1 hbonds, Rg  13.6 A, potential   -50.64
 78506 / 100001 elapsed  2 system 0.80 temp  46.2 hbonds, Rg  13.5 A, potential   -50.54
 78606 / 100001 elapsed  0 system 0.80 temp  46.1 hbonds, Rg  13.4 A, potential   -67.58
 78606 / 100001 elapsed  3 system 0.80 temp  43.8 hbonds, Rg  13.4 A, potential   -61.86
 77806 / 100001 elapsed  1 system 0.80 temp  45.0 hbonds, Rg  13.3 A, potential   -29.80
 78606 / 100001 elapsed  2 system 0.80 temp  45.6 hbonds, Rg  13.5 A, potential   -67.41
 78706 / 100001 elapsed  0 system 0.80 temp  45.6 hbonds, Rg  13.5 A, potential   -51.18
 78706 / 100001 elapsed  3 system 0.80 temp  45.2 hbonds, Rg  13.4 A, potential   -52.61
 77906 / 100001 elapsed  1 system 0.80 temp  43.7 hbonds, Rg  13.7 A, potential   -50.24
 78706 / 100001 elapsed  2 system 0.80 temp  44.5 hbonds, Rg  13.5 A, potential   -48.87
 78806 / 100001 elapsed  0 system 0.80 temp  45.0 hbonds, Rg  13.4 A, potential   -42.27
 78806 / 100001 elapsed  3 system 0.80 temp  46.6 hbonds, Rg  13.6 A, potential   -50.96
 78006 / 100001 elapsed  1 system 0.80 temp  47.4 hbonds, Rg  13.3 A, potential   -56.59
 78806 / 100001 elapsed  2 system 0.80 temp  44.8 hbonds, Rg  13.5 A, potential   -45.21
 78906 / 100001 elapsed  0 system 0.80 temp  43.6 hbonds, Rg  13.5 A, potential   -40.22
 78906 / 100001 elapsed  3 system 0.80 temp  44.8 hbonds, Rg  13.8 A, potential   -44.21
 78106 / 100001 elapsed  1 system 0.80 temp  45.8 hbonds, Rg  13.3 A, potential   -50.07
 78906 / 100001 elapsed  2 system 0.80 temp  46.2 hbonds, Rg  13.4 A, potential   -44.99
 79006 / 100001 elapsed  3 system 0.80 temp  42.3 hbonds, Rg  13.4 A, potential   -20.06
 79006 / 100001 elapsed  0 system 0.80 temp  43.5 hbonds, Rg  13.6 A, potential   -31.43
 78206 / 100001 elapsed  1 system 0.80 temp  47.2 hbonds, Rg  13.4 A, potential   -50.42
 79006 / 100001 elapsed  2 system 0.80 temp  47.1 hbonds, Rg  13.4 A, potential   -51.72
 79106 / 100001 elapsed  3 system 0.80 temp  48.5 hbonds, Rg  13.4 A, potential   -59.37
 79106 / 100001 elapsed  0 system 0.80 temp  45.5 hbonds, Rg  13.4 A, potential   -53.44
 78306 / 100001 elapsed  1 system 0.80 temp  46.2 hbonds, Rg  13.5 A, potential   -48.52
 79106 / 100001 elapsed  2 system 0.80 temp  46.1 hbonds, Rg  13.4 A, potential   -61.35
 79206 / 100001 elapsed  3 system 0.80 temp  43.2 hbonds, Rg  13.4 A, potential   -49.78
 79206 / 100001 elapsed  0 system 0.80 temp  43.8 hbonds, Rg  13.4 A, potential   -52.09
 78406 / 100001 elapsed  1 system 0.80 temp  45.2 hbonds, Rg  13.6 A, potential   -47.52
 79206 / 100001 elapsed  2 system 0.80 temp  46.7 hbonds, Rg  13.4 A, potential   -61.52
 79306 / 100001 elapsed  3 system 0.80 temp  44.8 hbonds, Rg  13.4 A, potential   -44.44
 79306 / 100001 elapsed  0 system 0.80 temp  41.8 hbonds, Rg  13.1 A, potential    -6.62
 78506 / 100001 elapsed  1 system 0.80 temp  44.8 hbonds, Rg  13.6 A, potential   -49.42
 79306 / 100001 elapsed  2 system 0.80 temp  46.3 hbonds, Rg  13.6 A, potential   -48.36
 79406 / 100001 elapsed  3 system 0.80 temp  45.7 hbonds, Rg  13.4 A, potential   -43.56
 79406 / 100001 elapsed  0 system 0.80 temp  44.8 hbonds, Rg  13.3 A, potential   -56.36
 78606 / 100001 elapsed  1 system 0.80 temp  42.6 hbonds, Rg  13.4 A, potential   -34.76
 79406 / 100001 elapsed  2 system 0.80 temp  43.5 hbonds, Rg  13.6 A, potential   -53.28
 79506 / 100001 elapsed  3 system 0.80 temp  45.0 hbonds, Rg  13.5 A, potential   -60.02
 79506 / 100001 elapsed  0 system 0.80 temp  43.4 hbonds, Rg  13.3 A, potential   -47.34
 78706 / 100001 elapsed  1 system 0.80 temp  45.0 hbonds, Rg  13.6 A, potential   -51.37
 79506 / 100001 elapsed  2 system 0.80 temp  44.6 hbonds, Rg  13.4 A, potential   -42.70
 79606 / 100001 elapsed  3 system 0.80 temp  44.1 hbonds, Rg  13.5 A, potential   -50.76
 79606 / 100001 elapsed  0 system 0.80 temp  40.3 hbonds, Rg  13.6 A, potential   -34.81
 78806 / 100001 elapsed  1 system 0.80 temp  41.8 hbonds, Rg  13.4 A, potential   -47.90
 79606 / 100001 elapsed  2 system 0.80 temp  42.1 hbonds, Rg  13.5 A, potential   -48.62
 79706 / 100001 elapsed  3 system 0.80 temp  45.6 hbonds, Rg  13.8 A, potential   -68.64
 79706 / 100001 elapsed  0 system 0.80 temp  45.0 hbonds, Rg  13.4 A, potential   -55.85
 78906 / 100001 elapsed  1 system 0.80 temp  40.7 hbonds, Rg  13.5 A, potential   -37.32
 79706 / 100001 elapsed  2 system 0.80 temp  43.4 hbonds, Rg  13.3 A, potential   -34.64
 79806 / 100001 elapsed  3 system 0.80 temp  45.7 hbonds, Rg  13.4 A, potential   -51.42
 79806 / 100001 elapsed  0 system 0.80 temp  46.5 hbonds, Rg  13.4 A, potential   -57.62
 79006 / 100001 elapsed  1 system 0.80 temp  39.8 hbonds, Rg  13.9 A, potential   -41.99
 79806 / 100001 elapsed  2 system 0.80 temp  45.2 hbonds, Rg  13.5 A, potential   -59.10
 79906 / 100001 elapsed  3 system 0.80 temp  45.9 hbonds, Rg  13.6 A, potential   -38.07
 79906 / 100001 elapsed  0 system 0.80 temp  41.1 hbonds, Rg  13.7 A, potential   -31.32
 79106 / 100001 elapsed  1 system 0.80 temp  41.3 hbonds, Rg  13.0 A, potential   -29.13
 79906 / 100001 elapsed  2 system 0.80 temp  44.4 hbonds, Rg  13.7 A, potential   -39.28
 80006 / 100001 elapsed  3 system 0.80 temp  46.0 hbonds, Rg  13.4 A, potential   -57.19
 80006 / 100001 elapsed  0 system 0.80 temp  46.4 hbonds, Rg  13.5 A, potential   -65.09
 79206 / 100001 elapsed  1 system 0.80 temp  42.3 hbonds, Rg  13.3 A, potential   -43.65
 80006 / 100001 elapsed  2 system 0.80 temp  44.3 hbonds, Rg  13.8 A, potential   -50.82
 80106 / 100001 elapsed  3 system 0.80 temp  45.3 hbonds, Rg  13.6 A, potential   -42.36
 80106 / 100001 elapsed  0 system 0.80 temp  43.7 hbonds, Rg  13.7 A, potential   -33.05
 79306 / 100001 elapsed  1 system 0.80 temp  36.0 hbonds, Rg  14.3 A, potential   -21.94
 80106 / 100001 elapsed  2 system 0.80 temp  45.5 hbonds, Rg  13.2 A, potential   -33.69
 80206 / 100001 elapsed  3 system 0.80 temp  47.5 hbonds, Rg  13.4 A, potential   -43.77
 80206 / 100001 elapsed  0 system 0.80 temp  44.0 hbonds, Rg  13.0 A, potential   -48.72
 79406 / 100001 elapsed  1 system 0.80 temp  41.4 hbonds, Rg  13.3 A, potential   -30.06
 80206 / 100001 elapsed  2 system 0.80 temp  44.3 hbonds, Rg  13.1 A, potential   -34.59
 80306 / 100001 elapsed  3 system 0.80 temp  45.4 hbonds, Rg  13.4 A, potential   -40.78
 80306 / 100001 elapsed  0 system 0.80 temp  45.2 hbonds, Rg  13.6 A, potential   -50.88
 79506 / 100001 elapsed  1 system 0.80 temp  41.4 hbonds, Rg  13.1 A, potential   -52.67
 80306 / 100001 elapsed  2 system 0.80 temp  46.5 hbonds, Rg  13.4 A, potential   -49.12
 80406 / 100001 elapsed  3 system 0.80 temp  46.8 hbonds, Rg  13.4 A, potential   -51.06
 80406 / 100001 elapsed  0 system 0.80 temp  45.5 hbonds, Rg  13.4 A, potential   -36.13
 79606 / 100001 elapsed  1 system 0.80 temp  43.7 hbonds, Rg  13.2 A, potential   -45.72
 80406 / 100001 elapsed  2 system 0.80 temp  42.7 hbonds, Rg  13.5 A, potential   -47.26
 80506 / 100001 elapsed  3 system 0.80 temp  42.1 hbonds, Rg  13.5 A, potential   -41.44
 80506 / 100001 elapsed  0 system 0.80 temp  47.0 hbonds, Rg  13.5 A, potential   -49.11
 79706 / 100001 elapsed  1 system 0.80 temp  45.1 hbonds, Rg  13.8 A, potential   -43.41
 80506 / 100001 elapsed  2 system 0.80 temp  46.4 hbonds, Rg  13.5 A, potential   -42.43
 80606 / 100001 elapsed  3 system 0.80 temp  38.7 hbonds, Rg  13.8 A, potential   -32.93
 80606 / 100001 elapsed  0 system 0.80 temp  47.5 hbonds, Rg  13.3 A, potential   -45.61
 79806 / 100001 elapsed  1 system 0.80 temp  45.6 hbonds, Rg  13.4 A, potential   -43.70
 80606 / 100001 elapsed  2 system 0.80 temp  45.7 hbonds, Rg  13.4 A, potential   -60.45
 80706 / 100001 elapsed  3 system 0.80 temp  46.4 hbonds, Rg  13.7 A, potential   -41.35
 80706 / 100001 elapsed  0 system 0.80 temp  43.3 hbonds, Rg  13.3 A, potential   -59.19
 79906 / 100001 elapsed  1 system 0.80 temp  46.4 hbonds, Rg  13.4 A, potential   -53.70
 80706 / 100001 elapsed  2 system 0.80 temp  41.9 hbonds, Rg  13.6 A, potential   -44.71
 80806 / 100001 elapsed  3 system 0.80 temp  45.3 hbonds, Rg  13.5 A, potential   -44.80
 80806 / 100001 elapsed  0 system 0.80 temp  43.1 hbonds, Rg  13.5 A, potential   -45.05
 80006 / 100001 elapsed  1 system 0.80 temp  45.2 hbonds, Rg  13.5 A, potential   -53.04
 80806 / 100001 elapsed  2 system 0.80 temp  45.1 hbonds, Rg  13.6 A, potential   -63.50
 80906 / 100001 elapsed  3 system 0.80 temp  41.7 hbonds, Rg  13.4 A, potential   -16.65
 80906 / 100001 elapsed  0 system 0.80 temp  44.5 hbonds, Rg  13.6 A, potential   -22.45
 80106 / 100001 elapsed  1 system 0.80 temp  45.9 hbonds, Rg  13.5 A, potential   -45.18
 80906 / 100001 elapsed  2 system 0.80 temp  43.7 hbonds, Rg  13.7 A, potential   -51.26
 81006 / 100001 elapsed  3 system 0.80 temp  41.8 hbonds, Rg  13.9 A, potential   -43.67
 81006 / 100001 elapsed  0 system 0.80 temp  45.1 hbonds, Rg  13.7 A, potential   -44.21
 80206 / 100001 elapsed  1 system 0.80 temp  47.4 hbonds, Rg  13.3 A, potential   -47.77
 81006 / 100001 elapsed  2 system 0.80 temp  46.2 hbonds, Rg  13.4 A, potential   -51.12
 81106 / 100001 elapsed  3 system 0.80 temp  44.6 hbonds, Rg  13.4 A, potential   -41.09
 81106 / 100001 elapsed  0 system 0.80 temp  44.7 hbonds, Rg  13.5 A, potential   -49.54
 80306 / 100001 elapsed  1 system 0.80 temp  41.5 hbonds, Rg  13.9 A, potential   -31.93
 81106 / 100001 elapsed  2 system 0.80 temp  46.0 hbonds, Rg  13.2 A, potential   -37.89
 81206 / 100001 elapsed  3 system 0.80 temp  42.0 hbonds, Rg  13.5 A, potential   -50.11
 81206 / 100001 elapsed  0 system 0.80 temp  45.2 hbonds, Rg  13.4 A, potential   -51.55
 80406 / 100001 elapsed  1 system 0.80 temp  45.0 hbonds, Rg  13.5 A, potential   -42.87
 81206 / 100001 elapsed  2 system 0.80 temp  44.4 hbonds, Rg  13.5 A, potential   -43.91
 81307 / 100001 elapsed  3 system 0.80 temp  42.5 hbonds, Rg  13.8 A, potential   -15.61
 81307 / 100001 elapsed  0 system 0.80 temp  43.7 hbonds, Rg  13.5 A, potential   -47.23
 80506 / 100001 elapsed  1 system 0.80 temp  44.0 hbonds, Rg  13.0 A, potential   -36.44
 81307 / 100001 elapsed  2 system 0.80 temp  44.2 hbonds, Rg  13.6 A, potential   -38.77
 81407 / 100001 elapsed  3 system 0.80 temp  44.2 hbonds, Rg  13.6 A, potential   -55.33
 81407 / 100001 elapsed  0 system 0.80 temp  43.5 hbonds, Rg  13.4 A, potential   -52.49
 80606 / 100001 elapsed  1 system 0.80 temp  43.1 hbonds, Rg  13.4 A, potential   -47.74
 81407 / 100001 elapsed  2 system 0.80 temp  44.8 hbonds, Rg  13.5 A, potential   -62.47
 81507 / 100001 elapsed  3 system 0.80 temp  41.2 hbonds, Rg  13.7 A, potential   -21.68
 81507 / 100001 elapsed  0 system 0.80 temp  42.3 hbonds, Rg  13.7 A, potential   -38.24
 80706 / 100001 elapsed  1 system 0.80 temp  45.4 hbonds, Rg  13.0 A, potential   -43.66
 81507 / 100001 elapsed  2 system 0.80 temp  45.2 hbonds, Rg  13.5 A, potential   -52.69
 81607 / 100001 elapsed  3 system 0.80 temp  42.6 hbonds, Rg  13.7 A, potential   -54.65
 81607 / 100001 elapsed  0 system 0.80 temp  46.6 hbonds, Rg  13.3 A, potential   -38.49
 80806 / 100001 elapsed  1 system 0.80 temp  44.3 hbonds, Rg  13.5 A, potential   -36.79
 81607 / 100001 elapsed  2 system 0.80 temp  46.7 hbonds, Rg  13.4 A, potential   -60.14
 81707 / 100001 elapsed  3 system 0.80 temp  44.5 hbonds, Rg  13.1 A, potential   -43.23
 81707 / 100001 elapsed  0 system 0.80 temp  41.8 hbonds, Rg  13.6 A, potential   -35.76
 80906 / 100001 elapsed  1 system 0.80 temp  42.0 hbonds, Rg  13.7 A, potential   -23.94
 81707 / 100001 elapsed  2 system 0.80 temp  46.9 hbonds, Rg  13.3 A, potential   -45.58
 81807 / 100001 elapsed  3 system 0.80 temp  45.1 hbonds, Rg  13.3 A, potential   -54.51
 81807 / 100001 elapsed  0 system 0.80 temp  41.2 hbonds, Rg  13.1 A, potential   -29.55
 81006 / 100001 elapsed  1 system 0.80 temp  43.4 hbonds, Rg  13.4 A, potential   -42.94
 81807 / 100001 elapsed  2 system 0.80 temp  42.1 hbonds, Rg  13.4 A, potential   -36.43
 81907 / 100001 elapsed  3 system 0.80 temp  45.0 hbonds, Rg  13.3 A, potential   -55.90
 81907 / 100001 elapsed  0 system 0.80 temp  45.7 hbonds, Rg  13.5 A, potential   -56.69
 81106 / 100001 elapsed  1 system 0.80 temp  39.8 hbonds, Rg  13.5 A, potential   -27.17
 81907 / 100001 elapsed  2 system 0.80 temp  44.6 hbonds, Rg  13.6 A, potential   -44.56
 82007 / 100001 elapsed  3 system 0.80 temp  42.6 hbonds, Rg  13.6 A, potential   -49.72
 82007 / 100001 elapsed  0 system 0.80 temp  46.0 hbonds, Rg  13.4 A, potential   -51.88
 81206 / 100001 elapsed  1 system 0.80 temp  43.8 hbonds, Rg  13.3 A, potential   -33.97
 82007 / 100001 elapsed  2 system 0.80 temp  45.6 hbonds, Rg  13.4 A, potential   -40.30
 82107 / 100001 elapsed  3 system 0.80 temp  44.0 hbonds, Rg  13.4 A, potential   -50.48
 82107 / 100001 elapsed  0 system 0.80 temp  47.6 hbonds, Rg  13.4 A, potential   -61.68
 81307 / 100001 elapsed  1 system 0.80 temp  44.1 hbonds, Rg  13.6 A, potential   -44.20
 82107 / 100001 elapsed  2 system 0.80 temp  43.7 hbonds, Rg  13.6 A, potential   -34.06
 82207 / 100001 elapsed  3 system 0.80 temp  45.2 hbonds, Rg  13.7 A, potential   -55.16
 82207 / 100001 elapsed  0 system 0.80 temp  46.2 hbonds, Rg  13.4 A, potential   -69.51
 81407 / 100001 elapsed  1 system 0.80 temp  44.0 hbonds, Rg  13.2 A, potential   -44.37
 82207 / 100001 elapsed  2 system 0.80 temp  43.8 hbonds, Rg  13.6 A, potential   -58.41
 82307 / 100001 elapsed  3 system 0.80 temp  46.5 hbonds, Rg  13.4 A, potential   -57.15
 82307 / 100001 elapsed  0 system 0.80 temp  45.5 hbonds, Rg  13.5 A, potential   -76.21
 82307 / 100001 elapsed  2 system 0.80 temp  43.7 hbonds, Rg  13.5 A, potential   -39.09
 81507 / 100001 elapsed  1 system 0.80 temp  45.9 hbonds, Rg  13.4 A, potential   -59.33
 82407 / 100001 elapsed  3 system 0.80 temp  47.5 hbonds, Rg  13.4 A, potential   -39.98
 82407 / 100001 elapsed  0 system 0.80 temp  47.9 hbonds, Rg  13.4 A, potential   -47.59
 82407 / 100001 elapsed  2 system 0.80 temp  43.6 hbonds, Rg  13.6 A, potential   -48.10
 81607 / 100001 elapsed  1 system 0.80 temp  47.7 hbonds, Rg  13.3 A, potential   -56.41
 82507 / 100001 elapsed  3 system 0.80 temp  46.0 hbonds, Rg  13.3 A, potential   -58.76
 82507 / 100001 elapsed  0 system 0.80 temp  46.3 hbonds, Rg  13.5 A, potential   -55.71
 82507 / 100001 elapsed  2 system 0.80 temp  45.1 hbonds, Rg  13.5 A, potential   -49.51
 81707 / 100001 elapsed  1 system 0.80 temp  47.3 hbonds, Rg  13.3 A, potential   -44.94
 82607 / 100001 elapsed  3 system 0.80 temp  46.0 hbonds, Rg  13.4 A, potential   -44.75
 82607 / 100001 elapsed  0 system 0.80 temp  47.7 hbonds, Rg  13.5 A, potential   -50.99
 82607 / 100001 elapsed  2 system 0.80 temp  43.0 hbonds, Rg  13.5 A, potential   -58.51
 81807 / 100001 elapsed  1 system 0.80 temp  45.7 hbonds, Rg  13.4 A, potential   -50.11
 82707 / 100001 elapsed  3 system 0.80 temp  45.8 hbonds, Rg  13.5 A, potential   -48.49
 82707 / 100001 elapsed  0 system 0.80 temp  44.9 hbonds, Rg  13.4 A, potential   -62.73
 82707 / 100001 elapsed  2 system 0.80 temp  45.1 hbonds, Rg  13.7 A, potential   -54.90
 81907 / 100001 elapsed  1 system 0.80 temp  46.7 hbonds, Rg  13.3 A, potential   -72.98
 82807 / 100001 elapsed  3 system 0.80 temp  46.4 hbonds, Rg  13.4 A, potential   -65.70
 82807 / 100001 elapsed  0 system 0.80 temp  46.1 hbonds, Rg  13.5 A, potential   -43.06
 82807 / 100001 elapsed  2 system 0.80 temp  45.7 hbonds, Rg  13.5 A, potential   -66.83
 82007 / 100001 elapsed  1 system 0.80 temp  43.5 hbonds, Rg  13.4 A, potential   -25.84
 82907 / 100001 elapsed  3 system 0.80 temp  43.9 hbonds, Rg  13.4 A, potential   -46.95
 82907 / 100001 elapsed  0 system 0.80 temp  46.7 hbonds, Rg  13.1 A, potential   -41.62
 82907 / 100001 elapsed  2 system 0.80 temp  46.3 hbonds, Rg  13.3 A, potential   -48.78
 82107 / 100001 elapsed  1 system 0.80 temp  44.2 hbonds, Rg  13.5 A, potential   -43.69
 83007 / 100001 elapsed  3 system 0.80 temp  45.6 hbonds, Rg  13.4 A, potential   -43.89
 83007 / 100001 elapsed  0 system 0.80 temp  45.3 hbonds, Rg  13.4 A, potential   -40.34
 83007 / 100001 elapsed  2 system 0.80 temp  43.9 hbonds, Rg  13.4 A, potential   -54.72
 82207 / 100001 elapsed  1 system 0.80 temp  45.0 hbonds, Rg  13.7 A, potential   -48.70
 83107 / 100001 elapsed  3 system 0.80 temp  45.3 hbonds, Rg  13.3 A, potential   -36.32
 83107 / 100001 elapsed  0 system 0.80 temp  42.8 hbonds, Rg  13.6 A, potential   -43.10
 83107 / 100001 elapsed  2 system 0.80 temp  42.5 hbonds, Rg  13.7 A, potential   -52.43
 82307 / 100001 elapsed  1 system 0.80 temp  47.2 hbonds, Rg  13.4 A, potential   -66.54
 83207 / 100001 elapsed  3 system 0.80 temp  45.2 hbonds, Rg  13.9 A, potential   -59.57
 83207 / 100001 elapsed  0 system 0.80 temp  45.7 hbonds, Rg  13.5 A, potential   -31.77
 82407 / 100001 elapsed  1 system 0.80 temp  44.4 hbonds, Rg  13.4 A, potential   -47.00
 83207 / 100001 elapsed  2 system 0.80 temp  45.2 hbonds, Rg  13.6 A, potential   -52.15
 83307 / 100001 elapsed  3 system 0.80 temp  47.8 hbonds, Rg  13.5 A, potential   -39.44
 83307 / 100001 elapsed  0 system 0.80 temp  46.4 hbonds, Rg  13.3 A, potential   -60.60
 82507 / 100001 elapsed  1 system 0.80 temp  47.3 hbonds, Rg  13.5 A, potential   -54.23
 83307 / 100001 elapsed  2 system 0.80 temp  45.3 hbonds, Rg  13.5 A, potential   -50.18
 83407 / 100001 elapsed  3 system 0.80 temp  43.5 hbonds, Rg  13.4 A, potential   -46.67
 83407 / 100001 elapsed  0 system 0.80 temp  46.0 hbonds, Rg  13.3 A, potential   -59.70
 82607 / 100001 elapsed  1 system 0.80 temp  43.3 hbonds, Rg  13.3 A, potential   -32.73
 83407 / 100001 elapsed  2 system 0.80 temp  46.4 hbonds, Rg  13.5 A, potential   -54.30
 83507 / 100001 elapsed  3 system 0.80 temp  45.9 hbonds, Rg  13.6 A, potential   -39.18
 83507 / 100001 elapsed  0 system 0.80 temp  46.3 hbonds, Rg  13.5 A, potential   -43.73
 82707 / 100001 elapsed  1 system 0.80 temp  43.8 hbonds, Rg  13.5 A, potential   -47.70
 83507 / 100001 elapsed  2 system 0.80 temp  45.5 hbonds, Rg  13.4 A, potential   -43.79
 83607 / 100001 elapsed  3 system 0.80 temp  47.4 hbonds, Rg  13.5 A, potential   -54.06
 83607 / 100001 elapsed  0 system 0.80 temp  47.7 hbonds, Rg  13.5 A, potential   -55.66
 83607 / 100001 elapsed  2 system 0.80 temp  43.5 hbonds, Rg  13.4 A, potential   -44.33
 82807 / 100001 elapsed  1 system 0.80 temp  42.0 hbonds, Rg  13.9 A, potential   -50.03
 83707 / 100001 elapsed  3 system 0.80 temp  44.4 hbonds, Rg  13.4 A, potential   -48.62
 83707 / 100001 elapsed  0 system 0.80 temp  46.6 hbonds, Rg  13.5 A, potential   -55.77
 83707 / 100001 elapsed  2 system 0.80 temp  42.7 hbonds, Rg  13.8 A, potential   -45.17
 82907 / 100001 elapsed  1 system 0.80 temp  42.1 hbonds, Rg  13.3 A, potential   -27.87
 83807 / 100001 elapsed  3 system 0.80 temp  44.7 hbonds, Rg  13.5 A, potential   -39.21
 83807 / 100001 elapsed  0 system 0.80 temp  43.4 hbonds, Rg  13.5 A, potential   -56.52
 83807 / 100001 elapsed  2 system 0.80 temp  45.7 hbonds, Rg  13.3 A, potential   -56.30
 83007 / 100001 elapsed  1 system 0.80 temp  43.9 hbonds, Rg  13.4 A, potential   -33.10
 83907 / 100001 elapsed  3 system 0.80 temp  43.1 hbonds, Rg  13.2 A, potential   -48.24
 83907 / 100001 elapsed  0 system 0.80 temp  43.5 hbonds, Rg  13.8 A, potential   -40.61
 83907 / 100001 elapsed  2 system 0.80 temp  44.8 hbonds, Rg  13.6 A, potential   -55.85
 83107 / 100001 elapsed  1 system 0.80 temp  42.8 hbonds, Rg  13.9 A, potential   -41.17
 84007 / 100001 elapsed  3 system 0.80 temp  44.1 hbonds, Rg  13.7 A, potential   -51.37
 84007 / 100001 elapsed  0 system 0.80 temp  43.6 hbonds, Rg  13.1 A, potential   -42.96
 83207 / 100001 elapsed  1 system 0.80 temp  44.0 hbonds, Rg  13.4 A, potential   -25.19
 84007 / 100001 elapsed  2 system 0.80 temp  45.9 hbonds, Rg  13.6 A, potential   -52.90
 84107 / 100001 elapsed  3 system 0.80 temp  46.6 hbonds, Rg  13.4 A, potential   -52.15
 84107 / 100001 elapsed  0 system 0.80 temp  43.9 hbonds, Rg  13.4 A, potential     7.42
 83307 / 100001 elapsed  1 system 0.80 temp  41.5 hbonds, Rg  13.7 A, potential   -37.82
 84107 / 100001 elapsed  2 system 0.80 temp  47.1 hbonds, Rg  13.2 A, potential   -71.29
 84207 / 100001 elapsed  3 system 0.80 temp  45.6 hbonds, Rg  13.4 A, potential   -52.25
 84207 / 100001 elapsed  0 system 0.80 temp  44.2 hbonds, Rg  13.2 A, potential   -56.33
 83407 / 100001 elapsed  1 system 0.80 temp  42.2 hbonds, Rg  13.0 A, potential   -35.66
 84207 / 100001 elapsed  2 system 0.80 temp  47.2 hbonds, Rg  13.5 A, potential   -37.51
 84307 / 100001 elapsed  3 system 0.80 temp  47.8 hbonds, Rg  13.5 A, potential   -62.60
 84307 / 100001 elapsed  0 system 0.80 temp  45.7 hbonds, Rg  13.3 A, potential   -54.98
 83507 / 100001 elapsed  1 system 0.80 temp  38.9 hbonds, Rg  13.8 A, potential   -33.40
 84307 / 100001 elapsed  2 system 0.80 temp  46.8 hbonds, Rg  13.4 A, potential   -42.66
 84407 / 100001 elapsed  3 system 0.80 temp  44.0 hbonds, Rg  13.3 A, potential   -41.88
 84407 / 100001 elapsed  0 system 0.80 temp  43.6 hbonds, Rg  13.9 A, potential   -60.65
 83607 / 100001 elapsed  1 system 0.80 temp  38.9 hbonds, Rg  13.6 A, potential   -32.03
 84407 / 100001 elapsed  2 system 0.80 temp  46.4 hbonds, Rg  13.4 A, potential   -60.74
 84507 / 100001 elapsed  3 system 0.80 temp  44.9 hbonds, Rg  13.5 A, potential   -60.42
 84507 / 100001 elapsed  0 system 0.80 temp  45.5 hbonds, Rg  13.3 A, potential   -38.09
 83707 / 100001 elapsed  1 system 0.80 temp  39.9 hbonds, Rg  13.6 A, potential   -25.89
 84507 / 100001 elapsed  2 system 0.80 temp  45.6 hbonds, Rg  13.6 A, potential   -57.74
 84607 / 100001 elapsed  3 system 0.80 temp  43.5 hbonds, Rg  13.5 A, potential   -64.26
 84607 / 100001 elapsed  0 system 0.80 temp  45.4 hbonds, Rg  13.5 A, potential   -48.60
 83807 / 100001 elapsed  1 system 0.80 temp  43.7 hbonds, Rg  13.5 A, potential   -39.91
 84607 / 100001 elapsed  2 system 0.80 temp  43.0 hbonds, Rg  13.4 A, potential   -45.42
 84707 / 100001 elapsed  3 system 0.80 temp  45.4 hbonds, Rg  13.5 A, potential   -50.84
 84707 / 100001 elapsed  0 system 0.80 temp  42.9 hbonds, Rg  13.3 A, potential   -33.83
 83907 / 100001 elapsed  1 system 0.80 temp  45.2 hbonds, Rg  13.3 A, potential   -29.74
 84707 / 100001 elapsed  2 system 0.80 temp  43.3 hbonds, Rg  13.5 A, potential   -47.42
 84807 / 100001 elapsed  3 system 0.80 temp  46.3 hbonds, Rg  13.6 A, potential   -40.44
 84807 / 100001 elapsed  0 system 0.80 temp  46.7 hbonds, Rg  13.5 A, potential   -40.44
 84007 / 100001 elapsed  1 system 0.80 temp  44.9 hbonds, Rg  13.4 A, potential   -42.08
 84807 / 100001 elapsed  2 system 0.80 temp  42.7 hbonds, Rg  13.3 A, potential   -48.46
 84907 / 100001 elapsed  3 system 0.80 temp  46.7 hbonds, Rg  13.6 A, potential   -57.50
 84907 / 100001 elapsed  0 system 0.80 temp  45.2 hbonds, Rg  13.6 A, potential   -40.99
 84107 / 100001 elapsed  1 system 0.80 temp  43.1 hbonds, Rg  13.3 A, potential   -46.84
 84907 / 100001 elapsed  2 system 0.80 temp  44.0 hbonds, Rg  13.3 A, potential   -43.31
 85007 / 100001 elapsed  3 system 0.80 temp  43.2 hbonds, Rg  13.5 A, potential   -45.65
 85007 / 100001 elapsed  0 system 0.80 temp  44.3 hbonds, Rg  13.5 A, potential   -56.73
 84207 / 100001 elapsed  1 system 0.80 temp  39.8 hbonds, Rg  13.8 A, potential   -37.48
 85007 / 100001 elapsed  2 system 0.80 temp  45.3 hbonds, Rg  13.4 A, potential   -42.80
 85107 / 100001 elapsed  3 system 0.80 temp  46.2 hbonds, Rg  13.6 A, potential   -67.27
 85107 / 100001 elapsed  0 system 0.80 temp  46.3 hbonds, Rg  13.6 A, potential   -54.40
 84307 / 100001 elapsed  1 system 0.80 temp  44.0 hbonds, Rg  13.4 A, potential   -62.72
 85107 / 100001 elapsed  2 system 0.80 temp  43.2 hbonds, Rg  13.4 A, potential   -56.51
 85207 / 100001 elapsed  3 system 0.80 temp  44.3 hbonds, Rg  13.6 A, potential   -44.87
 85207 / 100001 elapsed  0 system 0.80 temp  42.6 hbonds, Rg  13.4 A, potential   -39.48
 84407 / 100001 elapsed  1 system 0.80 temp  40.8 hbonds, Rg  13.4 A, potential   -27.68
 85207 / 100001 elapsed  2 system 0.80 temp  44.3 hbonds, Rg  13.5 A, potential   -44.14
 85307 / 100001 elapsed  3 system 0.80 temp  45.2 hbonds, Rg  13.7 A, potential   -49.99
 85307 / 100001 elapsed  0 system 0.80 temp  43.7 hbonds, Rg  13.6 A, potential   -46.80
 84507 / 100001 elapsed  1 system 0.80 temp  45.7 hbonds, Rg  13.6 A, potential   -58.89
 85307 / 100001 elapsed  2 system 0.80 temp  45.3 hbonds, Rg  13.4 A, potential   -32.43
 85407 / 100001 elapsed  3 system 0.80 temp  45.6 hbonds, Rg  13.5 A, potential   -60.62
 85407 / 100001 elapsed  0 system 0.80 temp  46.9 hbonds, Rg  13.4 A, potential   -45.42
 84607 / 100001 elapsed  1 system 0.80 temp  45.3 hbonds, Rg  13.5 A, potential   -38.67
 85407 / 100001 elapsed  2 system 0.80 temp  46.3 hbonds, Rg  13.4 A, potential   -57.51
 85507 / 100001 elapsed  3 system 0.80 temp  44.5 hbonds, Rg  13.5 A, potential   -45.19
 85507 / 100001 elapsed  0 system 0.80 temp  43.1 hbonds, Rg  13.7 A, potential   -26.30
 84707 / 100001 elapsed  1 system 0.80 temp  43.1 hbonds, Rg  13.2 A, potential   -46.72
 85507 / 100001 elapsed  2 system 0.80 temp  40.4 hbonds, Rg  13.7 A, potential   -30.42
 85607 / 100001 elapsed  3 system 0.80 temp  46.6 hbonds, Rg  13.3 A, potential   -57.55
 85607 / 100001 elapsed  0 system 0.80 temp  46.5 hbonds, Rg  13.4 A, potential   -50.90
 84807 / 100001 elapsed  1 system 0.80 temp  46.3 hbonds, Rg  13.5 A, potential   -46.73
 85607 / 100001 elapsed  2 system 0.80 temp  45.8 hbonds, Rg  13.4 A, potential   -58.57
 85707 / 100001 elapsed  3 system 0.80 temp  41.6 hbonds, Rg  13.5 A, potential   -32.88
 85707 / 100001 elapsed  0 system 0.80 temp  47.3 hbonds, Rg  13.5 A, potential   -32.99
 84907 / 100001 elapsed  1 system 0.80 temp  43.2 hbonds, Rg  13.6 A, potential   -23.21
 85707 / 100001 elapsed  2 system 0.80 temp  39.6 hbonds, Rg  13.8 A, potential   -18.69
 85807 / 100001 elapsed  3 system 0.80 temp  47.2 hbonds, Rg  13.4 A, potential   -50.89
 85807 / 100001 elapsed  0 system 0.80 temp  47.8 hbonds, Rg  13.5 A, potential   -57.23
 85007 / 100001 elapsed  1 system 0.80 temp  46.3 hbonds, Rg  13.0 A, potential   -46.85
 85907 / 100001 elapsed  3 system 0.80 temp  46.1 hbonds, Rg  13.5 A, potential   -46.66
 85807 / 100001 elapsed  2 system 0.80 temp  41.2 hbonds, Rg  13.6 A, potential   -31.79
 85907 / 100001 elapsed  0 system 0.80 temp  41.9 hbonds, Rg  13.4 A, potential   -48.08
 85107 / 100001 elapsed  1 system 0.80 temp  44.8 hbonds, Rg  13.5 A, potential   -40.28
 86007 / 100001 elapsed  3 system 0.80 temp  45.2 hbonds, Rg  13.6 A, potential   -54.67
 85907 / 100001 elapsed  2 system 0.80 temp  45.3 hbonds, Rg  13.3 A, potential   -39.91
 86007 / 100001 elapsed  0 system 0.80 temp  43.5 hbonds, Rg  13.4 A, potential   -53.50
 85207 / 100001 elapsed  1 system 0.80 temp  42.3 hbonds, Rg  13.7 A, potential   -42.98
 86107 / 100001 elapsed  3 system 0.80 temp  44.6 hbonds, Rg  13.4 A, potential   -51.58
 86007 / 100001 elapsed  2 system 0.80 temp  45.0 hbonds, Rg  13.7 A, potential   -63.77
 86107 / 100001 elapsed  0 system 0.80 temp  46.2 hbonds, Rg  13.5 A, potential   -66.59
 85307 / 100001 elapsed  1 system 0.80 temp  47.2 hbonds, Rg  13.5 A, potential   -46.67
 86207 / 100001 elapsed  3 system 0.80 temp  43.6 hbonds, Rg  13.5 A, potential   -44.54
 86107 / 100001 elapsed  2 system 0.80 temp  43.6 hbonds, Rg  13.4 A, potential   -48.91
 86207 / 100001 elapsed  0 system 0.80 temp  46.4 hbonds, Rg  13.3 A, potential   -61.76
 85407 / 100001 elapsed  1 system 0.80 temp  45.8 hbonds, Rg  13.3 A, potential   -41.41
 86307 / 100001 elapsed  3 system 0.80 temp  44.9 hbonds, Rg  13.6 A, potential   -57.01
 86207 / 100001 elapsed  2 system 0.80 temp  45.7 hbonds, Rg  13.2 A, potential   -38.93
 86307 / 100001 elapsed  0 system 0.80 temp  46.3 hbonds, Rg  13.5 A, potential   -63.83
 85507 / 100001 elapsed  1 system 0.80 temp  47.0 hbonds, Rg  13.4 A, potential   -51.89
 86407 / 100001 elapsed  3 system 0.80 temp  43.7 hbonds, Rg  13.6 A, potential   -50.19
 86307 / 100001 elapsed  2 system 0.80 temp  45.9 hbonds, Rg  13.4 A, potential    -9.99
 86407 / 100001 elapsed  0 system 0.80 temp  46.1 hbonds, Rg  13.1 A, potential   -59.85
 86507 / 100001 elapsed  3 system 0.80 temp  47.2 hbonds, Rg  13.4 A, potential   -40.96
 85607 / 100001 elapsed  1 system 0.80 temp  42.0 hbonds, Rg  13.7 A, potential   -47.58
 86407 / 100001 elapsed  2 system 0.80 temp  45.6 hbonds, Rg  13.4 A, potential   -60.35
 86507 / 100001 elapsed  0 system 0.80 temp  45.9 hbonds, Rg  13.3 A, potential   -44.55
 86607 / 100001 elapsed  3 system 0.80 temp  44.7 hbonds, Rg  13.5 A, potential   -53.81
 85707 / 100001 elapsed  1 system 0.80 temp  46.0 hbonds, Rg  13.4 A, potential   -58.75
 86507 / 100001 elapsed  2 system 0.80 temp  45.3 hbonds, Rg  13.3 A, potential   -53.70
 86607 / 100001 elapsed  0 system 0.80 temp  44.7 hbonds, Rg  13.8 A, potential   -58.05
 86707 / 100001 elapsed  3 system 0.80 temp  43.9 hbonds, Rg  13.3 A, potential   -23.93
 85807 / 100001 elapsed  1 system 0.80 temp  42.8 hbonds, Rg  13.5 A, potential   -51.96
 86607 / 100001 elapsed  2 system 0.80 temp  44.2 hbonds, Rg  13.9 A, potential   -58.94
 86707 / 100001 elapsed  0 system 0.80 temp  42.3 hbonds, Rg  13.3 A, potential   -38.26
 86807 / 100001 elapsed  3 system 0.80 temp  45.5 hbonds, Rg  13.3 A, potential   -53.51
 85907 / 100001 elapsed  1 system 0.80 temp  40.4 hbonds, Rg  13.4 A, potential   -47.84
 86707 / 100001 elapsed  2 system 0.80 temp  39.9 hbonds, Rg  13.9 A, potential   -42.04
 86807 / 100001 elapsed  0 system 0.80 temp  42.1 hbonds, Rg  13.8 A, potential   -49.97
 86907 / 100001 elapsed  3 system 0.80 temp  47.2 hbonds, Rg  13.2 A, potential   -53.86
 86007 / 100001 elapsed  1 system 0.80 temp  42.6 hbonds, Rg  13.1 A, potential   -35.14
 86807 / 100001 elapsed  2 system 0.80 temp  44.4 hbonds, Rg  13.7 A, potential   -33.99
 86907 / 100001 elapsed  0 system 0.80 temp  44.6 hbonds, Rg  13.6 A, potential   -61.24
 86107 / 100001 elapsed  1 system 0.80 temp  40.8 hbonds, Rg  13.7 A, potential   -35.10
 87007 / 100001 elapsed  3 system 0.80 temp  47.9 hbonds, Rg  13.6 A, potential   -70.87
 86907 / 100001 elapsed  2 system 0.80 temp  43.9 hbonds, Rg  13.4 A, potential   -41.57
 87007 / 100001 elapsed  0 system 0.80 temp  43.5 hbonds, Rg  13.8 A, potential   -58.93
 86207 / 100001 elapsed  1 system 0.80 temp  37.8 hbonds, Rg  13.9 A, potential   -27.47
 87107 / 100001 elapsed  3 system 0.80 temp  44.1 hbonds, Rg  13.5 A, potential   -39.11
 87007 / 100001 elapsed  2 system 0.80 temp  43.6 hbonds, Rg  13.4 A, potential   -44.68
 87107 / 100001 elapsed  0 system 0.80 temp  45.5 hbonds, Rg  13.0 A, potential   -43.47
 86307 / 100001 elapsed  1 system 0.80 temp  45.4 hbonds, Rg  12.9 A, potential   -58.24
 87207 / 100001 elapsed  3 system 0.80 temp  40.4 hbonds, Rg  13.2 A, potential   -38.15
 87107 / 100001 elapsed  2 system 0.80 temp  42.9 hbonds, Rg  13.7 A, potential   -26.20
 87207 / 100001 elapsed  0 system 0.80 temp  42.7 hbonds, Rg  13.7 A, potential   -38.56
 86407 / 100001 elapsed  1 system 0.80 temp  44.5 hbonds, Rg  13.6 A, potential   -57.08
 87307 / 100001 elapsed  3 system 0.80 temp  42.7 hbonds, Rg  13.6 A, potential   -38.24
 87207 / 100001 elapsed  2 system 0.80 temp  45.5 hbonds, Rg  13.6 A, potential   -66.08
 87307 / 100001 elapsed  0 system 0.80 temp  43.7 hbonds, Rg  13.6 A, potential   -55.13
 86507 / 100001 elapsed  1 system 0.80 temp  43.7 hbonds, Rg  13.5 A, potential   -58.35
 87407 / 100001 elapsed  3 system 0.80 temp  42.4 hbonds, Rg  13.6 A, potential   -50.58
 87307 / 100001 elapsed  2 system 0.80 temp  44.9 hbonds, Rg  13.6 A, potential   -35.52
 87407 / 100001 elapsed  0 system 0.80 temp  45.0 hbonds, Rg  13.3 A, potential   -55.24
 86607 / 100001 elapsed  1 system 0.80 temp  45.0 hbonds, Rg  13.4 A, potential   -52.87
 87507 / 100001 elapsed  3 system 0.80 temp  47.0 hbonds, Rg  13.4 A, potential   -34.26
 87407 / 100001 elapsed  2 system 0.80 temp  42.7 hbonds, Rg  13.5 A, potential   -52.91
 87507 / 100001 elapsed  0 system 0.80 temp  45.7 hbonds, Rg  13.6 A, potential   -59.49
 86707 / 100001 elapsed  1 system 0.80 temp  48.0 hbonds, Rg  13.4 A, potential   -54.26
 87607 / 100001 elapsed  3 system 0.80 temp  45.3 hbonds, Rg  13.4 A, potential   -48.91
 87507 / 100001 elapsed  2 system 0.80 temp  45.7 hbonds, Rg  13.4 A, potential   -64.35
 87607 / 100001 elapsed  0 system 0.80 temp  44.4 hbonds, Rg  13.4 A, potential   -38.19
 86807 / 100001 elapsed  1 system 0.80 temp  44.8 hbonds, Rg  13.4 A, potential   -60.66
 87707 / 100001 elapsed  3 system 0.80 temp  46.8 hbonds, Rg  13.5 A, potential   -55.33
 87607 / 100001 elapsed  2 system 0.80 temp  43.3 hbonds, Rg  13.6 A, potential   -32.70
 86907 / 100001 elapsed  1 system 0.80 temp  43.6 hbonds, Rg  13.6 A, potential   -50.98
 87707 / 100001 elapsed  0 system 0.80 temp  44.9 hbonds, Rg  13.2 A, potential   -56.93
 87807 / 100001 elapsed  3 system 0.80 temp  47.4 hbonds, Rg  13.5 A, potential   -53.75
 87707 / 100001 elapsed  2 system 0.80 temp  40.1 hbonds, Rg  13.3 A, potential   -33.32
 87007 / 100001 elapsed  1 system 0.80 temp  43.0 hbonds, Rg  13.9 A, potential   -36.77
 87907 / 100001 elapsed  3 system 0.80 temp  46.7 hbonds, Rg  13.0 A, potential   -52.76
 87807 / 100001 elapsed  0 system 0.80 temp  42.8 hbonds, Rg  13.7 A, potential   -19.77
 87807 / 100001 elapsed  2 system 0.80 temp  43.5 hbonds, Rg  13.8 A, potential   -45.51
 87907 / 100001 elapsed  0 system 0.80 temp  44.1 hbonds, Rg  13.1 A, potential   -57.53
 87107 / 100001 elapsed  1 system 0.80 temp  46.2 hbonds, Rg  13.6 A, potential   -66.49
 88007 / 100001 elapsed  3 system 0.80 temp  45.1 hbonds, Rg  13.6 A, potential   -58.33
 87907 / 100001 elapsed  2 system 0.80 temp  43.5 hbonds, Rg  13.3 A, potential   -51.51
 88007 / 100001 elapsed  0 system 0.80 temp  43.7 hbonds, Rg  13.6 A, potential   -39.38
 87207 / 100001 elapsed  1 system 0.80 temp  45.9 hbonds, Rg  13.5 A, potential   -60.83
 88107 / 100001 elapsed  3 system 0.80 temp  48.7 hbonds, Rg  13.5 A, potential   -72.76
 88007 / 100001 elapsed  2 system 0.80 temp  45.5 hbonds, Rg  13.2 A, potential   -45.31
 88207 / 100001 elapsed  3 system 0.80 temp  42.9 hbonds, Rg  13.2 A, potential   -46.49
 87307 / 100001 elapsed  1 system 0.80 temp  45.7 hbonds, Rg  13.5 A, potential   -49.59
 88107 / 100001 elapsed  0 system 0.80 temp  45.3 hbonds, Rg  13.5 A, potential   -61.66
 88107 / 100001 elapsed  2 system 0.80 temp  46.5 hbonds, Rg  13.3 A, potential   -41.87
 88307 / 100001 elapsed  3 system 0.80 temp  45.0 hbonds, Rg  13.4 A, potential   -47.93
 87407 / 100001 elapsed  1 system 0.80 temp  45.2 hbonds, Rg  13.6 A, potential   -46.91
 88207 / 100001 elapsed  0 system 0.80 temp  47.3 hbonds, Rg  13.5 A, potential   -58.66
 88207 / 100001 elapsed  2 system 0.80 temp  46.0 hbonds, Rg  13.5 A, potential   -37.96
 88407 / 100001 elapsed  3 system 0.80 temp  43.6 hbonds, Rg  13.6 A, potential   -33.32
 87507 / 100001 elapsed  1 system 0.80 temp  46.5 hbonds, Rg  13.6 A, potential   -69.35
 88307 / 100001 elapsed  0 system 0.80 temp  44.4 hbonds, Rg  13.5 A, potential   -51.98
 88307 / 100001 elapsed  2 system 0.80 temp  42.4 hbonds, Rg  13.4 A, potential   -24.55
 88507 / 100001 elapsed  3 system 0.80 temp  45.3 hbonds, Rg  13.5 A, potential   -46.25
 87607 / 100001 elapsed  1 system 0.80 temp  46.3 hbonds, Rg  13.4 A, potential   -54.13
 88407 / 100001 elapsed  0 system 0.80 temp  44.8 hbonds, Rg  13.2 A, potential   -41.78
 88407 / 100001 elapsed  2 system 0.80 temp  42.5 hbonds, Rg  13.5 A, potential   -26.67
 88607 / 100001 elapsed  3 system 0.80 temp  44.6 hbonds, Rg  13.5 A, potential   -62.11
 87707 / 100001 elapsed  1 system 0.80 temp  44.8 hbonds, Rg  13.5 A, potential   -47.18
 88507 / 100001 elapsed  0 system 0.80 temp  45.9 hbonds, Rg  13.4 A, potential   -68.56
 88507 / 100001 elapsed  2 system 0.80 temp  45.8 hbonds, Rg  13.2 A, potential   -28.58
 88707 / 100001 elapsed  3 system 0.80 temp  44.0 hbonds, Rg  13.3 A, potential   -25.81
 87807 / 100001 elapsed  1 system 0.80 temp  46.7 hbonds, Rg  13.3 A, potential   -43.56
 88607 / 100001 elapsed  0 system 0.80 temp  42.9 hbonds, Rg  13.7 A, potential   -39.55
 88607 / 100001 elapsed  2 system 0.80 temp  44.7 hbonds, Rg  13.4 A, potential   -56.66
 88807 / 100001 elapsed  3 system 0.80 temp  43.4 hbonds, Rg  13.6 A, potential   -52.56
 87907 / 100001 elapsed  1 system 0.80 temp  44.4 hbonds, Rg  13.5 A, potential   -48.74
 88707 / 100001 elapsed  0 system 0.80 temp  47.0 hbonds, Rg  13.5 A, potential   -66.20
 88707 / 100001 elapsed  2 system 0.80 temp  43.2 hbonds, Rg  13.6 A, potential   -20.14
 88907 / 100001 elapsed  3 system 0.80 temp  43.1 hbonds, Rg  13.6 A, potential   -33.92
 88007 / 100001 elapsed  1 system 0.80 temp  44.7 hbonds, Rg  13.1 A, potential   -36.43
 88807 / 100001 elapsed  0 system 0.80 temp  46.3 hbonds, Rg  13.4 A, potential   -54.20
 88807 / 100001 elapsed  2 system 0.80 temp  44.1 hbonds, Rg  13.5 A, potential   -46.11
 89007 / 100001 elapsed  3 system 0.80 temp  46.2 hbonds, Rg  13.5 A, potential   -54.00
 88107 / 100001 elapsed  1 system 0.80 temp  43.9 hbonds, Rg  13.3 A, potential   -52.86
 88907 / 100001 elapsed  0 system 0.80 temp  43.0 hbonds, Rg  13.5 A, potential   -60.39
 88907 / 100001 elapsed  2 system 0.80 temp  45.3 hbonds, Rg  13.3 A, potential   -61.14
 89107 / 100001 elapsed  3 system 0.80 temp  45.3 hbonds, Rg  13.6 A, potential   -52.38
 88207 / 100001 elapsed  1 system 0.80 temp  41.7 hbonds, Rg  13.4 A, potential   -33.36
 89007 / 100001 elapsed  0 system 0.80 temp  40.0 hbonds, Rg  14.0 A, potential   -26.30
 89007 / 100001 elapsed  2 system 0.80 temp  42.3 hbonds, Rg  13.7 A, potential   -38.68
 89207 / 100001 elapsed  3 system 0.80 temp  42.7 hbonds, Rg  13.7 A, potential   -41.17
 88307 / 100001 elapsed  1 system 0.80 temp  43.4 hbonds, Rg  13.5 A, potential   -30.18
 89107 / 100001 elapsed  0 system 0.80 temp  45.3 hbonds, Rg  13.0 A, potential   -72.32
 89107 / 100001 elapsed  2 system 0.80 temp  42.4 hbonds, Rg  13.4 A, potential   -26.43
 89307 / 100001 elapsed  3 system 0.80 temp  45.5 hbonds, Rg  13.3 A, potential   -54.01
 88407 / 100001 elapsed  1 system 0.80 temp  40.9 hbonds, Rg  13.8 A, potential   -55.81
 89207 / 100001 elapsed  0 system 0.80 temp  44.4 hbonds, Rg  13.5 A, potential   -44.95
 89207 / 100001 elapsed  2 system 0.80 temp  47.3 hbonds, Rg  13.6 A, potential   -46.19
 89407 / 100001 elapsed  3 system 0.80 temp  42.8 hbonds, Rg  13.4 A, potential   -42.12
 88507 / 100001 elapsed  1 system 0.80 temp  42.9 hbonds, Rg  14.0 A, potential   -49.11
 89307 / 100001 elapsed  0 system 0.80 temp  42.6 hbonds, Rg  13.9 A, potential   -46.94
 89307 / 100001 elapsed  2 system 0.80 temp  41.8 hbonds, Rg  13.9 A, potential   -36.67
 89507 / 100001 elapsed  3 system 0.80 temp  41.1 hbonds, Rg  13.6 A, potential   -39.94
 88607 / 100001 elapsed  1 system 0.80 temp  40.8 hbonds, Rg  13.7 A, potential   -30.51
 89407 / 100001 elapsed  0 system 0.80 temp  44.5 hbonds, Rg  13.5 A, potential   -53.09
 89407 / 100001 elapsed  2 system 0.80 temp  39.5 hbonds, Rg  14.1 A, potential   -28.17
 89607 / 100001 elapsed  3 system 0.80 temp  45.1 hbonds, Rg  13.3 A, potential   -35.37
 88707 / 100001 elapsed  1 system 0.80 temp  42.8 hbonds, Rg  13.1 A, potential   -34.22
 89507 / 100001 elapsed  0 system 0.80 temp  44.4 hbonds, Rg  13.3 A, potential   -38.70
 89507 / 100001 elapsed  2 system 0.80 temp  45.3 hbonds, Rg  13.6 A, potential   -46.75
 89707 / 100001 elapsed  3 system 0.80 temp  43.4 hbonds, Rg  13.4 A, potential   -47.27
 88807 / 100001 elapsed  1 system 0.80 temp  39.9 hbonds, Rg  13.8 A, potential   -20.49
 89607 / 100001 elapsed  0 system 0.80 temp  47.6 hbonds, Rg  13.1 A, potential   -42.26
 89607 / 100001 elapsed  2 system 0.80 temp  44.2 hbonds, Rg  13.6 A, potential   -60.28
 89807 / 100001 elapsed  3 system 0.80 temp  43.5 hbonds, Rg  13.7 A, potential   -33.35
 88907 / 100001 elapsed  1 system 0.80 temp  42.7 hbonds, Rg  13.4 A, potential   -42.21
 89707 / 100001 elapsed  0 system 0.80 temp  45.4 hbonds, Rg  13.3 A, potential   -43.95
 89707 / 100001 elapsed  2 system 0.80 temp  43.5 hbonds, Rg  13.5 A, potential   -35.47
 89907 / 100001 elapsed  3 system 0.80 temp  45.5 hbonds, Rg  13.6 A, potential   -70.78
 89007 / 100001 elapsed  1 system 0.80 temp  44.0 hbonds, Rg  13.7 A, potential   -29.73
 89807 / 100001 elapsed  0 system 0.80 temp  46.2 hbonds, Rg  13.4 A, potential   -72.01
 89807 / 100001 elapsed  2 system 0.80 temp  42.1 hbonds, Rg  13.5 A, potential   -23.59
 90007 / 100001 elapsed  3 system 0.80 temp  44.2 hbonds, Rg  13.2 A, potential   -55.35
 89107 / 100001 elapsed  1 system 0.80 temp  44.4 hbonds, Rg  13.5 A, potential   -38.52
 89907 / 100001 elapsed  0 system 0.80 temp  45.3 hbonds, Rg  13.3 A, potential   -60.72
 89907 / 100001 elapsed  2 system 0.80 temp  45.5 hbonds, Rg  13.3 A, potential   -45.06
 90107 / 100001 elapsed  3 system 0.80 temp  44.6 hbonds, Rg  13.3 A, potential   -36.73
 89207 / 100001 elapsed  1 system 0.80 temp  46.9 hbonds, Rg  13.5 A, potential   -54.48
 90007 / 100001 elapsed  0 system 0.80 temp  48.2 hbonds, Rg  13.4 A, potential   -53.07
 90007 / 100001 elapsed  2 system 0.80 temp  46.2 hbonds, Rg  13.2 A, potential   -49.43
 90207 / 100001 elapsed  3 system 0.80 temp  42.4 hbonds, Rg  13.7 A, potential   -40.64
 89307 / 100001 elapsed  1 system 0.80 temp  45.2 hbonds, Rg  13.4 A, potential   -58.40
 90107 / 100001 elapsed  0 system 0.80 temp  44.2 hbonds, Rg  13.5 A, potential   -51.63
 90107 / 100001 elapsed  2 system 0.80 temp  46.1 hbonds, Rg  13.6 A, potential   -59.39
 90307 / 100001 elapsed  3 system 0.80 temp  43.8 hbonds, Rg  13.6 A, potential   -61.20
 89407 / 100001 elapsed  1 system 0.80 temp  46.2 hbonds, Rg  13.6 A, potential   -55.18
 90207 / 100001 elapsed  0 system 0.80 temp  43.0 hbonds, Rg  13.6 A, potential   -45.28
 90207 / 100001 elapsed  2 system 0.80 temp  47.1 hbonds, Rg  13.4 A, potential   -66.36
 90407 / 100001 elapsed  3 system 0.80 temp  43.2 hbonds, Rg  13.3 A, potential   -41.17
 89507 / 100001 elapsed  1 system 0.80 temp  46.7 hbonds, Rg  13.4 A, potential   -54.89
 90307 / 100001 elapsed  0 system 0.80 temp  45.7 hbonds, Rg  13.6 A, potential   -54.41
 90307 / 100001 elapsed  2 system 0.80 temp  45.8 hbonds, Rg  13.3 A, potential   -45.20
 90507 / 100001 elapsed  3 system 0.80 temp  43.3 hbonds, Rg  13.4 A, potential   -53.96
 89607 / 100001 elapsed  1 system 0.80 temp  43.1 hbonds, Rg  13.1 A, potential   -25.29
 90407 / 100001 elapsed  0 system 0.80 temp  46.5 hbonds, Rg  13.4 A, potential   -62.81
 90407 / 100001 elapsed  2 system 0.80 temp  44.6 hbonds, Rg  13.3 A, potential   -45.06
 90607 / 100001 elapsed  3 system 0.80 temp  43.7 hbonds, Rg  13.3 A, potential   -47.33
 89707 / 100001 elapsed  1 system 0.80 temp  43.9 hbonds, Rg  13.3 A, potential   -48.30
 90507 / 100001 elapsed  0 system 0.80 temp  44.9 hbonds, Rg  13.5 A, potential   -65.56
 90507 / 100001 elapsed  2 system 0.80 temp  45.8 hbonds, Rg  13.1 A, potential   -42.69
 90707 / 100001 elapsed  3 system 0.80 temp  41.8 hbonds, Rg  13.6 A, potential   -48.48
 89807 / 100001 elapsed  1 system 0.80 temp  40.5 hbonds, Rg  13.5 A, potential   -26.84
 90607 / 100001 elapsed  0 system 0.80 temp  47.0 hbonds, Rg  13.3 A, potential   -61.35
 90607 / 100001 elapsed  2 system 0.80 temp  44.7 hbonds, Rg  13.1 A, potential   -48.15
 90807 / 100001 elapsed  3 system 0.80 temp  46.0 hbonds, Rg  13.6 A, potential   -46.72
 89907 / 100001 elapsed  1 system 0.80 temp  44.6 hbonds, Rg  13.6 A, potential   -61.43
 90707 / 100001 elapsed  0 system 0.80 temp  46.2 hbonds, Rg  13.7 A, potential   -53.24
 90707 / 100001 elapsed  2 system 0.80 temp  43.8 hbonds, Rg  13.2 A, potential   -54.37
 90907 / 100001 elapsed  3 system 0.80 temp  44.1 hbonds, Rg  13.4 A, potential   -42.88
 90007 / 100001 elapsed  1 system 0.80 temp  44.4 hbonds, Rg  13.2 A, potential   -19.69
 90807 / 100001 elapsed  0 system 0.80 temp  44.5 hbonds, Rg  13.2 A, potential   -54.18
 90807 / 100001 elapsed  2 system 0.80 temp  45.5 hbonds, Rg  13.2 A, potential   -27.15
 91007 / 100001 elapsed  3 system 0.80 temp  45.0 hbonds, Rg  13.7 A, potential   -53.46
 90107 / 100001 elapsed  1 system 0.80 temp  44.4 hbonds, Rg  13.4 A, potential   -19.34
 90907 / 100001 elapsed  0 system 0.80 temp  44.8 hbonds, Rg  13.6 A, potential   -32.17
 90907 / 100001 elapsed  2 system 0.80 temp  41.2 hbonds, Rg  13.8 A, potential   -38.55
 91107 / 100001 elapsed  3 system 0.80 temp  44.3 hbonds, Rg  13.2 A, potential   -54.28
 90207 / 100001 elapsed  1 system 0.80 temp  43.6 hbonds, Rg  13.5 A, potential   -17.00
 91007 / 100001 elapsed  0 system 0.80 temp  44.8 hbonds, Rg  13.5 A, potential   -49.26
 91007 / 100001 elapsed  2 system 0.80 temp  38.5 hbonds, Rg  13.5 A, potential   -35.14
 91207 / 100001 elapsed  3 system 0.80 temp  43.1 hbonds, Rg  13.5 A, potential   -37.30
 90307 / 100001 elapsed  1 system 0.80 temp  47.0 hbonds, Rg  13.5 A, potential   -64.74
 91107 / 100001 elapsed  0 system 0.80 temp  43.0 hbonds, Rg  13.7 A, potential   -39.45
 91107 / 100001 elapsed  2 system 0.80 temp  40.2 hbonds, Rg  13.3 A, potential   -28.23
 91307 / 100001 elapsed  3 system 0.80 temp  44.8 hbonds, Rg  13.5 A, potential   -52.31
 90407 / 100001 elapsed  1 system 0.80 temp  44.6 hbonds, Rg  13.4 A, potential   -38.62
 91207 / 100001 elapsed  0 system 0.80 temp  47.0 hbonds, Rg  13.5 A, potential   -68.74
 91207 / 100001 elapsed  2 system 0.80 temp  37.3 hbonds, Rg  14.7 A, potential   -34.64
 91407 / 100001 elapsed  3 system 0.80 temp  44.5 hbonds, Rg  13.6 A, potential   -60.13
 90507 / 100001 elapsed  1 system 0.80 temp  44.3 hbonds, Rg  13.4 A, potential   -45.68
 91307 / 100001 elapsed  2 system 0.80 temp  34.3 hbonds, Rg  14.6 A, potential   -28.28
 91307 / 100001 elapsed  0 system 0.80 temp  48.0 hbonds, Rg  13.6 A, potential   -62.60
 91507 / 100001 elapsed  3 system 0.80 temp  44.9 hbonds, Rg  13.3 A, potential   -46.75
 90607 / 100001 elapsed  1 system 0.80 temp  44.4 hbonds, Rg  13.4 A, potential   -35.52
 91407 / 100001 elapsed  2 system 0.80 temp  36.6 hbonds, Rg  14.3 A, potential   -37.76
 91407 / 100001 elapsed  0 system 0.80 temp  45.5 hbonds, Rg  13.4 A, potential   -44.69
 91607 / 100001 elapsed  3 system 0.80 temp  42.1 hbonds, Rg  13.5 A, potential   -29.58
 91507 / 100001 elapsed  2 system 0.80 temp  42.2 hbonds, Rg  13.3 A, potential   -47.38
 90707 / 100001 elapsed  1 system 0.80 temp  44.6 hbonds, Rg  13.4 A, potential   -48.30
 91507 / 100001 elapsed  0 system 0.80 temp  45.6 hbonds, Rg  13.4 A, potential   -30.44
 91707 / 100001 elapsed  3 system 0.80 temp  44.5 hbonds, Rg  13.8 A, potential   -62.15
 91607 / 100001 elapsed  2 system 0.80 temp  40.3 hbonds, Rg  13.4 A, potential   -41.87
 91607 / 100001 elapsed  0 system 0.80 temp  45.0 hbonds, Rg  13.5 A, potential   -36.71
 90807 / 100001 elapsed  1 system 0.80 temp  42.6 hbonds, Rg  13.5 A, potential   -32.55
 91807 / 100001 elapsed  3 system 0.80 temp  43.2 hbonds, Rg  13.2 A, potential   -42.62
 91707 / 100001 elapsed  2 system 0.80 temp  43.2 hbonds, Rg  13.7 A, potential   -20.67
 91707 / 100001 elapsed  0 system 0.80 temp  47.8 hbonds, Rg  13.5 A, potential   -51.20
 90907 / 100001 elapsed  1 system 0.80 temp  44.3 hbonds, Rg  13.4 A, potential   -38.33
 91907 / 100001 elapsed  3 system 0.80 temp  45.3 hbonds, Rg  13.6 A, potential   -61.81
 91807 / 100001 elapsed  2 system 0.80 temp  47.2 hbonds, Rg  13.5 A, potential   -70.51
 91807 / 100001 elapsed  0 system 0.80 temp  46.7 hbonds, Rg  13.2 A, potential   -53.59
 91007 / 100001 elapsed  1 system 0.80 temp  43.4 hbonds, Rg  13.7 A, potential   -39.00
 92007 / 100001 elapsed  3 system 0.80 temp  44.9 hbonds, Rg  13.6 A, potential   -28.55
 91907 / 100001 elapsed  2 system 0.80 temp  45.7 hbonds, Rg  13.2 A, potential   -52.12
 91907 / 100001 elapsed  0 system 0.80 temp  43.5 hbonds, Rg  13.7 A, potential   -63.31
 91107 / 100001 elapsed  1 system 0.80 temp  47.0 hbonds, Rg  13.4 A, potential   -55.15
 92107 / 100001 elapsed  3 system 0.80 temp  40.3 hbonds, Rg  13.1 A, potential   -32.73
 92007 / 100001 elapsed  2 system 0.80 temp  45.9 hbonds, Rg  13.4 A, potential   -56.76
 92007 / 100001 elapsed  0 system 0.80 temp  46.1 hbonds, Rg  13.1 A, potential   -38.62
 91207 / 100001 elapsed  1 system 0.80 temp  41.9 hbonds, Rg  13.6 A, potential   -35.22
 92207 / 100001 elapsed  3 system 0.80 temp  45.0 hbonds, Rg  13.5 A, potential   -29.10
 92107 / 100001 elapsed  2 system 0.80 temp  40.0 hbonds, Rg  13.5 A, potential   -33.85
 92107 / 100001 elapsed  0 system 0.80 temp  46.3 hbonds, Rg  13.4 A, potential   -40.75
 91307 / 100001 elapsed  1 system 0.80 temp  45.9 hbonds, Rg  13.6 A, potential   -47.08
 92307 / 100001 elapsed  3 system 0.80 temp  44.2 hbonds, Rg  13.6 A, potential   -36.97
 92207 / 100001 elapsed  2 system 0.80 temp  46.8 hbonds, Rg  13.6 A, potential   -68.20
 92207 / 100001 elapsed  0 system 0.80 temp  46.0 hbonds, Rg  13.3 A, potential   -37.13
 91407 / 100001 elapsed  1 system 0.80 temp  45.5 hbonds, Rg  13.2 A, potential   -54.87
 92307 / 100001 elapsed  2 system 0.80 temp  42.9 hbonds, Rg  13.2 A, potential   -35.88
 92407 / 100001 elapsed  3 system 0.80 temp  41.6 hbonds, Rg  13.9 A, potential   -45.20
 92307 / 100001 elapsed  0 system 0.80 temp  46.1 hbonds, Rg  13.1 A, potential   -44.47
 91507 / 100001 elapsed  1 system 0.80 temp  42.9 hbonds, Rg  13.6 A, potential   -32.95
 92407 / 100001 elapsed  2 system 0.80 temp  45.0 hbonds, Rg  13.1 A, potential   -44.66
 92507 / 100001 elapsed  3 system 0.80 temp  44.9 hbonds, Rg  13.3 A, potential   -50.11
 92407 / 100001 elapsed  0 system 0.80 temp  45.3 hbonds, Rg  13.3 A, potential   -39.40
 91607 / 100001 elapsed  1 system 0.80 temp  45.4 hbonds, Rg  13.1 A, potential   -60.87
 92607 / 100001 elapsed  3 system 0.80 temp  43.8 hbonds, Rg  13.3 A, potential   -36.23
 92507 / 100001 elapsed  2 system 0.80 temp  45.2 hbonds, Rg  13.4 A, potential   -45.05
 92507 / 100001 elapsed  0 system 0.80 temp  45.7 hbonds, Rg  13.4 A, potential   -58.54
 91707 / 100001 elapsed  1 system 0.80 temp  44.7 hbonds, Rg  13.7 A, potential   -50.63
 92607 / 100001 elapsed  2 system 0.80 temp  45.1 hbonds, Rg  13.6 A, potential   -56.91
 92707 / 100001 elapsed  3 system 0.80 temp  42.1 hbonds, Rg  13.6 A, potential   -41.11
 92607 / 100001 elapsed  0 system 0.80 temp  46.8 hbonds, Rg  13.4 A, potential   -51.14
 91807 / 100001 elapsed  1 system 0.80 temp  45.3 hbonds, Rg  13.5 A, potential   -64.25
 92707 / 100001 elapsed  2 system 0.80 temp  46.6 hbonds, Rg  13.2 A, potential   -68.90
 92807 / 100001 elapsed  3 system 0.80 temp  44.6 hbonds, Rg  13.5 A, potential   -60.63
 92707 / 100001 elapsed  0 system 0.80 temp  43.7 hbonds, Rg  13.7 A, potential   -27.49
 91907 / 100001 elapsed  1 system 0.80 temp  42.5 hbonds, Rg  13.3 A, potential   -41.93
 92807 / 100001 elapsed  2 system 0.80 temp  45.2 hbonds, Rg  13.4 A, potential   -49.31
 92907 / 100001 elapsed  3 system 0.80 temp  43.3 hbonds, Rg  13.4 A, potential   -22.85
 92807 / 100001 elapsed  0 system 0.80 temp  43.7 hbonds, Rg  13.4 A, potential   -53.92
 92007 / 100001 elapsed  1 system 0.80 temp  40.1 hbonds, Rg  12.8 A, potential   -44.63
 92907 / 100001 elapsed  2 system 0.80 temp  38.5 hbonds, Rg  13.3 A, potential   -25.98
 93007 / 100001 elapsed  3 system 0.80 temp  46.2 hbonds, Rg  13.4 A, potential   -67.80
 92907 / 100001 elapsed  0 system 0.80 temp  44.7 hbonds, Rg  13.5 A, potential   -54.84
 92107 / 100001 elapsed  1 system 0.80 temp  43.9 hbonds, Rg  13.8 A, potential   -42.92
 93007 / 100001 elapsed  2 system 0.80 temp  42.3 hbonds, Rg  13.7 A, potential   -48.50
 93107 / 100001 elapsed  3 system 0.80 temp  47.5 hbonds, Rg  13.3 A, potential   -44.13
 93007 / 100001 elapsed  0 system 0.80 temp  44.4 hbonds, Rg  13.3 A, potential   -47.96
 92207 / 100001 elapsed  1 system 0.80 temp  43.1 hbonds, Rg  13.3 A, potential   -56.95
 93107 / 100001 elapsed  2 system 0.80 temp  43.6 hbonds, Rg  13.3 A, potential   -67.54
 93207 / 100001 elapsed  3 system 0.80 temp  46.8 hbonds, Rg  13.4 A, potential   -55.60
 93107 / 100001 elapsed  0 system 0.80 temp  45.0 hbonds, Rg  13.4 A, potential   -63.06
 92307 / 100001 elapsed  1 system 0.80 temp  43.4 hbonds, Rg  13.5 A, potential   -64.65
 93207 / 100001 elapsed  2 system 0.80 temp  42.3 hbonds, Rg  13.5 A, potential   -33.80
 93307 / 100001 elapsed  3 system 0.80 temp  44.0 hbonds, Rg  13.5 A, potential   -57.74
 93207 / 100001 elapsed  0 system 0.80 temp  46.8 hbonds, Rg  13.7 A, potential   -59.64
 92407 / 100001 elapsed  1 system 0.80 temp  47.9 hbonds, Rg  13.5 A, potential   -68.99
 93307 / 100001 elapsed  2 system 0.80 temp  45.7 hbonds, Rg  13.4 A, potential   -55.90
 93407 / 100001 elapsed  3 system 0.80 temp  45.7 hbonds, Rg  13.5 A, potential   -41.11
 93307 / 100001 elapsed  0 system 0.80 temp  43.5 hbonds, Rg  13.5 A, potential   -39.81
 92507 / 100001 elapsed  1 system 0.80 temp  43.9 hbonds, Rg  13.4 A, potential   -47.76
 93407 / 100001 elapsed  2 system 0.80 temp  39.1 hbonds, Rg  13.5 A, potential    -9.60
 93507 / 100001 elapsed  3 system 0.80 temp  42.8 hbonds, Rg  13.6 A, potential   -52.88
 93407 / 100001 elapsed  0 system 0.80 temp  46.3 hbonds, Rg  13.5 A, potential   -49.27
 92607 / 100001 elapsed  1 system 0.80 temp  44.8 hbonds, Rg  13.6 A, potential   -41.97
 93507 / 100001 elapsed  2 system 0.80 temp  43.2 hbonds, Rg  13.7 A, potential   -34.41
 93607 / 100001 elapsed  3 system 0.80 temp  43.9 hbonds, Rg  13.4 A, potential   -49.81
 93507 / 100001 elapsed  0 system 0.80 temp  41.6 hbonds, Rg  13.6 A, potential   -23.08
 92707 / 100001 elapsed  1 system 0.80 temp  46.4 hbonds, Rg  13.4 A, potential   -53.90
 93607 / 100001 elapsed  2 system 0.80 temp  40.0 hbonds, Rg  13.8 A, potential   -28.27
 93707 / 100001 elapsed  3 system 0.80 temp  42.5 hbonds, Rg  13.9 A, potential   -35.08
 93607 / 100001 elapsed  0 system 0.80 temp  44.5 hbonds, Rg  13.6 A, potential   -70.97
 92807 / 100001 elapsed  1 system 0.80 temp  45.3 hbonds, Rg  13.5 A, potential   -41.97
 93707 / 100001 elapsed  2 system 0.80 temp  45.7 hbonds, Rg  13.4 A, potential   -52.58
 93807 / 100001 elapsed  3 system 0.80 temp  43.0 hbonds, Rg  13.1 A, potential   -46.52
 93707 / 100001 elapsed  0 system 0.80 temp  45.1 hbonds, Rg  13.4 A, potential   -55.97
 92907 / 100001 elapsed  1 system 0.80 temp  47.0 hbonds, Rg  13.0 A, potential   -61.88
 93807 / 100001 elapsed  2 system 0.80 temp  46.4 hbonds, Rg  13.5 A, potential   -45.34
 93908 / 100001 elapsed  3 system 0.80 temp  43.3 hbonds, Rg  13.1 A, potential   -34.56
 93807 / 100001 elapsed  0 system 0.80 temp  43.7 hbonds, Rg  12.9 A, potential   -20.71
 93007 / 100001 elapsed  1 system 0.80 temp  44.1 hbonds, Rg  13.5 A, potential   -70.86
 93908 / 100001 elapsed  2 system 0.80 temp  42.4 hbonds, Rg  13.4 A, potential   -38.67
 94008 / 100001 elapsed  3 system 0.80 temp  41.9 hbonds, Rg  13.4 A, potential   -45.35
 93908 / 100001 elapsed  0 system 0.80 temp  44.2 hbonds, Rg  13.4 A, potential   -53.80
 93107 / 100001 elapsed  1 system 0.80 temp  45.6 hbonds, Rg  13.5 A, potential   -68.93
 94008 / 100001 elapsed  2 system 0.80 temp  45.9 hbonds, Rg  13.6 A, potential   -78.98
 94108 / 100001 elapsed  3 system 0.80 temp  44.1 hbonds, Rg  13.6 A, potential   -47.90
 94008 / 100001 elapsed  0 system 0.80 temp  42.8 hbonds, Rg  13.8 A, potential   -33.93
 94108 / 100001 elapsed  2 system 0.80 temp  42.4 hbonds, Rg  13.6 A, potential   -42.79
 93207 / 100001 elapsed  1 system 0.80 temp  46.4 hbonds, Rg  13.5 A, potential   -63.12
 94208 / 100001 elapsed  3 system 0.80 temp  45.2 hbonds, Rg  13.1 A, potential   -56.13
 94108 / 100001 elapsed  0 system 0.80 temp  39.0 hbonds, Rg  13.2 A, potential   -40.22
 93307 / 100001 elapsed  1 system 0.80 temp  48.4 hbonds, Rg  13.4 A, potential   -67.08
 94208 / 100001 elapsed  2 system 0.80 temp  49.3 hbonds, Rg  13.2 A, potential   -51.17
 94308 / 100001 elapsed  3 system 0.80 temp  45.6 hbonds, Rg  13.6 A, potential   -41.31
 94208 / 100001 elapsed  0 system 0.80 temp  43.8 hbonds, Rg  13.5 A, potential   -43.81
 93407 / 100001 elapsed  1 system 0.80 temp  45.0 hbonds, Rg  13.6 A, potential   -44.07
 94308 / 100001 elapsed  2 system 0.80 temp  43.5 hbonds, Rg  13.5 A, potential   -47.87
 94408 / 100001 elapsed  3 system 0.80 temp  46.8 hbonds, Rg  13.3 A, potential   -41.71
 94308 / 100001 elapsed  0 system 0.80 temp  45.0 hbonds, Rg  13.4 A, potential   -25.04
 93507 / 100001 elapsed  1 system 0.80 temp  45.2 hbonds, Rg  13.5 A, potential   -55.03
 94408 / 100001 elapsed  2 system 0.80 temp  46.6 hbonds, Rg  13.5 A, potential   -47.24
 94508 / 100001 elapsed  3 system 0.80 temp  46.3 hbonds, Rg  13.2 A, potential   -38.75
 94408 / 100001 elapsed  0 system 0.80 temp  45.0 hbonds, Rg  13.3 A, potential   -39.02
 93607 / 100001 elapsed  1 system 0.80 temp  44.6 hbonds, Rg  13.5 A, potential   -48.75
 94508 / 100001 elapsed  2 system 0.80 temp  43.3 hbonds, Rg  13.5 A, potential   -36.14
 94608 / 100001 elapsed  3 system 0.80 temp  45.3 hbonds, Rg  13.6 A, potential   -44.43
 94508 / 100001 elapsed  0 system 0.80 temp  43.3 hbonds, Rg  13.3 A, potential   -37.21
 93707 / 100001 elapsed  1 system 0.80 temp  44.2 hbonds, Rg  13.6 A, potential   -49.87
 94608 / 100001 elapsed  2 system 0.80 temp  43.7 hbonds, Rg  13.4 A, potential   -55.15
 94708 / 100001 elapsed  3 system 0.80 temp  45.1 hbonds, Rg  13.5 A, potential   -62.71
 94608 / 100001 elapsed  0 system 0.80 temp  44.4 hbonds, Rg  13.4 A, potential   -45.43
 94708 / 100001 elapsed  2 system 0.80 temp  44.8 hbonds, Rg  13.5 A, potential   -46.61
 93807 / 100001 elapsed  1 system 0.80 temp  44.6 hbonds, Rg  13.7 A, potential   -69.38
 94808 / 100001 elapsed  3 system 0.80 temp  45.9 hbonds, Rg  13.2 A, potential   -49.62
 94708 / 100001 elapsed  0 system 0.80 temp  43.0 hbonds, Rg  13.7 A, potential   -57.62
 94808 / 100001 elapsed  2 system 0.80 temp  45.6 hbonds, Rg  13.4 A, potential   -59.18
 93908 / 100001 elapsed  1 system 0.80 temp  44.4 hbonds, Rg  13.6 A, potential   -35.83
 94808 / 100001 elapsed  0 system 0.80 temp  46.0 hbonds, Rg  13.5 A, potential   -57.19
 94908 / 100001 elapsed  3 system 0.80 temp  43.4 hbonds, Rg  13.5 A, potential   -19.84
 94908 / 100001 elapsed  2 system 0.80 temp  48.0 hbonds, Rg  13.5 A, potential   -66.09
 94008 / 100001 elapsed  1 system 0.80 temp  42.0 hbonds, Rg  13.5 A, potential   -45.42
 94908 / 100001 elapsed  0 system 0.80 temp  45.5 hbonds, Rg  13.7 A, potential   -45.89
 95008 / 100001 elapsed  3 system 0.80 temp  42.3 hbonds, Rg  13.7 A, potential   -40.88
 95008 / 100001 elapsed  2 system 0.80 temp  46.8 hbonds, Rg  13.4 A, potential   -32.18
 94108 / 100001 elapsed  1 system 0.80 temp  46.1 hbonds, Rg  13.5 A, potential   -59.45
 95008 / 100001 elapsed  0 system 0.80 temp  40.9 hbonds, Rg  13.4 A, potential   -41.80
 95108 / 100001 elapsed  3 system 0.80 temp  40.2 hbonds, Rg  13.8 A, potential   -35.67
 95108 / 100001 elapsed  2 system 0.80 temp  44.8 hbonds, Rg  13.3 A, potential   -33.95
 95108 / 100001 elapsed  0 system 0.80 temp  40.8 hbonds, Rg  13.9 A, potential   -47.66
 94208 / 100001 elapsed  1 system 0.80 temp  45.4 hbonds, Rg  13.5 A, potential   -33.15
 95208 / 100001 elapsed  3 system 0.80 temp  44.5 hbonds, Rg  13.5 A, potential   -39.91
 95208 / 100001 elapsed  2 system 0.80 temp  40.9 hbonds, Rg  13.5 A, potential   -27.78
 95208 / 100001 elapsed  0 system 0.80 temp  41.2 hbonds, Rg  13.8 A, potential   -20.08
 94308 / 100001 elapsed  1 system 0.80 temp  45.5 hbonds, Rg  13.4 A, potential   -50.90
 95308 / 100001 elapsed  3 system 0.80 temp  45.9 hbonds, Rg  13.6 A, potential   -55.60
 95308 / 100001 elapsed  2 system 0.80 temp  45.6 hbonds, Rg  13.3 A, potential   -55.82
 95308 / 100001 elapsed  0 system 0.80 temp  41.5 hbonds, Rg  14.0 A, potential   -57.31
 94408 / 100001 elapsed  1 system 0.80 temp  43.9 hbonds, Rg  13.3 A, potential   -50.40
 95408 / 100001 elapsed  3 system 0.80 temp  45.7 hbonds, Rg  13.2 A, potential   -57.00
 95408 / 100001 elapsed  2 system 0.80 temp  44.1 hbonds, Rg  13.5 A, potential   -28.83
 95408 / 100001 elapsed  0 system 0.80 temp  42.3 hbonds, Rg  13.3 A, potential   -22.04
 94508 / 100001 elapsed  1 system 0.80 temp  40.8 hbonds, Rg  13.4 A, potential   -27.11
 95508 / 100001 elapsed  3 system 0.80 temp  44.8 hbonds, Rg  13.6 A, potential   -52.76
 95508 / 100001 elapsed  2 system 0.80 temp  46.7 hbonds, Rg  13.1 A, potential   -54.34
 95508 / 100001 elapsed  0 system 0.80 temp  45.5 hbonds, Rg  13.3 A, potential   -30.70
 94608 / 100001 elapsed  1 system 0.80 temp  46.1 hbonds, Rg  13.3 A, potential   -54.05
 95608 / 100001 elapsed  3 system 0.80 temp  43.9 hbonds, Rg  13.5 A, potential   -44.88
 95608 / 100001 elapsed  2 system 0.80 temp  43.3 hbonds, Rg  13.7 A, potential   -36.83
 95608 / 100001 elapsed  0 system 0.80 temp  45.4 hbonds, Rg  13.6 A, potential   -51.46
 94708 / 100001 elapsed  1 system 0.80 temp  45.5 hbonds, Rg  13.5 A, potential   -47.63
 95708 / 100001 elapsed  3 system 0.80 temp  43.7 hbonds, Rg  13.4 A, potential   -57.46
 95708 / 100001 elapsed  2 system 0.80 temp  39.0 hbonds, Rg  13.6 A, potential   -26.32
 95708 / 100001 elapsed  0 system 0.80 temp  45.9 hbonds, Rg  13.4 A, potential   -47.94
 94808 / 100001 elapsed  1 system 0.80 temp  46.8 hbonds, Rg  13.4 A, potential   -36.90
 95808 / 100001 elapsed  3 system 0.80 temp  46.8 hbonds, Rg  13.6 A, potential   -38.44
 95808 / 100001 elapsed  2 system 0.80 temp  41.6 hbonds, Rg  13.5 A, potential   -35.81
 95808 / 100001 elapsed  0 system 0.80 temp  43.5 hbonds, Rg  13.1 A, potential   -34.02
 94908 / 100001 elapsed  1 system 0.80 temp  44.2 hbonds, Rg  13.0 A, potential   -46.86
 95908 / 100001 elapsed  3 system 0.80 temp  44.9 hbonds, Rg  13.5 A, potential   -46.92
 95908 / 100001 elapsed  2 system 0.80 temp  39.9 hbonds, Rg  13.3 A, potential   -37.98
 95908 / 100001 elapsed  0 system 0.80 temp  45.2 hbonds, Rg  13.2 A, potential   -56.01
 96008 / 100001 elapsed  3 system 0.80 temp  46.1 hbonds, Rg  13.5 A, potential   -55.64
 95008 / 100001 elapsed  1 system 0.80 temp  43.6 hbonds, Rg  13.4 A, potential   -47.82
 96008 / 100001 elapsed  2 system 0.80 temp  44.7 hbonds, Rg  13.4 A, potential   -52.08
 96008 / 100001 elapsed  0 system 0.80 temp  45.5 hbonds, Rg  13.4 A, potential   -48.59
 96108 / 100001 elapsed  3 system 0.80 temp  45.9 hbonds, Rg  13.5 A, potential   -48.78
 95108 / 100001 elapsed  1 system 0.80 temp  46.7 hbonds, Rg  13.4 A, potential   -58.99
 96108 / 100001 elapsed  2 system 0.80 temp  44.3 hbonds, Rg  13.2 A, potential   -48.40
 96108 / 100001 elapsed  0 system 0.80 temp  44.8 hbonds, Rg  13.5 A, potential   -55.35
 95208 / 100001 elapsed  1 system 0.80 temp  44.9 hbonds, Rg  13.3 A, potential   -22.04
 96208 / 100001 elapsed  3 system 0.80 temp  45.0 hbonds, Rg  13.6 A, potential   -42.69
 96208 / 100001 elapsed  2 system 0.80 temp  44.1 hbonds, Rg  13.1 A, potential   -46.42
 96208 / 100001 elapsed  0 system 0.80 temp  44.4 hbonds, Rg  13.5 A, potential   -37.56
 96308 / 100001 elapsed  3 system 0.80 temp  43.5 hbonds, Rg  13.4 A, potential   -41.17
 95308 / 100001 elapsed  1 system 0.80 temp  47.1 hbonds, Rg  13.4 A, potential   -54.54
 96308 / 100001 elapsed  2 system 0.80 temp  43.7 hbonds, Rg  13.5 A, potential   -65.24
 96308 / 100001 elapsed  0 system 0.80 temp  46.8 hbonds, Rg  13.3 A, potential   -86.44
 96408 / 100001 elapsed  3 system 0.80 temp  45.7 hbonds, Rg  13.5 A, potential   -45.84
 95408 / 100001 elapsed  1 system 0.80 temp  43.6 hbonds, Rg  13.4 A, potential   -38.57
 96408 / 100001 elapsed  2 system 0.80 temp  42.2 hbonds, Rg  13.6 A, potential   -27.82
 96408 / 100001 elapsed  0 system 0.80 temp  43.5 hbonds, Rg  13.5 A, potential   -47.13
 96508 / 100001 elapsed  3 system 0.80 temp  46.9 hbonds, Rg  13.4 A, potential   -28.31
 95508 / 100001 elapsed  1 system 0.80 temp  42.5 hbonds, Rg  13.1 A, potential   -48.13
 96508 / 100001 elapsed  2 system 0.80 temp  45.5 hbonds, Rg  13.2 A, potential   -46.33
 96508 / 100001 elapsed  0 system 0.80 temp  46.0 hbonds, Rg  13.6 A, potential   -57.11
 96608 / 100001 elapsed  3 system 0.80 temp  45.9 hbonds, Rg  13.4 A, potential   -67.57
 95608 / 100001 elapsed  1 system 0.80 temp  43.7 hbonds, Rg  13.4 A, potential   -29.51
 96608 / 100001 elapsed  2 system 0.80 temp  44.6 hbonds, Rg  13.1 A, potential   -50.29
 96608 / 100001 elapsed  0 system 0.80 temp  45.6 hbonds, Rg  13.5 A, potential   -48.27
 96708 / 100001 elapsed  3 system 0.80 temp  43.8 hbonds, Rg  13.4 A, potential   -49.99
 95708 / 100001 elapsed  1 system 0.80 temp  46.0 hbonds, Rg  13.3 A, potential   -65.77
 96708 / 100001 elapsed  2 system 0.80 temp  42.4 hbonds, Rg  13.5 A, potential   -30.23
 96708 / 100001 elapsed  0 system 0.80 temp  45.7 hbonds, Rg  13.2 A, potential   -31.29
 96808 / 100001 elapsed  3 system 0.80 temp  43.8 hbonds, Rg  13.5 A, potential   -43.25
 95808 / 100001 elapsed  1 system 0.80 temp  46.7 hbonds, Rg  13.5 A, potential   -66.07
 96808 / 100001 elapsed  2 system 0.80 temp  40.8 hbonds, Rg  13.9 A, potential   -47.85
 96808 / 100001 elapsed  0 system 0.80 temp  46.2 hbonds, Rg  13.6 A, potential   -63.39
 96908 / 100001 elapsed  3 system 0.80 temp  46.3 hbonds, Rg  13.4 A, potential   -64.04
 95908 / 100001 elapsed  1 system 0.80 temp  47.1 hbonds, Rg  13.3 A, potential   -59.79
 96908 / 100001 elapsed  2 system 0.80 temp  42.8 hbonds, Rg  13.6 A, potential   -45.29
 96908 / 100001 elapsed  0 system 0.80 temp  43.1 hbonds, Rg  13.4 A, potential   -40.62
 97008 / 100001 elapsed  3 system 0.80 temp  46.1 hbonds, Rg  13.3 A, potential   -40.69
 96008 / 100001 elapsed  1 system 0.80 temp  44.6 hbonds, Rg  13.6 A, potential   -47.91
 97008 / 100001 elapsed  2 system 0.80 temp  47.5 hbonds, Rg  13.4 A, potential   -31.07
 97008 / 100001 elapsed  0 system 0.80 temp  47.5 hbonds, Rg  13.6 A, potential   -48.89
 97108 / 100001 elapsed  3 system 0.80 temp  44.9 hbonds, Rg  13.7 A, potential   -62.22
 96108 / 100001 elapsed  1 system 0.80 temp  46.9 hbonds, Rg  13.5 A, potential   -66.56
 97108 / 100001 elapsed  2 system 0.80 temp  46.6 hbonds, Rg  13.5 A, potential   -49.80
 97108 / 100001 elapsed  0 system 0.80 temp  46.2 hbonds, Rg  13.3 A, potential   -56.05
 97208 / 100001 elapsed  3 system 0.80 temp  45.3 hbonds, Rg  13.4 A, potential   -57.61
 96208 / 100001 elapsed  1 system 0.80 temp  42.6 hbonds, Rg  13.5 A, potential   -32.71
 97208 / 100001 elapsed  2 system 0.80 temp  45.5 hbonds, Rg  13.8 A, potential   -35.44
 97208 / 100001 elapsed  0 system 0.80 temp  46.1 hbonds, Rg  13.6 A, potential   -45.63
 97308 / 100001 elapsed  2 system 0.80 temp  44.7 hbonds, Rg  13.4 A, potential   -39.50
 96308 / 100001 elapsed  1 system 0.80 temp  46.1 hbonds, Rg  13.5 A, potential   -35.92
 97308 / 100001 elapsed  3 system 0.80 temp  46.0 hbonds, Rg  13.3 A, potential   -50.60
 97308 / 100001 elapsed  0 system 0.80 temp  43.9 hbonds, Rg  13.4 A, potential   -68.39
 97408 / 100001 elapsed  2 system 0.80 temp  46.0 hbonds, Rg  13.4 A, potential   -52.90
 96408 / 100001 elapsed  1 system 0.80 temp  44.8 hbonds, Rg  13.3 A, potential   -61.20
 97408 / 100001 elapsed  3 system 0.80 temp  44.5 hbonds, Rg  13.5 A, potential   -45.93
 97408 / 100001 elapsed  0 system 0.80 temp  44.6 hbonds, Rg  13.8 A, potential   -48.90
 97508 / 100001 elapsed  2 system 0.80 temp  43.0 hbonds, Rg  13.6 A, potential   -52.24
 96508 / 100001 elapsed  1 system 0.80 temp  42.9 hbonds, Rg  13.3 A, potential   -48.07
 97508 / 100001 elapsed  3 system 0.80 temp  44.8 hbonds, Rg  13.1 A, potential   -37.90
 97508 / 100001 elapsed  0 system 0.80 temp  46.4 hbonds, Rg  13.2 A, potential   -53.64
 97608 / 100001 elapsed  2 system 0.80 temp  43.1 hbonds, Rg  13.7 A, potential   -47.93
 96608 / 100001 elapsed  1 system 0.80 temp  44.9 hbonds, Rg  13.3 A, potential   -49.18
 97608 / 100001 elapsed  3 system 0.80 temp  46.8 hbonds, Rg  13.4 A, potential   -59.04
 97608 / 100001 elapsed  0 system 0.80 temp  44.7 hbonds, Rg  13.4 A, potential   -50.33
 97708 / 100001 elapsed  2 system 0.80 temp  45.1 hbonds, Rg  13.3 A, potential   -44.84
 97708 / 100001 elapsed  3 system 0.80 temp  47.8 hbonds, Rg  13.4 A, potential   -32.76
 96708 / 100001 elapsed  1 system 0.80 temp  43.2 hbonds, Rg  13.4 A, potential   -51.05
 97708 / 100001 elapsed  0 system 0.80 temp  43.7 hbonds, Rg  13.7 A, potential   -30.89
 97808 / 100001 elapsed  2 system 0.80 temp  44.4 hbonds, Rg  13.6 A, potential   -44.05
 97808 / 100001 elapsed  3 system 0.80 temp  40.1 hbonds, Rg  13.5 A, potential   -17.11
 96808 / 100001 elapsed  1 system 0.80 temp  40.4 hbonds, Rg  13.4 A, potential   -35.61
 97808 / 100001 elapsed  0 system 0.80 temp  46.4 hbonds, Rg  13.5 A, potential   -65.78
 97908 / 100001 elapsed  2 system 0.80 temp  44.2 hbonds, Rg  13.7 A, potential   -50.13
 97908 / 100001 elapsed  3 system 0.80 temp  46.7 hbonds, Rg  13.6 A, potential   -60.23
 96908 / 100001 elapsed  1 system 0.80 temp  42.4 hbonds, Rg  13.6 A, potential   -27.67
 97908 / 100001 elapsed  0 system 0.80 temp  47.5 hbonds, Rg  13.4 A, potential   -59.08
 98008 / 100001 elapsed  2 system 0.80 temp  44.5 hbonds, Rg  13.5 A, potential   -41.55
 97008 / 100001 elapsed  1 system 0.80 temp  45.0 hbonds, Rg  13.6 A, potential   -44.43
 98008 / 100001 elapsed  3 system 0.80 temp  46.1 hbonds, Rg  13.4 A, potential   -54.49
 98008 / 100001 elapsed  0 system 0.80 temp  45.5 hbonds, Rg  13.2 A, potential   -39.90
 98108 / 100001 elapsed  2 system 0.80 temp  47.2 hbonds, Rg  13.1 A, potential   -42.90
 97108 / 100001 elapsed  1 system 0.80 temp  44.5 hbonds, Rg  13.4 A, potential   -48.23
 98108 / 100001 elapsed  3 system 0.80 temp  39.8 hbonds, Rg  13.7 A, potential   -46.91
 98108 / 100001 elapsed  0 system 0.80 temp  44.6 hbonds, Rg  13.4 A, potential   -49.01
 98208 / 100001 elapsed  2 system 0.80 temp  46.9 hbonds, Rg  13.5 A, potential   -54.67
 97208 / 100001 elapsed  1 system 0.80 temp  45.8 hbonds, Rg  13.6 A, potential   -48.27
 98208 / 100001 elapsed  3 system 0.80 temp  43.7 hbonds, Rg  13.5 A, potential   -43.96
 98208 / 100001 elapsed  0 system 0.80 temp  44.7 hbonds, Rg  13.4 A, potential   -52.19
 98308 / 100001 elapsed  2 system 0.80 temp  44.4 hbonds, Rg  13.3 A, potential   -45.53
 97308 / 100001 elapsed  1 system 0.80 temp  44.5 hbonds, Rg  13.3 A, potential   -37.34
 98308 / 100001 elapsed  3 system 0.80 temp  44.7 hbonds, Rg  13.6 A, potential   -53.93
 98308 / 100001 elapsed  0 system 0.80 temp  47.3 hbonds, Rg  13.6 A, potential   -60.42
 98408 / 100001 elapsed  2 system 0.80 temp  46.7 hbonds, Rg  13.6 A, potential   -38.29
 97408 / 100001 elapsed  1 system 0.80 temp  46.5 hbonds, Rg  13.3 A, potential   -44.79
 98408 / 100001 elapsed  3 system 0.80 temp  47.8 hbonds, Rg  13.4 A, potential   -42.52
 98408 / 100001 elapsed  0 system 0.80 temp  46.4 hbonds, Rg  13.3 A, potential   -72.76
 97508 / 100001 elapsed  1 system 0.80 temp  45.4 hbonds, Rg  13.4 A, potential   -50.29
 98508 / 100001 elapsed  2 system 0.80 temp  45.7 hbonds, Rg  13.6 A, potential   -34.14
 98508 / 100001 elapsed  3 system 0.80 temp  45.0 hbonds, Rg  13.6 A, potential   -47.84
 98508 / 100001 elapsed  0 system 0.80 temp  44.9 hbonds, Rg  13.3 A, potential   -43.44
 97608 / 100001 elapsed  1 system 0.80 temp  44.4 hbonds, Rg  13.5 A, potential   -54.88
 98608 / 100001 elapsed  3 system 0.80 temp  45.6 hbonds, Rg  13.3 A, potential   -49.14
 98608 / 100001 elapsed  2 system 0.80 temp  47.4 hbonds, Rg  13.4 A, potential   -46.99
 98608 / 100001 elapsed  0 system 0.80 temp  47.8 hbonds, Rg  13.3 A, potential   -46.55
 98708 / 100001 elapsed  2 system 0.80 temp  46.3 hbonds, Rg  13.5 A, potential   -37.01
 97708 / 100001 elapsed  1 system 0.80 temp  45.1 hbonds, Rg  13.6 A, potential   -40.04
 98708 / 100001 elapsed  3 system 0.80 temp  46.9 hbonds, Rg  13.3 A, potential   -47.76
 98708 / 100001 elapsed  0 system 0.80 temp  46.1 hbonds, Rg  13.3 A, potential   -59.24
 98808 / 100001 elapsed  2 system 0.80 temp  46.0 hbonds, Rg  13.4 A, potential   -62.64
 97808 / 100001 elapsed  1 system 0.80 temp  47.0 hbonds, Rg  13.3 A, potential   -46.51
 98808 / 100001 elapsed  3 system 0.80 temp  41.5 hbonds, Rg  13.6 A, potential   -24.68
 98808 / 100001 elapsed  0 system 0.80 temp  43.2 hbonds, Rg  13.6 A, potential   -50.25
 98908 / 100001 elapsed  2 system 0.80 temp  40.3 hbonds, Rg  13.6 A, potential   -16.76
 97908 / 100001 elapsed  1 system 0.80 temp  44.0 hbonds, Rg  13.4 A, potential   -57.94
 98908 / 100001 elapsed  3 system 0.80 temp  43.8 hbonds, Rg  13.4 A, potential   -61.72
 98908 / 100001 elapsed  0 system 0.80 temp  45.7 hbonds, Rg  13.2 A, potential   -47.61
 99008 / 100001 elapsed  2 system 0.80 temp  46.0 hbonds, Rg  13.3 A, potential   -60.22
 98008 / 100001 elapsed  1 system 0.80 temp  43.8 hbonds, Rg  13.2 A, potential   -56.53
 99008 / 100001 elapsed  3 system 0.80 temp  43.8 hbonds, Rg  13.7 A, potential   -35.68
 99008 / 100001 elapsed  0 system 0.80 temp  47.7 hbonds, Rg  13.5 A, potential   -62.95
 99108 / 100001 elapsed  2 system 0.80 temp  43.2 hbonds, Rg  13.7 A, potential   -28.77
 99108 / 100001 elapsed  3 system 0.80 temp  40.5 hbonds, Rg  13.5 A, potential   -47.04
 98108 / 100001 elapsed  1 system 0.80 temp  42.5 hbonds, Rg  13.6 A, potential   -35.83
 99108 / 100001 elapsed  0 system 0.80 temp  44.2 hbonds, Rg  13.7 A, potential   -57.44
 99208 / 100001 elapsed  3 system 0.80 temp  41.6 hbonds, Rg  13.8 A, potential   -43.17
 99208 / 100001 elapsed  2 system 0.80 temp  45.3 hbonds, Rg  13.4 A, potential   -56.86
 98208 / 100001 elapsed  1 system 0.80 temp  44.1 hbonds, Rg  13.7 A, potential   -36.98
 99208 / 100001 elapsed  0 system 0.80 temp  44.1 hbonds, Rg  13.6 A, potential   -46.18
 99308 / 100001 elapsed  3 system 0.80 temp  43.6 hbonds, Rg  13.7 A, potential   -49.58
 98308 / 100001 elapsed  1 system 0.80 temp  42.8 hbonds, Rg  13.7 A, potential   -43.55
 99308 / 100001 elapsed  2 system 0.80 temp  45.9 hbonds, Rg  13.5 A, potential   -32.95
 99308 / 100001 elapsed  0 system 0.80 temp  45.0 hbonds, Rg  13.3 A, potential   -24.96
 99408 / 100001 elapsed  3 system 0.80 temp  42.8 hbonds, Rg  13.5 A, potential   -23.32
 98408 / 100001 elapsed  1 system 0.80 temp  42.8 hbonds, Rg  13.6 A, potential   -40.46
 99408 / 100001 elapsed  2 system 0.80 temp  47.6 hbonds, Rg  13.4 A, potential   -65.63
 99408 / 100001 elapsed  0 system 0.80 temp  47.3 hbonds, Rg  13.4 A, potential   -43.18
 99508 / 100001 elapsed  3 system 0.80 temp  41.6 hbonds, Rg  13.2 A, potential   -60.21
 98508 / 100001 elapsed  1 system 0.80 temp  43.0 hbonds, Rg  13.4 A, potential   -54.62
 99508 / 100001 elapsed  2 system 0.80 temp  46.0 hbonds, Rg  13.4 A, potential   -50.26
 99508 / 100001 elapsed  0 system 0.80 temp  44.2 hbonds, Rg  13.5 A, potential   -53.36
 99608 / 100001 elapsed  3 system 0.80 temp  39.2 hbonds, Rg  13.6 A, potential   -48.84
 98608 / 100001 elapsed  1 system 0.80 temp  40.4 hbonds, Rg  13.5 A, potential   -38.40
 99608 / 100001 elapsed  2 system 0.80 temp  45.0 hbonds, Rg  13.2 A, potential   -43.42
 99608 / 100001 elapsed  0 system 0.80 temp  46.2 hbonds, Rg  13.3 A, potential   -46.31
 99708 / 100001 elapsed  3 system 0.80 temp  39.2 hbonds, Rg  13.7 A, potential     3.71
 98708 / 100001 elapsed  1 system 0.80 temp  44.6 hbonds, Rg  13.3 A, potential   -47.63
 99708 / 100001 elapsed  2 system 0.80 temp  47.0 hbonds, Rg  13.5 A, potential   -63.11
 99708 / 100001 elapsed  0 system 0.80 temp  45.7 hbonds, Rg  13.6 A, potential   -47.74
 99808 / 100001 elapsed  3 system 0.80 temp  43.8 hbonds, Rg  13.6 A, potential   -48.14
 98808 / 100001 elapsed  1 system 0.80 temp  43.3 hbonds, Rg  13.6 A, potential   -60.90
 99808 / 100001 elapsed  2 system 0.80 temp  42.8 hbonds, Rg  13.6 A, potential   -35.86
 99808 / 100001 elapsed  0 system 0.80 temp  46.0 hbonds, Rg  13.4 A, potential   -57.41
 99908 / 100001 elapsed  3 system 0.80 temp  45.1 hbonds, Rg  13.4 A, potential   -46.15
 98908 / 100001 elapsed  1 system 0.80 temp  45.4 hbonds, Rg  13.5 A, potential   -69.47
 99908 / 100001 elapsed  2 system 0.80 temp  39.9 hbonds, Rg  13.7 A, potential   -32.66
 99908 / 100001 elapsed  0 system 0.80 temp  44.4 hbonds, Rg  13.2 A, potential   -47.02
 99008 / 100001 elapsed  1 system 0.80 temp  42.2 hbonds, Rg  13.6 A, potential   -40.31
 99108 / 100001 elapsed  1 system 0.80 temp  43.6 hbonds, Rg  13.3 A, potential   -49.88
 99208 / 100001 elapsed  1 system 0.80 temp  43.8 hbonds, Rg  13.5 A, potential   -61.74
 99308 / 100001 elapsed  1 system 0.80 temp  46.0 hbonds, Rg  13.5 A, potential   -41.40
 99408 / 100001 elapsed  1 system 0.80 temp  45.8 hbonds, Rg  13.3 A, potential   -50.14
 99508 / 100001 elapsed  1 system 0.80 temp  46.1 hbonds, Rg  13.4 A, potential   -55.65
 99608 / 100001 elapsed  1 system 0.80 temp  45.3 hbonds, Rg  13.7 A, potential   -29.93
 99708 / 100001 elapsed  1 system 0.80 temp  45.4 hbonds, Rg  13.3 A, potential   -45.25
 99808 / 100001 elapsed  1 system 0.80 temp  43.0 hbonds, Rg  13.5 A, potential    -9.76
 99908 / 100001 elapsed  1 system 0.80 temp  45.9 hbonds, Rg  13.5 A, potential   -45.55


finished in 3155.1 seconds (70.99 us/systems/step, 1.1e+05 simulation_time_unit/hour)

avg_kinetic_energy/1.5kT  1.061  1.053  1.059  1.052
Initial structure gen...
python /home/nithin/data2/nithin/codex_work/resilient_interface/Upside_Desktop/py/PDB_to_initial_structure.py ./pdb/1rkl.pdb .//inputs/1rkl --record-chain-breaks --disable-recentering 
Configuring...
Config commandline options:
/home/nithin/data2/nithin/codex_work/resilient_interface/Upside_Desktop/py/upside_config.py --fasta=.//inputs/1rkl.fasta --output=.//inputs/1rkl.up --initial-structure=.//inputs/1rkl.initial.npy --rama-library=/home/nithin/data2/nithin/codex_work/resilient_interface/Upside_Desktop/parameters/common/rama.dat --rama-sheet-mixing-energy=/home/nithin/data2/nithin/codex_work/resilient_interface/Upside_Desktop/parameters/ff_2.1/sheet --hbond-energy=/home/nithin/data2/nithin/codex_work/resilient_interface/Upside_Desktop/parameters/ff_2.1/hbond.h5 --reference-state-rama=/home/nithin/data2/nithin/codex_work/resilient_interface/Upside_Desktop/parameters/common/rama_reference.pkl --rotamer-placement=/home/nithin/data2/nithin/codex_work/resilient_interface/Upside_Desktop/parameters/ff_2.1/sidechain.h5 --dynamic-rotamer-1body --rotamer-interaction=/home/nithin/data2/nithin/codex_work/resilient_interface/Upside_Desktop/parameters/ff_2.1/sidechain.h5 --environment-potential=/home/nithin/data2/nithin/codex_work/resilient_interface/Upside_Desktop/parameters/ff_2.1/environment.h5 --bb-environment-potential=/home/nithin/data2/nithin/codex_work/resilient_interface/Upside_Desktop/parameters/ff_2.1/bb_env.dat --chain-break-from-file=.//inputs/1rkl.chain_breaks --membrane-potential=/home/nithin/data2/nithin/codex_work/resilient_interface/Upside_Desktop/parameters/ff_2.1/membrane.h5 --membrane-thickness=24.800000 --use-curvature --curvature-radius=120.000000 --curvature-sign=1

n_chains: 1

hbond, 29 donors, 30 acceptors in sequence
1 120.0 1


Running...
"/home/nithin/data2/nithin/codex_work/resilient_interface/Upside_Desktop/obj/upside" --duration 100001 --frame-interval 100 --temperature 0.7999999999999999,0.7999999999999999,0.7999999999999999,0.7999999999999999 --seed -1 --disable-recentering --integrator mv  .//outputs/fixed_curv/1rkl.run.0.up .//outputs/fixed_curv/1rkl.run.1.up .//outputs/fixed_curv/1rkl.run.2.up .//outputs/fixed_curv/1rkl.run.3.up
