@> 708 atoms and 1 coordinate set(s) were parsed in 0.01s.
/home/nithin/data2/nithin/codex_work/resilient_interface/Upside_Desktop/py/upside_config.py:2403: VisibleDeprecationWarning: dtype(): align should be passed as Python or NumPy boolean but got `align=0`. Did you mean to pass a tuple to create a subarray type? (Deprecated NumPy 2.4)
  ref_state_cor =  np.log(cPickle.load(open(args.reference_state_rama, 'rb'), encoding='latin1'))
invocation: /home/nithin/data2/nithin/codex_work/resilient_interface/Upside_Desktop/obj/upside --duration 100001 --frame-interval 100 --temperature 0.7999999999999999,0.7999999999999999,0.7999999999999999,0.7999999999999999 --seed -1 --disable-recentering --integrator mv --curvature-changer-interval 10 .//outputs/curv_dy1/three_1rkl_a.run.0.up .//outputs/curv_dy1/three_1rkl_a.run.1.up .//outputs/curv_dy1/three_1rkl_a.run.2.up .//outputs/curv_dy1/three_1rkl_a.run.3.up
random seed: 24

Using the multi-step integrator
slow motion
  time step: 0.027
  potential terms:
    backbone_pairs
    hbond_energy
    rotamer
    sigmoid_coupling_environment
    bb_sigmoid_coupling_environment

fast motion
  time step: 0.009
  potential terms:
    Spring_angle
    Spring_bond
    Spring_omega
    Spring_nail
    rama_map_pot
    rama_map_pot_ref
    hb_membrane_potential
    cb_membrane_potential

.//outputs/curv_dy1/three_1rkl_a.run.0.up
n_atom 279


Using the multi-step integrator
slow motion
  time step: 0.027
  potential terms:
    backbone_pairs
    hbond_energy
    rotamer
    sigmoid_coupling_environment
    bb_sigmoid_coupling_environment

fast motion
  time step: 0.009
  potential terms:
    Spring_angle
    Spring_bond
    Spring_omega
    Spring_nail
    rama_map_pot
    rama_map_pot_ref
    hb_membrane_potential
    cb_membrane_potential

.//outputs/curv_dy1/three_1rkl_a.run.1.up
n_atom 279


Using the multi-step integrator
slow motion
  time step: 0.027
  potential terms:
    backbone_pairs
    hbond_energy
    rotamer
    sigmoid_coupling_environment
    bb_sigmoid_coupling_environment

fast motion
  time step: 0.009
  potential terms:
    Spring_angle
    Spring_bond
    Spring_omega
    Spring_nail
    rama_map_pot
    rama_map_pot_ref
    hb_membrane_potential
    cb_membrane_potential

.//outputs/curv_dy1/three_1rkl_a.run.2.up
n_atom 279


Using the multi-step integrator
slow motion
  time step: 0.027
  potential terms:
    backbone_pairs
    hbond_energy
    rotamer
    sigmoid_coupling_environment
    bb_sigmoid_coupling_environment

fast motion
  time step: 0.009
  potential terms:
    Spring_angle
    Spring_bond
    Spring_omega
    Spring_nail
    rama_map_pot
    rama_map_pot_ref
    hb_membrane_potential
    cb_membrane_potential

.//outputs/curv_dy1/three_1rkl_a.run.3.up
n_atom 279

initializing curvature changer

0 0.80
1 0.80
2 0.80
3 0.80

Initial potential energy: 719.29 719.29 719.29 719.29
     0 / 100001 elapsed  0 system 0.80 temp  13.4 hbonds, Rg  66.5 A, potential   719.29
     0 / 100001 elapsed  1 system 0.80 temp  13.4 hbonds, Rg  66.5 A, potential   719.29
     0 / 100001 elapsed  3 system 0.80 temp  13.4 hbonds, Rg  66.5 A, potential   719.29
     0 / 100001 elapsed  2 system 0.80 temp  13.4 hbonds, Rg  66.5 A, potential   719.29
   100 / 100001 elapsed  0 system 0.80 temp 102.1 hbonds, Rg  66.5 A, potential    62.38
   100 / 100001 elapsed  2 system 0.80 temp 100.3 hbonds, Rg  66.5 A, potential    29.11
   100 / 100001 elapsed  3 system 0.80 temp 102.0 hbonds, Rg  66.6 A, potential    60.96
   100 / 100001 elapsed  1 system 0.80 temp 106.3 hbonds, Rg  66.5 A, potential    27.37
   200 / 100001 elapsed  0 system 0.80 temp 101.6 hbonds, Rg  66.5 A, potential    59.42
   200 / 100001 elapsed  1 system 0.80 temp 104.3 hbonds, Rg  66.7 A, potential    53.96
   200 / 100001 elapsed  2 system 0.80 temp 100.4 hbonds, Rg  66.5 A, potential    48.97
   200 / 100001 elapsed  3 system 0.80 temp 103.0 hbonds, Rg  66.6 A, potential    62.60
   300 / 100001 elapsed  0 system 0.80 temp 101.3 hbonds, Rg  66.6 A, potential    21.26
   300 / 100001 elapsed  1 system 0.80 temp  97.9 hbonds, Rg  66.5 A, potential    51.84
   300 / 100001 elapsed  2 system 0.80 temp 103.5 hbonds, Rg  66.7 A, potential    49.09
   300 / 100001 elapsed  3 system 0.80 temp 103.0 hbonds, Rg  66.4 A, potential    73.83
   400 / 100001 elapsed  0 system 0.80 temp  98.5 hbonds, Rg  66.5 A, potential    31.90
   400 / 100001 elapsed  2 system 0.80 temp 102.3 hbonds, Rg  66.6 A, potential    43.30
   400 / 100001 elapsed  1 system 0.80 temp 101.6 hbonds, Rg  66.5 A, potential    35.67
   400 / 100001 elapsed  3 system 0.80 temp  99.3 hbonds, Rg  66.6 A, potential    50.83
   500 / 100001 elapsed  0 system 0.80 temp  99.6 hbonds, Rg  66.4 A, potential    70.51
   500 / 100001 elapsed  1 system 0.80 temp  97.6 hbonds, Rg  66.6 A, potential    89.20
   500 / 100001 elapsed  2 system 0.80 temp 104.3 hbonds, Rg  66.6 A, potential    12.60
   500 / 100001 elapsed  3 system 0.80 temp 106.6 hbonds, Rg  66.5 A, potential    61.18
   600 / 100001 elapsed  0 system 0.80 temp 101.8 hbonds, Rg  66.5 A, potential    44.90
   600 / 100001 elapsed  1 system 0.80 temp 105.0 hbonds, Rg  66.6 A, potential    18.89
   600 / 100001 elapsed  2 system 0.80 temp 103.8 hbonds, Rg  66.5 A, potential    32.10
   600 / 100001 elapsed  3 system 0.80 temp 107.6 hbonds, Rg  66.4 A, potential    29.10
   700 / 100001 elapsed  0 system 0.80 temp  99.9 hbonds, Rg  66.5 A, potential    66.68
   700 / 100001 elapsed  3 system 0.80 temp 105.5 hbonds, Rg  66.5 A, potential    65.18
   700 / 100001 elapsed  2 system 0.80 temp  99.9 hbonds, Rg  66.5 A, potential    41.92
   700 / 100001 elapsed  1 system 0.80 temp 101.3 hbonds, Rg  66.5 A, potential    28.43
   800 / 100001 elapsed  0 system 0.80 temp  99.7 hbonds, Rg  66.6 A, potential    65.84
   800 / 100001 elapsed  3 system 0.80 temp 101.2 hbonds, Rg  66.7 A, potential    72.16
   800 / 100001 elapsed  2 system 0.80 temp 102.1 hbonds, Rg  66.6 A, potential    53.55
   800 / 100001 elapsed  1 system 0.80 temp 103.5 hbonds, Rg  66.7 A, potential    52.13
   900 / 100001 elapsed  0 system 0.80 temp 101.4 hbonds, Rg  66.5 A, potential    51.57
   900 / 100001 elapsed  3 system 0.80 temp 104.6 hbonds, Rg  66.5 A, potential    39.09
   900 / 100001 elapsed  1 system 0.80 temp 103.7 hbonds, Rg  66.5 A, potential    58.46
   900 / 100001 elapsed  2 system 0.80 temp 100.2 hbonds, Rg  66.4 A, potential    48.29
  1000 / 100001 elapsed  0 system 0.80 temp 103.4 hbonds, Rg  66.5 A, potential    21.66
  1000 / 100001 elapsed  3 system 0.80 temp 104.2 hbonds, Rg  66.7 A, potential    27.47
  1000 / 100001 elapsed  1 system 0.80 temp 102.1 hbonds, Rg  66.5 A, potential    14.65
  1000 / 100001 elapsed  2 system 0.80 temp  98.3 hbonds, Rg  66.7 A, potential    75.03
  1100 / 100001 elapsed  0 system 0.80 temp 103.7 hbonds, Rg  66.6 A, potential    35.64
  1100 / 100001 elapsed  3 system 0.80 temp 105.5 hbonds, Rg  66.4 A, potential    23.21
  1100 / 100001 elapsed  2 system 0.80 temp 103.5 hbonds, Rg  66.4 A, potential    16.93
  1100 / 100001 elapsed  1 system 0.80 temp 104.7 hbonds, Rg  66.6 A, potential    55.89
  1200 / 100001 elapsed  0 system 0.80 temp 101.3 hbonds, Rg  66.7 A, potential    66.15
  1200 / 100001 elapsed  3 system 0.80 temp 104.3 hbonds, Rg  66.5 A, potential    29.90
  1200 / 100001 elapsed  2 system 0.80 temp 100.3 hbonds, Rg  66.4 A, potential    48.15
  1200 / 100001 elapsed  1 system 0.80 temp 100.7 hbonds, Rg  66.5 A, potential    -2.42
  1300 / 100001 elapsed  0 system 0.80 temp  99.7 hbonds, Rg  66.4 A, potential    10.38
  1300 / 100001 elapsed  3 system 0.80 temp 106.8 hbonds, Rg  66.5 A, potential    24.79
  1300 / 100001 elapsed  2 system 0.80 temp 104.3 hbonds, Rg  66.5 A, potential    32.01
  1300 / 100001 elapsed  1 system 0.80 temp 105.5 hbonds, Rg  66.5 A, potential    27.65
  1400 / 100001 elapsed  3 system 0.80 temp 100.0 hbonds, Rg  66.7 A, potential    80.84
  1400 / 100001 elapsed  0 system 0.80 temp 104.2 hbonds, Rg  66.7 A, potential    35.44
  1400 / 100001 elapsed  2 system 0.80 temp  95.0 hbonds, Rg  66.5 A, potential    13.12
  1400 / 100001 elapsed  1 system 0.80 temp 104.6 hbonds, Rg  66.5 A, potential    63.19
  1500 / 100001 elapsed  3 system 0.80 temp 103.4 hbonds, Rg  66.7 A, potential    92.62
  1500 / 100001 elapsed  0 system 0.80 temp 101.2 hbonds, Rg  66.5 A, potential     6.82
  1500 / 100001 elapsed  1 system 0.80 temp 104.8 hbonds, Rg  66.7 A, potential    33.40
  1500 / 100001 elapsed  2 system 0.80 temp 101.4 hbonds, Rg  66.6 A, potential    28.93
  1600 / 100001 elapsed  3 system 0.80 temp  98.8 hbonds, Rg  66.5 A, potential    49.03
  1600 / 100001 elapsed  0 system 0.80 temp 101.6 hbonds, Rg  66.5 A, potential    44.76
  1600 / 100001 elapsed  1 system 0.80 temp 101.6 hbonds, Rg  66.6 A, potential     3.04
  1600 / 100001 elapsed  2 system 0.80 temp  98.9 hbonds, Rg  66.6 A, potential    56.28
  1700 / 100001 elapsed  0 system 0.80 temp 100.1 hbonds, Rg  66.6 A, potential    50.81
  1700 / 100001 elapsed  3 system 0.80 temp 105.9 hbonds, Rg  66.6 A, potential    42.04
  1700 / 100001 elapsed  1 system 0.80 temp 103.9 hbonds, Rg  66.6 A, potential    39.69
  1700 / 100001 elapsed  2 system 0.80 temp 105.9 hbonds, Rg  66.4 A, potential    27.40
  1800 / 100001 elapsed  0 system 0.80 temp 100.9 hbonds, Rg  66.6 A, potential    36.09
  1800 / 100001 elapsed  3 system 0.80 temp 105.4 hbonds, Rg  66.5 A, potential    12.81
  1800 / 100001 elapsed  1 system 0.80 temp 105.3 hbonds, Rg  66.5 A, potential    12.65
  1800 / 100001 elapsed  2 system 0.80 temp 106.4 hbonds, Rg  66.4 A, potential     5.60
  1900 / 100001 elapsed  0 system 0.80 temp 102.7 hbonds, Rg  66.7 A, potential    44.50
  1900 / 100001 elapsed  3 system 0.80 temp 103.0 hbonds, Rg  66.6 A, potential    26.81
  1900 / 100001 elapsed  1 system 0.80 temp 100.6 hbonds, Rg  66.7 A, potential    34.38
  1900 / 100001 elapsed  2 system 0.80 temp 102.3 hbonds, Rg  66.5 A, potential    40.95
  2000 / 100001 elapsed  0 system 0.80 temp 105.2 hbonds, Rg  66.5 A, potential    42.50
  2000 / 100001 elapsed  3 system 0.80 temp 101.9 hbonds, Rg  66.5 A, potential    11.19
  2000 / 100001 elapsed  1 system 0.80 temp 105.8 hbonds, Rg  66.6 A, potential     8.47
  2000 / 100001 elapsed  2 system 0.80 temp 101.4 hbonds, Rg  66.5 A, potential    15.66
  2100 / 100001 elapsed  0 system 0.80 temp 102.0 hbonds, Rg  66.6 A, potential    50.99
  2100 / 100001 elapsed  3 system 0.80 temp 102.4 hbonds, Rg  66.6 A, potential    12.23
  2100 / 100001 elapsed  1 system 0.80 temp 103.1 hbonds, Rg  66.5 A, potential    17.26
  2100 / 100001 elapsed  2 system 0.80 temp 103.6 hbonds, Rg  66.6 A, potential    26.05
  2200 / 100001 elapsed  0 system 0.80 temp 106.1 hbonds, Rg  66.6 A, potential    24.41
  2200 / 100001 elapsed  3 system 0.80 temp 102.9 hbonds, Rg  66.5 A, potential     0.54
  2200 / 100001 elapsed  1 system 0.80 temp 100.3 hbonds, Rg  66.7 A, potential     6.97
  2200 / 100001 elapsed  2 system 0.80 temp 102.2 hbonds, Rg  66.6 A, potential    34.61
  2300 / 100001 elapsed  0 system 0.80 temp  98.7 hbonds, Rg  66.7 A, potential    34.47
  2300 / 100001 elapsed  3 system 0.80 temp 103.6 hbonds, Rg  66.6 A, potential    48.90
  2300 / 100001 elapsed  1 system 0.80 temp 105.9 hbonds, Rg  66.6 A, potential    62.03
  2300 / 100001 elapsed  2 system 0.80 temp 101.4 hbonds, Rg  66.7 A, potential    25.54
  2400 / 100001 elapsed  0 system 0.80 temp 104.3 hbonds, Rg  66.7 A, potential    -3.85
  2400 / 100001 elapsed  3 system 0.80 temp  97.7 hbonds, Rg  66.7 A, potential    45.70
  2400 / 100001 elapsed  1 system 0.80 temp  99.7 hbonds, Rg  66.6 A, potential    51.26
  2400 / 100001 elapsed  2 system 0.80 temp 104.8 hbonds, Rg  66.7 A, potential    46.42
  2500 / 100001 elapsed  0 system 0.80 temp 103.4 hbonds, Rg  66.5 A, potential    27.59
  2500 / 100001 elapsed  3 system 0.80 temp 104.5 hbonds, Rg  66.6 A, potential    59.23
  2500 / 100001 elapsed  2 system 0.80 temp 100.5 hbonds, Rg  66.6 A, potential   -15.14
  2500 / 100001 elapsed  1 system 0.80 temp 100.4 hbonds, Rg  66.7 A, potential    37.55
  2600 / 100001 elapsed  0 system 0.80 temp 101.7 hbonds, Rg  66.7 A, potential    30.33
  2600 / 100001 elapsed  3 system 0.80 temp  99.6 hbonds, Rg  66.4 A, potential    15.23
  2600 / 100001 elapsed  2 system 0.80 temp 103.6 hbonds, Rg  66.4 A, potential    32.62
  2600 / 100001 elapsed  1 system 0.80 temp 105.1 hbonds, Rg  66.8 A, potential    13.48
  2700 / 100001 elapsed  0 system 0.80 temp 104.0 hbonds, Rg  66.5 A, potential    67.56
  2700 / 100001 elapsed  3 system 0.80 temp 104.8 hbonds, Rg  66.6 A, potential     6.10
  2700 / 100001 elapsed  2 system 0.80 temp 103.8 hbonds, Rg  66.5 A, potential   -25.09
  2700 / 100001 elapsed  1 system 0.80 temp 104.6 hbonds, Rg  66.6 A, potential     4.43
  2800 / 100001 elapsed  0 system 0.80 temp 104.4 hbonds, Rg  66.5 A, potential    33.13
  2800 / 100001 elapsed  3 system 0.80 temp  99.7 hbonds, Rg  66.6 A, potential    48.83
  2800 / 100001 elapsed  2 system 0.80 temp  97.1 hbonds, Rg  66.7 A, potential    68.36
  2800 / 100001 elapsed  1 system 0.80 temp 105.8 hbonds, Rg  66.6 A, potential    19.36
  2900 / 100001 elapsed  0 system 0.80 temp 103.4 hbonds, Rg  66.5 A, potential    31.17
  2900 / 100001 elapsed  3 system 0.80 temp 106.1 hbonds, Rg  66.5 A, potential    14.03
  2900 / 100001 elapsed  2 system 0.80 temp 105.2 hbonds, Rg  66.5 A, potential     5.44
  2900 / 100001 elapsed  1 system 0.80 temp 104.5 hbonds, Rg  66.5 A, potential    48.22
  3000 / 100001 elapsed  0 system 0.80 temp 100.0 hbonds, Rg  66.7 A, potential    11.42
  3000 / 100001 elapsed  3 system 0.80 temp 105.6 hbonds, Rg  66.5 A, potential    58.51
  3000 / 100001 elapsed  2 system 0.80 temp 100.4 hbonds, Rg  66.6 A, potential    37.40
  3000 / 100001 elapsed  1 system 0.80 temp  98.7 hbonds, Rg  66.6 A, potential    46.02
  3100 / 100001 elapsed  0 system 0.80 temp 100.3 hbonds, Rg  66.4 A, potential    34.76
  3100 / 100001 elapsed  3 system 0.80 temp 103.8 hbonds, Rg  66.7 A, potential    21.23
  3100 / 100001 elapsed  2 system 0.80 temp 100.7 hbonds, Rg  66.5 A, potential    50.31
  3100 / 100001 elapsed  1 system 0.80 temp 106.3 hbonds, Rg  66.5 A, potential    15.35
  3200 / 100001 elapsed  0 system 0.80 temp 102.0 hbonds, Rg  66.5 A, potential    47.47
  3200 / 100001 elapsed  3 system 0.80 temp 103.3 hbonds, Rg  66.6 A, potential    40.29
  3200 / 100001 elapsed  2 system 0.80 temp  97.2 hbonds, Rg  66.7 A, potential    38.85
  3200 / 100001 elapsed  1 system 0.80 temp 101.1 hbonds, Rg  66.5 A, potential    29.05
  3300 / 100001 elapsed  0 system 0.80 temp 103.9 hbonds, Rg  66.7 A, potential    -2.46
  3300 / 100001 elapsed  3 system 0.80 temp 104.9 hbonds, Rg  66.6 A, potential   -16.58
  3300 / 100001 elapsed  2 system 0.80 temp 105.8 hbonds, Rg  66.5 A, potential    26.18
  3300 / 100001 elapsed  1 system 0.80 temp 102.0 hbonds, Rg  66.6 A, potential    34.17
  3400 / 100001 elapsed  0 system 0.80 temp 103.1 hbonds, Rg  66.5 A, potential    25.71
  3400 / 100001 elapsed  3 system 0.80 temp 103.1 hbonds, Rg  66.7 A, potential    11.54
  3400 / 100001 elapsed  2 system 0.80 temp  98.1 hbonds, Rg  66.6 A, potential    43.93
  3400 / 100001 elapsed  1 system 0.80 temp  99.3 hbonds, Rg  66.5 A, potential    25.83
  3500 / 100001 elapsed  0 system 0.80 temp 101.7 hbonds, Rg  66.7 A, potential     9.30
  3500 / 100001 elapsed  3 system 0.80 temp 103.8 hbonds, Rg  66.7 A, potential    31.79
  3500 / 100001 elapsed  2 system 0.80 temp 100.5 hbonds, Rg  66.5 A, potential    44.54
  3500 / 100001 elapsed  1 system 0.80 temp 103.5 hbonds, Rg  66.6 A, potential    37.83
  3600 / 100001 elapsed  0 system 0.80 temp 104.8 hbonds, Rg  66.5 A, potential    30.34
  3600 / 100001 elapsed  3 system 0.80 temp 101.0 hbonds, Rg  66.7 A, potential    17.76
  3600 / 100001 elapsed  2 system 0.80 temp  99.7 hbonds, Rg  66.6 A, potential    30.54
  3600 / 100001 elapsed  1 system 0.80 temp 104.0 hbonds, Rg  66.5 A, potential     6.02
  3700 / 100001 elapsed  0 system 0.80 temp 102.7 hbonds, Rg  66.5 A, potential    15.59
  3700 / 100001 elapsed  3 system 0.80 temp  98.5 hbonds, Rg  66.5 A, potential    32.48
  3700 / 100001 elapsed  2 system 0.80 temp 105.0 hbonds, Rg  66.6 A, potential    44.04
  3700 / 100001 elapsed  1 system 0.80 temp 102.4 hbonds, Rg  66.5 A, potential    28.37
  3800 / 100001 elapsed  0 system 0.80 temp 101.5 hbonds, Rg  66.5 A, potential     6.50
  3800 / 100001 elapsed  3 system 0.80 temp 101.8 hbonds, Rg  66.4 A, potential    34.93
  3800 / 100001 elapsed  2 system 0.80 temp 102.8 hbonds, Rg  66.6 A, potential    29.91
  3800 / 100001 elapsed  1 system 0.80 temp 104.1 hbonds, Rg  66.5 A, potential    16.04
  3900 / 100001 elapsed  0 system 0.80 temp 100.8 hbonds, Rg  66.6 A, potential    15.06
  3900 / 100001 elapsed  3 system 0.80 temp 104.0 hbonds, Rg  66.3 A, potential    20.77
  3900 / 100001 elapsed  2 system 0.80 temp 105.1 hbonds, Rg  66.6 A, potential    48.04
  3900 / 100001 elapsed  1 system 0.80 temp 104.9 hbonds, Rg  66.5 A, potential    13.94
  4000 / 100001 elapsed  0 system 0.80 temp 108.0 hbonds, Rg  66.6 A, potential    15.49
  4000 / 100001 elapsed  3 system 0.80 temp 100.1 hbonds, Rg  66.6 A, potential    16.16
  4000 / 100001 elapsed  2 system 0.80 temp 102.7 hbonds, Rg  66.6 A, potential     9.08
  4000 / 100001 elapsed  1 system 0.80 temp  99.5 hbonds, Rg  66.6 A, potential    29.30
  4100 / 100001 elapsed  0 system 0.80 temp 103.3 hbonds, Rg  66.6 A, potential    28.95
  4100 / 100001 elapsed  3 system 0.80 temp 106.0 hbonds, Rg  66.7 A, potential    10.79
  4100 / 100001 elapsed  2 system 0.80 temp 103.0 hbonds, Rg  66.6 A, potential     2.85
  4100 / 100001 elapsed  1 system 0.80 temp 101.7 hbonds, Rg  66.4 A, potential    27.02
  4200 / 100001 elapsed  0 system 0.80 temp 100.9 hbonds, Rg  66.3 A, potential    96.18
  4200 / 100001 elapsed  3 system 0.80 temp 100.3 hbonds, Rg  66.6 A, potential    23.35
  4200 / 100001 elapsed  2 system 0.80 temp 106.8 hbonds, Rg  66.4 A, potential    25.29
  4200 / 100001 elapsed  1 system 0.80 temp 104.4 hbonds, Rg  66.5 A, potential    35.17
  4300 / 100001 elapsed  0 system 0.80 temp 101.3 hbonds, Rg  66.6 A, potential    -4.64
  4300 / 100001 elapsed  3 system 0.80 temp 105.0 hbonds, Rg  66.6 A, potential    10.31
  4300 / 100001 elapsed  2 system 0.80 temp 103.1 hbonds, Rg  66.6 A, potential     1.01
  4300 / 100001 elapsed  1 system 0.80 temp 104.6 hbonds, Rg  66.6 A, potential    23.53
  4400 / 100001 elapsed  0 system 0.80 temp 102.7 hbonds, Rg  66.4 A, potential    25.17
  4400 / 100001 elapsed  3 system 0.80 temp 101.1 hbonds, Rg  66.6 A, potential    42.29
  4400 / 100001 elapsed  2 system 0.80 temp 102.4 hbonds, Rg  66.5 A, potential    36.92
  4400 / 100001 elapsed  1 system 0.80 temp 104.0 hbonds, Rg  66.4 A, potential    50.58
  4500 / 100001 elapsed  0 system 0.80 temp 102.6 hbonds, Rg  66.6 A, potential    30.12
  4500 / 100001 elapsed  3 system 0.80 temp 104.3 hbonds, Rg  66.6 A, potential    -7.60
  4500 / 100001 elapsed  2 system 0.80 temp 103.8 hbonds, Rg  66.6 A, potential     8.20
  4500 / 100001 elapsed  1 system 0.80 temp 104.7 hbonds, Rg  66.5 A, potential    20.91
  4600 / 100001 elapsed  0 system 0.80 temp 100.1 hbonds, Rg  66.6 A, potential    48.94
  4600 / 100001 elapsed  3 system 0.80 temp 104.4 hbonds, Rg  66.6 A, potential    25.70
  4600 / 100001 elapsed  2 system 0.80 temp 100.0 hbonds, Rg  66.7 A, potential    21.64
  4600 / 100001 elapsed  1 system 0.80 temp 105.2 hbonds, Rg  66.6 A, potential    39.81
  4700 / 100001 elapsed  0 system 0.80 temp 104.4 hbonds, Rg  66.4 A, potential    45.98
  4700 / 100001 elapsed  3 system 0.80 temp 103.0 hbonds, Rg  66.8 A, potential    24.52
  4700 / 100001 elapsed  2 system 0.80 temp 105.1 hbonds, Rg  66.7 A, potential    35.65
  4700 / 100001 elapsed  1 system 0.80 temp 105.0 hbonds, Rg  66.5 A, potential    34.69
  4800 / 100001 elapsed  0 system 0.80 temp 105.5 hbonds, Rg  66.7 A, potential    43.65
  4800 / 100001 elapsed  3 system 0.80 temp  99.4 hbonds, Rg  66.5 A, potential    28.63
  4800 / 100001 elapsed  2 system 0.80 temp 105.5 hbonds, Rg  66.8 A, potential    32.20
  4800 / 100001 elapsed  1 system 0.80 temp 103.3 hbonds, Rg  66.7 A, potential     6.37
  4900 / 100001 elapsed  0 system 0.80 temp 104.8 hbonds, Rg  66.7 A, potential     5.99
  4900 / 100001 elapsed  3 system 0.80 temp 107.2 hbonds, Rg  66.4 A, potential     8.27
  4900 / 100001 elapsed  2 system 0.80 temp 106.2 hbonds, Rg  66.6 A, potential   -11.69
  4900 / 100001 elapsed  1 system 0.80 temp 106.2 hbonds, Rg  66.4 A, potential    42.68
  5000 / 100001 elapsed  0 system 0.80 temp  96.6 hbonds, Rg  66.7 A, potential    10.39
  5000 / 100001 elapsed  3 system 0.80 temp  99.9 hbonds, Rg  66.5 A, potential   -21.60
  5000 / 100001 elapsed  2 system 0.80 temp 102.3 hbonds, Rg  66.6 A, potential    43.89
  5000 / 100001 elapsed  1 system 0.80 temp 101.4 hbonds, Rg  66.5 A, potential    22.91
  5100 / 100001 elapsed  0 system 0.80 temp 105.8 hbonds, Rg  66.5 A, potential    21.04
  5100 / 100001 elapsed  3 system 0.80 temp 106.6 hbonds, Rg  66.6 A, potential   -20.31
  5100 / 100001 elapsed  2 system 0.80 temp 105.5 hbonds, Rg  66.6 A, potential    29.19
  5100 / 100001 elapsed  1 system 0.80 temp  96.7 hbonds, Rg  66.4 A, potential    52.26
  5200 / 100001 elapsed  0 system 0.80 temp 102.2 hbonds, Rg  66.6 A, potential     7.42
  5200 / 100001 elapsed  3 system 0.80 temp 104.5 hbonds, Rg  66.5 A, potential    10.43
  5200 / 100001 elapsed  2 system 0.80 temp 100.7 hbonds, Rg  66.5 A, potential    85.91
  5200 / 100001 elapsed  1 system 0.80 temp 104.3 hbonds, Rg  66.7 A, potential    50.75
  5300 / 100001 elapsed  0 system 0.80 temp 103.7 hbonds, Rg  66.6 A, potential    40.40
  5300 / 100001 elapsed  3 system 0.80 temp 102.6 hbonds, Rg  66.8 A, potential    10.55
  5300 / 100001 elapsed  2 system 0.80 temp  98.8 hbonds, Rg  66.6 A, potential    33.69
  5300 / 100001 elapsed  1 system 0.80 temp 102.0 hbonds, Rg  66.5 A, potential    30.15
  5400 / 100001 elapsed  0 system 0.80 temp 106.9 hbonds, Rg  66.5 A, potential    -7.90
  5400 / 100001 elapsed  3 system 0.80 temp 104.3 hbonds, Rg  66.6 A, potential     4.67
  5400 / 100001 elapsed  2 system 0.80 temp 102.6 hbonds, Rg  66.5 A, potential    16.07
  5400 / 100001 elapsed  1 system 0.80 temp 108.1 hbonds, Rg  66.5 A, potential    50.23
  5500 / 100001 elapsed  0 system 0.80 temp 102.2 hbonds, Rg  66.5 A, potential   -12.24
  5500 / 100001 elapsed  3 system 0.80 temp 103.2 hbonds, Rg  66.6 A, potential    24.74
  5500 / 100001 elapsed  2 system 0.80 temp  98.7 hbonds, Rg  66.5 A, potential    37.94
  5500 / 100001 elapsed  1 system 0.80 temp 103.6 hbonds, Rg  66.4 A, potential    32.97
  5600 / 100001 elapsed  0 system 0.80 temp 103.6 hbonds, Rg  66.5 A, potential    -9.97
  5600 / 100001 elapsed  3 system 0.80 temp 100.5 hbonds, Rg  66.6 A, potential    21.21
  5600 / 100001 elapsed  2 system 0.80 temp 104.2 hbonds, Rg  66.6 A, potential    16.91
  5600 / 100001 elapsed  1 system 0.80 temp  98.1 hbonds, Rg  66.7 A, potential    14.01
  5700 / 100001 elapsed  0 system 0.80 temp 105.5 hbonds, Rg  66.4 A, potential    41.53
  5700 / 100001 elapsed  3 system 0.80 temp 102.0 hbonds, Rg  66.5 A, potential    23.24
  5700 / 100001 elapsed  2 system 0.80 temp 100.2 hbonds, Rg  66.4 A, potential    -9.85
  5700 / 100001 elapsed  1 system 0.80 temp 108.3 hbonds, Rg  66.7 A, potential    15.61
  5800 / 100001 elapsed  0 system 0.80 temp 102.8 hbonds, Rg  66.6 A, potential     5.87
  5800 / 100001 elapsed  3 system 0.80 temp 102.2 hbonds, Rg  66.7 A, potential    38.53
  5800 / 100001 elapsed  2 system 0.80 temp 103.0 hbonds, Rg  66.6 A, potential     8.35
  5800 / 100001 elapsed  1 system 0.80 temp  98.2 hbonds, Rg  66.5 A, potential    36.51
  5900 / 100001 elapsed  0 system 0.80 temp  96.1 hbonds, Rg  66.6 A, potential    38.71
  5900 / 100001 elapsed  3 system 0.80 temp 105.6 hbonds, Rg  66.5 A, potential     1.99
  5900 / 100001 elapsed  2 system 0.80 temp 105.2 hbonds, Rg  66.4 A, potential    14.68
  5900 / 100001 elapsed  1 system 0.80 temp 101.6 hbonds, Rg  66.6 A, potential     9.54
  6000 / 100001 elapsed  0 system 0.80 temp 100.8 hbonds, Rg  66.7 A, potential    17.31
  6000 / 100001 elapsed  3 system 0.80 temp 103.2 hbonds, Rg  66.6 A, potential    -2.19
  6000 / 100001 elapsed  2 system 0.80 temp 105.2 hbonds, Rg  66.7 A, potential   -15.25
  6000 / 100001 elapsed  1 system 0.80 temp 106.6 hbonds, Rg  66.7 A, potential    14.07
  6100 / 100001 elapsed  0 system 0.80 temp 102.5 hbonds, Rg  66.6 A, potential    22.95
  6100 / 100001 elapsed  3 system 0.80 temp 102.8 hbonds, Rg  66.5 A, potential     5.99
  6100 / 100001 elapsed  2 system 0.80 temp 105.3 hbonds, Rg  66.4 A, potential    27.20
  6100 / 100001 elapsed  1 system 0.80 temp 101.3 hbonds, Rg  66.5 A, potential    -1.26
  6200 / 100001 elapsed  0 system 0.80 temp 103.7 hbonds, Rg  66.7 A, potential    33.60
  6200 / 100001 elapsed  3 system 0.80 temp 102.6 hbonds, Rg  66.6 A, potential    10.44
  6200 / 100001 elapsed  2 system 0.80 temp 100.7 hbonds, Rg  66.6 A, potential    30.91
  6200 / 100001 elapsed  1 system 0.80 temp 100.6 hbonds, Rg  66.5 A, potential    56.51
  6301 / 100001 elapsed  0 system 0.80 temp  97.9 hbonds, Rg  66.5 A, potential    20.13
  6301 / 100001 elapsed  3 system 0.80 temp  98.6 hbonds, Rg  66.5 A, potential    42.76
  6301 / 100001 elapsed  2 system 0.80 temp 101.1 hbonds, Rg  66.4 A, potential     2.46
  6301 / 100001 elapsed  1 system 0.80 temp 101.7 hbonds, Rg  66.5 A, potential    20.84
  6401 / 100001 elapsed  0 system 0.80 temp 102.4 hbonds, Rg  66.5 A, potential    52.75
  6401 / 100001 elapsed  2 system 0.80 temp 102.3 hbonds, Rg  66.6 A, potential    40.37
  6401 / 100001 elapsed  3 system 0.80 temp  99.6 hbonds, Rg  66.8 A, potential    -8.16
  6401 / 100001 elapsed  1 system 0.80 temp 100.7 hbonds, Rg  66.6 A, potential    11.05
  6501 / 100001 elapsed  0 system 0.80 temp 101.7 hbonds, Rg  66.4 A, potential    41.43
  6501 / 100001 elapsed  2 system 0.80 temp 105.2 hbonds, Rg  66.7 A, potential    13.66
  6501 / 100001 elapsed  3 system 0.80 temp  98.8 hbonds, Rg  66.4 A, potential    11.25
  6501 / 100001 elapsed  1 system 0.80 temp 101.0 hbonds, Rg  66.6 A, potential     8.10
  6601 / 100001 elapsed  0 system 0.80 temp 101.3 hbonds, Rg  66.7 A, potential    25.79
  6601 / 100001 elapsed  2 system 0.80 temp 101.0 hbonds, Rg  66.6 A, potential    50.80
  6601 / 100001 elapsed  3 system 0.80 temp 104.6 hbonds, Rg  66.7 A, potential    44.49
  6601 / 100001 elapsed  1 system 0.80 temp 102.6 hbonds, Rg  66.8 A, potential    25.85
  6701 / 100001 elapsed  0 system 0.80 temp  96.2 hbonds, Rg  66.5 A, potential    18.13
  6701 / 100001 elapsed  2 system 0.80 temp 103.2 hbonds, Rg  66.5 A, potential    33.52
  6701 / 100001 elapsed  3 system 0.80 temp 105.7 hbonds, Rg  66.6 A, potential    -1.49
  6701 / 100001 elapsed  1 system 0.80 temp 107.5 hbonds, Rg  66.6 A, potential   -10.50
  6801 / 100001 elapsed  0 system 0.80 temp 101.3 hbonds, Rg  66.4 A, potential    25.00
  6801 / 100001 elapsed  2 system 0.80 temp 102.3 hbonds, Rg  66.5 A, potential    12.50
  6801 / 100001 elapsed  3 system 0.80 temp 103.9 hbonds, Rg  66.6 A, potential    46.34
  6801 / 100001 elapsed  1 system 0.80 temp 103.3 hbonds, Rg  66.6 A, potential    15.81
  6901 / 100001 elapsed  0 system 0.80 temp 100.9 hbonds, Rg  66.4 A, potential    17.00
  6901 / 100001 elapsed  2 system 0.80 temp 101.6 hbonds, Rg  66.5 A, potential    16.93
  6901 / 100001 elapsed  3 system 0.80 temp 104.2 hbonds, Rg  66.7 A, potential   -16.44
  6901 / 100001 elapsed  1 system 0.80 temp 104.4 hbonds, Rg  66.5 A, potential    20.10
  7001 / 100001 elapsed  0 system 0.80 temp 106.9 hbonds, Rg  66.6 A, potential    13.72
  7001 / 100001 elapsed  2 system 0.80 temp 103.0 hbonds, Rg  66.6 A, potential    -6.08
  7001 / 100001 elapsed  3 system 0.80 temp 102.4 hbonds, Rg  66.4 A, potential    30.71
  7001 / 100001 elapsed  1 system 0.80 temp 103.3 hbonds, Rg  66.6 A, potential    14.81
  7101 / 100001 elapsed  0 system 0.80 temp 102.8 hbonds, Rg  66.5 A, potential    21.12
  7101 / 100001 elapsed  2 system 0.80 temp 103.7 hbonds, Rg  66.5 A, potential    -4.58
  7101 / 100001 elapsed  3 system 0.80 temp 101.7 hbonds, Rg  66.7 A, potential    -4.76
  7101 / 100001 elapsed  1 system 0.80 temp 103.3 hbonds, Rg  66.6 A, potential    12.19
  7201 / 100001 elapsed  0 system 0.80 temp 101.6 hbonds, Rg  66.7 A, potential    29.24
  7201 / 100001 elapsed  2 system 0.80 temp 105.8 hbonds, Rg  66.4 A, potential    19.69
  7201 / 100001 elapsed  3 system 0.80 temp 105.3 hbonds, Rg  66.5 A, potential     9.96
  7201 / 100001 elapsed  1 system 0.80 temp 103.9 hbonds, Rg  66.4 A, potential    18.13
  7301 / 100001 elapsed  0 system 0.80 temp 101.6 hbonds, Rg  66.5 A, potential     4.90
  7301 / 100001 elapsed  2 system 0.80 temp 102.8 hbonds, Rg  66.4 A, potential    45.77
  7301 / 100001 elapsed  3 system 0.80 temp 101.7 hbonds, Rg  66.5 A, potential    42.94
  7301 / 100001 elapsed  1 system 0.80 temp 104.0 hbonds, Rg  66.4 A, potential     7.07
  7401 / 100001 elapsed  0 system 0.80 temp 102.3 hbonds, Rg  66.5 A, potential   -11.12
  7401 / 100001 elapsed  2 system 0.80 temp 106.8 hbonds, Rg  66.6 A, potential    21.24
  7401 / 100001 elapsed  3 system 0.80 temp  98.0 hbonds, Rg  66.7 A, potential    34.62
  7401 / 100001 elapsed  1 system 0.80 temp 104.9 hbonds, Rg  66.5 A, potential    32.37
  7501 / 100001 elapsed  0 system 0.80 temp 105.7 hbonds, Rg  66.6 A, potential    -6.38
  7501 / 100001 elapsed  2 system 0.80 temp 101.1 hbonds, Rg  66.3 A, potential    62.42
  7501 / 100001 elapsed  3 system 0.80 temp 107.3 hbonds, Rg  66.6 A, potential     6.14
  7501 / 100001 elapsed  1 system 0.80 temp 102.7 hbonds, Rg  66.5 A, potential    47.86
  7601 / 100001 elapsed  0 system 0.80 temp 106.7 hbonds, Rg  66.6 A, potential    -7.66
  7601 / 100001 elapsed  2 system 0.80 temp 100.1 hbonds, Rg  66.6 A, potential    45.08
  7601 / 100001 elapsed  3 system 0.80 temp 101.5 hbonds, Rg  66.6 A, potential    14.76
  7601 / 100001 elapsed  1 system 0.80 temp  98.8 hbonds, Rg  66.6 A, potential    25.36
  7701 / 100001 elapsed  0 system 0.80 temp 103.9 hbonds, Rg  66.5 A, potential    -5.03
  7701 / 100001 elapsed  2 system 0.80 temp 100.2 hbonds, Rg  66.5 A, potential     1.42
  7701 / 100001 elapsed  3 system 0.80 temp 104.2 hbonds, Rg  66.5 A, potential    32.77
  7701 / 100001 elapsed  1 system 0.80 temp 105.9 hbonds, Rg  66.5 A, potential    31.51
  7801 / 100001 elapsed  0 system 0.80 temp 104.8 hbonds, Rg  66.5 A, potential    43.92
  7801 / 100001 elapsed  2 system 0.80 temp 100.7 hbonds, Rg  66.5 A, potential    19.99
  7801 / 100001 elapsed  3 system 0.80 temp 105.3 hbonds, Rg  66.5 A, potential    17.81
  7801 / 100001 elapsed  1 system 0.80 temp 102.4 hbonds, Rg  66.3 A, potential     3.60
  7901 / 100001 elapsed  0 system 0.80 temp  98.5 hbonds, Rg  66.6 A, potential    30.80
  7901 / 100001 elapsed  2 system 0.80 temp 101.2 hbonds, Rg  66.6 A, potential   -12.43
  7901 / 100001 elapsed  3 system 0.80 temp  98.8 hbonds, Rg  66.5 A, potential    43.19
  7901 / 100001 elapsed  1 system 0.80 temp 100.1 hbonds, Rg  66.6 A, potential    50.91
  8001 / 100001 elapsed  0 system 0.80 temp  99.7 hbonds, Rg  66.5 A, potential    39.81
  8001 / 100001 elapsed  2 system 0.80 temp 105.5 hbonds, Rg  66.6 A, potential    14.95
  8001 / 100001 elapsed  3 system 0.80 temp 105.0 hbonds, Rg  66.4 A, potential     5.59
  8001 / 100001 elapsed  1 system 0.80 temp 104.6 hbonds, Rg  66.7 A, potential   -10.37
  8101 / 100001 elapsed  0 system 0.80 temp 101.2 hbonds, Rg  66.6 A, potential     1.66
  8101 / 100001 elapsed  2 system 0.80 temp 100.8 hbonds, Rg  66.6 A, potential    35.65
  8101 / 100001 elapsed  3 system 0.80 temp 103.2 hbonds, Rg  66.5 A, potential    -2.15
  8101 / 100001 elapsed  1 system 0.80 temp 106.3 hbonds, Rg  66.5 A, potential    22.14
  8201 / 100001 elapsed  0 system 0.80 temp 101.3 hbonds, Rg  66.7 A, potential    14.57
  8201 / 100001 elapsed  2 system 0.80 temp 102.0 hbonds, Rg  66.5 A, potential    34.56
  8201 / 100001 elapsed  3 system 0.80 temp 101.6 hbonds, Rg  66.7 A, potential    12.00
  8201 / 100001 elapsed  1 system 0.80 temp 102.6 hbonds, Rg  66.5 A, potential     6.87
  8301 / 100001 elapsed  0 system 0.80 temp 103.1 hbonds, Rg  66.5 A, potential    19.64
  8301 / 100001 elapsed  2 system 0.80 temp 105.7 hbonds, Rg  66.4 A, potential    17.99
  8301 / 100001 elapsed  3 system 0.80 temp 102.6 hbonds, Rg  66.6 A, potential    -1.51
  8301 / 100001 elapsed  1 system 0.80 temp 101.1 hbonds, Rg  66.6 A, potential    23.43
  8401 / 100001 elapsed  0 system 0.80 temp 103.9 hbonds, Rg  66.6 A, potential    12.69
  8401 / 100001 elapsed  2 system 0.80 temp 104.5 hbonds, Rg  66.5 A, potential    23.06
  8401 / 100001 elapsed  3 system 0.80 temp 104.6 hbonds, Rg  66.6 A, potential    -6.83
  8401 / 100001 elapsed  1 system 0.80 temp 101.8 hbonds, Rg  66.7 A, potential    17.99
  8501 / 100001 elapsed  0 system 0.80 temp  98.9 hbonds, Rg  66.5 A, potential    11.58
  8501 / 100001 elapsed  2 system 0.80 temp 101.6 hbonds, Rg  66.6 A, potential     1.07
  8501 / 100001 elapsed  3 system 0.80 temp 101.7 hbonds, Rg  66.6 A, potential    11.78
  8501 / 100001 elapsed  1 system 0.80 temp 103.7 hbonds, Rg  66.5 A, potential    38.74
  8601 / 100001 elapsed  0 system 0.80 temp  98.9 hbonds, Rg  66.5 A, potential    47.12
  8601 / 100001 elapsed  2 system 0.80 temp 103.9 hbonds, Rg  66.7 A, potential    31.45
  8601 / 100001 elapsed  3 system 0.80 temp 101.2 hbonds, Rg  66.5 A, potential    28.23
  8601 / 100001 elapsed  1 system 0.80 temp 105.0 hbonds, Rg  66.5 A, potential    44.59
  8701 / 100001 elapsed  0 system 0.80 temp 102.6 hbonds, Rg  66.6 A, potential    -3.17
  8701 / 100001 elapsed  2 system 0.80 temp 104.1 hbonds, Rg  66.6 A, potential    43.23
  8701 / 100001 elapsed  3 system 0.80 temp 103.2 hbonds, Rg  66.6 A, potential    10.26
  8701 / 100001 elapsed  1 system 0.80 temp 101.4 hbonds, Rg  66.5 A, potential    22.35
  8801 / 100001 elapsed  0 system 0.80 temp 105.6 hbonds, Rg  66.8 A, potential    44.50
  8801 / 100001 elapsed  2 system 0.80 temp 105.3 hbonds, Rg  66.6 A, potential    -5.49
  8801 / 100001 elapsed  3 system 0.80 temp 103.2 hbonds, Rg  66.6 A, potential   -16.39
  8801 / 100001 elapsed  1 system 0.80 temp 101.0 hbonds, Rg  66.5 A, potential    -8.35
  8901 / 100001 elapsed  0 system 0.80 temp 102.9 hbonds, Rg  66.6 A, potential     2.53
  8901 / 100001 elapsed  2 system 0.80 temp 103.9 hbonds, Rg  66.7 A, potential    20.05
  8901 / 100001 elapsed  3 system 0.80 temp  97.3 hbonds, Rg  66.6 A, potential    51.00
  8901 / 100001 elapsed  1 system 0.80 temp 100.7 hbonds, Rg  66.7 A, potential     5.76
  9001 / 100001 elapsed  0 system 0.80 temp 105.0 hbonds, Rg  66.6 A, potential    19.86
  9001 / 100001 elapsed  2 system 0.80 temp 104.1 hbonds, Rg  66.3 A, potential    -0.56
  9001 / 100001 elapsed  3 system 0.80 temp 102.3 hbonds, Rg  66.4 A, potential    22.39
  9001 / 100001 elapsed  1 system 0.80 temp 106.3 hbonds, Rg  66.5 A, potential    36.25
  9101 / 100001 elapsed  0 system 0.80 temp 103.2 hbonds, Rg  66.6 A, potential    23.66
  9101 / 100001 elapsed  2 system 0.80 temp 100.2 hbonds, Rg  66.7 A, potential    18.76
  9101 / 100001 elapsed  3 system 0.80 temp 101.7 hbonds, Rg  66.6 A, potential    20.47
  9101 / 100001 elapsed  1 system 0.80 temp 106.7 hbonds, Rg  66.6 A, potential    19.44
  9201 / 100001 elapsed  0 system 0.80 temp 104.4 hbonds, Rg  66.6 A, potential     1.00
  9201 / 100001 elapsed  2 system 0.80 temp 102.1 hbonds, Rg  66.7 A, potential    41.41
  9201 / 100001 elapsed  3 system 0.80 temp 101.2 hbonds, Rg  66.4 A, potential    47.50
  9201 / 100001 elapsed  1 system 0.80 temp 103.3 hbonds, Rg  66.4 A, potential    17.44
  9301 / 100001 elapsed  0 system 0.80 temp 104.0 hbonds, Rg  66.6 A, potential    20.56
  9301 / 100001 elapsed  2 system 0.80 temp 106.1 hbonds, Rg  66.5 A, potential   -39.70
  9301 / 100001 elapsed  3 system 0.80 temp 103.9 hbonds, Rg  66.5 A, potential     9.90
  9301 / 100001 elapsed  1 system 0.80 temp 104.9 hbonds, Rg  66.4 A, potential    26.90
  9401 / 100001 elapsed  0 system 0.80 temp 105.9 hbonds, Rg  66.5 A, potential    31.52
  9401 / 100001 elapsed  2 system 0.80 temp 102.1 hbonds, Rg  66.4 A, potential    37.15
  9401 / 100001 elapsed  3 system 0.80 temp  98.4 hbonds, Rg  66.6 A, potential    33.98
  9401 / 100001 elapsed  1 system 0.80 temp 103.2 hbonds, Rg  66.7 A, potential    -3.71
  9501 / 100001 elapsed  0 system 0.80 temp  99.1 hbonds, Rg  66.7 A, potential    -0.32
  9501 / 100001 elapsed  2 system 0.80 temp 104.0 hbonds, Rg  66.7 A, potential    30.63
  9501 / 100001 elapsed  3 system 0.80 temp 106.0 hbonds, Rg  66.4 A, potential    38.46
  9501 / 100001 elapsed  1 system 0.80 temp 104.4 hbonds, Rg  66.7 A, potential    -9.63
  9601 / 100001 elapsed  0 system 0.80 temp 106.7 hbonds, Rg  66.5 A, potential    34.58
  9601 / 100001 elapsed  2 system 0.80 temp 104.4 hbonds, Rg  66.4 A, potential   -29.61
  9601 / 100001 elapsed  3 system 0.80 temp 103.9 hbonds, Rg  66.6 A, potential   -26.89
  9601 / 100001 elapsed  1 system 0.80 temp  97.9 hbonds, Rg  66.6 A, potential    19.02
  9701 / 100001 elapsed  0 system 0.80 temp 100.4 hbonds, Rg  66.4 A, potential    27.88
  9701 / 100001 elapsed  2 system 0.80 temp 108.1 hbonds, Rg  66.6 A, potential    18.43
  9701 / 100001 elapsed  3 system 0.80 temp 105.0 hbonds, Rg  66.6 A, potential    25.77
  9701 / 100001 elapsed  1 system 0.80 temp 102.9 hbonds, Rg  66.6 A, potential    26.96
  9801 / 100001 elapsed  0 system 0.80 temp 103.4 hbonds, Rg  66.3 A, potential    10.60
  9801 / 100001 elapsed  2 system 0.80 temp 101.7 hbonds, Rg  66.6 A, potential    19.27
  9801 / 100001 elapsed  3 system 0.80 temp 104.3 hbonds, Rg  66.5 A, potential    26.21
  9801 / 100001 elapsed  1 system 0.80 temp 100.1 hbonds, Rg  66.7 A, potential    21.72
  9901 / 100001 elapsed  0 system 0.80 temp 102.9 hbonds, Rg  66.4 A, potential    -6.34
  9901 / 100001 elapsed  2 system 0.80 temp 103.0 hbonds, Rg  66.6 A, potential    -0.89
  9901 / 100001 elapsed  3 system 0.80 temp 104.5 hbonds, Rg  66.6 A, potential    31.50
  9901 / 100001 elapsed  1 system 0.80 temp 102.8 hbonds, Rg  66.6 A, potential    21.17
 10001 / 100001 elapsed  0 system 0.80 temp 102.8 hbonds, Rg  66.5 A, potential     1.92
 10001 / 100001 elapsed  2 system 0.80 temp 105.9 hbonds, Rg  66.7 A, potential    24.93
 10001 / 100001 elapsed  3 system 0.80 temp 102.8 hbonds, Rg  66.6 A, potential    33.33
 10001 / 100001 elapsed  1 system 0.80 temp 103.0 hbonds, Rg  66.8 A, potential    -4.14
 10101 / 100001 elapsed  0 system 0.80 temp 100.9 hbonds, Rg  66.6 A, potential     0.25
 10101 / 100001 elapsed  2 system 0.80 temp  99.8 hbonds, Rg  66.5 A, potential    49.40
 10101 / 100001 elapsed  3 system 0.80 temp 105.8 hbonds, Rg  66.6 A, potential     9.39
 10101 / 100001 elapsed  1 system 0.80 temp 101.8 hbonds, Rg  66.6 A, potential    13.20
 10201 / 100001 elapsed  0 system 0.80 temp 103.7 hbonds, Rg  66.7 A, potential    18.60
 10201 / 100001 elapsed  2 system 0.80 temp 100.4 hbonds, Rg  66.4 A, potential    51.06
 10201 / 100001 elapsed  3 system 0.80 temp 100.8 hbonds, Rg  66.6 A, potential    17.72
 10201 / 100001 elapsed  1 system 0.80 temp 101.3 hbonds, Rg  66.6 A, potential    38.48
 10301 / 100001 elapsed  0 system 0.80 temp 107.0 hbonds, Rg  66.5 A, potential    23.05
 10301 / 100001 elapsed  2 system 0.80 temp 102.8 hbonds, Rg  66.5 A, potential    31.61
 10301 / 100001 elapsed  3 system 0.80 temp  98.9 hbonds, Rg  66.5 A, potential    29.59
 10301 / 100001 elapsed  1 system 0.80 temp  98.8 hbonds, Rg  66.4 A, potential    45.43
 10401 / 100001 elapsed  0 system 0.80 temp 106.7 hbonds, Rg  66.6 A, potential    -1.27
 10401 / 100001 elapsed  2 system 0.80 temp 101.1 hbonds, Rg  66.6 A, potential    38.74
 10401 / 100001 elapsed  3 system 0.80 temp  98.5 hbonds, Rg  66.3 A, potential    54.03
 10401 / 100001 elapsed  1 system 0.80 temp 103.0 hbonds, Rg  66.5 A, potential    34.64
 10501 / 100001 elapsed  0 system 0.80 temp 106.0 hbonds, Rg  66.6 A, potential    13.56
 10501 / 100001 elapsed  2 system 0.80 temp 104.1 hbonds, Rg  66.6 A, potential    17.08
 10501 / 100001 elapsed  3 system 0.80 temp  98.3 hbonds, Rg  66.3 A, potential    46.61
 10501 / 100001 elapsed  1 system 0.80 temp 103.3 hbonds, Rg  66.6 A, potential     1.13
 10601 / 100001 elapsed  0 system 0.80 temp 104.3 hbonds, Rg  66.4 A, potential    37.43
 10601 / 100001 elapsed  2 system 0.80 temp 103.5 hbonds, Rg  66.6 A, potential    27.03
 10601 / 100001 elapsed  3 system 0.80 temp 102.0 hbonds, Rg  66.6 A, potential    -5.55
 10601 / 100001 elapsed  1 system 0.80 temp 100.6 hbonds, Rg  66.6 A, potential    17.15
 10701 / 100001 elapsed  0 system 0.80 temp 104.2 hbonds, Rg  66.7 A, potential    -1.03
 10701 / 100001 elapsed  2 system 0.80 temp 102.3 hbonds, Rg  66.4 A, potential    18.62
 10701 / 100001 elapsed  3 system 0.80 temp 103.9 hbonds, Rg  66.6 A, potential    19.82
 10701 / 100001 elapsed  1 system 0.80 temp 108.6 hbonds, Rg  66.4 A, potential    -1.32
 10801 / 100001 elapsed  0 system 0.80 temp 100.1 hbonds, Rg  66.7 A, potential     3.77
 10801 / 100001 elapsed  2 system 0.80 temp 108.6 hbonds, Rg  66.5 A, potential    17.16
 10801 / 100001 elapsed  3 system 0.80 temp 105.2 hbonds, Rg  66.6 A, potential    16.39
 10801 / 100001 elapsed  1 system 0.80 temp 105.2 hbonds, Rg  66.5 A, potential    10.15
 10901 / 100001 elapsed  0 system 0.80 temp 104.3 hbonds, Rg  66.6 A, potential     5.83
 10901 / 100001 elapsed  2 system 0.80 temp 103.0 hbonds, Rg  66.6 A, potential     2.73
 10901 / 100001 elapsed  3 system 0.80 temp 100.0 hbonds, Rg  66.5 A, potential    54.02
 10901 / 100001 elapsed  1 system 0.80 temp 102.5 hbonds, Rg  66.5 A, potential    -5.28
 11001 / 100001 elapsed  0 system 0.80 temp 102.8 hbonds, Rg  66.6 A, potential    -7.06
 11001 / 100001 elapsed  2 system 0.80 temp 103.9 hbonds, Rg  66.7 A, potential    25.50
 11001 / 100001 elapsed  3 system 0.80 temp 100.3 hbonds, Rg  66.5 A, potential    17.12
 11001 / 100001 elapsed  1 system 0.80 temp 107.2 hbonds, Rg  66.6 A, potential   -10.53
 11101 / 100001 elapsed  0 system 0.80 temp 104.9 hbonds, Rg  66.5 A, potential    36.97
 11101 / 100001 elapsed  2 system 0.80 temp 100.5 hbonds, Rg  66.6 A, potential    22.84
 11101 / 100001 elapsed  3 system 0.80 temp 102.7 hbonds, Rg  66.6 A, potential   -10.20
 11101 / 100001 elapsed  1 system 0.80 temp 103.0 hbonds, Rg  66.5 A, potential    21.65
 11201 / 100001 elapsed  0 system 0.80 temp 103.9 hbonds, Rg  66.6 A, potential    29.81
 11201 / 100001 elapsed  2 system 0.80 temp 101.2 hbonds, Rg  66.7 A, potential    36.38
 11201 / 100001 elapsed  3 system 0.80 temp 103.7 hbonds, Rg  66.7 A, potential    11.35
 11201 / 100001 elapsed  1 system 0.80 temp 101.4 hbonds, Rg  66.5 A, potential    64.52
 11301 / 100001 elapsed  0 system 0.80 temp 100.5 hbonds, Rg  66.6 A, potential    36.43
 11301 / 100001 elapsed  2 system 0.80 temp 101.9 hbonds, Rg  66.8 A, potential     7.31
 11301 / 100001 elapsed  3 system 0.80 temp 101.0 hbonds, Rg  66.6 A, potential    44.89
 11301 / 100001 elapsed  1 system 0.80 temp 105.2 hbonds, Rg  66.5 A, potential    46.33
 11401 / 100001 elapsed  0 system 0.80 temp 103.7 hbonds, Rg  66.7 A, potential    12.38
 11401 / 100001 elapsed  2 system 0.80 temp 101.2 hbonds, Rg  66.4 A, potential    -4.74
 11401 / 100001 elapsed  3 system 0.80 temp 104.2 hbonds, Rg  66.3 A, potential   -12.45
 11401 / 100001 elapsed  1 system 0.80 temp 101.0 hbonds, Rg  66.5 A, potential    -4.43
 11501 / 100001 elapsed  0 system 0.80 temp 108.0 hbonds, Rg  66.6 A, potential    28.45
 11501 / 100001 elapsed  2 system 0.80 temp 102.8 hbonds, Rg  66.7 A, potential    20.17
 11501 / 100001 elapsed  3 system 0.80 temp 100.5 hbonds, Rg  66.6 A, potential    11.48
 11501 / 100001 elapsed  1 system 0.80 temp  98.8 hbonds, Rg  66.5 A, potential    17.40
 11601 / 100001 elapsed  0 system 0.80 temp 106.7 hbonds, Rg  66.6 A, potential    -5.45
 11601 / 100001 elapsed  2 system 0.80 temp 100.9 hbonds, Rg  66.5 A, potential    45.55
 11601 / 100001 elapsed  3 system 0.80 temp 106.0 hbonds, Rg  66.4 A, potential    25.72
 11601 / 100001 elapsed  1 system 0.80 temp 101.6 hbonds, Rg  66.6 A, potential    39.98
 11701 / 100001 elapsed  0 system 0.80 temp 103.9 hbonds, Rg  66.5 A, potential    -6.37
 11701 / 100001 elapsed  2 system 0.80 temp  94.4 hbonds, Rg  66.6 A, potential    59.83
 11701 / 100001 elapsed  3 system 0.80 temp  97.0 hbonds, Rg  66.6 A, potential    68.30
 11701 / 100001 elapsed  1 system 0.80 temp 103.8 hbonds, Rg  66.7 A, potential    13.29
 11801 / 100001 elapsed  0 system 0.80 temp 103.4 hbonds, Rg  66.5 A, potential     7.13
 11801 / 100001 elapsed  2 system 0.80 temp 100.2 hbonds, Rg  66.6 A, potential    13.75
 11801 / 100001 elapsed  3 system 0.80 temp 107.5 hbonds, Rg  66.4 A, potential    17.32
 11801 / 100001 elapsed  1 system 0.80 temp 106.5 hbonds, Rg  66.5 A, potential    14.31
 11901 / 100001 elapsed  0 system 0.80 temp 100.8 hbonds, Rg  66.4 A, potential    19.19
 11901 / 100001 elapsed  2 system 0.80 temp  99.0 hbonds, Rg  66.4 A, potential    77.53
 11901 / 100001 elapsed  3 system 0.80 temp 101.4 hbonds, Rg  66.5 A, potential    17.35
 11901 / 100001 elapsed  1 system 0.80 temp 101.9 hbonds, Rg  66.5 A, potential    22.35
 12001 / 100001 elapsed  0 system 0.80 temp 102.0 hbonds, Rg  66.4 A, potential    10.55
 12001 / 100001 elapsed  2 system 0.80 temp 101.3 hbonds, Rg  66.4 A, potential   -11.08
 12001 / 100001 elapsed  3 system 0.80 temp 105.2 hbonds, Rg  66.6 A, potential    34.17
 12001 / 100001 elapsed  1 system 0.80 temp 104.8 hbonds, Rg  66.5 A, potential     3.63
 12101 / 100001 elapsed  0 system 0.80 temp 100.1 hbonds, Rg  66.7 A, potential    -6.38
 12101 / 100001 elapsed  2 system 0.80 temp 106.0 hbonds, Rg  66.5 A, potential    17.09
 12101 / 100001 elapsed  3 system 0.80 temp  99.2 hbonds, Rg  66.5 A, potential    27.85
 12101 / 100001 elapsed  1 system 0.80 temp 100.6 hbonds, Rg  66.5 A, potential    37.02
 12201 / 100001 elapsed  0 system 0.80 temp 102.9 hbonds, Rg  66.6 A, potential    31.70
 12201 / 100001 elapsed  2 system 0.80 temp 103.5 hbonds, Rg  66.5 A, potential    33.81
 12201 / 100001 elapsed  3 system 0.80 temp 102.3 hbonds, Rg  66.5 A, potential    11.24
 12201 / 100001 elapsed  1 system 0.80 temp 100.5 hbonds, Rg  66.7 A, potential     6.36
 12301 / 100001 elapsed  0 system 0.80 temp 102.1 hbonds, Rg  66.5 A, potential    56.21
 12301 / 100001 elapsed  3 system 0.80 temp 105.4 hbonds, Rg  66.5 A, potential   -29.02
 12301 / 100001 elapsed  2 system 0.80 temp 100.7 hbonds, Rg  66.5 A, potential    17.01
 12301 / 100001 elapsed  1 system 0.80 temp 103.2 hbonds, Rg  66.5 A, potential    27.93
 12401 / 100001 elapsed  0 system 0.80 temp  98.0 hbonds, Rg  66.5 A, potential    44.94
 12401 / 100001 elapsed  3 system 0.80 temp 102.7 hbonds, Rg  66.6 A, potential    25.03
 12401 / 100001 elapsed  2 system 0.80 temp 102.0 hbonds, Rg  66.6 A, potential    31.61
 12401 / 100001 elapsed  1 system 0.80 temp 103.8 hbonds, Rg  66.4 A, potential    10.47
 12501 / 100001 elapsed  0 system 0.80 temp 104.1 hbonds, Rg  66.7 A, potential   -28.85
 12501 / 100001 elapsed  3 system 0.80 temp 106.8 hbonds, Rg  66.4 A, potential    43.76
 12501 / 100001 elapsed  2 system 0.80 temp 106.9 hbonds, Rg  66.6 A, potential    -0.49
 12501 / 100001 elapsed  1 system 0.80 temp 102.1 hbonds, Rg  66.5 A, potential    10.50
 12601 / 100001 elapsed  0 system 0.80 temp 104.0 hbonds, Rg  66.6 A, potential    10.84
 12601 / 100001 elapsed  2 system 0.80 temp  99.5 hbonds, Rg  66.7 A, potential    12.08
 12601 / 100001 elapsed  3 system 0.80 temp 101.9 hbonds, Rg  66.4 A, potential    21.05
 12601 / 100001 elapsed  1 system 0.80 temp 101.2 hbonds, Rg  66.5 A, potential    16.81
 12701 / 100001 elapsed  0 system 0.80 temp 102.4 hbonds, Rg  66.5 A, potential    12.29
 12701 / 100001 elapsed  2 system 0.80 temp 104.3 hbonds, Rg  66.5 A, potential    39.99
 12701 / 100001 elapsed  3 system 0.80 temp 100.4 hbonds, Rg  66.4 A, potential   -10.27
 12701 / 100001 elapsed  1 system 0.80 temp 104.0 hbonds, Rg  66.6 A, potential    -4.91
 12801 / 100001 elapsed  0 system 0.80 temp  96.9 hbonds, Rg  66.4 A, potential    -7.64
 12801 / 100001 elapsed  2 system 0.80 temp 104.7 hbonds, Rg  66.7 A, potential    34.16
 12801 / 100001 elapsed  3 system 0.80 temp 104.1 hbonds, Rg  66.6 A, potential   -28.76
 12801 / 100001 elapsed  1 system 0.80 temp 101.8 hbonds, Rg  66.6 A, potential    37.18
 12901 / 100001 elapsed  0 system 0.80 temp 102.8 hbonds, Rg  66.6 A, potential    20.09
 12901 / 100001 elapsed  2 system 0.80 temp 105.8 hbonds, Rg  66.6 A, potential    17.40
 12901 / 100001 elapsed  3 system 0.80 temp 105.0 hbonds, Rg  66.7 A, potential    29.60
 12901 / 100001 elapsed  1 system 0.80 temp 106.8 hbonds, Rg  66.4 A, potential   -13.03
 13001 / 100001 elapsed  0 system 0.80 temp 102.6 hbonds, Rg  66.6 A, potential     2.71
 13001 / 100001 elapsed  2 system 0.80 temp 102.7 hbonds, Rg  66.4 A, potential    50.82
 13001 / 100001 elapsed  3 system 0.80 temp 104.0 hbonds, Rg  66.5 A, potential    19.08
 13001 / 100001 elapsed  1 system 0.80 temp 102.0 hbonds, Rg  66.6 A, potential    19.67
 13101 / 100001 elapsed  0 system 0.80 temp 104.2 hbonds, Rg  66.6 A, potential    28.44
 13101 / 100001 elapsed  2 system 0.80 temp 104.1 hbonds, Rg  66.6 A, potential     4.00
 13101 / 100001 elapsed  3 system 0.80 temp 102.0 hbonds, Rg  66.7 A, potential    33.33
 13101 / 100001 elapsed  1 system 0.80 temp 105.1 hbonds, Rg  66.5 A, potential   -42.76
 13201 / 100001 elapsed  0 system 0.80 temp 105.3 hbonds, Rg  66.6 A, potential    29.44
 13201 / 100001 elapsed  2 system 0.80 temp 101.5 hbonds, Rg  66.6 A, potential    28.14
 13201 / 100001 elapsed  3 system 0.80 temp  96.3 hbonds, Rg  66.6 A, potential    61.18
 13201 / 100001 elapsed  1 system 0.80 temp 107.1 hbonds, Rg  66.5 A, potential    13.80
 13301 / 100001 elapsed  0 system 0.80 temp 101.4 hbonds, Rg  66.5 A, potential    12.52
 13301 / 100001 elapsed  2 system 0.80 temp 103.5 hbonds, Rg  66.4 A, potential   -10.87
 13301 / 100001 elapsed  3 system 0.80 temp 100.9 hbonds, Rg  66.6 A, potential    18.61
 13301 / 100001 elapsed  1 system 0.80 temp 102.7 hbonds, Rg  66.7 A, potential    55.20
 13401 / 100001 elapsed  0 system 0.80 temp 103.4 hbonds, Rg  66.7 A, potential     8.22
 13401 / 100001 elapsed  2 system 0.80 temp 104.1 hbonds, Rg  66.5 A, potential   -13.07
 13401 / 100001 elapsed  3 system 0.80 temp 103.1 hbonds, Rg  66.7 A, potential     4.97
 13401 / 100001 elapsed  1 system 0.80 temp 105.5 hbonds, Rg  66.5 A, potential     9.72
 13501 / 100001 elapsed  0 system 0.80 temp  90.9 hbonds, Rg  66.5 A, potential    11.25
 13501 / 100001 elapsed  2 system 0.80 temp 101.2 hbonds, Rg  66.7 A, potential    20.66
 13501 / 100001 elapsed  3 system 0.80 temp  99.3 hbonds, Rg  66.6 A, potential    22.36
 13501 / 100001 elapsed  1 system 0.80 temp 103.1 hbonds, Rg  66.4 A, potential    47.17
 13601 / 100001 elapsed  0 system 0.80 temp 106.4 hbonds, Rg  66.4 A, potential   -21.83
 13601 / 100001 elapsed  2 system 0.80 temp 106.0 hbonds, Rg  66.5 A, potential    -4.04
 13601 / 100001 elapsed  3 system 0.80 temp 100.1 hbonds, Rg  66.5 A, potential    46.10
 13601 / 100001 elapsed  1 system 0.80 temp 100.8 hbonds, Rg  66.8 A, potential     3.80
 13701 / 100001 elapsed  0 system 0.80 temp 105.4 hbonds, Rg  66.7 A, potential    43.27
 13701 / 100001 elapsed  2 system 0.80 temp 106.0 hbonds, Rg  66.5 A, potential     9.96
 13701 / 100001 elapsed  3 system 0.80 temp 102.7 hbonds, Rg  66.5 A, potential    19.42
 13701 / 100001 elapsed  1 system 0.80 temp 100.5 hbonds, Rg  66.3 A, potential   -24.68
 13801 / 100001 elapsed  0 system 0.80 temp 105.1 hbonds, Rg  66.7 A, potential    26.53
 13801 / 100001 elapsed  2 system 0.80 temp 100.7 hbonds, Rg  66.5 A, potential    25.61
 13801 / 100001 elapsed  3 system 0.80 temp 105.0 hbonds, Rg  66.6 A, potential    -6.85
 13801 / 100001 elapsed  1 system 0.80 temp 103.9 hbonds, Rg  66.5 A, potential    -4.51
 13901 / 100001 elapsed  0 system 0.80 temp 104.4 hbonds, Rg  66.6 A, potential    -2.93
 13901 / 100001 elapsed  2 system 0.80 temp 103.9 hbonds, Rg  66.5 A, potential    -1.85
 13901 / 100001 elapsed  3 system 0.80 temp 104.6 hbonds, Rg  66.6 A, potential     7.27
 13901 / 100001 elapsed  1 system 0.80 temp 102.3 hbonds, Rg  66.5 A, potential     4.15
 14001 / 100001 elapsed  0 system 0.80 temp 103.2 hbonds, Rg  66.7 A, potential    28.36
 14001 / 100001 elapsed  3 system 0.80 temp 103.9 hbonds, Rg  66.5 A, potential    -8.58
 14001 / 100001 elapsed  2 system 0.80 temp 100.1 hbonds, Rg  66.5 A, potential    31.61
 14001 / 100001 elapsed  1 system 0.80 temp 102.3 hbonds, Rg  66.6 A, potential    -1.26
 14101 / 100001 elapsed  0 system 0.80 temp 103.0 hbonds, Rg  66.6 A, potential    15.84
 14101 / 100001 elapsed  3 system 0.80 temp 100.0 hbonds, Rg  66.4 A, potential    11.71
 14101 / 100001 elapsed  2 system 0.80 temp  98.5 hbonds, Rg  66.5 A, potential    43.35
 14101 / 100001 elapsed  1 system 0.80 temp 103.5 hbonds, Rg  66.6 A, potential    10.63
 14201 / 100001 elapsed  0 system 0.80 temp 107.2 hbonds, Rg  66.5 A, potential    35.90
 14201 / 100001 elapsed  3 system 0.80 temp 100.9 hbonds, Rg  66.7 A, potential    35.39
 14201 / 100001 elapsed  2 system 0.80 temp 104.8 hbonds, Rg  66.6 A, potential    15.31
 14201 / 100001 elapsed  1 system 0.80 temp 102.5 hbonds, Rg  66.5 A, potential   -10.77
 14301 / 100001 elapsed  0 system 0.80 temp 104.4 hbonds, Rg  66.6 A, potential    -9.20
 14301 / 100001 elapsed  3 system 0.80 temp 103.3 hbonds, Rg  66.3 A, potential    56.37
 14301 / 100001 elapsed  2 system 0.80 temp 100.0 hbonds, Rg  66.5 A, potential    51.77
 14301 / 100001 elapsed  1 system 0.80 temp 102.1 hbonds, Rg  66.5 A, potential    -6.85
 14401 / 100001 elapsed  0 system 0.80 temp 104.9 hbonds, Rg  66.5 A, potential   -20.89
 14401 / 100001 elapsed  3 system 0.80 temp 102.2 hbonds, Rg  66.6 A, potential    67.09
 14401 / 100001 elapsed  2 system 0.80 temp 102.3 hbonds, Rg  66.7 A, potential    29.20
 14401 / 100001 elapsed  1 system 0.80 temp 106.1 hbonds, Rg  66.6 A, potential   -13.16
 14501 / 100001 elapsed  0 system 0.80 temp 104.5 hbonds, Rg  66.6 A, potential    59.41
 14501 / 100001 elapsed  3 system 0.80 temp 101.4 hbonds, Rg  66.6 A, potential    36.11
 14501 / 100001 elapsed  2 system 0.80 temp 100.9 hbonds, Rg  66.6 A, potential    34.49
 14501 / 100001 elapsed  1 system 0.80 temp 102.6 hbonds, Rg  66.5 A, potential     8.44
 14601 / 100001 elapsed  0 system 0.80 temp 107.0 hbonds, Rg  66.4 A, potential    -3.18
 14601 / 100001 elapsed  3 system 0.80 temp  98.8 hbonds, Rg  66.5 A, potential    38.16
 14601 / 100001 elapsed  2 system 0.80 temp 105.0 hbonds, Rg  66.4 A, potential     3.97
 14601 / 100001 elapsed  1 system 0.80 temp 104.6 hbonds, Rg  66.5 A, potential    19.18
 14701 / 100001 elapsed  0 system 0.80 temp 105.4 hbonds, Rg  66.5 A, potential    10.46
 14701 / 100001 elapsed  3 system 0.80 temp  96.7 hbonds, Rg  66.6 A, potential    39.93
 14701 / 100001 elapsed  2 system 0.80 temp 102.1 hbonds, Rg  66.7 A, potential    -0.72
 14701 / 100001 elapsed  1 system 0.80 temp 103.5 hbonds, Rg  66.5 A, potential    35.79
 14801 / 100001 elapsed  0 system 0.80 temp 104.7 hbonds, Rg  66.6 A, potential    10.27
 14801 / 100001 elapsed  3 system 0.80 temp 104.7 hbonds, Rg  66.5 A, potential    37.73
 14801 / 100001 elapsed  2 system 0.80 temp 103.6 hbonds, Rg  66.4 A, potential    -0.58
 14801 / 100001 elapsed  1 system 0.80 temp 102.6 hbonds, Rg  66.6 A, potential    57.33
 14901 / 100001 elapsed  0 system 0.80 temp 103.2 hbonds, Rg  66.4 A, potential    28.73
 14901 / 100001 elapsed  3 system 0.80 temp 106.5 hbonds, Rg  66.6 A, potential    33.33
 14901 / 100001 elapsed  2 system 0.80 temp 100.5 hbonds, Rg  66.6 A, potential    50.03
 14901 / 100001 elapsed  1 system 0.80 temp 102.0 hbonds, Rg  66.6 A, potential    -0.27
 15001 / 100001 elapsed  0 system 0.80 temp 106.4 hbonds, Rg  66.6 A, potential    13.31
 15001 / 100001 elapsed  3 system 0.80 temp 102.3 hbonds, Rg  66.6 A, potential    15.79
 15001 / 100001 elapsed  2 system 0.80 temp 106.8 hbonds, Rg  66.5 A, potential   -16.49
 15001 / 100001 elapsed  1 system 0.80 temp 103.6 hbonds, Rg  66.7 A, potential    -5.93
 15101 / 100001 elapsed  0 system 0.80 temp  93.4 hbonds, Rg  66.6 A, potential    22.81
 15101 / 100001 elapsed  3 system 0.80 temp 104.6 hbonds, Rg  66.4 A, potential    38.15
 15101 / 100001 elapsed  2 system 0.80 temp 101.4 hbonds, Rg  66.6 A, potential    12.61
 15101 / 100001 elapsed  1 system 0.80 temp 108.1 hbonds, Rg  66.6 A, potential   -15.37
 15201 / 100001 elapsed  0 system 0.80 temp  95.5 hbonds, Rg  66.5 A, potential    45.56
 15201 / 100001 elapsed  3 system 0.80 temp 101.8 hbonds, Rg  66.5 A, potential    12.73
 15201 / 100001 elapsed  2 system 0.80 temp 104.1 hbonds, Rg  66.5 A, potential    17.78
 15201 / 100001 elapsed  1 system 0.80 temp  99.2 hbonds, Rg  66.6 A, potential    18.69
 15301 / 100001 elapsed  0 system 0.80 temp 105.4 hbonds, Rg  66.4 A, potential    11.15
 15301 / 100001 elapsed  3 system 0.80 temp 105.4 hbonds, Rg  66.5 A, potential    40.84
 15301 / 100001 elapsed  2 system 0.80 temp  97.0 hbonds, Rg  66.6 A, potential    21.33
 15301 / 100001 elapsed  1 system 0.80 temp 103.8 hbonds, Rg  66.5 A, potential    12.03
 15401 / 100001 elapsed  0 system 0.80 temp 101.9 hbonds, Rg  66.7 A, potential    25.54
 15401 / 100001 elapsed  3 system 0.80 temp 101.3 hbonds, Rg  66.6 A, potential    17.56
 15401 / 100001 elapsed  2 system 0.80 temp  99.6 hbonds, Rg  66.7 A, potential     8.78
 15401 / 100001 elapsed  1 system 0.80 temp 108.1 hbonds, Rg  66.6 A, potential    12.98
 15501 / 100001 elapsed  0 system 0.80 temp 104.2 hbonds, Rg  66.6 A, potential    23.63
 15501 / 100001 elapsed  3 system 0.80 temp 102.3 hbonds, Rg  66.5 A, potential    19.97
 15501 / 100001 elapsed  2 system 0.80 temp 102.2 hbonds, Rg  66.5 A, potential    -4.43
 15501 / 100001 elapsed  1 system 0.80 temp 103.2 hbonds, Rg  66.5 A, potential     2.71
 15601 / 100001 elapsed  0 system 0.80 temp 101.8 hbonds, Rg  66.5 A, potential     8.35
 15601 / 100001 elapsed  3 system 0.80 temp 104.0 hbonds, Rg  66.5 A, potential    -5.91
 15601 / 100001 elapsed  2 system 0.80 temp 108.5 hbonds, Rg  66.6 A, potential     4.86
 15601 / 100001 elapsed  1 system 0.80 temp 101.1 hbonds, Rg  66.6 A, potential    26.93
 15701 / 100001 elapsed  0 system 0.80 temp 100.5 hbonds, Rg  66.8 A, potential    12.19
 15701 / 100001 elapsed  3 system 0.80 temp  99.6 hbonds, Rg  66.5 A, potential    38.85
 15701 / 100001 elapsed  2 system 0.80 temp 104.4 hbonds, Rg  66.5 A, potential    13.80
 15701 / 100001 elapsed  1 system 0.80 temp 100.1 hbonds, Rg  66.5 A, potential    14.65
 15801 / 100001 elapsed  0 system 0.80 temp 107.5 hbonds, Rg  66.6 A, potential    18.01
 15801 / 100001 elapsed  3 system 0.80 temp 101.1 hbonds, Rg  66.6 A, potential    22.13
 15801 / 100001 elapsed  2 system 0.80 temp 105.7 hbonds, Rg  66.8 A, potential     6.18
 15801 / 100001 elapsed  1 system 0.80 temp 106.0 hbonds, Rg  66.7 A, potential     9.76
 15901 / 100001 elapsed  0 system 0.80 temp 100.5 hbonds, Rg  66.6 A, potential    11.73
 15901 / 100001 elapsed  3 system 0.80 temp 102.7 hbonds, Rg  66.5 A, potential    -3.75
 15901 / 100001 elapsed  2 system 0.80 temp 105.5 hbonds, Rg  66.5 A, potential     3.86
 15901 / 100001 elapsed  1 system 0.80 temp 104.9 hbonds, Rg  66.4 A, potential    -3.35
 16001 / 100001 elapsed  0 system 0.80 temp 100.9 hbonds, Rg  66.5 A, potential    14.19
 16001 / 100001 elapsed  3 system 0.80 temp 104.5 hbonds, Rg  66.5 A, potential    14.00
 16001 / 100001 elapsed  2 system 0.80 temp 102.3 hbonds, Rg  66.7 A, potential    29.66
 16101 / 100001 elapsed  0 system 0.80 temp 103.6 hbonds, Rg  66.5 A, potential    -5.28
 16001 / 100001 elapsed  1 system 0.80 temp 102.4 hbonds, Rg  66.6 A, potential    11.19
 16101 / 100001 elapsed  3 system 0.80 temp 103.6 hbonds, Rg  66.7 A, potential     5.36
 16101 / 100001 elapsed  2 system 0.80 temp  93.9 hbonds, Rg  66.6 A, potential    68.31
 16201 / 100001 elapsed  0 system 0.80 temp 103.5 hbonds, Rg  66.4 A, potential    48.17
 16101 / 100001 elapsed  1 system 0.80 temp 102.7 hbonds, Rg  66.6 A, potential    -3.97
 16201 / 100001 elapsed  3 system 0.80 temp 102.6 hbonds, Rg  66.6 A, potential    33.25
 16201 / 100001 elapsed  2 system 0.80 temp 105.9 hbonds, Rg  66.7 A, potential     0.18
 16201 / 100001 elapsed  1 system 0.80 temp 100.3 hbonds, Rg  66.8 A, potential     7.73
 16301 / 100001 elapsed  0 system 0.80 temp  96.2 hbonds, Rg  66.7 A, potential    31.51
 16301 / 100001 elapsed  3 system 0.80 temp 103.7 hbonds, Rg  66.6 A, potential     3.83
 16301 / 100001 elapsed  2 system 0.80 temp 104.0 hbonds, Rg  66.7 A, potential    32.85
 16401 / 100001 elapsed  0 system 0.80 temp 101.2 hbonds, Rg  66.6 A, potential    -2.87
 16301 / 100001 elapsed  1 system 0.80 temp 106.2 hbonds, Rg  66.6 A, potential     3.50
 16401 / 100001 elapsed  3 system 0.80 temp 104.5 hbonds, Rg  66.6 A, potential    14.70
 16401 / 100001 elapsed  2 system 0.80 temp 104.3 hbonds, Rg  66.4 A, potential    27.05
 16401 / 100001 elapsed  1 system 0.80 temp 109.6 hbonds, Rg  66.7 A, potential    21.90
 16501 / 100001 elapsed  0 system 0.80 temp 104.5 hbonds, Rg  66.5 A, potential     5.80
 16501 / 100001 elapsed  3 system 0.80 temp 101.9 hbonds, Rg  66.4 A, potential    27.83
 16501 / 100001 elapsed  2 system 0.80 temp  99.5 hbonds, Rg  66.5 A, potential     7.59
 16501 / 100001 elapsed  1 system 0.80 temp 103.0 hbonds, Rg  66.6 A, potential    31.81
 16601 / 100001 elapsed  0 system 0.80 temp 104.3 hbonds, Rg  66.6 A, potential     6.12
 16601 / 100001 elapsed  3 system 0.80 temp 102.5 hbonds, Rg  66.5 A, potential    19.98
 16601 / 100001 elapsed  1 system 0.80 temp 108.3 hbonds, Rg  66.6 A, potential    11.09
 16601 / 100001 elapsed  2 system 0.80 temp 106.4 hbonds, Rg  66.4 A, potential     4.32
 16701 / 100001 elapsed  0 system 0.80 temp 103.9 hbonds, Rg  66.6 A, potential    14.31
 16701 / 100001 elapsed  3 system 0.80 temp  97.6 hbonds, Rg  66.4 A, potential    28.05
 16701 / 100001 elapsed  1 system 0.80 temp 100.8 hbonds, Rg  66.7 A, potential    22.89
 16701 / 100001 elapsed  2 system 0.80 temp 104.9 hbonds, Rg  66.5 A, potential    20.79
 16801 / 100001 elapsed  0 system 0.80 temp 102.5 hbonds, Rg  66.6 A, potential     4.67
 16801 / 100001 elapsed  3 system 0.80 temp 100.4 hbonds, Rg  66.6 A, potential    34.51
 16801 / 100001 elapsed  1 system 0.80 temp 101.8 hbonds, Rg  66.6 A, potential    48.76
 16901 / 100001 elapsed  0 system 0.80 temp 100.5 hbonds, Rg  66.6 A, potential     1.57
 16801 / 100001 elapsed  2 system 0.80 temp 101.2 hbonds, Rg  66.5 A, potential    12.45
 16901 / 100001 elapsed  3 system 0.80 temp 102.6 hbonds, Rg  66.5 A, potential    33.42
 16901 / 100001 elapsed  1 system 0.80 temp 103.6 hbonds, Rg  66.5 A, potential     0.32
 16901 / 100001 elapsed  2 system 0.80 temp 105.5 hbonds, Rg  66.7 A, potential    29.17
 17001 / 100001 elapsed  0 system 0.80 temp 104.4 hbonds, Rg  66.5 A, potential    10.97
 17001 / 100001 elapsed  3 system 0.80 temp 100.9 hbonds, Rg  66.6 A, potential    11.13
 17001 / 100001 elapsed  1 system 0.80 temp 104.2 hbonds, Rg  66.5 A, potential    49.82
 17001 / 100001 elapsed  2 system 0.80 temp 104.1 hbonds, Rg  66.6 A, potential   -17.68
 17101 / 100001 elapsed  0 system 0.80 temp 104.3 hbonds, Rg  66.5 A, potential     5.34
 17101 / 100001 elapsed  3 system 0.80 temp 103.1 hbonds, Rg  66.6 A, potential   -18.07
 17101 / 100001 elapsed  1 system 0.80 temp 107.0 hbonds, Rg  66.7 A, potential    35.78
 17101 / 100001 elapsed  2 system 0.80 temp 101.2 hbonds, Rg  66.7 A, potential     4.89
 17201 / 100001 elapsed  0 system 0.80 temp  96.8 hbonds, Rg  66.5 A, potential    13.81
 17201 / 100001 elapsed  3 system 0.80 temp 101.4 hbonds, Rg  66.5 A, potential    50.52
 17201 / 100001 elapsed  1 system 0.80 temp  97.9 hbonds, Rg  66.7 A, potential    24.29
 17201 / 100001 elapsed  2 system 0.80 temp 101.5 hbonds, Rg  66.5 A, potential    14.62
 17301 / 100001 elapsed  0 system 0.80 temp 100.2 hbonds, Rg  66.5 A, potential   -34.07
 17301 / 100001 elapsed  3 system 0.80 temp  99.8 hbonds, Rg  66.6 A, potential    20.86
 17301 / 100001 elapsed  2 system 0.80 temp 103.8 hbonds, Rg  66.6 A, potential    12.91
 17301 / 100001 elapsed  1 system 0.80 temp  99.8 hbonds, Rg  66.7 A, potential    32.30
 17401 / 100001 elapsed  0 system 0.80 temp 104.7 hbonds, Rg  66.4 A, potential    12.95
 17401 / 100001 elapsed  2 system 0.80 temp 102.7 hbonds, Rg  66.6 A, potential   -15.79
 17401 / 100001 elapsed  3 system 0.80 temp 104.4 hbonds, Rg  66.7 A, potential    16.06
 17501 / 100001 elapsed  0 system 0.80 temp 102.0 hbonds, Rg  66.5 A, potential    28.94
 17401 / 100001 elapsed  1 system 0.80 temp 103.5 hbonds, Rg  66.7 A, potential     5.48
 17501 / 100001 elapsed  2 system 0.80 temp 102.5 hbonds, Rg  66.4 A, potential    29.51
 17501 / 100001 elapsed  3 system 0.80 temp 107.9 hbonds, Rg  66.5 A, potential    33.12
 17601 / 100001 elapsed  0 system 0.80 temp  99.2 hbonds, Rg  66.6 A, potential    18.77
 17501 / 100001 elapsed  1 system 0.80 temp 101.2 hbonds, Rg  66.6 A, potential    10.81
 17601 / 100001 elapsed  2 system 0.80 temp 100.8 hbonds, Rg  66.4 A, potential    19.18
 17601 / 100001 elapsed  3 system 0.80 temp 100.1 hbonds, Rg  66.5 A, potential     8.44
 17701 / 100001 elapsed  0 system 0.80 temp 104.5 hbonds, Rg  66.6 A, potential     1.01
 17601 / 100001 elapsed  1 system 0.80 temp 100.9 hbonds, Rg  66.6 A, potential    17.31
 17701 / 100001 elapsed  2 system 0.80 temp 101.9 hbonds, Rg  66.6 A, potential    37.84
 17801 / 100001 elapsed  0 system 0.80 temp 100.9 hbonds, Rg  66.5 A, potential    52.57
 17701 / 100001 elapsed  3 system 0.80 temp 102.7 hbonds, Rg  66.6 A, potential    18.96
 17701 / 100001 elapsed  1 system 0.80 temp 105.5 hbonds, Rg  66.5 A, potential    56.17
 17801 / 100001 elapsed  2 system 0.80 temp 106.3 hbonds, Rg  66.6 A, potential    19.72
 17901 / 100001 elapsed  0 system 0.80 temp 105.6 hbonds, Rg  66.6 A, potential    22.26
 17801 / 100001 elapsed  3 system 0.80 temp 103.3 hbonds, Rg  66.6 A, potential     2.39
 17801 / 100001 elapsed  1 system 0.80 temp 102.6 hbonds, Rg  66.5 A, potential    43.85
 17901 / 100001 elapsed  2 system 0.80 temp 102.1 hbonds, Rg  66.5 A, potential    -4.70
 18001 / 100001 elapsed  0 system 0.80 temp 104.0 hbonds, Rg  66.6 A, potential    -0.95
 17901 / 100001 elapsed  3 system 0.80 temp 102.2 hbonds, Rg  66.5 A, potential    50.04
 17901 / 100001 elapsed  1 system 0.80 temp 103.5 hbonds, Rg  66.5 A, potential    25.54
 18001 / 100001 elapsed  2 system 0.80 temp 102.8 hbonds, Rg  66.5 A, potential    30.72
 18101 / 100001 elapsed  0 system 0.80 temp 108.3 hbonds, Rg  66.6 A, potential    23.44
 18001 / 100001 elapsed  3 system 0.80 temp 104.6 hbonds, Rg  66.7 A, potential    36.60
 18001 / 100001 elapsed  1 system 0.80 temp 102.0 hbonds, Rg  66.6 A, potential   -13.63
 18101 / 100001 elapsed  2 system 0.80 temp 102.6 hbonds, Rg  66.4 A, potential    17.45
 18201 / 100001 elapsed  0 system 0.80 temp 103.0 hbonds, Rg  66.6 A, potential    31.36
 18101 / 100001 elapsed  3 system 0.80 temp 104.3 hbonds, Rg  66.5 A, potential    36.96
 18101 / 100001 elapsed  1 system 0.80 temp 101.0 hbonds, Rg  66.5 A, potential    22.43
 18201 / 100001 elapsed  2 system 0.80 temp 100.2 hbonds, Rg  66.6 A, potential    33.62
 18301 / 100001 elapsed  0 system 0.80 temp 105.0 hbonds, Rg  66.6 A, potential    10.43
 18201 / 100001 elapsed  3 system 0.80 temp 106.0 hbonds, Rg  66.6 A, potential    12.52
 18201 / 100001 elapsed  1 system 0.80 temp 105.3 hbonds, Rg  66.5 A, potential    -0.94
 18301 / 100001 elapsed  2 system 0.80 temp 104.4 hbonds, Rg  66.6 A, potential    33.10
 18401 / 100001 elapsed  0 system 0.80 temp 100.0 hbonds, Rg  66.7 A, potential    33.29
 18301 / 100001 elapsed  3 system 0.80 temp 102.6 hbonds, Rg  66.5 A, potential    15.75
 18301 / 100001 elapsed  1 system 0.80 temp 101.2 hbonds, Rg  66.5 A, potential    55.15
 18401 / 100001 elapsed  2 system 0.80 temp 105.4 hbonds, Rg  66.6 A, potential   -15.37
 18501 / 100001 elapsed  0 system 0.80 temp  96.9 hbonds, Rg  66.6 A, potential    17.01
 18401 / 100001 elapsed  3 system 0.80 temp 105.0 hbonds, Rg  66.6 A, potential    14.49
 18401 / 100001 elapsed  1 system 0.80 temp 104.5 hbonds, Rg  66.5 A, potential   -15.42
 18501 / 100001 elapsed  2 system 0.80 temp 104.1 hbonds, Rg  66.7 A, potential    38.68
 18601 / 100001 elapsed  0 system 0.80 temp  98.2 hbonds, Rg  66.6 A, potential    35.15
 18501 / 100001 elapsed  3 system 0.80 temp 104.4 hbonds, Rg  66.6 A, potential    29.41
 18501 / 100001 elapsed  1 system 0.80 temp 102.5 hbonds, Rg  66.6 A, potential     7.60
 18601 / 100001 elapsed  2 system 0.80 temp 103.9 hbonds, Rg  66.5 A, potential    11.99
 18701 / 100001 elapsed  0 system 0.80 temp  99.5 hbonds, Rg  66.7 A, potential    28.68
 18601 / 100001 elapsed  3 system 0.80 temp 107.6 hbonds, Rg  66.4 A, potential     9.14
 18601 / 100001 elapsed  1 system 0.80 temp 104.3 hbonds, Rg  66.5 A, potential    -5.72
 18701 / 100001 elapsed  2 system 0.80 temp 102.1 hbonds, Rg  66.5 A, potential    19.70
 18802 / 100001 elapsed  0 system 0.80 temp 102.9 hbonds, Rg  66.6 A, potential    35.95
 18701 / 100001 elapsed  3 system 0.80 temp 107.0 hbonds, Rg  66.6 A, potential    -9.40
 18701 / 100001 elapsed  1 system 0.80 temp 103.1 hbonds, Rg  66.6 A, potential    23.72
 18802 / 100001 elapsed  2 system 0.80 temp 100.6 hbonds, Rg  66.6 A, potential    41.69
 18902 / 100001 elapsed  0 system 0.80 temp 104.1 hbonds, Rg  66.6 A, potential    54.30
 18802 / 100001 elapsed  3 system 0.80 temp 106.7 hbonds, Rg  66.6 A, potential    37.05
 18802 / 100001 elapsed  1 system 0.80 temp 101.3 hbonds, Rg  66.4 A, potential    54.21
 18902 / 100001 elapsed  2 system 0.80 temp 104.8 hbonds, Rg  66.4 A, potential     5.84
 19002 / 100001 elapsed  0 system 0.80 temp 101.8 hbonds, Rg  66.7 A, potential    11.58
 18902 / 100001 elapsed  3 system 0.80 temp  98.0 hbonds, Rg  66.6 A, potential    33.99
 18902 / 100001 elapsed  1 system 0.80 temp 101.0 hbonds, Rg  66.7 A, potential    55.12
 19002 / 100001 elapsed  2 system 0.80 temp 101.1 hbonds, Rg  66.4 A, potential     7.70
 19102 / 100001 elapsed  0 system 0.80 temp 101.9 hbonds, Rg  66.5 A, potential    34.06
 19002 / 100001 elapsed  3 system 0.80 temp 105.0 hbonds, Rg  66.5 A, potential   -13.52
 19002 / 100001 elapsed  1 system 0.80 temp 103.9 hbonds, Rg  66.6 A, potential    22.58
 19202 / 100001 elapsed  0 system 0.80 temp 106.2 hbonds, Rg  66.4 A, potential    16.18
 19102 / 100001 elapsed  2 system 0.80 temp 106.0 hbonds, Rg  66.6 A, potential    -3.94
 19102 / 100001 elapsed  3 system 0.80 temp 105.8 hbonds, Rg  66.7 A, potential    14.67
 19102 / 100001 elapsed  1 system 0.80 temp 102.0 hbonds, Rg  66.6 A, potential    20.96
 19202 / 100001 elapsed  2 system 0.80 temp 103.3 hbonds, Rg  66.5 A, potential     1.15
 19302 / 100001 elapsed  0 system 0.80 temp 101.6 hbonds, Rg  66.6 A, potential    21.94
 19202 / 100001 elapsed  3 system 0.80 temp 105.9 hbonds, Rg  66.5 A, potential    32.45
 19202 / 100001 elapsed  1 system 0.80 temp 100.1 hbonds, Rg  66.6 A, potential   -25.11
 19302 / 100001 elapsed  2 system 0.80 temp 105.1 hbonds, Rg  66.5 A, potential    18.35
 19402 / 100001 elapsed  0 system 0.80 temp 102.1 hbonds, Rg  66.7 A, potential    29.50
 19302 / 100001 elapsed  3 system 0.80 temp  98.7 hbonds, Rg  66.6 A, potential   -12.36
 19302 / 100001 elapsed  1 system 0.80 temp  99.3 hbonds, Rg  66.6 A, potential     7.66
 19402 / 100001 elapsed  2 system 0.80 temp  98.1 hbonds, Rg  66.6 A, potential    19.60
 19502 / 100001 elapsed  0 system 0.80 temp 104.3 hbonds, Rg  66.6 A, potential   -13.67
 19402 / 100001 elapsed  3 system 0.80 temp 102.1 hbonds, Rg  66.6 A, potential    56.18
 19402 / 100001 elapsed  1 system 0.80 temp 103.2 hbonds, Rg  66.4 A, potential   -20.27
 19502 / 100001 elapsed  2 system 0.80 temp 100.8 hbonds, Rg  66.5 A, potential   -24.76
 19602 / 100001 elapsed  0 system 0.80 temp 100.1 hbonds, Rg  66.7 A, potential    56.27
 19502 / 100001 elapsed  3 system 0.80 temp  97.8 hbonds, Rg  66.6 A, potential    51.90
 19502 / 100001 elapsed  1 system 0.80 temp 103.8 hbonds, Rg  66.7 A, potential     9.82
 19602 / 100001 elapsed  2 system 0.80 temp 102.7 hbonds, Rg  66.5 A, potential    27.53
 19702 / 100001 elapsed  0 system 0.80 temp 105.6 hbonds, Rg  66.5 A, potential    -8.27
 19602 / 100001 elapsed  3 system 0.80 temp 106.1 hbonds, Rg  66.6 A, potential   -21.74
 19602 / 100001 elapsed  1 system 0.80 temp 101.0 hbonds, Rg  66.6 A, potential    -6.15
 19702 / 100001 elapsed  2 system 0.80 temp 103.7 hbonds, Rg  66.5 A, potential    -0.09
 19802 / 100001 elapsed  0 system 0.80 temp 101.8 hbonds, Rg  66.5 A, potential    10.04
 19702 / 100001 elapsed  3 system 0.80 temp 103.7 hbonds, Rg  66.6 A, potential   -31.25
 19702 / 100001 elapsed  1 system 0.80 temp 104.4 hbonds, Rg  66.5 A, potential    17.45
 19802 / 100001 elapsed  2 system 0.80 temp 102.1 hbonds, Rg  66.3 A, potential    36.51
 19902 / 100001 elapsed  0 system 0.80 temp 105.8 hbonds, Rg  66.6 A, potential    14.47
 19802 / 100001 elapsed  3 system 0.80 temp 102.3 hbonds, Rg  66.5 A, potential    53.30
 19802 / 100001 elapsed  1 system 0.80 temp 104.7 hbonds, Rg  66.4 A, potential    24.64
 19902 / 100001 elapsed  2 system 0.80 temp 101.5 hbonds, Rg  66.6 A, potential    33.66
 20002 / 100001 elapsed  0 system 0.80 temp 100.9 hbonds, Rg  66.5 A, potential    -5.51
 19902 / 100001 elapsed  3 system 0.80 temp 105.4 hbonds, Rg  66.6 A, potential    34.36
 19902 / 100001 elapsed  1 system 0.80 temp 103.0 hbonds, Rg  66.6 A, potential    22.06
 20002 / 100001 elapsed  2 system 0.80 temp 104.8 hbonds, Rg  66.6 A, potential    33.42
 20102 / 100001 elapsed  0 system 0.80 temp  96.6 hbonds, Rg  66.6 A, potential    44.76
 20002 / 100001 elapsed  3 system 0.80 temp 105.9 hbonds, Rg  66.4 A, potential    16.75
 20002 / 100001 elapsed  1 system 0.80 temp 104.8 hbonds, Rg  66.4 A, potential     0.82
 20102 / 100001 elapsed  2 system 0.80 temp 105.9 hbonds, Rg  66.5 A, potential    27.97
 20202 / 100001 elapsed  0 system 0.80 temp 102.8 hbonds, Rg  66.6 A, potential   -10.74
 20102 / 100001 elapsed  3 system 0.80 temp 100.9 hbonds, Rg  66.6 A, potential    -3.70
 20102 / 100001 elapsed  1 system 0.80 temp 102.2 hbonds, Rg  66.6 A, potential     4.22
 20202 / 100001 elapsed  2 system 0.80 temp 101.5 hbonds, Rg  66.4 A, potential   -10.15
 20302 / 100001 elapsed  0 system 0.80 temp 100.4 hbonds, Rg  66.5 A, potential    15.28
 20202 / 100001 elapsed  3 system 0.80 temp 102.7 hbonds, Rg  66.5 A, potential    23.46
 20202 / 100001 elapsed  1 system 0.80 temp  99.5 hbonds, Rg  66.5 A, potential   -13.92
 20302 / 100001 elapsed  2 system 0.80 temp 103.1 hbonds, Rg  66.5 A, potential     0.00
 20402 / 100001 elapsed  0 system 0.80 temp 100.8 hbonds, Rg  66.5 A, potential    18.47
 20302 / 100001 elapsed  3 system 0.80 temp 100.4 hbonds, Rg  66.8 A, potential     4.44
 20302 / 100001 elapsed  1 system 0.80 temp 106.4 hbonds, Rg  66.6 A, potential   -21.48
 20402 / 100001 elapsed  2 system 0.80 temp  99.6 hbonds, Rg  66.6 A, potential    43.71
 20502 / 100001 elapsed  0 system 0.80 temp 102.4 hbonds, Rg  66.6 A, potential    34.77
 20402 / 100001 elapsed  3 system 0.80 temp 103.6 hbonds, Rg  66.6 A, potential     6.00
 20402 / 100001 elapsed  1 system 0.80 temp 105.1 hbonds, Rg  66.6 A, potential    -7.19
 20502 / 100001 elapsed  2 system 0.80 temp 103.1 hbonds, Rg  66.8 A, potential    26.87
 20602 / 100001 elapsed  0 system 0.80 temp 105.7 hbonds, Rg  66.7 A, potential   -10.48
 20502 / 100001 elapsed  3 system 0.80 temp 102.5 hbonds, Rg  66.5 A, potential    37.92
 20502 / 100001 elapsed  1 system 0.80 temp 102.1 hbonds, Rg  66.5 A, potential   -42.01
 20602 / 100001 elapsed  2 system 0.80 temp 101.0 hbonds, Rg  66.6 A, potential    40.66
 20702 / 100001 elapsed  0 system 0.80 temp 103.3 hbonds, Rg  66.5 A, potential     4.66
 20602 / 100001 elapsed  3 system 0.80 temp 103.5 hbonds, Rg  66.6 A, potential    31.99
 20602 / 100001 elapsed  1 system 0.80 temp 104.1 hbonds, Rg  66.6 A, potential    41.88
 20702 / 100001 elapsed  2 system 0.80 temp 103.9 hbonds, Rg  66.6 A, potential    66.18
 20802 / 100001 elapsed  0 system 0.80 temp 102.3 hbonds, Rg  66.7 A, potential    57.57
 20702 / 100001 elapsed  3 system 0.80 temp 103.6 hbonds, Rg  66.7 A, potential    14.43
 20702 / 100001 elapsed  1 system 0.80 temp 101.1 hbonds, Rg  66.4 A, potential     5.01
 20802 / 100001 elapsed  2 system 0.80 temp 102.8 hbonds, Rg  66.5 A, potential    21.39
 20902 / 100001 elapsed  0 system 0.80 temp 106.3 hbonds, Rg  66.8 A, potential   -27.29
 20802 / 100001 elapsed  3 system 0.80 temp 103.2 hbonds, Rg  66.6 A, potential    34.91
 20802 / 100001 elapsed  1 system 0.80 temp 105.9 hbonds, Rg  66.7 A, potential   -13.79
 20902 / 100001 elapsed  2 system 0.80 temp 103.7 hbonds, Rg  66.5 A, potential    -4.58
 21002 / 100001 elapsed  0 system 0.80 temp 101.8 hbonds, Rg  66.6 A, potential    45.73
 20902 / 100001 elapsed  1 system 0.80 temp 100.7 hbonds, Rg  66.7 A, potential    25.96
 20902 / 100001 elapsed  3 system 0.80 temp 107.4 hbonds, Rg  66.7 A, potential     9.62
 21002 / 100001 elapsed  2 system 0.80 temp 103.7 hbonds, Rg  66.8 A, potential    21.62
 21102 / 100001 elapsed  0 system 0.80 temp 100.6 hbonds, Rg  66.5 A, potential    -1.67
 21002 / 100001 elapsed  3 system 0.80 temp 104.0 hbonds, Rg  66.5 A, potential    34.35
 21002 / 100001 elapsed  1 system 0.80 temp 103.7 hbonds, Rg  66.6 A, potential     7.31
 21102 / 100001 elapsed  2 system 0.80 temp 104.7 hbonds, Rg  66.5 A, potential    58.83
 21202 / 100001 elapsed  0 system 0.80 temp 104.6 hbonds, Rg  66.6 A, potential    -0.18
 21102 / 100001 elapsed  1 system 0.80 temp 103.3 hbonds, Rg  66.6 A, potential    40.62
 21102 / 100001 elapsed  3 system 0.80 temp 103.1 hbonds, Rg  66.4 A, potential    27.08
 21202 / 100001 elapsed  2 system 0.80 temp  98.0 hbonds, Rg  66.6 A, potential     5.66
 21302 / 100001 elapsed  0 system 0.80 temp 104.3 hbonds, Rg  66.5 A, potential    13.94
 21202 / 100001 elapsed  3 system 0.80 temp 100.9 hbonds, Rg  66.5 A, potential    42.45
 21202 / 100001 elapsed  1 system 0.80 temp 107.4 hbonds, Rg  66.5 A, potential    24.49
 21302 / 100001 elapsed  2 system 0.80 temp 105.3 hbonds, Rg  66.5 A, potential   -14.09
 21402 / 100001 elapsed  0 system 0.80 temp 101.1 hbonds, Rg  66.5 A, potential    68.20
 21302 / 100001 elapsed  3 system 0.80 temp  98.0 hbonds, Rg  66.6 A, potential    39.23
 21302 / 100001 elapsed  1 system 0.80 temp 103.6 hbonds, Rg  66.4 A, potential     6.82
 21402 / 100001 elapsed  2 system 0.80 temp 101.5 hbonds, Rg  66.7 A, potential    29.61
 21502 / 100001 elapsed  0 system 0.80 temp 102.3 hbonds, Rg  66.6 A, potential    -2.23
 21402 / 100001 elapsed  3 system 0.80 temp 105.7 hbonds, Rg  66.7 A, potential   -26.34
 21402 / 100001 elapsed  1 system 0.80 temp 105.2 hbonds, Rg  66.5 A, potential     7.53
 21502 / 100001 elapsed  2 system 0.80 temp 107.0 hbonds, Rg  66.5 A, potential    -3.13
 21602 / 100001 elapsed  0 system 0.80 temp 106.3 hbonds, Rg  66.5 A, potential    21.43
 21502 / 100001 elapsed  3 system 0.80 temp 100.6 hbonds, Rg  66.5 A, potential    25.10
 21502 / 100001 elapsed  1 system 0.80 temp 103.2 hbonds, Rg  66.5 A, potential     8.94
 21702 / 100001 elapsed  0 system 0.80 temp 102.6 hbonds, Rg  66.6 A, potential   -21.73
 21602 / 100001 elapsed  2 system 0.80 temp 105.6 hbonds, Rg  66.7 A, potential    30.77
 21602 / 100001 elapsed  3 system 0.80 temp 102.7 hbonds, Rg  66.5 A, potential    20.91
 21602 / 100001 elapsed  1 system 0.80 temp  98.9 hbonds, Rg  66.5 A, potential     6.51
 21802 / 100001 elapsed  0 system 0.80 temp 104.4 hbonds, Rg  66.7 A, potential    10.34
 21702 / 100001 elapsed  2 system 0.80 temp 100.0 hbonds, Rg  66.6 A, potential   -21.91
 21702 / 100001 elapsed  3 system 0.80 temp 105.2 hbonds, Rg  66.5 A, potential    27.55
 21702 / 100001 elapsed  1 system 0.80 temp 103.3 hbonds, Rg  66.5 A, potential    -4.19
 21802 / 100001 elapsed  2 system 0.80 temp 101.4 hbonds, Rg  66.7 A, potential    20.37
 21902 / 100001 elapsed  0 system 0.80 temp 103.6 hbonds, Rg  66.5 A, potential     1.39
 21802 / 100001 elapsed  3 system 0.80 temp 103.1 hbonds, Rg  66.7 A, potential    27.74
 21802 / 100001 elapsed  1 system 0.80 temp 101.5 hbonds, Rg  66.5 A, potential    69.03
 21902 / 100001 elapsed  2 system 0.80 temp 102.9 hbonds, Rg  66.6 A, potential    31.98
 22002 / 100001 elapsed  0 system 0.80 temp 102.2 hbonds, Rg  66.6 A, potential    32.05
 21902 / 100001 elapsed  3 system 0.80 temp 104.4 hbonds, Rg  66.5 A, potential    47.42
 21902 / 100001 elapsed  1 system 0.80 temp 106.1 hbonds, Rg  66.4 A, potential    19.29
 22002 / 100001 elapsed  2 system 0.80 temp 100.5 hbonds, Rg  66.5 A, potential     7.02
 22102 / 100001 elapsed  0 system 0.80 temp 107.2 hbonds, Rg  66.6 A, potential   -20.99
 22002 / 100001 elapsed  3 system 0.80 temp 100.9 hbonds, Rg  66.5 A, potential    23.24
 22002 / 100001 elapsed  1 system 0.80 temp 104.9 hbonds, Rg  66.6 A, potential     3.26
 22102 / 100001 elapsed  2 system 0.80 temp 102.7 hbonds, Rg  66.6 A, potential     4.31
 22202 / 100001 elapsed  0 system 0.80 temp 101.8 hbonds, Rg  66.5 A, potential    13.73
 22102 / 100001 elapsed  3 system 0.80 temp 102.2 hbonds, Rg  66.7 A, potential    57.64
 22102 / 100001 elapsed  1 system 0.80 temp 104.1 hbonds, Rg  66.5 A, potential    15.94
 22202 / 100001 elapsed  2 system 0.80 temp 101.3 hbonds, Rg  66.7 A, potential    19.30
 22302 / 100001 elapsed  0 system 0.80 temp 103.9 hbonds, Rg  66.7 A, potential   -34.67
 22202 / 100001 elapsed  3 system 0.80 temp 105.8 hbonds, Rg  66.6 A, potential    51.95
 22202 / 100001 elapsed  1 system 0.80 temp 100.3 hbonds, Rg  66.6 A, potential    17.55
 22302 / 100001 elapsed  2 system 0.80 temp 104.0 hbonds, Rg  66.7 A, potential    41.29
 22402 / 100001 elapsed  0 system 0.80 temp 102.1 hbonds, Rg  66.6 A, potential    13.57
 22302 / 100001 elapsed  3 system 0.80 temp 106.3 hbonds, Rg  66.5 A, potential    12.95
 22302 / 100001 elapsed  1 system 0.80 temp 102.8 hbonds, Rg  66.6 A, potential     3.85
 22402 / 100001 elapsed  2 system 0.80 temp 103.7 hbonds, Rg  66.5 A, potential    14.87
 22502 / 100001 elapsed  0 system 0.80 temp 100.3 hbonds, Rg  66.5 A, potential    13.00
 22402 / 100001 elapsed  3 system 0.80 temp 100.4 hbonds, Rg  66.6 A, potential    24.65
 22402 / 100001 elapsed  1 system 0.80 temp 105.5 hbonds, Rg  66.4 A, potential     8.37
 22502 / 100001 elapsed  2 system 0.80 temp 102.1 hbonds, Rg  66.6 A, potential    14.25
 22602 / 100001 elapsed  0 system 0.80 temp 103.6 hbonds, Rg  66.7 A, potential   -15.88
 22502 / 100001 elapsed  3 system 0.80 temp 107.5 hbonds, Rg  66.6 A, potential     5.22
 22502 / 100001 elapsed  1 system 0.80 temp 104.3 hbonds, Rg  66.7 A, potential     0.97
 22602 / 100001 elapsed  2 system 0.80 temp 103.1 hbonds, Rg  66.5 A, potential    20.91
 22702 / 100001 elapsed  0 system 0.80 temp 100.9 hbonds, Rg  66.8 A, potential    27.01
 22602 / 100001 elapsed  3 system 0.80 temp 100.3 hbonds, Rg  66.6 A, potential    41.90
 22602 / 100001 elapsed  1 system 0.80 temp 102.7 hbonds, Rg  66.6 A, potential    18.85
 22702 / 100001 elapsed  2 system 0.80 temp 102.4 hbonds, Rg  66.6 A, potential     9.32
 22802 / 100001 elapsed  0 system 0.80 temp 100.7 hbonds, Rg  66.5 A, potential    17.46
 22702 / 100001 elapsed  3 system 0.80 temp 101.8 hbonds, Rg  66.6 A, potential    14.92
 22702 / 100001 elapsed  1 system 0.80 temp 104.2 hbonds, Rg  66.4 A, potential    33.53
 22802 / 100001 elapsed  2 system 0.80 temp 104.9 hbonds, Rg  66.7 A, potential    13.45
 22902 / 100001 elapsed  0 system 0.80 temp 101.6 hbonds, Rg  66.6 A, potential    -2.51
 22802 / 100001 elapsed  3 system 0.80 temp 100.0 hbonds, Rg  66.5 A, potential    13.56
 22802 / 100001 elapsed  1 system 0.80 temp  99.0 hbonds, Rg  66.5 A, potential    11.63
 22902 / 100001 elapsed  2 system 0.80 temp 104.1 hbonds, Rg  66.6 A, potential    -9.11
 23002 / 100001 elapsed  0 system 0.80 temp 102.8 hbonds, Rg  66.6 A, potential    48.82
 22902 / 100001 elapsed  3 system 0.80 temp 101.8 hbonds, Rg  66.6 A, potential    31.02
 22902 / 100001 elapsed  1 system 0.80 temp 103.8 hbonds, Rg  66.9 A, potential    47.86
 23002 / 100001 elapsed  2 system 0.80 temp 102.9 hbonds, Rg  66.5 A, potential     1.42
 23102 / 100001 elapsed  0 system 0.80 temp 103.3 hbonds, Rg  66.5 A, potential    27.98
 23002 / 100001 elapsed  3 system 0.80 temp 101.4 hbonds, Rg  66.7 A, potential    14.72
 23002 / 100001 elapsed  1 system 0.80 temp 101.4 hbonds, Rg  66.7 A, potential    29.74
 23102 / 100001 elapsed  2 system 0.80 temp  99.4 hbonds, Rg  66.7 A, potential    30.63
 23202 / 100001 elapsed  0 system 0.80 temp  99.5 hbonds, Rg  66.5 A, potential    40.12
 23102 / 100001 elapsed  3 system 0.80 temp  95.8 hbonds, Rg  66.5 A, potential    28.89
 23102 / 100001 elapsed  1 system 0.80 temp 101.5 hbonds, Rg  66.3 A, potential    64.87
 23202 / 100001 elapsed  2 system 0.80 temp 102.3 hbonds, Rg  66.6 A, potential    14.51
 23302 / 100001 elapsed  0 system 0.80 temp  99.0 hbonds, Rg  66.6 A, potential    23.42
 23202 / 100001 elapsed  3 system 0.80 temp 103.0 hbonds, Rg  66.3 A, potential    16.71
 23202 / 100001 elapsed  1 system 0.80 temp 102.6 hbonds, Rg  66.5 A, potential    22.21
 23302 / 100001 elapsed  2 system 0.80 temp 108.5 hbonds, Rg  66.6 A, potential   -29.05
 23402 / 100001 elapsed  0 system 0.80 temp 105.7 hbonds, Rg  66.4 A, potential    -6.16
 23302 / 100001 elapsed  3 system 0.80 temp 102.6 hbonds, Rg  66.7 A, potential    -5.86
 23302 / 100001 elapsed  1 system 0.80 temp 103.5 hbonds, Rg  66.6 A, potential    74.74
 23402 / 100001 elapsed  2 system 0.80 temp 107.2 hbonds, Rg  66.6 A, potential    15.24
 23502 / 100001 elapsed  0 system 0.80 temp 106.9 hbonds, Rg  66.7 A, potential    -9.46
 23402 / 100001 elapsed  3 system 0.80 temp 105.1 hbonds, Rg  66.6 A, potential    40.77
 23402 / 100001 elapsed  1 system 0.80 temp 102.7 hbonds, Rg  66.5 A, potential    10.49
 23502 / 100001 elapsed  2 system 0.80 temp 102.9 hbonds, Rg  66.7 A, potential    -8.88
 23602 / 100001 elapsed  0 system 0.80 temp  99.0 hbonds, Rg  66.7 A, potential     9.55
 23502 / 100001 elapsed  3 system 0.80 temp 104.8 hbonds, Rg  66.7 A, potential     6.07
 23502 / 100001 elapsed  1 system 0.80 temp 105.7 hbonds, Rg  66.6 A, potential    27.62
 23602 / 100001 elapsed  2 system 0.80 temp 103.5 hbonds, Rg  66.5 A, potential    32.08
 23702 / 100001 elapsed  0 system 0.80 temp 103.8 hbonds, Rg  66.4 A, potential    11.69
 23602 / 100001 elapsed  3 system 0.80 temp 101.7 hbonds, Rg  66.4 A, potential    -5.54
 23602 / 100001 elapsed  1 system 0.80 temp 101.2 hbonds, Rg  66.5 A, potential     6.80
 23702 / 100001 elapsed  2 system 0.80 temp 102.6 hbonds, Rg  66.6 A, potential     9.24
 23802 / 100001 elapsed  0 system 0.80 temp 107.0 hbonds, Rg  66.7 A, potential   -17.93
 23702 / 100001 elapsed  3 system 0.80 temp 103.2 hbonds, Rg  66.6 A, potential    47.99
 23702 / 100001 elapsed  1 system 0.80 temp  99.0 hbonds, Rg  66.5 A, potential    45.07
 23802 / 100001 elapsed  2 system 0.80 temp 105.3 hbonds, Rg  66.7 A, potential    14.10
 23902 / 100001 elapsed  0 system 0.80 temp 105.1 hbonds, Rg  66.4 A, potential     3.31
 23802 / 100001 elapsed  3 system 0.80 temp 102.7 hbonds, Rg  66.5 A, potential    -2.49
 23802 / 100001 elapsed  1 system 0.80 temp 103.5 hbonds, Rg  66.5 A, potential    28.40
 23902 / 100001 elapsed  2 system 0.80 temp 102.9 hbonds, Rg  66.5 A, potential    35.97
 24002 / 100001 elapsed  0 system 0.80 temp 105.1 hbonds, Rg  66.7 A, potential    21.68
 23902 / 100001 elapsed  3 system 0.80 temp 104.4 hbonds, Rg  66.4 A, potential    43.55
 24002 / 100001 elapsed  2 system 0.80 temp 102.4 hbonds, Rg  66.6 A, potential    42.58
 23902 / 100001 elapsed  1 system 0.80 temp  99.5 hbonds, Rg  66.6 A, potential    36.72
 24102 / 100001 elapsed  0 system 0.80 temp 107.9 hbonds, Rg  66.6 A, potential    10.13
 24002 / 100001 elapsed  3 system 0.80 temp 101.7 hbonds, Rg  66.7 A, potential    27.57
 24102 / 100001 elapsed  2 system 0.80 temp 103.3 hbonds, Rg  66.5 A, potential    -0.21
 24002 / 100001 elapsed  1 system 0.80 temp 103.4 hbonds, Rg  66.5 A, potential    58.14
 24202 / 100001 elapsed  0 system 0.80 temp 106.3 hbonds, Rg  66.6 A, potential    15.77
 24102 / 100001 elapsed  3 system 0.80 temp 104.8 hbonds, Rg  66.5 A, potential   -10.87
 24202 / 100001 elapsed  2 system 0.80 temp  99.0 hbonds, Rg  66.5 A, potential    28.31
 24102 / 100001 elapsed  1 system 0.80 temp  98.3 hbonds, Rg  66.7 A, potential    32.48
 24302 / 100001 elapsed  0 system 0.80 temp 104.8 hbonds, Rg  66.6 A, potential     0.23
 24202 / 100001 elapsed  3 system 0.80 temp 100.3 hbonds, Rg  66.4 A, potential    37.08
 24302 / 100001 elapsed  2 system 0.80 temp  98.9 hbonds, Rg  66.5 A, potential    43.58
 24202 / 100001 elapsed  1 system 0.80 temp 105.9 hbonds, Rg  66.7 A, potential    21.69
 24402 / 100001 elapsed  0 system 0.80 temp 103.9 hbonds, Rg  66.6 A, potential    15.67
 24302 / 100001 elapsed  3 system 0.80 temp 101.8 hbonds, Rg  66.6 A, potential    20.18
 24302 / 100001 elapsed  1 system 0.80 temp  98.2 hbonds, Rg  66.5 A, potential    49.87
 24402 / 100001 elapsed  2 system 0.80 temp  99.4 hbonds, Rg  66.5 A, potential    33.33
 24502 / 100001 elapsed  0 system 0.80 temp 102.5 hbonds, Rg  66.5 A, potential     0.72
 24402 / 100001 elapsed  3 system 0.80 temp 106.3 hbonds, Rg  66.5 A, potential    -9.73
 24402 / 100001 elapsed  1 system 0.80 temp 105.8 hbonds, Rg  66.7 A, potential   -17.18
 24502 / 100001 elapsed  2 system 0.80 temp 106.6 hbonds, Rg  66.6 A, potential    51.22
 24602 / 100001 elapsed  0 system 0.80 temp 104.7 hbonds, Rg  66.5 A, potential    21.82
 24502 / 100001 elapsed  3 system 0.80 temp 104.0 hbonds, Rg  66.6 A, potential    39.08
 24602 / 100001 elapsed  2 system 0.80 temp 102.2 hbonds, Rg  66.6 A, potential    42.70
 24502 / 100001 elapsed  1 system 0.80 temp 102.5 hbonds, Rg  66.5 A, potential    31.81
 24702 / 100001 elapsed  0 system 0.80 temp 100.1 hbonds, Rg  66.6 A, potential    16.87
 24602 / 100001 elapsed  3 system 0.80 temp 105.9 hbonds, Rg  66.6 A, potential    -0.10
 24702 / 100001 elapsed  2 system 0.80 temp 101.2 hbonds, Rg  66.4 A, potential    -6.67
 24602 / 100001 elapsed  1 system 0.80 temp 101.3 hbonds, Rg  66.5 A, potential     6.57
 24802 / 100001 elapsed  0 system 0.80 temp 103.4 hbonds, Rg  66.4 A, potential     9.21
 24702 / 100001 elapsed  3 system 0.80 temp 107.5 hbonds, Rg  66.6 A, potential    14.23
 24802 / 100001 elapsed  2 system 0.80 temp 103.8 hbonds, Rg  66.4 A, potential    14.47
 24702 / 100001 elapsed  1 system 0.80 temp 101.6 hbonds, Rg  66.4 A, potential    13.33
 24902 / 100001 elapsed  0 system 0.80 temp 108.0 hbonds, Rg  66.5 A, potential    10.94
 24802 / 100001 elapsed  3 system 0.80 temp  99.6 hbonds, Rg  66.5 A, potential    15.47
 24802 / 100001 elapsed  1 system 0.80 temp  99.8 hbonds, Rg  66.5 A, potential    22.16
 24902 / 100001 elapsed  2 system 0.80 temp 106.5 hbonds, Rg  66.7 A, potential    -4.81
 25002 / 100001 elapsed  0 system 0.80 temp 100.9 hbonds, Rg  66.5 A, potential     5.30
 24902 / 100001 elapsed  3 system 0.80 temp 101.6 hbonds, Rg  66.6 A, potential     7.49
 24902 / 100001 elapsed  1 system 0.80 temp 101.6 hbonds, Rg  66.5 A, potential    25.90
 25002 / 100001 elapsed  2 system 0.80 temp 104.0 hbonds, Rg  66.5 A, potential    22.49
 25102 / 100001 elapsed  0 system 0.80 temp 100.7 hbonds, Rg  66.7 A, potential     7.69
 25002 / 100001 elapsed  3 system 0.80 temp 102.0 hbonds, Rg  66.4 A, potential    17.23
 25002 / 100001 elapsed  1 system 0.80 temp 102.3 hbonds, Rg  66.5 A, potential    11.62
 25102 / 100001 elapsed  2 system 0.80 temp  99.9 hbonds, Rg  66.5 A, potential     6.18
 25202 / 100001 elapsed  0 system 0.80 temp 102.6 hbonds, Rg  66.5 A, potential    38.08
 25102 / 100001 elapsed  3 system 0.80 temp 101.5 hbonds, Rg  66.5 A, potential    -0.64
 25102 / 100001 elapsed  1 system 0.80 temp 104.5 hbonds, Rg  66.4 A, potential    36.96
 25202 / 100001 elapsed  2 system 0.80 temp 102.5 hbonds, Rg  66.7 A, potential    -4.58
 25302 / 100001 elapsed  0 system 0.80 temp 100.5 hbonds, Rg  66.4 A, potential    27.57
 25202 / 100001 elapsed  3 system 0.80 temp 105.6 hbonds, Rg  66.5 A, potential    -0.90
 25202 / 100001 elapsed  1 system 0.80 temp 107.3 hbonds, Rg  66.5 A, potential     8.72
 25302 / 100001 elapsed  2 system 0.80 temp 100.1 hbonds, Rg  66.5 A, potential    11.72
 25402 / 100001 elapsed  0 system 0.80 temp  98.1 hbonds, Rg  66.5 A, potential    50.50
 25302 / 100001 elapsed  3 system 0.80 temp 102.1 hbonds, Rg  66.6 A, potential    18.56
 25302 / 100001 elapsed  1 system 0.80 temp 104.0 hbonds, Rg  66.6 A, potential   -12.19
 25402 / 100001 elapsed  2 system 0.80 temp 104.8 hbonds, Rg  66.5 A, potential     7.93
 25502 / 100001 elapsed  0 system 0.80 temp 103.7 hbonds, Rg  66.7 A, potential    65.51
 25402 / 100001 elapsed  3 system 0.80 temp 102.6 hbonds, Rg  66.6 A, potential    30.98
 25402 / 100001 elapsed  1 system 0.80 temp 105.9 hbonds, Rg  66.5 A, potential    22.07
 25502 / 100001 elapsed  2 system 0.80 temp 106.5 hbonds, Rg  66.6 A, potential   -20.59
 25602 / 100001 elapsed  0 system 0.80 temp 104.5 hbonds, Rg  66.4 A, potential    48.84
 25502 / 100001 elapsed  3 system 0.80 temp 108.2 hbonds, Rg  66.6 A, potential    29.64
 25602 / 100001 elapsed  2 system 0.80 temp 102.6 hbonds, Rg  66.6 A, potential    42.65
 25502 / 100001 elapsed  1 system 0.80 temp 106.6 hbonds, Rg  66.4 A, potential     4.71
 25702 / 100001 elapsed  0 system 0.80 temp 102.5 hbonds, Rg  66.6 A, potential    44.33
 25602 / 100001 elapsed  3 system 0.80 temp 100.6 hbonds, Rg  66.5 A, potential    -3.81
 25702 / 100001 elapsed  2 system 0.80 temp 106.0 hbonds, Rg  66.5 A, potential     1.98
 25602 / 100001 elapsed  1 system 0.80 temp 103.5 hbonds, Rg  66.3 A, potential    20.00
 25802 / 100001 elapsed  0 system 0.80 temp 103.3 hbonds, Rg  66.6 A, potential    -4.74
 25702 / 100001 elapsed  3 system 0.80 temp 102.9 hbonds, Rg  66.5 A, potential    45.84
 25802 / 100001 elapsed  2 system 0.80 temp 104.9 hbonds, Rg  66.5 A, potential    -2.78
 25702 / 100001 elapsed  1 system 0.80 temp 105.0 hbonds, Rg  66.5 A, potential     5.67
 25902 / 100001 elapsed  0 system 0.80 temp 104.5 hbonds, Rg  66.5 A, potential     3.90
 25802 / 100001 elapsed  3 system 0.80 temp 101.5 hbonds, Rg  66.6 A, potential    10.16
 25802 / 100001 elapsed  1 system 0.80 temp 103.0 hbonds, Rg  66.5 A, potential    18.99
 25902 / 100001 elapsed  2 system 0.80 temp 102.5 hbonds, Rg  66.5 A, potential   -13.24
 26002 / 100001 elapsed  0 system 0.80 temp 100.8 hbonds, Rg  66.6 A, potential    -4.58
 25902 / 100001 elapsed  3 system 0.80 temp 101.6 hbonds, Rg  66.7 A, potential    65.90
 26002 / 100001 elapsed  2 system 0.80 temp 104.0 hbonds, Rg  66.6 A, potential    52.29
 26102 / 100001 elapsed  0 system 0.80 temp 105.8 hbonds, Rg  66.5 A, potential    43.15
 25902 / 100001 elapsed  1 system 0.80 temp 101.5 hbonds, Rg  66.6 A, potential    35.39
 26002 / 100001 elapsed  3 system 0.80 temp 101.5 hbonds, Rg  66.6 A, potential    19.25
 26202 / 100001 elapsed  0 system 0.80 temp 104.5 hbonds, Rg  66.4 A, potential    29.42
 26102 / 100001 elapsed  2 system 0.80 temp 106.8 hbonds, Rg  66.7 A, potential   -10.47
 26002 / 100001 elapsed  1 system 0.80 temp 101.3 hbonds, Rg  66.7 A, potential    48.91
 26102 / 100001 elapsed  3 system 0.80 temp 100.1 hbonds, Rg  66.7 A, potential     6.13
 26302 / 100001 elapsed  0 system 0.80 temp  99.0 hbonds, Rg  66.6 A, potential    48.79
 26202 / 100001 elapsed  2 system 0.80 temp 103.5 hbonds, Rg  66.7 A, potential     4.91
 26102 / 100001 elapsed  1 system 0.80 temp 103.9 hbonds, Rg  66.6 A, potential    33.66
 26202 / 100001 elapsed  3 system 0.80 temp 104.7 hbonds, Rg  66.6 A, potential    15.78
 26402 / 100001 elapsed  0 system 0.80 temp 105.8 hbonds, Rg  66.5 A, potential    48.73
 26302 / 100001 elapsed  2 system 0.80 temp 105.8 hbonds, Rg  66.7 A, potential     9.71
 26202 / 100001 elapsed  1 system 0.80 temp 102.8 hbonds, Rg  66.4 A, potential    -3.62
 26302 / 100001 elapsed  3 system 0.80 temp 105.9 hbonds, Rg  66.6 A, potential    21.18
 26502 / 100001 elapsed  0 system 0.80 temp 101.0 hbonds, Rg  66.6 A, potential    35.22
 26402 / 100001 elapsed  2 system 0.80 temp 106.3 hbonds, Rg  66.6 A, potential    34.94
 26302 / 100001 elapsed  1 system 0.80 temp 104.4 hbonds, Rg  66.7 A, potential    56.60
 26402 / 100001 elapsed  3 system 0.80 temp  96.8 hbonds, Rg  66.6 A, potential    54.66
 26602 / 100001 elapsed  0 system 0.80 temp 103.9 hbonds, Rg  66.7 A, potential    24.61
 26502 / 100001 elapsed  2 system 0.80 temp  99.6 hbonds, Rg  66.6 A, potential    33.58
 26402 / 100001 elapsed  1 system 0.80 temp 101.2 hbonds, Rg  66.6 A, potential    28.54
 26502 / 100001 elapsed  3 system 0.80 temp 100.9 hbonds, Rg  66.4 A, potential    26.50
 26702 / 100001 elapsed  0 system 0.80 temp 100.6 hbonds, Rg  66.5 A, potential     7.28
 26602 / 100001 elapsed  2 system 0.80 temp 101.1 hbonds, Rg  66.5 A, potential    20.53
 26502 / 100001 elapsed  1 system 0.80 temp 100.7 hbonds, Rg  66.6 A, potential     4.79
 26602 / 100001 elapsed  3 system 0.80 temp 105.3 hbonds, Rg  66.5 A, potential    27.29
 26802 / 100001 elapsed  0 system 0.80 temp 101.0 hbonds, Rg  66.6 A, potential     7.42
 26602 / 100001 elapsed  1 system 0.80 temp 102.8 hbonds, Rg  66.5 A, potential    -9.84
 26702 / 100001 elapsed  2 system 0.80 temp 106.0 hbonds, Rg  66.4 A, potential     3.96
 26702 / 100001 elapsed  3 system 0.80 temp 104.5 hbonds, Rg  66.4 A, potential    -3.00
 26902 / 100001 elapsed  0 system 0.80 temp 103.8 hbonds, Rg  66.6 A, potential    26.76
 26702 / 100001 elapsed  1 system 0.80 temp 103.9 hbonds, Rg  66.6 A, potential    16.00
 26802 / 100001 elapsed  2 system 0.80 temp  96.2 hbonds, Rg  66.5 A, potential    -5.01
 26802 / 100001 elapsed  3 system 0.80 temp 103.6 hbonds, Rg  66.5 A, potential    28.46
 27002 / 100001 elapsed  0 system 0.80 temp  99.7 hbonds, Rg  66.7 A, potential    12.59
 26802 / 100001 elapsed  1 system 0.80 temp 103.9 hbonds, Rg  66.6 A, potential    45.02
 26902 / 100001 elapsed  2 system 0.80 temp 102.8 hbonds, Rg  66.6 A, potential    21.66
 26902 / 100001 elapsed  3 system 0.80 temp  99.9 hbonds, Rg  66.6 A, potential    49.73
 27102 / 100001 elapsed  0 system 0.80 temp 103.8 hbonds, Rg  66.7 A, potential    24.19
 26902 / 100001 elapsed  1 system 0.80 temp 104.4 hbonds, Rg  66.6 A, potential    22.93
 27002 / 100001 elapsed  2 system 0.80 temp 103.7 hbonds, Rg  66.5 A, potential    -3.60
 27002 / 100001 elapsed  3 system 0.80 temp 104.3 hbonds, Rg  66.5 A, potential    23.88
 27202 / 100001 elapsed  0 system 0.80 temp 103.3 hbonds, Rg  66.6 A, potential    12.29
 27002 / 100001 elapsed  1 system 0.80 temp 104.7 hbonds, Rg  66.5 A, potential    56.08
 27102 / 100001 elapsed  2 system 0.80 temp 107.0 hbonds, Rg  66.6 A, potential     9.36
 27102 / 100001 elapsed  3 system 0.80 temp 103.9 hbonds, Rg  66.5 A, potential    34.47
 27302 / 100001 elapsed  0 system 0.80 temp 103.3 hbonds, Rg  66.5 A, potential    -0.74
 27102 / 100001 elapsed  1 system 0.80 temp 105.8 hbonds, Rg  66.6 A, potential    -8.28
 27202 / 100001 elapsed  2 system 0.80 temp 106.7 hbonds, Rg  66.7 A, potential   -22.27
 27202 / 100001 elapsed  3 system 0.80 temp 102.0 hbonds, Rg  66.7 A, potential    11.41
 27402 / 100001 elapsed  0 system 0.80 temp 102.6 hbonds, Rg  66.6 A, potential    42.92
 27202 / 100001 elapsed  1 system 0.80 temp  99.2 hbonds, Rg  66.6 A, potential    54.66
 27302 / 100001 elapsed  2 system 0.80 temp 102.1 hbonds, Rg  66.5 A, potential     5.24
 27302 / 100001 elapsed  3 system 0.80 temp 106.1 hbonds, Rg  66.6 A, potential     2.45
 27502 / 100001 elapsed  0 system 0.80 temp  98.6 hbonds, Rg  66.5 A, potential    41.59
 27302 / 100001 elapsed  1 system 0.80 temp  98.4 hbonds, Rg  66.5 A, potential    63.49
 27402 / 100001 elapsed  2 system 0.80 temp 104.5 hbonds, Rg  66.5 A, potential    17.16
 27402 / 100001 elapsed  3 system 0.80 temp 103.6 hbonds, Rg  66.6 A, potential    49.13
 27602 / 100001 elapsed  0 system 0.80 temp 102.3 hbonds, Rg  66.5 A, potential    11.97
 27402 / 100001 elapsed  1 system 0.80 temp 100.8 hbonds, Rg  66.5 A, potential     6.05
 27502 / 100001 elapsed  2 system 0.80 temp 101.6 hbonds, Rg  66.7 A, potential   -23.57
 27502 / 100001 elapsed  3 system 0.80 temp 104.3 hbonds, Rg  66.5 A, potential    35.08
 27702 / 100001 elapsed  0 system 0.80 temp 106.2 hbonds, Rg  66.6 A, potential    20.57
 27502 / 100001 elapsed  1 system 0.80 temp 105.2 hbonds, Rg  66.4 A, potential    34.56
 27602 / 100001 elapsed  2 system 0.80 temp  98.8 hbonds, Rg  66.7 A, potential     0.57
 27602 / 100001 elapsed  3 system 0.80 temp 105.5 hbonds, Rg  66.5 A, potential     2.93
 27802 / 100001 elapsed  0 system 0.80 temp  98.9 hbonds, Rg  66.8 A, potential    44.01
 27602 / 100001 elapsed  1 system 0.80 temp 105.0 hbonds, Rg  66.4 A, potential    -6.18
 27702 / 100001 elapsed  2 system 0.80 temp  99.1 hbonds, Rg  66.5 A, potential    38.11
 27702 / 100001 elapsed  3 system 0.80 temp 101.3 hbonds, Rg  66.4 A, potential    62.71
 27902 / 100001 elapsed  0 system 0.80 temp 107.6 hbonds, Rg  66.6 A, potential     5.28
 27702 / 100001 elapsed  1 system 0.80 temp 106.0 hbonds, Rg  66.8 A, potential    -0.29
 27802 / 100001 elapsed  2 system 0.80 temp 105.0 hbonds, Rg  66.4 A, potential    17.59
 27802 / 100001 elapsed  3 system 0.80 temp 104.6 hbonds, Rg  66.7 A, potential    29.71
 28002 / 100001 elapsed  0 system 0.80 temp 101.8 hbonds, Rg  66.5 A, potential     9.94
 27802 / 100001 elapsed  1 system 0.80 temp 103.3 hbonds, Rg  66.4 A, potential    27.57
 27902 / 100001 elapsed  2 system 0.80 temp 104.8 hbonds, Rg  66.5 A, potential    29.93
 27902 / 100001 elapsed  3 system 0.80 temp 106.8 hbonds, Rg  66.7 A, potential    31.96
 28102 / 100001 elapsed  0 system 0.80 temp 103.2 hbonds, Rg  66.7 A, potential    16.64
 27902 / 100001 elapsed  1 system 0.80 temp 103.3 hbonds, Rg  66.6 A, potential   -13.10
 28002 / 100001 elapsed  2 system 0.80 temp  96.0 hbonds, Rg  66.5 A, potential   -16.02
 28002 / 100001 elapsed  3 system 0.80 temp  99.5 hbonds, Rg  66.4 A, potential    37.92
 28202 / 100001 elapsed  0 system 0.80 temp 101.9 hbonds, Rg  66.5 A, potential    46.08
 28002 / 100001 elapsed  1 system 0.80 temp 106.3 hbonds, Rg  66.6 A, potential    -3.91
 28102 / 100001 elapsed  2 system 0.80 temp 105.5 hbonds, Rg  66.6 A, potential     6.11
 28102 / 100001 elapsed  3 system 0.80 temp 105.1 hbonds, Rg  66.5 A, potential    24.85
 28302 / 100001 elapsed  0 system 0.80 temp 105.3 hbonds, Rg  66.6 A, potential    -4.27
 28102 / 100001 elapsed  1 system 0.80 temp 103.1 hbonds, Rg  66.5 A, potential   -17.25
 28202 / 100001 elapsed  2 system 0.80 temp  99.3 hbonds, Rg  66.4 A, potential     7.23
 28202 / 100001 elapsed  3 system 0.80 temp 100.3 hbonds, Rg  66.5 A, potential    31.71
 28402 / 100001 elapsed  0 system 0.80 temp 100.5 hbonds, Rg  66.5 A, potential    57.34
 28202 / 100001 elapsed  1 system 0.80 temp 101.6 hbonds, Rg  66.7 A, potential    34.57
 28302 / 100001 elapsed  2 system 0.80 temp 106.2 hbonds, Rg  66.6 A, potential   -24.03
 28302 / 100001 elapsed  3 system 0.80 temp  99.2 hbonds, Rg  66.6 A, potential    43.93
 28502 / 100001 elapsed  0 system 0.80 temp 102.7 hbonds, Rg  66.4 A, potential    -1.81
 28302 / 100001 elapsed  1 system 0.80 temp 102.1 hbonds, Rg  66.5 A, potential   -12.68
 28402 / 100001 elapsed  2 system 0.80 temp  98.2 hbonds, Rg  66.6 A, potential    21.56
 28402 / 100001 elapsed  3 system 0.80 temp 102.7 hbonds, Rg  66.6 A, potential    12.44
 28602 / 100001 elapsed  0 system 0.80 temp 101.3 hbonds, Rg  66.6 A, potential     6.36
 28402 / 100001 elapsed  1 system 0.80 temp 105.7 hbonds, Rg  66.5 A, potential    10.20
 28502 / 100001 elapsed  2 system 0.80 temp 101.9 hbonds, Rg  66.7 A, potential    -2.99
 28502 / 100001 elapsed  3 system 0.80 temp 104.9 hbonds, Rg  66.6 A, potential    -3.72
 28702 / 100001 elapsed  0 system 0.80 temp 101.0 hbonds, Rg  66.5 A, potential    -9.22
 28502 / 100001 elapsed  1 system 0.80 temp 100.5 hbonds, Rg  66.5 A, potential    19.47
 28602 / 100001 elapsed  2 system 0.80 temp 103.3 hbonds, Rg  66.5 A, potential   -10.57
 28802 / 100001 elapsed  0 system 0.80 temp 105.5 hbonds, Rg  66.6 A, potential    -9.32
 28602 / 100001 elapsed  3 system 0.80 temp 102.5 hbonds, Rg  66.5 A, potential    35.64
 28602 / 100001 elapsed  1 system 0.80 temp 107.2 hbonds, Rg  66.4 A, potential    33.69
 28702 / 100001 elapsed  2 system 0.80 temp 104.4 hbonds, Rg  66.4 A, potential    27.56
 28902 / 100001 elapsed  0 system 0.80 temp  98.5 hbonds, Rg  66.6 A, potential    52.24
 28702 / 100001 elapsed  3 system 0.80 temp 103.2 hbonds, Rg  66.6 A, potential   -18.13
 28702 / 100001 elapsed  1 system 0.80 temp  99.2 hbonds, Rg  66.6 A, potential    32.34
 28802 / 100001 elapsed  2 system 0.80 temp 104.7 hbonds, Rg  66.6 A, potential    46.65
 29002 / 100001 elapsed  0 system 0.80 temp 105.1 hbonds, Rg  66.5 A, potential   -12.32
 28802 / 100001 elapsed  3 system 0.80 temp  97.8 hbonds, Rg  66.6 A, potential    15.76
 28802 / 100001 elapsed  1 system 0.80 temp 107.6 hbonds, Rg  66.6 A, potential    -8.97
 28902 / 100001 elapsed  2 system 0.80 temp 102.8 hbonds, Rg  66.5 A, potential    49.96
 29102 / 100001 elapsed  0 system 0.80 temp 102.6 hbonds, Rg  66.5 A, potential    26.81
 28902 / 100001 elapsed  3 system 0.80 temp 102.6 hbonds, Rg  66.4 A, potential    10.55
 28902 / 100001 elapsed  1 system 0.80 temp  99.0 hbonds, Rg  66.6 A, potential    48.47
 29002 / 100001 elapsed  2 system 0.80 temp  96.7 hbonds, Rg  66.5 A, potential    18.16
 29202 / 100001 elapsed  0 system 0.80 temp 105.3 hbonds, Rg  66.6 A, potential    25.77
 29002 / 100001 elapsed  3 system 0.80 temp 100.8 hbonds, Rg  66.5 A, potential     0.57
 29002 / 100001 elapsed  1 system 0.80 temp 104.8 hbonds, Rg  66.6 A, potential     1.32
 29102 / 100001 elapsed  2 system 0.80 temp 102.4 hbonds, Rg  66.6 A, potential    -3.22
 29302 / 100001 elapsed  0 system 0.80 temp 106.3 hbonds, Rg  66.6 A, potential    -6.16
 29102 / 100001 elapsed  3 system 0.80 temp 105.5 hbonds, Rg  66.6 A, potential   -13.14
 29102 / 100001 elapsed  1 system 0.80 temp 104.7 hbonds, Rg  66.4 A, potential    -3.44
 29202 / 100001 elapsed  2 system 0.80 temp 100.2 hbonds, Rg  66.5 A, potential     0.27
 29402 / 100001 elapsed  0 system 0.80 temp 103.3 hbonds, Rg  66.6 A, potential    37.65
 29202 / 100001 elapsed  3 system 0.80 temp 107.0 hbonds, Rg  66.4 A, potential     3.46
 29202 / 100001 elapsed  1 system 0.80 temp  98.9 hbonds, Rg  66.6 A, potential    28.70
 29302 / 100001 elapsed  2 system 0.80 temp  98.6 hbonds, Rg  66.6 A, potential     2.37
 29502 / 100001 elapsed  0 system 0.80 temp 102.0 hbonds, Rg  66.5 A, potential     0.38
 29302 / 100001 elapsed  3 system 0.80 temp  99.7 hbonds, Rg  66.6 A, potential    44.87
 29302 / 100001 elapsed  1 system 0.80 temp 102.8 hbonds, Rg  66.6 A, potential    -1.55
 29402 / 100001 elapsed  2 system 0.80 temp  98.4 hbonds, Rg  66.5 A, potential    36.62
 29602 / 100001 elapsed  0 system 0.80 temp 100.0 hbonds, Rg  66.5 A, potential    29.24
 29402 / 100001 elapsed  3 system 0.80 temp 100.8 hbonds, Rg  66.7 A, potential     8.05
 29402 / 100001 elapsed  1 system 0.80 temp 105.3 hbonds, Rg  66.7 A, potential    -8.04
 29502 / 100001 elapsed  2 system 0.80 temp 100.9 hbonds, Rg  66.4 A, potential    20.87
 29702 / 100001 elapsed  0 system 0.80 temp 103.4 hbonds, Rg  66.5 A, potential    22.18
 29502 / 100001 elapsed  3 system 0.80 temp 101.4 hbonds, Rg  66.6 A, potential   -13.73
 29502 / 100001 elapsed  1 system 0.80 temp  99.4 hbonds, Rg  66.6 A, potential    25.61
 29602 / 100001 elapsed  2 system 0.80 temp  99.3 hbonds, Rg  66.5 A, potential    18.87
 29802 / 100001 elapsed  0 system 0.80 temp 102.2 hbonds, Rg  66.6 A, potential    67.39
 29602 / 100001 elapsed  3 system 0.80 temp 103.8 hbonds, Rg  66.8 A, potential     0.60
 29602 / 100001 elapsed  1 system 0.80 temp 106.4 hbonds, Rg  66.5 A, potential    17.22
 29702 / 100001 elapsed  2 system 0.80 temp  94.9 hbonds, Rg  66.5 A, potential    36.09
 29902 / 100001 elapsed  0 system 0.80 temp 103.0 hbonds, Rg  66.6 A, potential   -19.52
 29702 / 100001 elapsed  3 system 0.80 temp 103.9 hbonds, Rg  66.6 A, potential    14.65
 29702 / 100001 elapsed  1 system 0.80 temp 103.6 hbonds, Rg  66.5 A, potential    46.84
 29802 / 100001 elapsed  2 system 0.80 temp  98.8 hbonds, Rg  66.5 A, potential    19.36
 30002 / 100001 elapsed  0 system 0.80 temp  99.2 hbonds, Rg  66.6 A, potential     4.53
 29802 / 100001 elapsed  3 system 0.80 temp 101.6 hbonds, Rg  66.6 A, potential   -10.18
 29802 / 100001 elapsed  1 system 0.80 temp 101.6 hbonds, Rg  66.6 A, potential    48.72
 29902 / 100001 elapsed  2 system 0.80 temp  92.2 hbonds, Rg  66.5 A, potential    64.28
 30102 / 100001 elapsed  0 system 0.80 temp 106.3 hbonds, Rg  66.7 A, potential     5.37
 29902 / 100001 elapsed  3 system 0.80 temp 102.1 hbonds, Rg  66.6 A, potential    16.20
 29902 / 100001 elapsed  1 system 0.80 temp  99.5 hbonds, Rg  66.4 A, potential    51.67
 30002 / 100001 elapsed  2 system 0.80 temp  96.8 hbonds, Rg  66.5 A, potential    74.62
 30202 / 100001 elapsed  0 system 0.80 temp 104.9 hbonds, Rg  66.6 A, potential    23.06
 30002 / 100001 elapsed  3 system 0.80 temp 102.0 hbonds, Rg  66.5 A, potential    37.46
 30002 / 100001 elapsed  1 system 0.80 temp 106.3 hbonds, Rg  66.5 A, potential    23.93
 30102 / 100001 elapsed  2 system 0.80 temp  97.5 hbonds, Rg  66.7 A, potential    33.13
 30302 / 100001 elapsed  0 system 0.80 temp 101.2 hbonds, Rg  66.4 A, potential    -1.94
 30102 / 100001 elapsed  3 system 0.80 temp  98.6 hbonds, Rg  66.8 A, potential    50.42
 30102 / 100001 elapsed  1 system 0.80 temp 102.2 hbonds, Rg  66.7 A, potential    42.00
 30202 / 100001 elapsed  2 system 0.80 temp 100.3 hbonds, Rg  66.5 A, potential    37.35
 30402 / 100001 elapsed  0 system 0.80 temp 104.1 hbonds, Rg  66.6 A, potential    12.00
 30202 / 100001 elapsed  3 system 0.80 temp 104.1 hbonds, Rg  66.4 A, potential    28.89
 30202 / 100001 elapsed  1 system 0.80 temp 100.6 hbonds, Rg  66.5 A, potential    38.40
 30302 / 100001 elapsed  2 system 0.80 temp 100.7 hbonds, Rg  66.5 A, potential    30.60
 30502 / 100001 elapsed  0 system 0.80 temp 103.9 hbonds, Rg  66.5 A, potential    -0.35
 30302 / 100001 elapsed  3 system 0.80 temp 104.4 hbonds, Rg  66.6 A, potential   -29.22
 30302 / 100001 elapsed  1 system 0.80 temp 102.7 hbonds, Rg  66.5 A, potential    60.73
 30402 / 100001 elapsed  2 system 0.80 temp  96.7 hbonds, Rg  66.5 A, potential     0.38
 30602 / 100001 elapsed  0 system 0.80 temp  99.8 hbonds, Rg  66.5 A, potential     6.66
 30402 / 100001 elapsed  3 system 0.80 temp  99.4 hbonds, Rg  66.5 A, potential     6.00
 30402 / 100001 elapsed  1 system 0.80 temp  98.7 hbonds, Rg  66.6 A, potential    42.37
 30502 / 100001 elapsed  2 system 0.80 temp  98.3 hbonds, Rg  66.6 A, potential     4.53
 30702 / 100001 elapsed  0 system 0.80 temp 102.5 hbonds, Rg  66.6 A, potential     7.13
 30502 / 100001 elapsed  3 system 0.80 temp 102.1 hbonds, Rg  66.6 A, potential     4.96
 30502 / 100001 elapsed  1 system 0.80 temp 102.6 hbonds, Rg  66.7 A, potential    -6.98
 30602 / 100001 elapsed  2 system 0.80 temp  94.8 hbonds, Rg  66.4 A, potential    34.73
 30802 / 100001 elapsed  0 system 0.80 temp 101.6 hbonds, Rg  66.6 A, potential    42.70
 30602 / 100001 elapsed  3 system 0.80 temp  99.7 hbonds, Rg  66.5 A, potential    36.73
 30602 / 100001 elapsed  1 system 0.80 temp 103.5 hbonds, Rg  66.6 A, potential    19.66
 30702 / 100001 elapsed  2 system 0.80 temp  99.9 hbonds, Rg  66.4 A, potential    44.64
 30902 / 100001 elapsed  0 system 0.80 temp 104.3 hbonds, Rg  66.7 A, potential    22.88
 30702 / 100001 elapsed  3 system 0.80 temp 101.1 hbonds, Rg  66.6 A, potential    23.35
 30702 / 100001 elapsed  1 system 0.80 temp 103.3 hbonds, Rg  66.7 A, potential    21.34
 30802 / 100001 elapsed  2 system 0.80 temp 102.7 hbonds, Rg  66.6 A, potential    -1.31
 31002 / 100001 elapsed  0 system 0.80 temp 102.0 hbonds, Rg  66.6 A, potential    26.51
 30802 / 100001 elapsed  3 system 0.80 temp 104.1 hbonds, Rg  66.5 A, potential    16.65
 30802 / 100001 elapsed  1 system 0.80 temp  99.8 hbonds, Rg  66.5 A, potential    59.39
 30902 / 100001 elapsed  2 system 0.80 temp 103.2 hbonds, Rg  66.6 A, potential    49.19
 31102 / 100001 elapsed  0 system 0.80 temp 104.1 hbonds, Rg  66.5 A, potential    14.91
 30902 / 100001 elapsed  3 system 0.80 temp 101.0 hbonds, Rg  66.6 A, potential     8.41
 30902 / 100001 elapsed  1 system 0.80 temp  98.8 hbonds, Rg  66.6 A, potential    56.59
 31002 / 100001 elapsed  2 system 0.80 temp  96.1 hbonds, Rg  66.5 A, potential    29.40
 31202 / 100001 elapsed  0 system 0.80 temp 101.2 hbonds, Rg  66.6 A, potential    -1.35
 31002 / 100001 elapsed  3 system 0.80 temp 104.4 hbonds, Rg  66.6 A, potential     5.23
 31102 / 100001 elapsed  2 system 0.80 temp 101.8 hbonds, Rg  66.7 A, potential    38.55
 31002 / 100001 elapsed  1 system 0.80 temp 103.6 hbonds, Rg  66.5 A, potential    -2.29
 31303 / 100001 elapsed  0 system 0.80 temp 103.5 hbonds, Rg  66.7 A, potential   -14.54
 31102 / 100001 elapsed  3 system 0.80 temp 104.3 hbonds, Rg  66.5 A, potential    56.28
 31202 / 100001 elapsed  2 system 0.80 temp  96.7 hbonds, Rg  66.5 A, potential    17.56
 31102 / 100001 elapsed  1 system 0.80 temp 101.1 hbonds, Rg  66.5 A, potential    54.75
 31403 / 100001 elapsed  0 system 0.80 temp 101.1 hbonds, Rg  66.6 A, potential    10.23
 31202 / 100001 elapsed  3 system 0.80 temp 106.7 hbonds, Rg  66.5 A, potential    20.06
 31303 / 100001 elapsed  2 system 0.80 temp 105.9 hbonds, Rg  66.4 A, potential    21.99
 31202 / 100001 elapsed  1 system 0.80 temp 105.1 hbonds, Rg  66.5 A, potential   -28.74
 31503 / 100001 elapsed  0 system 0.80 temp 101.7 hbonds, Rg  66.6 A, potential    18.96
 31303 / 100001 elapsed  3 system 0.80 temp 105.6 hbonds, Rg  66.5 A, potential    38.13
 31403 / 100001 elapsed  2 system 0.80 temp  98.0 hbonds, Rg  66.7 A, potential    10.95
 31303 / 100001 elapsed  1 system 0.80 temp 101.0 hbonds, Rg  66.5 A, potential    10.98
 31603 / 100001 elapsed  0 system 0.80 temp 102.1 hbonds, Rg  66.6 A, potential    25.05
 31403 / 100001 elapsed  3 system 0.80 temp 101.9 hbonds, Rg  66.7 A, potential    41.72
 31503 / 100001 elapsed  2 system 0.80 temp 100.6 hbonds, Rg  66.6 A, potential    -3.27
 31403 / 100001 elapsed  1 system 0.80 temp  99.8 hbonds, Rg  66.6 A, potential    48.35
 31703 / 100001 elapsed  0 system 0.80 temp 102.3 hbonds, Rg  66.6 A, potential    -8.57
 31503 / 100001 elapsed  3 system 0.80 temp 105.3 hbonds, Rg  66.5 A, potential    59.12
 31603 / 100001 elapsed  2 system 0.80 temp 100.8 hbonds, Rg  66.6 A, potential    53.00
 31503 / 100001 elapsed  1 system 0.80 temp 100.7 hbonds, Rg  66.7 A, potential    12.08
 31803 / 100001 elapsed  0 system 0.80 temp 105.8 hbonds, Rg  66.3 A, potential    21.77
 31603 / 100001 elapsed  3 system 0.80 temp 102.6 hbonds, Rg  66.5 A, potential    29.95
 31703 / 100001 elapsed  2 system 0.80 temp  97.6 hbonds, Rg  66.5 A, potential    50.79
 31603 / 100001 elapsed  1 system 0.80 temp 103.7 hbonds, Rg  66.7 A, potential    28.40
 31903 / 100001 elapsed  0 system 0.80 temp 105.5 hbonds, Rg  66.6 A, potential    16.79
 31803 / 100001 elapsed  2 system 0.80 temp 101.1 hbonds, Rg  66.6 A, potential    30.14
 31703 / 100001 elapsed  3 system 0.80 temp 103.3 hbonds, Rg  66.3 A, potential    22.24
 31703 / 100001 elapsed  1 system 0.80 temp 101.3 hbonds, Rg  66.4 A, potential    31.95
 32003 / 100001 elapsed  0 system 0.80 temp 102.3 hbonds, Rg  66.5 A, potential    31.06
 31903 / 100001 elapsed  2 system 0.80 temp 104.6 hbonds, Rg  66.5 A, potential    49.85
 31803 / 100001 elapsed  3 system 0.80 temp 100.1 hbonds, Rg  66.6 A, potential   -12.53
 31803 / 100001 elapsed  1 system 0.80 temp 107.3 hbonds, Rg  66.5 A, potential     2.44
 32103 / 100001 elapsed  0 system 0.80 temp 106.0 hbonds, Rg  66.6 A, potential    11.06
 32003 / 100001 elapsed  2 system 0.80 temp 102.1 hbonds, Rg  66.6 A, potential    16.99
 31903 / 100001 elapsed  3 system 0.80 temp 102.2 hbonds, Rg  66.5 A, potential    29.72
 31903 / 100001 elapsed  1 system 0.80 temp 105.6 hbonds, Rg  66.7 A, potential     2.62
 32203 / 100001 elapsed  0 system 0.80 temp  96.4 hbonds, Rg  66.7 A, potential    42.21
 32003 / 100001 elapsed  3 system 0.80 temp 105.5 hbonds, Rg  66.6 A, potential    28.21
 32103 / 100001 elapsed  2 system 0.80 temp 101.3 hbonds, Rg  66.6 A, potential    24.45
 32003 / 100001 elapsed  1 system 0.80 temp 101.4 hbonds, Rg  66.5 A, potential    -4.94
 32303 / 100001 elapsed  0 system 0.80 temp 103.3 hbonds, Rg  66.4 A, potential    24.29
 32103 / 100001 elapsed  3 system 0.80 temp 103.8 hbonds, Rg  66.5 A, potential    37.00
 32203 / 100001 elapsed  2 system 0.80 temp 102.2 hbonds, Rg  66.6 A, potential    41.02
 32103 / 100001 elapsed  1 system 0.80 temp 104.3 hbonds, Rg  66.4 A, potential    24.07
 32403 / 100001 elapsed  0 system 0.80 temp 102.5 hbonds, Rg  66.5 A, potential    19.07
 32203 / 100001 elapsed  3 system 0.80 temp 105.9 hbonds, Rg  66.6 A, potential     1.65
 32303 / 100001 elapsed  2 system 0.80 temp 103.1 hbonds, Rg  66.6 A, potential    23.81
 32203 / 100001 elapsed  1 system 0.80 temp 104.6 hbonds, Rg  66.5 A, potential     2.56
 32503 / 100001 elapsed  0 system 0.80 temp 107.1 hbonds, Rg  66.5 A, potential    43.66
 32403 / 100001 elapsed  2 system 0.80 temp 101.8 hbonds, Rg  66.7 A, potential    15.33
 32303 / 100001 elapsed  3 system 0.80 temp 105.2 hbonds, Rg  66.6 A, potential    -7.92
 32303 / 100001 elapsed  1 system 0.80 temp 101.1 hbonds, Rg  66.6 A, potential    26.13
 32603 / 100001 elapsed  0 system 0.80 temp 100.7 hbonds, Rg  66.4 A, potential    11.40
 32503 / 100001 elapsed  2 system 0.80 temp 107.5 hbonds, Rg  66.6 A, potential    -5.97
 32403 / 100001 elapsed  3 system 0.80 temp 106.4 hbonds, Rg  66.6 A, potential    -9.05
 32403 / 100001 elapsed  1 system 0.80 temp 103.5 hbonds, Rg  66.5 A, potential    56.61
 32703 / 100001 elapsed  0 system 0.80 temp 108.6 hbonds, Rg  66.6 A, potential   -14.36
 32603 / 100001 elapsed  2 system 0.80 temp 107.0 hbonds, Rg  66.6 A, potential    27.05
 32503 / 100001 elapsed  3 system 0.80 temp 105.2 hbonds, Rg  66.4 A, potential    -5.16
 32503 / 100001 elapsed  1 system 0.80 temp 100.6 hbonds, Rg  66.5 A, potential    55.98
 32803 / 100001 elapsed  0 system 0.80 temp 103.3 hbonds, Rg  66.6 A, potential    15.31
 32703 / 100001 elapsed  2 system 0.80 temp  96.1 hbonds, Rg  66.5 A, potential    33.31
 32603 / 100001 elapsed  3 system 0.80 temp 103.5 hbonds, Rg  66.5 A, potential     2.29
 32603 / 100001 elapsed  1 system 0.80 temp 104.6 hbonds, Rg  66.6 A, potential    12.34
 32903 / 100001 elapsed  0 system 0.80 temp 100.6 hbonds, Rg  66.6 A, potential     4.05
 32803 / 100001 elapsed  2 system 0.80 temp 103.5 hbonds, Rg  66.5 A, potential   -25.11
 32703 / 100001 elapsed  1 system 0.80 temp  98.9 hbonds, Rg  66.6 A, potential    50.08
 32703 / 100001 elapsed  3 system 0.80 temp 106.2 hbonds, Rg  66.7 A, potential     7.81
 33003 / 100001 elapsed  0 system 0.80 temp 100.7 hbonds, Rg  66.6 A, potential    49.23
 32903 / 100001 elapsed  2 system 0.80 temp 103.4 hbonds, Rg  66.5 A, potential    34.51
 32803 / 100001 elapsed  1 system 0.80 temp 101.6 hbonds, Rg  66.7 A, potential    25.48
 32803 / 100001 elapsed  3 system 0.80 temp 101.4 hbonds, Rg  66.6 A, potential    37.67
 33103 / 100001 elapsed  0 system 0.80 temp 104.9 hbonds, Rg  66.6 A, potential    34.12
 33003 / 100001 elapsed  2 system 0.80 temp 100.5 hbonds, Rg  66.6 A, potential     1.29
 32903 / 100001 elapsed  1 system 0.80 temp  99.0 hbonds, Rg  66.6 A, potential    18.14
 32903 / 100001 elapsed  3 system 0.80 temp 102.6 hbonds, Rg  66.5 A, potential     8.62
 33203 / 100001 elapsed  0 system 0.80 temp 104.5 hbonds, Rg  66.6 A, potential    23.56
 33103 / 100001 elapsed  2 system 0.80 temp 101.1 hbonds, Rg  66.6 A, potential    64.74
 33003 / 100001 elapsed  1 system 0.80 temp 104.2 hbonds, Rg  66.5 A, potential    -2.18
 33003 / 100001 elapsed  3 system 0.80 temp 102.2 hbonds, Rg  66.4 A, potential    62.55
 33303 / 100001 elapsed  0 system 0.80 temp  96.1 hbonds, Rg  66.4 A, potential    31.13
 33203 / 100001 elapsed  2 system 0.80 temp 101.7 hbonds, Rg  66.6 A, potential    24.25
 33103 / 100001 elapsed  1 system 0.80 temp 105.1 hbonds, Rg  66.5 A, potential    -3.08
 33103 / 100001 elapsed  3 system 0.80 temp  98.8 hbonds, Rg  66.6 A, potential    49.90
 33403 / 100001 elapsed  0 system 0.80 temp 101.9 hbonds, Rg  66.6 A, potential    -5.11
 33303 / 100001 elapsed  2 system 0.80 temp 102.6 hbonds, Rg  66.5 A, potential    28.86
 33203 / 100001 elapsed  1 system 0.80 temp  97.8 hbonds, Rg  66.7 A, potential    23.28
 33203 / 100001 elapsed  3 system 0.80 temp 103.7 hbonds, Rg  66.6 A, potential    -2.41
 33503 / 100001 elapsed  0 system 0.80 temp 101.7 hbonds, Rg  66.6 A, potential    38.97
 33403 / 100001 elapsed  2 system 0.80 temp 100.9 hbonds, Rg  66.5 A, potential    13.89
 33303 / 100001 elapsed  1 system 0.80 temp 104.1 hbonds, Rg  66.6 A, potential    20.38
 33303 / 100001 elapsed  3 system 0.80 temp 103.4 hbonds, Rg  66.7 A, potential     7.19
 33603 / 100001 elapsed  0 system 0.80 temp  94.9 hbonds, Rg  66.6 A, potential    38.01
 33503 / 100001 elapsed  2 system 0.80 temp 103.5 hbonds, Rg  66.5 A, potential    29.98
 33403 / 100001 elapsed  1 system 0.80 temp 103.5 hbonds, Rg  66.6 A, potential     4.14
 33403 / 100001 elapsed  3 system 0.80 temp 103.8 hbonds, Rg  66.7 A, potential    13.21
 33703 / 100001 elapsed  0 system 0.80 temp  96.9 hbonds, Rg  66.5 A, potential    13.53
 33603 / 100001 elapsed  2 system 0.80 temp 101.4 hbonds, Rg  66.5 A, potential     1.82
 33503 / 100001 elapsed  1 system 0.80 temp 101.1 hbonds, Rg  66.5 A, potential     9.23
 33503 / 100001 elapsed  3 system 0.80 temp 103.1 hbonds, Rg  66.5 A, potential    12.56
 33803 / 100001 elapsed  0 system 0.80 temp 100.8 hbonds, Rg  66.5 A, potential   -16.29
 33703 / 100001 elapsed  2 system 0.80 temp  98.7 hbonds, Rg  66.6 A, potential    40.20
 33603 / 100001 elapsed  1 system 0.80 temp 103.9 hbonds, Rg  66.7 A, potential   -10.90
 33603 / 100001 elapsed  3 system 0.80 temp 100.8 hbonds, Rg  66.5 A, potential    12.71
 33903 / 100001 elapsed  0 system 0.80 temp 103.8 hbonds, Rg  66.6 A, potential     3.30
 33803 / 100001 elapsed  2 system 0.80 temp 101.4 hbonds, Rg  66.5 A, potential    13.26
 33703 / 100001 elapsed  1 system 0.80 temp 107.2 hbonds, Rg  66.6 A, potential   -10.26
 33703 / 100001 elapsed  3 system 0.80 temp 102.7 hbonds, Rg  66.6 A, potential    24.25
 34003 / 100001 elapsed  0 system 0.80 temp 103.7 hbonds, Rg  66.6 A, potential   -22.20
 33903 / 100001 elapsed  2 system 0.80 temp 103.9 hbonds, Rg  66.6 A, potential    14.05
 33803 / 100001 elapsed  1 system 0.80 temp  96.1 hbonds, Rg  66.5 A, potential    31.86
 33803 / 100001 elapsed  3 system 0.80 temp 103.2 hbonds, Rg  66.5 A, potential    23.44
 34103 / 100001 elapsed  0 system 0.80 temp 101.4 hbonds, Rg  66.6 A, potential    28.44
 34003 / 100001 elapsed  2 system 0.80 temp 103.7 hbonds, Rg  66.7 A, potential   -13.47
 33903 / 100001 elapsed  1 system 0.80 temp  99.4 hbonds, Rg  66.6 A, potential     6.26
 33903 / 100001 elapsed  3 system 0.80 temp 103.9 hbonds, Rg  66.5 A, potential    29.75
 34203 / 100001 elapsed  0 system 0.80 temp 103.2 hbonds, Rg  66.6 A, potential   -14.18
 34103 / 100001 elapsed  2 system 0.80 temp 103.0 hbonds, Rg  66.5 A, potential     8.16
 34003 / 100001 elapsed  1 system 0.80 temp 103.7 hbonds, Rg  66.6 A, potential   -16.50
 34003 / 100001 elapsed  3 system 0.80 temp 100.3 hbonds, Rg  66.5 A, potential     7.17
 34303 / 100001 elapsed  0 system 0.80 temp 104.8 hbonds, Rg  66.4 A, potential    17.85
 34203 / 100001 elapsed  2 system 0.80 temp 103.9 hbonds, Rg  66.4 A, potential    41.58
 34103 / 100001 elapsed  1 system 0.80 temp 104.7 hbonds, Rg  66.4 A, potential    28.41
 34103 / 100001 elapsed  3 system 0.80 temp 105.7 hbonds, Rg  66.6 A, potential    23.41
 34403 / 100001 elapsed  0 system 0.80 temp 101.8 hbonds, Rg  66.6 A, potential    40.66
 34303 / 100001 elapsed  2 system 0.80 temp 100.8 hbonds, Rg  66.4 A, potential    30.29
 34203 / 100001 elapsed  1 system 0.80 temp 100.2 hbonds, Rg  66.5 A, potential    -4.62
 34203 / 100001 elapsed  3 system 0.80 temp 102.8 hbonds, Rg  66.5 A, potential    32.68
 34503 / 100001 elapsed  0 system 0.80 temp 102.5 hbonds, Rg  66.5 A, potential    25.52
 34403 / 100001 elapsed  2 system 0.80 temp 103.9 hbonds, Rg  66.5 A, potential   -36.39
 34303 / 100001 elapsed  1 system 0.80 temp 101.6 hbonds, Rg  66.4 A, potential    49.93
 34303 / 100001 elapsed  3 system 0.80 temp 104.1 hbonds, Rg  66.4 A, potential     7.81
 34603 / 100001 elapsed  0 system 0.80 temp  99.5 hbonds, Rg  66.5 A, potential    12.80
 34503 / 100001 elapsed  2 system 0.80 temp 103.4 hbonds, Rg  66.6 A, potential    19.46
 34403 / 100001 elapsed  1 system 0.80 temp 105.5 hbonds, Rg  66.4 A, potential   -31.24
 34403 / 100001 elapsed  3 system 0.80 temp 101.7 hbonds, Rg  66.6 A, potential    53.07
 34703 / 100001 elapsed  0 system 0.80 temp 102.8 hbonds, Rg  66.4 A, potential   -17.56
 34603 / 100001 elapsed  2 system 0.80 temp 100.3 hbonds, Rg  66.6 A, potential    20.02
 34503 / 100001 elapsed  1 system 0.80 temp  99.6 hbonds, Rg  66.6 A, potential    45.20
 34503 / 100001 elapsed  3 system 0.80 temp 100.9 hbonds, Rg  66.4 A, potential    63.21
 34803 / 100001 elapsed  0 system 0.80 temp 102.4 hbonds, Rg  66.6 A, potential    13.71
 34703 / 100001 elapsed  2 system 0.80 temp 103.4 hbonds, Rg  66.5 A, potential    13.71
 34603 / 100001 elapsed  1 system 0.80 temp  99.5 hbonds, Rg  66.3 A, potential    51.27
 34603 / 100001 elapsed  3 system 0.80 temp  98.7 hbonds, Rg  66.6 A, potential     3.39
 34903 / 100001 elapsed  0 system 0.80 temp 102.4 hbonds, Rg  66.5 A, potential    18.17
 34803 / 100001 elapsed  2 system 0.80 temp 105.8 hbonds, Rg  66.6 A, potential    18.39
 34703 / 100001 elapsed  1 system 0.80 temp 100.7 hbonds, Rg  66.5 A, potential    38.32
 34703 / 100001 elapsed  3 system 0.80 temp 104.5 hbonds, Rg  66.4 A, potential    20.97
 35003 / 100001 elapsed  0 system 0.80 temp 100.7 hbonds, Rg  66.6 A, potential     3.37
 34903 / 100001 elapsed  2 system 0.80 temp 100.6 hbonds, Rg  66.7 A, potential    30.67
 34803 / 100001 elapsed  1 system 0.80 temp 103.3 hbonds, Rg  66.6 A, potential    17.00
 34803 / 100001 elapsed  3 system 0.80 temp 104.6 hbonds, Rg  66.4 A, potential    29.93
 35103 / 100001 elapsed  0 system 0.80 temp 101.9 hbonds, Rg  66.5 A, potential     3.61
 35003 / 100001 elapsed  2 system 0.80 temp 101.1 hbonds, Rg  66.7 A, potential     6.50
 34903 / 100001 elapsed  1 system 0.80 temp 106.7 hbonds, Rg  66.6 A, potential    -6.05
 34903 / 100001 elapsed  3 system 0.80 temp 107.1 hbonds, Rg  66.7 A, potential    46.27
 35203 / 100001 elapsed  0 system 0.80 temp 104.4 hbonds, Rg  66.7 A, potential    44.96
 35103 / 100001 elapsed  2 system 0.80 temp 102.7 hbonds, Rg  66.6 A, potential    22.16
 35003 / 100001 elapsed  1 system 0.80 temp 102.3 hbonds, Rg  66.6 A, potential   -25.09
 35003 / 100001 elapsed  3 system 0.80 temp 103.1 hbonds, Rg  66.6 A, potential    28.98
 35303 / 100001 elapsed  0 system 0.80 temp 101.6 hbonds, Rg  66.6 A, potential    28.10
 35203 / 100001 elapsed  2 system 0.80 temp 102.8 hbonds, Rg  66.4 A, potential   -11.81
 35103 / 100001 elapsed  1 system 0.80 temp  99.7 hbonds, Rg  66.5 A, potential    38.44
 35103 / 100001 elapsed  3 system 0.80 temp 106.5 hbonds, Rg  66.5 A, potential    25.07
 35403 / 100001 elapsed  0 system 0.80 temp 102.5 hbonds, Rg  66.6 A, potential    54.53
 35303 / 100001 elapsed  2 system 0.80 temp  97.9 hbonds, Rg  66.5 A, potential    48.77
 35203 / 100001 elapsed  1 system 0.80 temp 104.5 hbonds, Rg  66.5 A, potential    -1.44
 35203 / 100001 elapsed  3 system 0.80 temp  99.3 hbonds, Rg  66.5 A, potential    73.84
 35503 / 100001 elapsed  0 system 0.80 temp 104.9 hbonds, Rg  66.6 A, potential    35.61
 35403 / 100001 elapsed  2 system 0.80 temp  98.5 hbonds, Rg  66.8 A, potential    54.82
 35303 / 100001 elapsed  1 system 0.80 temp 104.7 hbonds, Rg  66.5 A, potential    22.91
 35303 / 100001 elapsed  3 system 0.80 temp 106.2 hbonds, Rg  66.7 A, potential    26.78
 35603 / 100001 elapsed  0 system 0.80 temp 104.2 hbonds, Rg  66.5 A, potential    53.17
 35503 / 100001 elapsed  2 system 0.80 temp 104.9 hbonds, Rg  66.6 A, potential   -11.71
 35403 / 100001 elapsed  1 system 0.80 temp  99.7 hbonds, Rg  66.6 A, potential   -19.18
 35403 / 100001 elapsed  3 system 0.80 temp 103.2 hbonds, Rg  66.7 A, potential    32.66
 35703 / 100001 elapsed  0 system 0.80 temp 103.6 hbonds, Rg  66.7 A, potential    30.81
 35603 / 100001 elapsed  2 system 0.80 temp 103.1 hbonds, Rg  66.4 A, potential    27.65
 35503 / 100001 elapsed  1 system 0.80 temp 100.8 hbonds, Rg  66.5 A, potential    20.84
 35503 / 100001 elapsed  3 system 0.80 temp  96.2 hbonds, Rg  66.5 A, potential    41.20
 35803 / 100001 elapsed  0 system 0.80 temp 103.6 hbonds, Rg  66.5 A, potential    24.86
 35703 / 100001 elapsed  2 system 0.80 temp 103.8 hbonds, Rg  66.7 A, potential     9.20
 35603 / 100001 elapsed  1 system 0.80 temp 102.5 hbonds, Rg  66.7 A, potential    -9.34
 35603 / 100001 elapsed  3 system 0.80 temp 105.3 hbonds, Rg  66.6 A, potential   -18.08
 35903 / 100001 elapsed  0 system 0.80 temp  95.6 hbonds, Rg  66.6 A, potential     5.45
 35803 / 100001 elapsed  2 system 0.80 temp  95.9 hbonds, Rg  66.6 A, potential    51.22
 35703 / 100001 elapsed  1 system 0.80 temp 105.6 hbonds, Rg  66.8 A, potential   -13.16
 35703 / 100001 elapsed  3 system 0.80 temp 102.0 hbonds, Rg  66.6 A, potential    47.53
 36003 / 100001 elapsed  0 system 0.80 temp 104.6 hbonds, Rg  66.6 A, potential    -0.60
 35903 / 100001 elapsed  2 system 0.80 temp 103.4 hbonds, Rg  66.5 A, potential     1.89
 35803 / 100001 elapsed  1 system 0.80 temp 102.0 hbonds, Rg  66.6 A, potential    -1.05
 35803 / 100001 elapsed  3 system 0.80 temp 105.4 hbonds, Rg  66.6 A, potential    20.60
 36103 / 100001 elapsed  0 system 0.80 temp 101.8 hbonds, Rg  66.3 A, potential    43.21
 36003 / 100001 elapsed  2 system 0.80 temp 104.9 hbonds, Rg  66.6 A, potential     6.79
 35903 / 100001 elapsed  1 system 0.80 temp 105.3 hbonds, Rg  66.5 A, potential    -3.24
 35903 / 100001 elapsed  3 system 0.80 temp 103.9 hbonds, Rg  66.7 A, potential    17.05
 36203 / 100001 elapsed  0 system 0.80 temp 103.5 hbonds, Rg  66.7 A, potential   -15.27
 36103 / 100001 elapsed  2 system 0.80 temp 101.4 hbonds, Rg  66.6 A, potential    62.59
 36003 / 100001 elapsed  1 system 0.80 temp 105.8 hbonds, Rg  66.6 A, potential    24.06
 36003 / 100001 elapsed  3 system 0.80 temp 102.8 hbonds, Rg  66.6 A, potential    19.83
 36303 / 100001 elapsed  0 system 0.80 temp 105.5 hbonds, Rg  66.5 A, potential     4.75
 36203 / 100001 elapsed  2 system 0.80 temp 106.0 hbonds, Rg  66.7 A, potential    -3.45
 36103 / 100001 elapsed  1 system 0.80 temp 101.8 hbonds, Rg  66.6 A, potential     9.70
 36103 / 100001 elapsed  3 system 0.80 temp  95.5 hbonds, Rg  66.5 A, potential    12.17
 36403 / 100001 elapsed  0 system 0.80 temp 104.1 hbonds, Rg  66.7 A, potential    51.34
 36303 / 100001 elapsed  2 system 0.80 temp 102.9 hbonds, Rg  66.5 A, potential     4.04
 36203 / 100001 elapsed  1 system 0.80 temp  99.8 hbonds, Rg  66.5 A, potential    10.40
 36203 / 100001 elapsed  3 system 0.80 temp  98.5 hbonds, Rg  66.5 A, potential   -10.36
 36503 / 100001 elapsed  0 system 0.80 temp 103.0 hbonds, Rg  66.4 A, potential    23.04
 36403 / 100001 elapsed  2 system 0.80 temp 102.4 hbonds, Rg  66.6 A, potential     9.20
 36303 / 100001 elapsed  1 system 0.80 temp 107.6 hbonds, Rg  66.5 A, potential    12.76
 36303 / 100001 elapsed  3 system 0.80 temp 104.1 hbonds, Rg  66.5 A, potential   -17.23
 36603 / 100001 elapsed  0 system 0.80 temp 106.7 hbonds, Rg  66.6 A, potential     2.61
 36503 / 100001 elapsed  2 system 0.80 temp  99.9 hbonds, Rg  66.6 A, potential    20.22
 36403 / 100001 elapsed  1 system 0.80 temp 104.0 hbonds, Rg  66.6 A, potential    41.13
 36403 / 100001 elapsed  3 system 0.80 temp 102.0 hbonds, Rg  66.5 A, potential    38.69
 36703 / 100001 elapsed  0 system 0.80 temp 102.1 hbonds, Rg  66.6 A, potential    44.16
 36603 / 100001 elapsed  2 system 0.80 temp 103.7 hbonds, Rg  66.6 A, potential    -5.66
 36503 / 100001 elapsed  1 system 0.80 temp 100.3 hbonds, Rg  66.7 A, potential    17.54
 36503 / 100001 elapsed  3 system 0.80 temp 101.3 hbonds, Rg  66.3 A, potential    19.86
 36803 / 100001 elapsed  0 system 0.80 temp 103.2 hbonds, Rg  66.6 A, potential    63.39
 36703 / 100001 elapsed  2 system 0.80 temp 101.9 hbonds, Rg  66.5 A, potential    14.48
 36603 / 100001 elapsed  1 system 0.80 temp  98.9 hbonds, Rg  66.5 A, potential    37.73
 36603 / 100001 elapsed  3 system 0.80 temp 108.1 hbonds, Rg  66.5 A, potential    13.23
 36903 / 100001 elapsed  0 system 0.80 temp 106.3 hbonds, Rg  66.6 A, potential    15.97
 36803 / 100001 elapsed  2 system 0.80 temp  99.4 hbonds, Rg  66.7 A, potential    29.17
 36703 / 100001 elapsed  1 system 0.80 temp 102.1 hbonds, Rg  66.7 A, potential    69.03
 36703 / 100001 elapsed  3 system 0.80 temp 103.9 hbonds, Rg  66.6 A, potential    21.40
 37003 / 100001 elapsed  0 system 0.80 temp 104.6 hbonds, Rg  66.6 A, potential    -1.09
 36903 / 100001 elapsed  2 system 0.80 temp 101.2 hbonds, Rg  66.6 A, potential     8.54
 36803 / 100001 elapsed  3 system 0.80 temp 106.9 hbonds, Rg  66.7 A, potential    -3.48
 36803 / 100001 elapsed  1 system 0.80 temp 103.5 hbonds, Rg  66.6 A, potential    21.22
 37103 / 100001 elapsed  0 system 0.80 temp 105.3 hbonds, Rg  66.6 A, potential    -0.55
 37003 / 100001 elapsed  2 system 0.80 temp 106.9 hbonds, Rg  66.5 A, potential    -6.99
 36903 / 100001 elapsed  3 system 0.80 temp 100.9 hbonds, Rg  66.5 A, potential    -9.77
 36903 / 100001 elapsed  1 system 0.80 temp 100.9 hbonds, Rg  66.6 A, potential    42.16
 37203 / 100001 elapsed  0 system 0.80 temp 103.4 hbonds, Rg  66.6 A, potential    58.64
 37103 / 100001 elapsed  2 system 0.80 temp 105.3 hbonds, Rg  66.6 A, potential    14.52
 37003 / 100001 elapsed  3 system 0.80 temp 101.7 hbonds, Rg  66.7 A, potential    -9.62
 37303 / 100001 elapsed  0 system 0.80 temp  98.7 hbonds, Rg  66.5 A, potential    23.40
 37003 / 100001 elapsed  1 system 0.80 temp 104.0 hbonds, Rg  66.5 A, potential   -12.38
 37203 / 100001 elapsed  2 system 0.80 temp 109.9 hbonds, Rg  66.4 A, potential    17.26
 37103 / 100001 elapsed  3 system 0.80 temp 102.8 hbonds, Rg  66.7 A, potential    47.78
 37403 / 100001 elapsed  0 system 0.80 temp 102.8 hbonds, Rg  66.6 A, potential    45.59
 37103 / 100001 elapsed  1 system 0.80 temp 105.9 hbonds, Rg  66.5 A, potential   -26.00
 37303 / 100001 elapsed  2 system 0.80 temp 102.3 hbonds, Rg  66.4 A, potential    16.47
 37203 / 100001 elapsed  3 system 0.80 temp  99.1 hbonds, Rg  66.5 A, potential    51.14
 37503 / 100001 elapsed  0 system 0.80 temp 105.5 hbonds, Rg  66.4 A, potential    16.95
 37203 / 100001 elapsed  1 system 0.80 temp 101.4 hbonds, Rg  66.5 A, potential    23.51
 37403 / 100001 elapsed  2 system 0.80 temp 103.3 hbonds, Rg  66.5 A, potential    -7.11
 37303 / 100001 elapsed  3 system 0.80 temp 102.2 hbonds, Rg  66.7 A, potential    -1.32
 37603 / 100001 elapsed  0 system 0.80 temp 102.7 hbonds, Rg  66.6 A, potential    40.95
 37303 / 100001 elapsed  1 system 0.80 temp 103.0 hbonds, Rg  66.6 A, potential     8.34
 37503 / 100001 elapsed  2 system 0.80 temp  98.8 hbonds, Rg  66.4 A, potential    -9.37
 37403 / 100001 elapsed  3 system 0.80 temp  97.3 hbonds, Rg  66.4 A, potential    -8.21
 37703 / 100001 elapsed  0 system 0.80 temp 100.2 hbonds, Rg  66.7 A, potential     9.18
 37403 / 100001 elapsed  1 system 0.80 temp 102.3 hbonds, Rg  66.5 A, potential    17.65
 37603 / 100001 elapsed  2 system 0.80 temp 107.9 hbonds, Rg  66.6 A, potential   -27.55
 37503 / 100001 elapsed  3 system 0.80 temp 104.8 hbonds, Rg  66.7 A, potential    27.80
 37803 / 100001 elapsed  0 system 0.80 temp 100.8 hbonds, Rg  66.5 A, potential    47.07
 37503 / 100001 elapsed  1 system 0.80 temp 101.4 hbonds, Rg  66.7 A, potential     7.23
 37703 / 100001 elapsed  2 system 0.80 temp 105.2 hbonds, Rg  66.6 A, potential    24.44
 37603 / 100001 elapsed  3 system 0.80 temp 104.4 hbonds, Rg  66.6 A, potential    27.03
 37903 / 100001 elapsed  0 system 0.80 temp  98.8 hbonds, Rg  66.6 A, potential    25.40
 37603 / 100001 elapsed  1 system 0.80 temp 103.2 hbonds, Rg  66.4 A, potential    17.67
 37803 / 100001 elapsed  2 system 0.80 temp 105.3 hbonds, Rg  66.6 A, potential     7.48
 37703 / 100001 elapsed  3 system 0.80 temp 102.5 hbonds, Rg  66.4 A, potential    -3.15
 38003 / 100001 elapsed  0 system 0.80 temp 100.7 hbonds, Rg  66.6 A, potential    -8.40
 37703 / 100001 elapsed  1 system 0.80 temp 108.0 hbonds, Rg  66.5 A, potential    35.18
 37903 / 100001 elapsed  2 system 0.80 temp  98.4 hbonds, Rg  66.5 A, potential    58.10
 37803 / 100001 elapsed  3 system 0.80 temp 101.1 hbonds, Rg  66.5 A, potential    10.28
 38103 / 100001 elapsed  0 system 0.80 temp  95.8 hbonds, Rg  66.6 A, potential    58.35
 37803 / 100001 elapsed  1 system 0.80 temp 105.7 hbonds, Rg  66.5 A, potential    30.78
 38003 / 100001 elapsed  2 system 0.80 temp 104.8 hbonds, Rg  66.5 A, potential   -30.00
 37903 / 100001 elapsed  3 system 0.80 temp 100.5 hbonds, Rg  66.6 A, potential    20.32
 38203 / 100001 elapsed  0 system 0.80 temp 104.3 hbonds, Rg  66.6 A, potential    13.60
 37903 / 100001 elapsed  1 system 0.80 temp  99.6 hbonds, Rg  66.4 A, potential     5.90
 38103 / 100001 elapsed  2 system 0.80 temp  98.5 hbonds, Rg  66.6 A, potential    33.05
 38003 / 100001 elapsed  3 system 0.80 temp  97.0 hbonds, Rg  66.6 A, potential    -2.52
 38303 / 100001 elapsed  0 system 0.80 temp  98.6 hbonds, Rg  66.4 A, potential    13.10
 38003 / 100001 elapsed  1 system 0.80 temp 103.8 hbonds, Rg  66.4 A, potential    22.83
 38203 / 100001 elapsed  2 system 0.80 temp 103.1 hbonds, Rg  66.6 A, potential    14.57
 38403 / 100001 elapsed  0 system 0.80 temp 102.9 hbonds, Rg  66.4 A, potential    21.85
 38103 / 100001 elapsed  3 system 0.80 temp 101.2 hbonds, Rg  66.6 A, potential    -0.20
 38103 / 100001 elapsed  1 system 0.80 temp 104.6 hbonds, Rg  66.6 A, potential    30.20
 38303 / 100001 elapsed  2 system 0.80 temp  98.5 hbonds, Rg  66.5 A, potential    10.09
 38503 / 100001 elapsed  0 system 0.80 temp 107.4 hbonds, Rg  66.6 A, potential   -25.99
 38203 / 100001 elapsed  3 system 0.80 temp 102.3 hbonds, Rg  66.5 A, potential    25.90
 38203 / 100001 elapsed  1 system 0.80 temp 100.1 hbonds, Rg  66.6 A, potential    81.15
 38403 / 100001 elapsed  2 system 0.80 temp 100.7 hbonds, Rg  66.5 A, potential    54.79
 38603 / 100001 elapsed  0 system 0.80 temp 102.5 hbonds, Rg  66.7 A, potential    -0.60
 38303 / 100001 elapsed  3 system 0.80 temp 102.7 hbonds, Rg  66.6 A, potential    44.16
 38303 / 100001 elapsed  1 system 0.80 temp  97.4 hbonds, Rg  66.6 A, potential    14.98
 38503 / 100001 elapsed  2 system 0.80 temp 102.5 hbonds, Rg  66.6 A, potential    27.88
 38703 / 100001 elapsed  0 system 0.80 temp 106.2 hbonds, Rg  66.5 A, potential    20.13
 38403 / 100001 elapsed  3 system 0.80 temp 101.3 hbonds, Rg  66.6 A, potential    39.09
 38403 / 100001 elapsed  1 system 0.80 temp 104.7 hbonds, Rg  66.6 A, potential    -5.28
 38603 / 100001 elapsed  2 system 0.80 temp 101.4 hbonds, Rg  66.5 A, potential   -16.45
 38503 / 100001 elapsed  3 system 0.80 temp 106.7 hbonds, Rg  66.6 A, potential    16.87
 38803 / 100001 elapsed  0 system 0.80 temp 103.0 hbonds, Rg  66.4 A, potential    23.09
 38503 / 100001 elapsed  1 system 0.80 temp  99.2 hbonds, Rg  66.5 A, potential    20.33
 38703 / 100001 elapsed  2 system 0.80 temp 104.7 hbonds, Rg  66.5 A, potential   -22.95
 38603 / 100001 elapsed  3 system 0.80 temp  99.0 hbonds, Rg  66.6 A, potential    35.36
 38903 / 100001 elapsed  0 system 0.80 temp 105.3 hbonds, Rg  66.5 A, potential    16.04
 38603 / 100001 elapsed  1 system 0.80 temp 102.0 hbonds, Rg  66.6 A, potential    13.90
 38803 / 100001 elapsed  2 system 0.80 temp 101.6 hbonds, Rg  66.6 A, potential    30.14
 38703 / 100001 elapsed  3 system 0.80 temp 105.7 hbonds, Rg  66.7 A, potential    29.75
 39003 / 100001 elapsed  0 system 0.80 temp 106.5 hbonds, Rg  66.5 A, potential   -10.11
 38703 / 100001 elapsed  1 system 0.80 temp 104.6 hbonds, Rg  66.7 A, potential    14.11
 38903 / 100001 elapsed  2 system 0.80 temp 101.4 hbonds, Rg  66.4 A, potential    10.46
 38803 / 100001 elapsed  3 system 0.80 temp 103.2 hbonds, Rg  66.5 A, potential    46.69
 39103 / 100001 elapsed  0 system 0.80 temp 101.1 hbonds, Rg  66.6 A, potential     9.16
 38803 / 100001 elapsed  1 system 0.80 temp 103.9 hbonds, Rg  66.7 A, potential    17.03
 39003 / 100001 elapsed  2 system 0.80 temp  96.7 hbonds, Rg  66.4 A, potential    39.09
 38903 / 100001 elapsed  3 system 0.80 temp  99.4 hbonds, Rg  66.6 A, potential    13.00
 39203 / 100001 elapsed  0 system 0.80 temp 103.5 hbonds, Rg  66.6 A, potential    52.89
 38903 / 100001 elapsed  1 system 0.80 temp 105.9 hbonds, Rg  66.5 A, potential    31.40
 39103 / 100001 elapsed  2 system 0.80 temp  99.3 hbonds, Rg  66.6 A, potential    16.04
 39003 / 100001 elapsed  3 system 0.80 temp 100.8 hbonds, Rg  66.3 A, potential    33.84
 39303 / 100001 elapsed  0 system 0.80 temp 102.3 hbonds, Rg  66.6 A, potential    31.46
 39003 / 100001 elapsed  1 system 0.80 temp 104.4 hbonds, Rg  66.4 A, potential    11.24
 39203 / 100001 elapsed  2 system 0.80 temp 102.4 hbonds, Rg  66.7 A, potential    30.07
 39103 / 100001 elapsed  3 system 0.80 temp 102.3 hbonds, Rg  66.7 A, potential    39.15
 39403 / 100001 elapsed  0 system 0.80 temp 105.5 hbonds, Rg  66.5 A, potential    21.49
 39103 / 100001 elapsed  1 system 0.80 temp 104.2 hbonds, Rg  66.7 A, potential    22.27
 39303 / 100001 elapsed  2 system 0.80 temp 107.4 hbonds, Rg  66.6 A, potential   -37.82
 39203 / 100001 elapsed  3 system 0.80 temp 107.5 hbonds, Rg  66.6 A, potential    12.35
 39503 / 100001 elapsed  0 system 0.80 temp 103.4 hbonds, Rg  66.5 A, potential    -4.93
 39203 / 100001 elapsed  1 system 0.80 temp 103.0 hbonds, Rg  66.6 A, potential   -17.41
 39403 / 100001 elapsed  2 system 0.80 temp 104.2 hbonds, Rg  66.6 A, potential    -1.50
 39303 / 100001 elapsed  3 system 0.80 temp 105.5 hbonds, Rg  66.5 A, potential   -11.49
 39603 / 100001 elapsed  0 system 0.80 temp 102.6 hbonds, Rg  66.4 A, potential    14.15
 39303 / 100001 elapsed  1 system 0.80 temp 102.7 hbonds, Rg  66.5 A, potential     5.35
 39503 / 100001 elapsed  2 system 0.80 temp 100.6 hbonds, Rg  66.4 A, potential     4.92
 39403 / 100001 elapsed  3 system 0.80 temp 100.9 hbonds, Rg  66.7 A, potential    43.21
 39703 / 100001 elapsed  0 system 0.80 temp 106.7 hbonds, Rg  66.5 A, potential    40.26
 39403 / 100001 elapsed  1 system 0.80 temp 101.7 hbonds, Rg  66.6 A, potential    25.46
 39603 / 100001 elapsed  2 system 0.80 temp 100.7 hbonds, Rg  66.5 A, potential    51.88
 39503 / 100001 elapsed  3 system 0.80 temp 104.0 hbonds, Rg  66.5 A, potential    14.64
 39803 / 100001 elapsed  0 system 0.80 temp 101.2 hbonds, Rg  66.6 A, potential     1.00
 39503 / 100001 elapsed  1 system 0.80 temp 103.2 hbonds, Rg  66.5 A, potential    35.27
 39703 / 100001 elapsed  2 system 0.80 temp 104.0 hbonds, Rg  66.4 A, potential    38.40
 39603 / 100001 elapsed  3 system 0.80 temp 101.6 hbonds, Rg  66.6 A, potential    16.80
 39903 / 100001 elapsed  0 system 0.80 temp 101.3 hbonds, Rg  66.5 A, potential   -31.22
 39603 / 100001 elapsed  1 system 0.80 temp 105.2 hbonds, Rg  66.4 A, potential    -7.09
 39803 / 100001 elapsed  2 system 0.80 temp 105.5 hbonds, Rg  66.6 A, potential   -23.90
 39703 / 100001 elapsed  3 system 0.80 temp 103.4 hbonds, Rg  66.5 A, potential    -4.85
 40003 / 100001 elapsed  0 system 0.80 temp 100.5 hbonds, Rg  66.6 A, potential    50.29
 39703 / 100001 elapsed  1 system 0.80 temp  99.7 hbonds, Rg  66.5 A, potential    27.11
 39903 / 100001 elapsed  2 system 0.80 temp 100.6 hbonds, Rg  66.7 A, potential    31.48
 39803 / 100001 elapsed  3 system 0.80 temp  98.8 hbonds, Rg  66.5 A, potential   -15.95
 40103 / 100001 elapsed  0 system 0.80 temp  97.8 hbonds, Rg  66.5 A, potential    15.08
 39803 / 100001 elapsed  1 system 0.80 temp 103.0 hbonds, Rg  66.6 A, potential    16.85
 40003 / 100001 elapsed  2 system 0.80 temp 104.9 hbonds, Rg  66.5 A, potential    16.21
 40203 / 100001 elapsed  0 system 0.80 temp 105.0 hbonds, Rg  66.7 A, potential    -2.48
 39903 / 100001 elapsed  3 system 0.80 temp 103.7 hbonds, Rg  66.6 A, potential     9.06
 39903 / 100001 elapsed  1 system 0.80 temp 101.3 hbonds, Rg  66.6 A, potential     7.41
 40103 / 100001 elapsed  2 system 0.80 temp 100.5 hbonds, Rg  66.7 A, potential     7.55
 40303 / 100001 elapsed  0 system 0.80 temp 104.5 hbonds, Rg  66.4 A, potential    17.29
 40003 / 100001 elapsed  3 system 0.80 temp 104.7 hbonds, Rg  66.5 A, potential    30.72
 40003 / 100001 elapsed  1 system 0.80 temp 103.4 hbonds, Rg  66.6 A, potential    11.18
 40203 / 100001 elapsed  2 system 0.80 temp  99.1 hbonds, Rg  66.5 A, potential     1.36
 40103 / 100001 elapsed  3 system 0.80 temp 104.0 hbonds, Rg  66.5 A, potential     1.92
 40403 / 100001 elapsed  0 system 0.80 temp 106.4 hbonds, Rg  66.6 A, potential     4.10
 40103 / 100001 elapsed  1 system 0.80 temp 107.5 hbonds, Rg  66.5 A, potential     0.33
 40303 / 100001 elapsed  2 system 0.80 temp 105.7 hbonds, Rg  66.5 A, potential    15.87
 40203 / 100001 elapsed  3 system 0.80 temp 105.1 hbonds, Rg  66.7 A, potential    14.87
 40503 / 100001 elapsed  0 system 0.80 temp 103.8 hbonds, Rg  66.8 A, potential    32.55
 40203 / 100001 elapsed  1 system 0.80 temp 104.3 hbonds, Rg  66.5 A, potential    55.77
 40403 / 100001 elapsed  2 system 0.80 temp 100.3 hbonds, Rg  66.6 A, potential    68.43
 40303 / 100001 elapsed  3 system 0.80 temp 102.2 hbonds, Rg  66.7 A, potential    35.81
 40603 / 100001 elapsed  0 system 0.80 temp 102.2 hbonds, Rg  66.6 A, potential    37.20
 40303 / 100001 elapsed  1 system 0.80 temp 100.3 hbonds, Rg  66.7 A, potential     5.83
 40503 / 100001 elapsed  2 system 0.80 temp 104.0 hbonds, Rg  66.6 A, potential    -1.34
 40703 / 100001 elapsed  0 system 0.80 temp 101.2 hbonds, Rg  66.6 A, potential    34.80
 40403 / 100001 elapsed  3 system 0.80 temp 105.0 hbonds, Rg  66.6 A, potential     9.45
 40403 / 100001 elapsed  1 system 0.80 temp 101.2 hbonds, Rg  66.6 A, potential    18.99
 40603 / 100001 elapsed  2 system 0.80 temp  99.4 hbonds, Rg  66.5 A, potential    21.54
 40803 / 100001 elapsed  0 system 0.80 temp 100.4 hbonds, Rg  66.7 A, potential    32.78
 40503 / 100001 elapsed  3 system 0.80 temp 105.3 hbonds, Rg  66.7 A, potential    26.00
 40503 / 100001 elapsed  1 system 0.80 temp 102.8 hbonds, Rg  66.4 A, potential    31.82
 40703 / 100001 elapsed  2 system 0.80 temp 103.2 hbonds, Rg  66.6 A, potential    -6.59
 40903 / 100001 elapsed  0 system 0.80 temp 102.4 hbonds, Rg  66.8 A, potential    -2.11
 40603 / 100001 elapsed  3 system 0.80 temp 101.0 hbonds, Rg  66.5 A, potential    24.22
 40603 / 100001 elapsed  1 system 0.80 temp 102.4 hbonds, Rg  66.5 A, potential     5.49
 40803 / 100001 elapsed  2 system 0.80 temp 101.5 hbonds, Rg  66.5 A, potential    43.51
 41003 / 100001 elapsed  0 system 0.80 temp 102.5 hbonds, Rg  66.6 A, potential     9.80
 40703 / 100001 elapsed  3 system 0.80 temp  95.4 hbonds, Rg  66.4 A, potential    47.10
 40703 / 100001 elapsed  1 system 0.80 temp  99.3 hbonds, Rg  66.6 A, potential    -0.40
 40903 / 100001 elapsed  2 system 0.80 temp 102.7 hbonds, Rg  66.5 A, potential    24.11
 41103 / 100001 elapsed  0 system 0.80 temp 100.3 hbonds, Rg  66.7 A, potential    45.58
 40803 / 100001 elapsed  3 system 0.80 temp 104.8 hbonds, Rg  66.5 A, potential    17.48
 40803 / 100001 elapsed  1 system 0.80 temp 107.7 hbonds, Rg  66.6 A, potential    -1.96
 41003 / 100001 elapsed  2 system 0.80 temp 100.7 hbonds, Rg  66.7 A, potential    16.21
 41203 / 100001 elapsed  0 system 0.80 temp 104.4 hbonds, Rg  66.6 A, potential    -8.33
 40903 / 100001 elapsed  3 system 0.80 temp 101.6 hbonds, Rg  66.5 A, potential    18.77
 40903 / 100001 elapsed  1 system 0.80 temp 101.6 hbonds, Rg  66.6 A, potential     8.72
 41103 / 100001 elapsed  2 system 0.80 temp 102.6 hbonds, Rg  66.4 A, potential   -18.01
 41303 / 100001 elapsed  0 system 0.80 temp 100.3 hbonds, Rg  66.6 A, potential    38.74
 41003 / 100001 elapsed  3 system 0.80 temp 104.8 hbonds, Rg  66.6 A, potential    24.16
 41003 / 100001 elapsed  1 system 0.80 temp 101.6 hbonds, Rg  66.5 A, potential   -14.08
 41203 / 100001 elapsed  2 system 0.80 temp 105.5 hbonds, Rg  66.7 A, potential   -16.09
 41403 / 100001 elapsed  0 system 0.80 temp 101.4 hbonds, Rg  66.6 A, potential    -6.38
 41103 / 100001 elapsed  3 system 0.80 temp 104.0 hbonds, Rg  66.6 A, potential    38.96
 41103 / 100001 elapsed  1 system 0.80 temp 103.6 hbonds, Rg  66.5 A, potential     7.11
 41303 / 100001 elapsed  2 system 0.80 temp 106.6 hbonds, Rg  66.6 A, potential    13.03
 41503 / 100001 elapsed  0 system 0.80 temp 103.2 hbonds, Rg  66.4 A, potential    23.55
 41203 / 100001 elapsed  3 system 0.80 temp 104.0 hbonds, Rg  66.7 A, potential    12.49
 41203 / 100001 elapsed  1 system 0.80 temp 107.1 hbonds, Rg  66.7 A, potential    17.16
 41403 / 100001 elapsed  2 system 0.80 temp 103.4 hbonds, Rg  66.6 A, potential    -5.50
 41603 / 100001 elapsed  0 system 0.80 temp  99.8 hbonds, Rg  66.6 A, potential    44.00
 41303 / 100001 elapsed  3 system 0.80 temp 101.6 hbonds, Rg  66.6 A, potential    24.36
 41303 / 100001 elapsed  1 system 0.80 temp 100.7 hbonds, Rg  66.6 A, potential   -12.02
 41503 / 100001 elapsed  2 system 0.80 temp 104.4 hbonds, Rg  66.5 A, potential    -2.66
 41703 / 100001 elapsed  0 system 0.80 temp  97.7 hbonds, Rg  66.6 A, potential    51.14
 41403 / 100001 elapsed  3 system 0.80 temp 104.9 hbonds, Rg  66.5 A, potential    31.61
 41403 / 100001 elapsed  1 system 0.80 temp 102.2 hbonds, Rg  66.5 A, potential    12.12
 41603 / 100001 elapsed  2 system 0.80 temp 103.7 hbonds, Rg  66.6 A, potential    38.51
 41803 / 100001 elapsed  0 system 0.80 temp 106.8 hbonds, Rg  66.5 A, potential   -32.35
 41503 / 100001 elapsed  3 system 0.80 temp 101.4 hbonds, Rg  66.6 A, potential    28.39
 41503 / 100001 elapsed  1 system 0.80 temp 106.7 hbonds, Rg  66.6 A, potential   -15.35
 41703 / 100001 elapsed  2 system 0.80 temp  97.3 hbonds, Rg  66.6 A, potential    28.34
 41903 / 100001 elapsed  0 system 0.80 temp 103.4 hbonds, Rg  66.4 A, potential    27.22
 41603 / 100001 elapsed  3 system 0.80 temp 105.5 hbonds, Rg  66.4 A, potential    38.47
 41603 / 100001 elapsed  1 system 0.80 temp 102.3 hbonds, Rg  66.5 A, potential    47.51
 41803 / 100001 elapsed  2 system 0.80 temp 104.9 hbonds, Rg  66.5 A, potential    12.00
 42003 / 100001 elapsed  0 system 0.80 temp 105.2 hbonds, Rg  66.4 A, potential    29.44
 41703 / 100001 elapsed  3 system 0.80 temp 103.6 hbonds, Rg  66.6 A, potential    21.05
 41703 / 100001 elapsed  1 system 0.80 temp  99.2 hbonds, Rg  66.4 A, potential    41.30
 41903 / 100001 elapsed  2 system 0.80 temp 104.8 hbonds, Rg  66.5 A, potential    10.29
 42103 / 100001 elapsed  0 system 0.80 temp 101.3 hbonds, Rg  66.6 A, potential    15.53
 41803 / 100001 elapsed  3 system 0.80 temp 102.1 hbonds, Rg  66.6 A, potential    49.39
 41803 / 100001 elapsed  1 system 0.80 temp 101.7 hbonds, Rg  66.4 A, potential    -1.32
 42003 / 100001 elapsed  2 system 0.80 temp 102.9 hbonds, Rg  66.6 A, potential    -0.57
 42203 / 100001 elapsed  0 system 0.80 temp 101.5 hbonds, Rg  66.6 A, potential    31.46
 41903 / 100001 elapsed  3 system 0.80 temp 102.4 hbonds, Rg  66.5 A, potential    20.98
 41903 / 100001 elapsed  1 system 0.80 temp 104.5 hbonds, Rg  66.5 A, potential    45.83
 42103 / 100001 elapsed  2 system 0.80 temp 101.6 hbonds, Rg  66.6 A, potential    29.25
 42303 / 100001 elapsed  0 system 0.80 temp 102.1 hbonds, Rg  66.4 A, potential     6.41
 42003 / 100001 elapsed  3 system 0.80 temp 106.8 hbonds, Rg  66.6 A, potential   -24.91
 42003 / 100001 elapsed  1 system 0.80 temp 104.5 hbonds, Rg  66.6 A, potential    38.85
 42203 / 100001 elapsed  2 system 0.80 temp 102.6 hbonds, Rg  66.4 A, potential    26.47
 42403 / 100001 elapsed  0 system 0.80 temp 105.3 hbonds, Rg  66.6 A, potential    22.10
 42103 / 100001 elapsed  3 system 0.80 temp 105.0 hbonds, Rg  66.7 A, potential     8.78
 42103 / 100001 elapsed  1 system 0.80 temp 104.0 hbonds, Rg  66.6 A, potential     6.65
 42303 / 100001 elapsed  2 system 0.80 temp 104.1 hbonds, Rg  66.4 A, potential    16.66
 42503 / 100001 elapsed  0 system 0.80 temp 103.5 hbonds, Rg  66.7 A, potential    16.90
 42203 / 100001 elapsed  3 system 0.80 temp 107.2 hbonds, Rg  66.6 A, potential    -9.35
 42203 / 100001 elapsed  1 system 0.80 temp 105.2 hbonds, Rg  66.7 A, potential    36.17
 42403 / 100001 elapsed  2 system 0.80 temp 100.5 hbonds, Rg  66.6 A, potential    35.27
 42603 / 100001 elapsed  0 system 0.80 temp 104.0 hbonds, Rg  66.5 A, potential    60.25
 42303 / 100001 elapsed  3 system 0.80 temp 101.6 hbonds, Rg  66.3 A, potential    26.59
 42303 / 100001 elapsed  1 system 0.80 temp 103.8 hbonds, Rg  66.5 A, potential    31.14
 42503 / 100001 elapsed  2 system 0.80 temp 106.5 hbonds, Rg  66.5 A, potential    -8.03
 42703 / 100001 elapsed  0 system 0.80 temp 100.1 hbonds, Rg  66.6 A, potential    50.02
 42403 / 100001 elapsed  3 system 0.80 temp 104.5 hbonds, Rg  66.5 A, potential    16.56
 42403 / 100001 elapsed  1 system 0.80 temp  98.5 hbonds, Rg  66.4 A, potential    16.12
 42603 / 100001 elapsed  2 system 0.80 temp 103.9 hbonds, Rg  66.6 A, potential   -15.60
 42803 / 100001 elapsed  0 system 0.80 temp  99.6 hbonds, Rg  66.5 A, potential    54.96
 42503 / 100001 elapsed  1 system 0.80 temp 105.2 hbonds, Rg  66.6 A, potential    12.91
 42503 / 100001 elapsed  3 system 0.80 temp 100.6 hbonds, Rg  66.5 A, potential    12.15
 42703 / 100001 elapsed  2 system 0.80 temp 102.3 hbonds, Rg  66.5 A, potential    11.30
 42903 / 100001 elapsed  0 system 0.80 temp 105.5 hbonds, Rg  66.6 A, potential    43.41
 42603 / 100001 elapsed  1 system 0.80 temp 100.0 hbonds, Rg  66.5 A, potential    21.23
 42603 / 100001 elapsed  3 system 0.80 temp 102.7 hbonds, Rg  66.8 A, potential    30.90
 42803 / 100001 elapsed  2 system 0.80 temp 105.1 hbonds, Rg  66.5 A, potential     5.72
 43003 / 100001 elapsed  0 system 0.80 temp 100.6 hbonds, Rg  66.7 A, potential    -8.61
 42703 / 100001 elapsed  1 system 0.80 temp 100.4 hbonds, Rg  66.6 A, potential    38.49
 42703 / 100001 elapsed  3 system 0.80 temp 103.7 hbonds, Rg  66.5 A, potential     7.55
 42903 / 100001 elapsed  2 system 0.80 temp  99.4 hbonds, Rg  66.6 A, potential     9.95
 43103 / 100001 elapsed  0 system 0.80 temp  99.8 hbonds, Rg  66.6 A, potential    47.95
 42803 / 100001 elapsed  1 system 0.80 temp 102.9 hbonds, Rg  66.7 A, potential    70.52
 42803 / 100001 elapsed  3 system 0.80 temp 100.8 hbonds, Rg  66.7 A, potential     2.34
 43003 / 100001 elapsed  2 system 0.80 temp 100.9 hbonds, Rg  66.5 A, potential    28.51
 43203 / 100001 elapsed  0 system 0.80 temp 103.8 hbonds, Rg  66.6 A, potential    34.17
 42903 / 100001 elapsed  3 system 0.80 temp  98.6 hbonds, Rg  66.6 A, potential     9.98
 42903 / 100001 elapsed  1 system 0.80 temp 104.3 hbonds, Rg  66.6 A, potential     1.69
 43103 / 100001 elapsed  2 system 0.80 temp 104.7 hbonds, Rg  66.7 A, potential    27.40
 43303 / 100001 elapsed  0 system 0.80 temp 102.9 hbonds, Rg  66.6 A, potential     8.07
 43003 / 100001 elapsed  3 system 0.80 temp 102.0 hbonds, Rg  66.5 A, potential    64.99
 43003 / 100001 elapsed  1 system 0.80 temp 104.9 hbonds, Rg  66.7 A, potential    24.51
 43203 / 100001 elapsed  2 system 0.80 temp 106.4 hbonds, Rg  66.5 A, potential    13.15
 43403 / 100001 elapsed  0 system 0.80 temp 106.9 hbonds, Rg  66.6 A, potential   -16.63
 43103 / 100001 elapsed  3 system 0.80 temp 104.0 hbonds, Rg  66.5 A, potential   -29.57
 43103 / 100001 elapsed  1 system 0.80 temp 106.1 hbonds, Rg  66.5 A, potential    14.70
 43303 / 100001 elapsed  2 system 0.80 temp 108.5 hbonds, Rg  66.6 A, potential   -10.14
 43503 / 100001 elapsed  0 system 0.80 temp 100.8 hbonds, Rg  66.6 A, potential    25.77
 43203 / 100001 elapsed  3 system 0.80 temp  98.2 hbonds, Rg  66.5 A, potential    45.43
 43203 / 100001 elapsed  1 system 0.80 temp 104.4 hbonds, Rg  66.5 A, potential    33.29
 43403 / 100001 elapsed  2 system 0.80 temp 106.0 hbonds, Rg  66.7 A, potential    11.28
 43603 / 100001 elapsed  0 system 0.80 temp 105.1 hbonds, Rg  66.7 A, potential     1.77
 43303 / 100001 elapsed  3 system 0.80 temp  99.1 hbonds, Rg  66.6 A, potential    15.68
 43303 / 100001 elapsed  1 system 0.80 temp 105.9 hbonds, Rg  66.4 A, potential    -2.50
 43503 / 100001 elapsed  2 system 0.80 temp 101.0 hbonds, Rg  66.5 A, potential    36.02
 43703 / 100001 elapsed  0 system 0.80 temp 106.1 hbonds, Rg  66.6 A, potential    31.49
 43403 / 100001 elapsed  3 system 0.80 temp 106.7 hbonds, Rg  66.6 A, potential     9.07
 43403 / 100001 elapsed  1 system 0.80 temp 100.2 hbonds, Rg  66.4 A, potential   -14.80
 43603 / 100001 elapsed  2 system 0.80 temp 101.5 hbonds, Rg  66.5 A, potential    19.33
 43804 / 100001 elapsed  0 system 0.80 temp 105.4 hbonds, Rg  66.6 A, potential    -0.28
 43503 / 100001 elapsed  3 system 0.80 temp  98.2 hbonds, Rg  66.5 A, potential    -4.76
 43503 / 100001 elapsed  1 system 0.80 temp 102.5 hbonds, Rg  66.6 A, potential    39.63
 43703 / 100001 elapsed  2 system 0.80 temp 106.8 hbonds, Rg  66.7 A, potential    13.07
 43904 / 100001 elapsed  0 system 0.80 temp 101.0 hbonds, Rg  66.6 A, potential    13.47
 43603 / 100001 elapsed  3 system 0.80 temp 103.2 hbonds, Rg  66.4 A, potential    -1.77
 43603 / 100001 elapsed  1 system 0.80 temp 102.1 hbonds, Rg  66.5 A, potential    16.89
 43804 / 100001 elapsed  2 system 0.80 temp 100.3 hbonds, Rg  66.6 A, potential    46.01
 44004 / 100001 elapsed  0 system 0.80 temp 101.3 hbonds, Rg  66.6 A, potential    -1.25
 43703 / 100001 elapsed  3 system 0.80 temp 100.8 hbonds, Rg  66.6 A, potential    25.95
 43703 / 100001 elapsed  1 system 0.80 temp 104.2 hbonds, Rg  66.5 A, potential    28.69
 43904 / 100001 elapsed  2 system 0.80 temp 104.0 hbonds, Rg  66.6 A, potential    14.77
 44104 / 100001 elapsed  0 system 0.80 temp 105.6 hbonds, Rg  66.5 A, potential   -25.00
 43804 / 100001 elapsed  3 system 0.80 temp 102.5 hbonds, Rg  66.5 A, potential     1.16
 43804 / 100001 elapsed  1 system 0.80 temp 100.8 hbonds, Rg  66.5 A, potential    10.16
 44004 / 100001 elapsed  2 system 0.80 temp  97.0 hbonds, Rg  66.6 A, potential    36.32
 44204 / 100001 elapsed  0 system 0.80 temp 103.0 hbonds, Rg  66.5 A, potential   -21.14
 43904 / 100001 elapsed  3 system 0.80 temp 103.3 hbonds, Rg  66.5 A, potential     3.59
 43904 / 100001 elapsed  1 system 0.80 temp 103.1 hbonds, Rg  66.5 A, potential    -4.80
 44104 / 100001 elapsed  2 system 0.80 temp 107.2 hbonds, Rg  66.5 A, potential    82.89
 44304 / 100001 elapsed  0 system 0.80 temp 103.1 hbonds, Rg  66.6 A, potential    -5.16
 44004 / 100001 elapsed  3 system 0.80 temp 104.7 hbonds, Rg  66.6 A, potential    22.36
 44004 / 100001 elapsed  1 system 0.80 temp 101.8 hbonds, Rg  66.5 A, potential     0.38
 44204 / 100001 elapsed  2 system 0.80 temp 103.1 hbonds, Rg  66.5 A, potential    13.73
 44404 / 100001 elapsed  0 system 0.80 temp 104.1 hbonds, Rg  66.6 A, potential    12.08
 44104 / 100001 elapsed  3 system 0.80 temp 105.8 hbonds, Rg  66.5 A, potential    14.96
 44104 / 100001 elapsed  1 system 0.80 temp 102.8 hbonds, Rg  66.7 A, potential    30.97
 44304 / 100001 elapsed  2 system 0.80 temp 103.0 hbonds, Rg  66.6 A, potential     7.59
 44504 / 100001 elapsed  0 system 0.80 temp 102.0 hbonds, Rg  66.5 A, potential    -6.12
 44204 / 100001 elapsed  3 system 0.80 temp 102.3 hbonds, Rg  66.5 A, potential     6.42
 44204 / 100001 elapsed  1 system 0.80 temp 103.9 hbonds, Rg  66.4 A, potential    37.79
 44404 / 100001 elapsed  2 system 0.80 temp 103.8 hbonds, Rg  66.6 A, potential    21.72
 44604 / 100001 elapsed  0 system 0.80 temp 102.3 hbonds, Rg  66.6 A, potential    18.01
 44304 / 100001 elapsed  3 system 0.80 temp 101.8 hbonds, Rg  66.5 A, potential    10.89
 44304 / 100001 elapsed  1 system 0.80 temp 105.6 hbonds, Rg  66.4 A, potential     4.41
 44504 / 100001 elapsed  2 system 0.80 temp 105.8 hbonds, Rg  66.7 A, potential    32.72
 44704 / 100001 elapsed  0 system 0.80 temp 103.8 hbonds, Rg  66.6 A, potential     2.67
 44404 / 100001 elapsed  3 system 0.80 temp 103.8 hbonds, Rg  66.6 A, potential    18.56
 44404 / 100001 elapsed  1 system 0.80 temp 103.6 hbonds, Rg  66.6 A, potential    32.22
 44604 / 100001 elapsed  2 system 0.80 temp 103.2 hbonds, Rg  66.7 A, potential    19.84
 44804 / 100001 elapsed  0 system 0.80 temp 101.4 hbonds, Rg  66.7 A, potential     4.68
 44504 / 100001 elapsed  3 system 0.80 temp 103.7 hbonds, Rg  66.7 A, potential     9.03
 44504 / 100001 elapsed  1 system 0.80 temp 103.5 hbonds, Rg  66.6 A, potential     4.26
 44704 / 100001 elapsed  2 system 0.80 temp 106.4 hbonds, Rg  66.5 A, potential     7.88
 44904 / 100001 elapsed  0 system 0.80 temp 102.7 hbonds, Rg  66.6 A, potential    31.90
 44604 / 100001 elapsed  3 system 0.80 temp  99.8 hbonds, Rg  66.6 A, potential    19.02
 44604 / 100001 elapsed  1 system 0.80 temp 105.6 hbonds, Rg  66.5 A, potential    -4.90
 44804 / 100001 elapsed  2 system 0.80 temp 103.7 hbonds, Rg  66.6 A, potential    13.66
 45004 / 100001 elapsed  0 system 0.80 temp 101.6 hbonds, Rg  66.6 A, potential    41.10
 44704 / 100001 elapsed  3 system 0.80 temp 103.6 hbonds, Rg  66.5 A, potential    19.81
 44704 / 100001 elapsed  1 system 0.80 temp  98.1 hbonds, Rg  66.6 A, potential    19.46
 44904 / 100001 elapsed  2 system 0.80 temp 105.4 hbonds, Rg  66.5 A, potential    12.69
 45104 / 100001 elapsed  0 system 0.80 temp 102.4 hbonds, Rg  66.5 A, potential    34.80
 44804 / 100001 elapsed  3 system 0.80 temp 104.7 hbonds, Rg  66.5 A, potential    14.20
 44804 / 100001 elapsed  1 system 0.80 temp 102.4 hbonds, Rg  66.5 A, potential    28.82
 45004 / 100001 elapsed  2 system 0.80 temp  94.7 hbonds, Rg  66.4 A, potential    29.02
 45204 / 100001 elapsed  0 system 0.80 temp 103.2 hbonds, Rg  66.3 A, potential    14.33
 44904 / 100001 elapsed  3 system 0.80 temp 105.0 hbonds, Rg  66.6 A, potential     2.91
 44904 / 100001 elapsed  1 system 0.80 temp 103.4 hbonds, Rg  66.5 A, potential   -13.14
 45104 / 100001 elapsed  2 system 0.80 temp 102.1 hbonds, Rg  66.5 A, potential    -6.82
 45304 / 100001 elapsed  0 system 0.80 temp 100.2 hbonds, Rg  66.6 A, potential    62.66
 45004 / 100001 elapsed  3 system 0.80 temp 103.7 hbonds, Rg  66.7 A, potential    28.14
 45004 / 100001 elapsed  1 system 0.80 temp 100.9 hbonds, Rg  66.5 A, potential    44.55
 45204 / 100001 elapsed  2 system 0.80 temp 106.0 hbonds, Rg  66.7 A, potential     1.25
 45404 / 100001 elapsed  0 system 0.80 temp 103.5 hbonds, Rg  66.7 A, potential   -19.37
 45104 / 100001 elapsed  3 system 0.80 temp 101.9 hbonds, Rg  66.6 A, potential     0.63
 45104 / 100001 elapsed  1 system 0.80 temp  99.3 hbonds, Rg  66.4 A, potential    22.57
 45304 / 100001 elapsed  2 system 0.80 temp 104.6 hbonds, Rg  66.7 A, potential    33.30
 45504 / 100001 elapsed  0 system 0.80 temp 106.4 hbonds, Rg  66.5 A, potential   -19.49
 45204 / 100001 elapsed  3 system 0.80 temp  99.8 hbonds, Rg  66.6 A, potential     2.26
 45204 / 100001 elapsed  1 system 0.80 temp  99.8 hbonds, Rg  66.6 A, potential    70.09
 45404 / 100001 elapsed  2 system 0.80 temp 100.2 hbonds, Rg  66.6 A, potential    56.06
 45604 / 100001 elapsed  0 system 0.80 temp 103.4 hbonds, Rg  66.5 A, potential    25.57
 45304 / 100001 elapsed  3 system 0.80 temp 103.9 hbonds, Rg  66.7 A, potential   -14.78
 45304 / 100001 elapsed  1 system 0.80 temp 105.6 hbonds, Rg  66.4 A, potential     2.80
 45704 / 100001 elapsed  0 system 0.80 temp 101.8 hbonds, Rg  66.5 A, potential    28.73
 45504 / 100001 elapsed  2 system 0.80 temp 105.1 hbonds, Rg  66.6 A, potential    28.93
 45404 / 100001 elapsed  3 system 0.80 temp 102.5 hbonds, Rg  66.5 A, potential    39.91
 45404 / 100001 elapsed  1 system 0.80 temp  96.4 hbonds, Rg  66.5 A, potential    12.30
 45804 / 100001 elapsed  0 system 0.80 temp  98.4 hbonds, Rg  66.7 A, potential    21.31
 45604 / 100001 elapsed  2 system 0.80 temp 105.7 hbonds, Rg  66.5 A, potential     1.14
 45504 / 100001 elapsed  3 system 0.80 temp 100.8 hbonds, Rg  66.5 A, potential    27.31
 45504 / 100001 elapsed  1 system 0.80 temp  97.6 hbonds, Rg  66.6 A, potential    -0.87
 45904 / 100001 elapsed  0 system 0.80 temp 100.0 hbonds, Rg  66.6 A, potential   -13.56
 45704 / 100001 elapsed  2 system 0.80 temp 107.6 hbonds, Rg  66.6 A, potential     4.91
 45604 / 100001 elapsed  3 system 0.80 temp 107.1 hbonds, Rg  66.6 A, potential    17.51
 45604 / 100001 elapsed  1 system 0.80 temp 103.7 hbonds, Rg  66.6 A, potential    47.00
 45804 / 100001 elapsed  2 system 0.80 temp  98.5 hbonds, Rg  66.4 A, potential    34.31
 46004 / 100001 elapsed  0 system 0.80 temp 106.7 hbonds, Rg  66.6 A, potential     8.13
 45704 / 100001 elapsed  3 system 0.80 temp  99.9 hbonds, Rg  66.7 A, potential    54.52
 45704 / 100001 elapsed  1 system 0.80 temp 100.4 hbonds, Rg  66.7 A, potential    17.10
 45904 / 100001 elapsed  2 system 0.80 temp  98.8 hbonds, Rg  66.6 A, potential    22.49
 46104 / 100001 elapsed  0 system 0.80 temp 104.6 hbonds, Rg  66.7 A, potential    13.32
 45804 / 100001 elapsed  3 system 0.80 temp 103.6 hbonds, Rg  66.5 A, potential    12.97
 45804 / 100001 elapsed  1 system 0.80 temp  99.5 hbonds, Rg  66.5 A, potential    44.99
 46004 / 100001 elapsed  2 system 0.80 temp  97.5 hbonds, Rg  66.5 A, potential    38.49
 46204 / 100001 elapsed  0 system 0.80 temp 100.7 hbonds, Rg  66.5 A, potential    14.56
 45904 / 100001 elapsed  3 system 0.80 temp 101.8 hbonds, Rg  66.6 A, potential    19.66
 45904 / 100001 elapsed  1 system 0.80 temp 104.5 hbonds, Rg  66.4 A, potential    25.07
 46304 / 100001 elapsed  0 system 0.80 temp 101.3 hbonds, Rg  66.6 A, potential    34.24
 46104 / 100001 elapsed  2 system 0.80 temp 101.3 hbonds, Rg  66.6 A, potential    -2.33
 46004 / 100001 elapsed  3 system 0.80 temp  94.6 hbonds, Rg  66.8 A, potential    56.66
 46004 / 100001 elapsed  1 system 0.80 temp 102.5 hbonds, Rg  66.4 A, potential     7.15
 46404 / 100001 elapsed  0 system 0.80 temp 102.4 hbonds, Rg  66.6 A, potential     2.51
 46204 / 100001 elapsed  2 system 0.80 temp 103.1 hbonds, Rg  66.5 A, potential    45.60
 46104 / 100001 elapsed  3 system 0.80 temp 104.1 hbonds, Rg  66.6 A, potential    38.21
 46104 / 100001 elapsed  1 system 0.80 temp 103.9 hbonds, Rg  66.4 A, potential     4.98
 46304 / 100001 elapsed  2 system 0.80 temp 103.7 hbonds, Rg  66.6 A, potential    12.54
 46504 / 100001 elapsed  0 system 0.80 temp 103.4 hbonds, Rg  66.6 A, potential     0.80
 46204 / 100001 elapsed  3 system 0.80 temp 104.4 hbonds, Rg  66.5 A, potential    38.54
 46204 / 100001 elapsed  1 system 0.80 temp  99.6 hbonds, Rg  66.6 A, potential    16.47
 46404 / 100001 elapsed  2 system 0.80 temp 102.2 hbonds, Rg  66.6 A, potential    -6.80
 46604 / 100001 elapsed  0 system 0.80 temp 104.1 hbonds, Rg  66.5 A, potential    25.86
 46304 / 100001 elapsed  3 system 0.80 temp 104.4 hbonds, Rg  66.4 A, potential    23.97
 46304 / 100001 elapsed  1 system 0.80 temp 105.5 hbonds, Rg  66.4 A, potential     9.66
 46704 / 100001 elapsed  0 system 0.80 temp 101.3 hbonds, Rg  66.5 A, potential     6.75
 46504 / 100001 elapsed  2 system 0.80 temp 101.6 hbonds, Rg  66.6 A, potential     2.49
 46404 / 100001 elapsed  3 system 0.80 temp 105.2 hbonds, Rg  66.7 A, potential    28.03
 46404 / 100001 elapsed  1 system 0.80 temp  99.9 hbonds, Rg  66.5 A, potential     9.92
 46804 / 100001 elapsed  0 system 0.80 temp 103.4 hbonds, Rg  66.5 A, potential     1.69
 46604 / 100001 elapsed  2 system 0.80 temp 105.0 hbonds, Rg  66.6 A, potential    22.03
 46504 / 100001 elapsed  3 system 0.80 temp 100.1 hbonds, Rg  66.7 A, potential    19.60
 46504 / 100001 elapsed  1 system 0.80 temp 105.9 hbonds, Rg  66.4 A, potential    -3.66
 46904 / 100001 elapsed  0 system 0.80 temp 100.0 hbonds, Rg  66.5 A, potential    30.58
 46704 / 100001 elapsed  2 system 0.80 temp 105.0 hbonds, Rg  66.6 A, potential    12.75
 46604 / 100001 elapsed  3 system 0.80 temp 107.2 hbonds, Rg  66.5 A, potential    33.31
 46604 / 100001 elapsed  1 system 0.80 temp 101.7 hbonds, Rg  66.5 A, potential   -11.38
 47004 / 100001 elapsed  0 system 0.80 temp 101.6 hbonds, Rg  66.6 A, potential    46.46
 46804 / 100001 elapsed  2 system 0.80 temp 102.7 hbonds, Rg  66.6 A, potential    37.45
 46704 / 100001 elapsed  3 system 0.80 temp 104.5 hbonds, Rg  66.6 A, potential    43.27
 46704 / 100001 elapsed  1 system 0.80 temp 104.2 hbonds, Rg  66.6 A, potential    -3.67
 47104 / 100001 elapsed  0 system 0.80 temp 103.0 hbonds, Rg  66.6 A, potential    25.87
 46904 / 100001 elapsed  2 system 0.80 temp 101.7 hbonds, Rg  66.5 A, potential    -7.92
 46804 / 100001 elapsed  3 system 0.80 temp 102.7 hbonds, Rg  66.6 A, potential    47.15
 46804 / 100001 elapsed  1 system 0.80 temp 104.2 hbonds, Rg  66.6 A, potential     2.78
 47204 / 100001 elapsed  0 system 0.80 temp 107.9 hbonds, Rg  66.4 A, potential     0.15
 47004 / 100001 elapsed  2 system 0.80 temp  97.7 hbonds, Rg  66.5 A, potential    39.12
 46904 / 100001 elapsed  3 system 0.80 temp 102.6 hbonds, Rg  66.5 A, potential    -8.54
 46904 / 100001 elapsed  1 system 0.80 temp 102.3 hbonds, Rg  66.7 A, potential    15.80
 47104 / 100001 elapsed  2 system 0.80 temp 104.1 hbonds, Rg  66.6 A, potential     7.75
 47304 / 100001 elapsed  0 system 0.80 temp  99.5 hbonds, Rg  66.5 A, potential    18.74
 47004 / 100001 elapsed  3 system 0.80 temp  97.1 hbonds, Rg  66.3 A, potential    23.52
 47004 / 100001 elapsed  1 system 0.80 temp  96.6 hbonds, Rg  66.6 A, potential    54.00
 47204 / 100001 elapsed  2 system 0.80 temp 104.9 hbonds, Rg  66.5 A, potential    -9.20
 47404 / 100001 elapsed  0 system 0.80 temp 104.0 hbonds, Rg  66.4 A, potential    16.88
 47104 / 100001 elapsed  3 system 0.80 temp 100.3 hbonds, Rg  66.4 A, potential    26.41
 47104 / 100001 elapsed  1 system 0.80 temp 101.3 hbonds, Rg  66.5 A, potential     5.98
 47504 / 100001 elapsed  0 system 0.80 temp 101.9 hbonds, Rg  66.5 A, potential    -2.87
 47304 / 100001 elapsed  2 system 0.80 temp 102.4 hbonds, Rg  66.6 A, potential    16.45
 47204 / 100001 elapsed  3 system 0.80 temp 105.5 hbonds, Rg  66.5 A, potential     9.13
 47204 / 100001 elapsed  1 system 0.80 temp 102.6 hbonds, Rg  66.5 A, potential   -11.11
 47604 / 100001 elapsed  0 system 0.80 temp 100.6 hbonds, Rg  66.4 A, potential     6.24
 47404 / 100001 elapsed  2 system 0.80 temp 104.6 hbonds, Rg  66.7 A, potential    14.39
 47304 / 100001 elapsed  3 system 0.80 temp  99.8 hbonds, Rg  66.5 A, potential     8.82
 47304 / 100001 elapsed  1 system 0.80 temp 105.3 hbonds, Rg  66.4 A, potential    -0.38
 47704 / 100001 elapsed  0 system 0.80 temp 101.2 hbonds, Rg  66.5 A, potential    47.82
 47504 / 100001 elapsed  2 system 0.80 temp 104.9 hbonds, Rg  66.4 A, potential    -2.01
 47404 / 100001 elapsed  3 system 0.80 temp 103.4 hbonds, Rg  66.6 A, potential    16.49
 47404 / 100001 elapsed  1 system 0.80 temp 100.2 hbonds, Rg  66.4 A, potential     1.67
 47804 / 100001 elapsed  0 system 0.80 temp  98.2 hbonds, Rg  66.4 A, potential    27.08
 47604 / 100001 elapsed  2 system 0.80 temp 103.4 hbonds, Rg  66.6 A, potential    37.59
 47504 / 100001 elapsed  3 system 0.80 temp 100.0 hbonds, Rg  66.6 A, potential    47.22
 47504 / 100001 elapsed  1 system 0.80 temp 103.6 hbonds, Rg  66.5 A, potential    15.66
 47904 / 100001 elapsed  0 system 0.80 temp 102.4 hbonds, Rg  66.6 A, potential     8.99
 47704 / 100001 elapsed  2 system 0.80 temp 104.9 hbonds, Rg  66.4 A, potential    31.69
 47604 / 100001 elapsed  3 system 0.80 temp 101.5 hbonds, Rg  66.5 A, potential    -0.37
 47604 / 100001 elapsed  1 system 0.80 temp  98.1 hbonds, Rg  66.5 A, potential    61.12
 48004 / 100001 elapsed  0 system 0.80 temp 102.5 hbonds, Rg  66.5 A, potential    11.55
 47804 / 100001 elapsed  2 system 0.80 temp 100.3 hbonds, Rg  66.6 A, potential    58.96
 47704 / 100001 elapsed  3 system 0.80 temp 103.1 hbonds, Rg  66.4 A, potential    16.59
 47704 / 100001 elapsed  1 system 0.80 temp  99.1 hbonds, Rg  66.7 A, potential    -4.02
 48104 / 100001 elapsed  0 system 0.80 temp 101.6 hbonds, Rg  66.6 A, potential    -3.79
 47904 / 100001 elapsed  2 system 0.80 temp 106.4 hbonds, Rg  66.6 A, potential     8.66
 47804 / 100001 elapsed  3 system 0.80 temp 108.9 hbonds, Rg  66.7 A, potential    32.25
 47804 / 100001 elapsed  1 system 0.80 temp 104.4 hbonds, Rg  66.7 A, potential    -2.47
 48204 / 100001 elapsed  0 system 0.80 temp 105.4 hbonds, Rg  66.6 A, potential   -27.19
 48004 / 100001 elapsed  2 system 0.80 temp 105.2 hbonds, Rg  66.8 A, potential   -12.52
 47904 / 100001 elapsed  3 system 0.80 temp 103.9 hbonds, Rg  66.6 A, potential   -23.56
 47904 / 100001 elapsed  1 system 0.80 temp  97.9 hbonds, Rg  66.5 A, potential    38.36
 48304 / 100001 elapsed  0 system 0.80 temp 100.1 hbonds, Rg  66.6 A, potential     7.10
 48104 / 100001 elapsed  2 system 0.80 temp 101.7 hbonds, Rg  66.6 A, potential    17.16
 48004 / 100001 elapsed  3 system 0.80 temp 104.5 hbonds, Rg  66.5 A, potential     4.46
 48004 / 100001 elapsed  1 system 0.80 temp 104.5 hbonds, Rg  66.6 A, potential    16.21
 48204 / 100001 elapsed  2 system 0.80 temp 100.5 hbonds, Rg  66.6 A, potential    -5.87
 48404 / 100001 elapsed  0 system 0.80 temp 108.2 hbonds, Rg  66.6 A, potential     0.35
 48104 / 100001 elapsed  3 system 0.80 temp 103.0 hbonds, Rg  66.4 A, potential    15.02
 48104 / 100001 elapsed  1 system 0.80 temp 105.5 hbonds, Rg  66.7 A, potential    43.92
 48304 / 100001 elapsed  2 system 0.80 temp  98.7 hbonds, Rg  66.5 A, potential    40.45
 48504 / 100001 elapsed  0 system 0.80 temp 103.5 hbonds, Rg  66.4 A, potential    -6.25
 48204 / 100001 elapsed  3 system 0.80 temp 104.8 hbonds, Rg  66.6 A, potential   -31.33
 48204 / 100001 elapsed  1 system 0.80 temp 101.0 hbonds, Rg  66.7 A, potential    25.21
 48604 / 100001 elapsed  0 system 0.80 temp 104.1 hbonds, Rg  66.5 A, potential    -2.12
 48404 / 100001 elapsed  2 system 0.80 temp 102.4 hbonds, Rg  66.6 A, potential     5.42
 48304 / 100001 elapsed  3 system 0.80 temp 102.8 hbonds, Rg  66.7 A, potential    -3.48
 48304 / 100001 elapsed  1 system 0.80 temp  99.6 hbonds, Rg  66.6 A, potential     1.77
 48704 / 100001 elapsed  0 system 0.80 temp 106.3 hbonds, Rg  66.6 A, potential    -9.12
 48504 / 100001 elapsed  2 system 0.80 temp 103.5 hbonds, Rg  66.6 A, potential   -18.85
 48404 / 100001 elapsed  3 system 0.80 temp 102.3 hbonds, Rg  66.4 A, potential    54.68
 48404 / 100001 elapsed  1 system 0.80 temp 103.6 hbonds, Rg  66.6 A, potential    19.88
 48804 / 100001 elapsed  0 system 0.80 temp 103.2 hbonds, Rg  66.6 A, potential    30.16
 48604 / 100001 elapsed  2 system 0.80 temp 102.8 hbonds, Rg  66.6 A, potential    23.79
 48504 / 100001 elapsed  3 system 0.80 temp 105.2 hbonds, Rg  66.5 A, potential    11.51
 48504 / 100001 elapsed  1 system 0.80 temp 103.8 hbonds, Rg  66.5 A, potential    26.39
 48904 / 100001 elapsed  0 system 0.80 temp 102.2 hbonds, Rg  66.6 A, potential    16.24
 48704 / 100001 elapsed  2 system 0.80 temp 104.2 hbonds, Rg  66.5 A, potential     4.72
 48604 / 100001 elapsed  3 system 0.80 temp 104.9 hbonds, Rg  66.5 A, potential    29.01
 48604 / 100001 elapsed  1 system 0.80 temp 102.7 hbonds, Rg  66.5 A, potential    20.08
 48804 / 100001 elapsed  2 system 0.80 temp 102.1 hbonds, Rg  66.4 A, potential    16.20
 49004 / 100001 elapsed  0 system 0.80 temp 105.1 hbonds, Rg  66.5 A, potential    46.69
 48704 / 100001 elapsed  3 system 0.80 temp  98.9 hbonds, Rg  66.6 A, potential    39.39
 48704 / 100001 elapsed  1 system 0.80 temp 103.7 hbonds, Rg  66.5 A, potential     7.60
 48904 / 100001 elapsed  2 system 0.80 temp 104.4 hbonds, Rg  66.5 A, potential    26.76
 49104 / 100001 elapsed  0 system 0.80 temp  97.4 hbonds, Rg  66.7 A, potential    45.43
 48804 / 100001 elapsed  3 system 0.80 temp 106.3 hbonds, Rg  66.6 A, potential    38.66
 48804 / 100001 elapsed  1 system 0.80 temp 105.2 hbonds, Rg  66.6 A, potential     0.67
 49204 / 100001 elapsed  0 system 0.80 temp 105.1 hbonds, Rg  66.6 A, potential    31.04
 49004 / 100001 elapsed  2 system 0.80 temp 101.3 hbonds, Rg  66.6 A, potential    37.67
 48904 / 100001 elapsed  3 system 0.80 temp 102.0 hbonds, Rg  66.4 A, potential     7.36
 48904 / 100001 elapsed  1 system 0.80 temp 101.6 hbonds, Rg  66.5 A, potential   -11.86
 49304 / 100001 elapsed  0 system 0.80 temp 101.8 hbonds, Rg  66.6 A, potential    23.76
 49104 / 100001 elapsed  2 system 0.80 temp 101.9 hbonds, Rg  66.5 A, potential    37.75
 49004 / 100001 elapsed  3 system 0.80 temp 101.8 hbonds, Rg  66.5 A, potential    24.38
 49004 / 100001 elapsed  1 system 0.80 temp 104.8 hbonds, Rg  66.8 A, potential     9.65
 49404 / 100001 elapsed  0 system 0.80 temp 103.5 hbonds, Rg  66.6 A, potential     1.44
 49204 / 100001 elapsed  2 system 0.80 temp 104.7 hbonds, Rg  66.7 A, potential    33.17
 49104 / 100001 elapsed  3 system 0.80 temp 103.5 hbonds, Rg  66.6 A, potential    17.50
 49104 / 100001 elapsed  1 system 0.80 temp 100.4 hbonds, Rg  66.5 A, potential    61.17
 49504 / 100001 elapsed  0 system 0.80 temp 104.2 hbonds, Rg  66.8 A, potential   -21.82
 49304 / 100001 elapsed  2 system 0.80 temp  99.2 hbonds, Rg  66.8 A, potential    36.98
 49204 / 100001 elapsed  3 system 0.80 temp 102.7 hbonds, Rg  66.5 A, potential    -7.05
 49204 / 100001 elapsed  1 system 0.80 temp 105.3 hbonds, Rg  66.5 A, potential    21.43
 49604 / 100001 elapsed  0 system 0.80 temp 106.3 hbonds, Rg  66.4 A, potential   -26.76
 49404 / 100001 elapsed  2 system 0.80 temp 107.2 hbonds, Rg  66.7 A, potential   -21.41
 49304 / 100001 elapsed  3 system 0.80 temp 102.0 hbonds, Rg  66.4 A, potential    -5.65
 49304 / 100001 elapsed  1 system 0.80 temp 101.2 hbonds, Rg  66.4 A, potential    20.32
 49704 / 100001 elapsed  0 system 0.80 temp  99.6 hbonds, Rg  66.6 A, potential    18.70
 49504 / 100001 elapsed  2 system 0.80 temp 104.1 hbonds, Rg  66.5 A, potential   -36.90
 49404 / 100001 elapsed  3 system 0.80 temp 103.3 hbonds, Rg  66.6 A, potential    17.49
 49404 / 100001 elapsed  1 system 0.80 temp 101.3 hbonds, Rg  66.4 A, potential     0.78
 49804 / 100001 elapsed  0 system 0.80 temp 100.1 hbonds, Rg  66.7 A, potential    28.21
 49604 / 100001 elapsed  2 system 0.80 temp 101.4 hbonds, Rg  66.8 A, potential    29.94
 49504 / 100001 elapsed  3 system 0.80 temp  96.6 hbonds, Rg  66.5 A, potential    51.33
 49504 / 100001 elapsed  1 system 0.80 temp 101.2 hbonds, Rg  66.5 A, potential    62.10
 49904 / 100001 elapsed  0 system 0.80 temp 106.1 hbonds, Rg  66.5 A, potential   -12.96
 49704 / 100001 elapsed  2 system 0.80 temp 105.7 hbonds, Rg  66.7 A, potential   -22.67
 49604 / 100001 elapsed  3 system 0.80 temp 102.9 hbonds, Rg  66.5 A, potential    22.06
 49604 / 100001 elapsed  1 system 0.80 temp 103.4 hbonds, Rg  66.6 A, potential   -28.21
 50004 / 100001 elapsed  0 system 0.80 temp 105.1 hbonds, Rg  66.6 A, potential     5.75
 49804 / 100001 elapsed  2 system 0.80 temp 103.5 hbonds, Rg  66.6 A, potential    -1.58
 49704 / 100001 elapsed  3 system 0.80 temp 100.5 hbonds, Rg  66.7 A, potential     8.07
 49704 / 100001 elapsed  1 system 0.80 temp 100.2 hbonds, Rg  66.5 A, potential    29.58
 50104 / 100001 elapsed  0 system 0.80 temp 104.4 hbonds, Rg  66.7 A, potential    -3.99
 49904 / 100001 elapsed  2 system 0.80 temp 105.6 hbonds, Rg  66.4 A, potential    13.94
 49804 / 100001 elapsed  3 system 0.80 temp 101.9 hbonds, Rg  66.7 A, potential    12.90
 49804 / 100001 elapsed  1 system 0.80 temp 102.3 hbonds, Rg  66.7 A, potential    20.49
 50204 / 100001 elapsed  0 system 0.80 temp 103.5 hbonds, Rg  66.6 A, potential    21.23
 50004 / 100001 elapsed  2 system 0.80 temp 104.9 hbonds, Rg  66.4 A, potential     4.50
 49904 / 100001 elapsed  3 system 0.80 temp  97.8 hbonds, Rg  66.7 A, potential    37.26
 49904 / 100001 elapsed  1 system 0.80 temp  99.3 hbonds, Rg  66.6 A, potential    14.41
 50304 / 100001 elapsed  0 system 0.80 temp  98.9 hbonds, Rg  66.6 A, potential     3.36
 50104 / 100001 elapsed  2 system 0.80 temp 102.9 hbonds, Rg  66.5 A, potential    -2.85
 50004 / 100001 elapsed  3 system 0.80 temp 102.6 hbonds, Rg  66.7 A, potential   -37.01
 50004 / 100001 elapsed  1 system 0.80 temp 104.4 hbonds, Rg  66.5 A, potential    30.94
 50404 / 100001 elapsed  0 system 0.80 temp 103.9 hbonds, Rg  66.5 A, potential    28.31
 50204 / 100001 elapsed  2 system 0.80 temp 104.0 hbonds, Rg  66.5 A, potential    40.68
 50104 / 100001 elapsed  3 system 0.80 temp 104.9 hbonds, Rg  66.3 A, potential    58.75
 50104 / 100001 elapsed  1 system 0.80 temp  98.8 hbonds, Rg  66.4 A, potential    45.45
 50504 / 100001 elapsed  0 system 0.80 temp 106.2 hbonds, Rg  66.6 A, potential    -7.36
 50304 / 100001 elapsed  2 system 0.80 temp 101.7 hbonds, Rg  66.6 A, potential    15.04
 50204 / 100001 elapsed  3 system 0.80 temp 102.9 hbonds, Rg  66.5 A, potential     4.62
 50204 / 100001 elapsed  1 system 0.80 temp 105.1 hbonds, Rg  66.4 A, potential    39.00
 50604 / 100001 elapsed  0 system 0.80 temp 103.7 hbonds, Rg  66.6 A, potential    31.48
 50404 / 100001 elapsed  2 system 0.80 temp 106.7 hbonds, Rg  66.4 A, potential    26.02
 50304 / 100001 elapsed  3 system 0.80 temp 103.7 hbonds, Rg  66.6 A, potential    25.89
 50304 / 100001 elapsed  1 system 0.80 temp 105.4 hbonds, Rg  66.7 A, potential    23.07
 50704 / 100001 elapsed  0 system 0.80 temp 103.9 hbonds, Rg  66.5 A, potential     6.18
 50504 / 100001 elapsed  2 system 0.80 temp 106.7 hbonds, Rg  66.4 A, potential    39.69
 50404 / 100001 elapsed  3 system 0.80 temp 100.5 hbonds, Rg  66.5 A, potential     8.45
 50404 / 100001 elapsed  1 system 0.80 temp 104.3 hbonds, Rg  66.8 A, potential     6.10
 50804 / 100001 elapsed  0 system 0.80 temp 104.5 hbonds, Rg  66.6 A, potential   -19.69
 50604 / 100001 elapsed  2 system 0.80 temp 107.1 hbonds, Rg  66.6 A, potential     1.72
 50504 / 100001 elapsed  3 system 0.80 temp 102.3 hbonds, Rg  66.5 A, potential    18.57
 50504 / 100001 elapsed  1 system 0.80 temp  98.1 hbonds, Rg  66.6 A, potential    72.27
 50904 / 100001 elapsed  0 system 0.80 temp 102.8 hbonds, Rg  66.8 A, potential    13.64
 50704 / 100001 elapsed  2 system 0.80 temp 104.9 hbonds, Rg  66.6 A, potential    16.73
 50604 / 100001 elapsed  3 system 0.80 temp 103.2 hbonds, Rg  66.5 A, potential    16.88
 50604 / 100001 elapsed  1 system 0.80 temp 100.5 hbonds, Rg  66.5 A, potential    17.28
 51004 / 100001 elapsed  0 system 0.80 temp 103.7 hbonds, Rg  66.6 A, potential    22.54
 50804 / 100001 elapsed  2 system 0.80 temp  99.4 hbonds, Rg  66.6 A, potential    34.19
 50704 / 100001 elapsed  3 system 0.80 temp 102.5 hbonds, Rg  66.5 A, potential     0.13
 50704 / 100001 elapsed  1 system 0.80 temp 103.3 hbonds, Rg  66.5 A, potential    19.64
 51104 / 100001 elapsed  0 system 0.80 temp 103.9 hbonds, Rg  66.4 A, potential    19.24
 50904 / 100001 elapsed  2 system 0.80 temp  99.9 hbonds, Rg  66.7 A, potential     4.60
 50804 / 100001 elapsed  3 system 0.80 temp 107.2 hbonds, Rg  66.6 A, potential   -15.78
 50804 / 100001 elapsed  1 system 0.80 temp 101.9 hbonds, Rg  66.6 A, potential    22.27
 51204 / 100001 elapsed  0 system 0.80 temp 104.5 hbonds, Rg  66.6 A, potential     6.65
 51004 / 100001 elapsed  2 system 0.80 temp 103.8 hbonds, Rg  66.6 A, potential    19.22
 50904 / 100001 elapsed  3 system 0.80 temp 105.1 hbonds, Rg  66.5 A, potential    27.45
 50904 / 100001 elapsed  1 system 0.80 temp 104.1 hbonds, Rg  66.6 A, potential    31.71
 51304 / 100001 elapsed  0 system 0.80 temp 101.7 hbonds, Rg  66.6 A, potential     8.15
 51104 / 100001 elapsed  2 system 0.80 temp 104.8 hbonds, Rg  66.5 A, potential   -40.70
 51004 / 100001 elapsed  3 system 0.80 temp 107.4 hbonds, Rg  66.5 A, potential    29.08
 51004 / 100001 elapsed  1 system 0.80 temp 105.4 hbonds, Rg  66.5 A, potential     5.01
 51404 / 100001 elapsed  0 system 0.80 temp 102.5 hbonds, Rg  66.6 A, potential    23.97
 51204 / 100001 elapsed  2 system 0.80 temp  99.4 hbonds, Rg  66.7 A, potential    36.71
 51104 / 100001 elapsed  3 system 0.80 temp 104.1 hbonds, Rg  66.5 A, potential    23.90
 51104 / 100001 elapsed  1 system 0.80 temp 102.0 hbonds, Rg  66.5 A, potential     6.82
 51504 / 100001 elapsed  0 system 0.80 temp 103.7 hbonds, Rg  66.6 A, potential    17.06
 51304 / 100001 elapsed  2 system 0.80 temp 102.6 hbonds, Rg  66.6 A, potential     3.49
 51204 / 100001 elapsed  3 system 0.80 temp 105.7 hbonds, Rg  66.5 A, potential    23.12
 51204 / 100001 elapsed  1 system 0.80 temp 103.2 hbonds, Rg  66.7 A, potential    18.80
 51604 / 100001 elapsed  0 system 0.80 temp 103.5 hbonds, Rg  66.6 A, potential    17.98
 51404 / 100001 elapsed  2 system 0.80 temp 104.1 hbonds, Rg  66.6 A, potential    -2.31
 51304 / 100001 elapsed  3 system 0.80 temp 103.5 hbonds, Rg  66.6 A, potential   -22.75
 51304 / 100001 elapsed  1 system 0.80 temp 105.2 hbonds, Rg  66.6 A, potential    14.37
 51704 / 100001 elapsed  0 system 0.80 temp 102.8 hbonds, Rg  66.6 A, potential    22.30
 51504 / 100001 elapsed  2 system 0.80 temp 103.6 hbonds, Rg  66.6 A, potential    16.88
 51404 / 100001 elapsed  3 system 0.80 temp  94.3 hbonds, Rg  66.5 A, potential    45.95
 51404 / 100001 elapsed  1 system 0.80 temp 103.4 hbonds, Rg  66.6 A, potential    37.20
 51804 / 100001 elapsed  0 system 0.80 temp 103.1 hbonds, Rg  66.6 A, potential     1.46
 51604 / 100001 elapsed  2 system 0.80 temp 102.6 hbonds, Rg  66.5 A, potential    24.52
 51504 / 100001 elapsed  3 system 0.80 temp 102.0 hbonds, Rg  66.6 A, potential   -12.30
 51504 / 100001 elapsed  1 system 0.80 temp 105.2 hbonds, Rg  66.6 A, potential     5.26
 51904 / 100001 elapsed  0 system 0.80 temp 105.8 hbonds, Rg  66.6 A, potential     6.36
 51704 / 100001 elapsed  2 system 0.80 temp 102.0 hbonds, Rg  66.6 A, potential    18.62
 51604 / 100001 elapsed  3 system 0.80 temp 100.8 hbonds, Rg  66.7 A, potential    19.63
 51604 / 100001 elapsed  1 system 0.80 temp 102.6 hbonds, Rg  66.6 A, potential    14.63
 52004 / 100001 elapsed  0 system 0.80 temp 105.9 hbonds, Rg  66.5 A, potential    20.21
 51804 / 100001 elapsed  2 system 0.80 temp 106.3 hbonds, Rg  66.6 A, potential   -19.95
 51704 / 100001 elapsed  3 system 0.80 temp 102.2 hbonds, Rg  66.6 A, potential     3.82
 51704 / 100001 elapsed  1 system 0.80 temp 102.6 hbonds, Rg  66.7 A, potential    25.11
 52104 / 100001 elapsed  0 system 0.80 temp 104.1 hbonds, Rg  66.5 A, potential     6.95
 51904 / 100001 elapsed  2 system 0.80 temp 101.9 hbonds, Rg  66.5 A, potential    15.34
 51804 / 100001 elapsed  3 system 0.80 temp  99.8 hbonds, Rg  66.6 A, potential    17.78
 51804 / 100001 elapsed  1 system 0.80 temp 100.1 hbonds, Rg  66.7 A, potential    34.82
 52204 / 100001 elapsed  0 system 0.80 temp 107.7 hbonds, Rg  66.4 A, potential     6.78
 52004 / 100001 elapsed  2 system 0.80 temp 104.1 hbonds, Rg  66.5 A, potential    47.68
 51904 / 100001 elapsed  3 system 0.80 temp 104.9 hbonds, Rg  66.6 A, potential    21.83
 51904 / 100001 elapsed  1 system 0.80 temp  98.1 hbonds, Rg  66.5 A, potential    31.27
 52304 / 100001 elapsed  0 system 0.80 temp 106.2 hbonds, Rg  66.6 A, potential    10.82
 52104 / 100001 elapsed  2 system 0.80 temp 104.2 hbonds, Rg  66.6 A, potential    10.21
 52004 / 100001 elapsed  3 system 0.80 temp 104.8 hbonds, Rg  66.6 A, potential    41.12
 52004 / 100001 elapsed  1 system 0.80 temp 105.8 hbonds, Rg  66.5 A, potential     2.17
 52404 / 100001 elapsed  0 system 0.80 temp 104.7 hbonds, Rg  66.4 A, potential    24.07
 52204 / 100001 elapsed  2 system 0.80 temp 107.6 hbonds, Rg  66.5 A, potential    20.00
 52104 / 100001 elapsed  3 system 0.80 temp 101.7 hbonds, Rg  66.6 A, potential    11.19
 52504 / 100001 elapsed  0 system 0.80 temp 103.1 hbonds, Rg  66.6 A, potential     0.58
 52104 / 100001 elapsed  1 system 0.80 temp 101.5 hbonds, Rg  66.6 A, potential    35.51
 52304 / 100001 elapsed  2 system 0.80 temp 104.8 hbonds, Rg  66.4 A, potential    -1.48
 52204 / 100001 elapsed  3 system 0.80 temp 101.4 hbonds, Rg  66.7 A, potential   -26.62
 52604 / 100001 elapsed  0 system 0.80 temp 101.1 hbonds, Rg  66.5 A, potential    18.82
 52204 / 100001 elapsed  1 system 0.80 temp 104.1 hbonds, Rg  66.6 A, potential    42.46
 52404 / 100001 elapsed  2 system 0.80 temp  98.5 hbonds, Rg  66.6 A, potential    55.39
 52304 / 100001 elapsed  3 system 0.80 temp 104.6 hbonds, Rg  66.5 A, potential    -7.96
 52704 / 100001 elapsed  0 system 0.80 temp 104.1 hbonds, Rg  66.4 A, potential     9.93
 52304 / 100001 elapsed  1 system 0.80 temp 103.5 hbonds, Rg  66.8 A, potential    10.24
 52504 / 100001 elapsed  2 system 0.80 temp 102.9 hbonds, Rg  66.5 A, potential    21.58
 52404 / 100001 elapsed  3 system 0.80 temp 102.7 hbonds, Rg  66.5 A, potential    17.69
 52804 / 100001 elapsed  0 system 0.80 temp 104.8 hbonds, Rg  66.6 A, potential    36.94
 52404 / 100001 elapsed  1 system 0.80 temp 103.3 hbonds, Rg  66.4 A, potential     2.25
 52604 / 100001 elapsed  2 system 0.80 temp 101.7 hbonds, Rg  66.5 A, potential   -15.14
 52504 / 100001 elapsed  3 system 0.80 temp 103.7 hbonds, Rg  66.5 A, potential     7.10
 52904 / 100001 elapsed  0 system 0.80 temp  99.6 hbonds, Rg  66.5 A, potential    11.51
 52504 / 100001 elapsed  1 system 0.80 temp 104.9 hbonds, Rg  66.5 A, potential    35.50
 52704 / 100001 elapsed  2 system 0.80 temp 103.1 hbonds, Rg  66.7 A, potential    17.65
 52604 / 100001 elapsed  3 system 0.80 temp  97.3 hbonds, Rg  66.6 A, potential    32.20
 53004 / 100001 elapsed  0 system 0.80 temp  97.4 hbonds, Rg  66.5 A, potential    31.99
 52604 / 100001 elapsed  1 system 0.80 temp 103.8 hbonds, Rg  66.4 A, potential     0.92
 52804 / 100001 elapsed  2 system 0.80 temp 102.9 hbonds, Rg  66.6 A, potential    -1.03
 52704 / 100001 elapsed  3 system 0.80 temp 104.2 hbonds, Rg  66.6 A, potential    30.01
 53104 / 100001 elapsed  0 system 0.80 temp  99.3 hbonds, Rg  66.5 A, potential    30.06
 52704 / 100001 elapsed  1 system 0.80 temp 102.6 hbonds, Rg  66.5 A, potential    13.51
 52904 / 100001 elapsed  2 system 0.80 temp 100.9 hbonds, Rg  66.7 A, potential    -8.05
 52804 / 100001 elapsed  3 system 0.80 temp 103.1 hbonds, Rg  66.7 A, potential   -11.36
 53204 / 100001 elapsed  0 system 0.80 temp  98.6 hbonds, Rg  66.6 A, potential    47.32
 52804 / 100001 elapsed  1 system 0.80 temp 103.4 hbonds, Rg  66.6 A, potential     2.09
 53004 / 100001 elapsed  2 system 0.80 temp 104.5 hbonds, Rg  66.5 A, potential    29.07
 52904 / 100001 elapsed  3 system 0.80 temp 102.3 hbonds, Rg  66.5 A, potential    13.38
 53304 / 100001 elapsed  0 system 0.80 temp 101.3 hbonds, Rg  66.5 A, potential    54.43
 52904 / 100001 elapsed  1 system 0.80 temp 105.4 hbonds, Rg  66.6 A, potential    13.00
 53104 / 100001 elapsed  2 system 0.80 temp 105.2 hbonds, Rg  66.6 A, potential   -16.11
 53004 / 100001 elapsed  3 system 0.80 temp 102.9 hbonds, Rg  66.5 A, potential    -8.74
 53404 / 100001 elapsed  0 system 0.80 temp  98.8 hbonds, Rg  66.6 A, potential     2.83
 53004 / 100001 elapsed  1 system 0.80 temp 104.2 hbonds, Rg  66.4 A, potential     7.43
 53204 / 100001 elapsed  2 system 0.80 temp 105.0 hbonds, Rg  66.4 A, potential    -6.24
 53104 / 100001 elapsed  3 system 0.80 temp  99.4 hbonds, Rg  66.5 A, potential    58.10
 53504 / 100001 elapsed  0 system 0.80 temp 102.0 hbonds, Rg  66.5 A, potential    20.00
 53104 / 100001 elapsed  1 system 0.80 temp  99.8 hbonds, Rg  66.6 A, potential    23.23
 53304 / 100001 elapsed  2 system 0.80 temp  99.7 hbonds, Rg  66.5 A, potential    19.17
 53204 / 100001 elapsed  3 system 0.80 temp 106.6 hbonds, Rg  66.7 A, potential    11.37
 53604 / 100001 elapsed  0 system 0.80 temp 102.8 hbonds, Rg  66.5 A, potential    18.15
 53204 / 100001 elapsed  1 system 0.80 temp 102.7 hbonds, Rg  66.6 A, potential    21.20
 53404 / 100001 elapsed  2 system 0.80 temp 103.4 hbonds, Rg  66.6 A, potential    24.06
 53304 / 100001 elapsed  3 system 0.80 temp  99.2 hbonds, Rg  66.7 A, potential    60.65
 53704 / 100001 elapsed  0 system 0.80 temp 101.8 hbonds, Rg  66.6 A, potential    27.21
 53304 / 100001 elapsed  1 system 0.80 temp 102.1 hbonds, Rg  66.6 A, potential    34.59
 53504 / 100001 elapsed  2 system 0.80 temp 103.4 hbonds, Rg  66.6 A, potential     0.06
 53404 / 100001 elapsed  3 system 0.80 temp 101.8 hbonds, Rg  66.6 A, potential    10.48
 53804 / 100001 elapsed  0 system 0.80 temp  99.3 hbonds, Rg  66.5 A, potential   -12.54
 53604 / 100001 elapsed  2 system 0.80 temp 107.1 hbonds, Rg  66.6 A, potential    21.64
 53404 / 100001 elapsed  1 system 0.80 temp 103.1 hbonds, Rg  66.5 A, potential     8.08
 53504 / 100001 elapsed  3 system 0.80 temp 104.0 hbonds, Rg  66.5 A, potential    15.69
 53904 / 100001 elapsed  0 system 0.80 temp 103.0 hbonds, Rg  66.5 A, potential    30.36
 53704 / 100001 elapsed  2 system 0.80 temp 101.1 hbonds, Rg  66.6 A, potential    12.80
 53504 / 100001 elapsed  1 system 0.80 temp 103.1 hbonds, Rg  66.5 A, potential    26.59
 53604 / 100001 elapsed  3 system 0.80 temp 101.7 hbonds, Rg  66.6 A, potential     2.31
 54004 / 100001 elapsed  0 system 0.80 temp  99.1 hbonds, Rg  66.5 A, potential     8.40
 53604 / 100001 elapsed  1 system 0.80 temp 106.4 hbonds, Rg  66.7 A, potential    27.79
 53804 / 100001 elapsed  2 system 0.80 temp  99.1 hbonds, Rg  66.5 A, potential    28.09
 53704 / 100001 elapsed  3 system 0.80 temp 101.0 hbonds, Rg  66.6 A, potential     0.71
 54104 / 100001 elapsed  0 system 0.80 temp 105.2 hbonds, Rg  66.5 A, potential    24.69
 53904 / 100001 elapsed  2 system 0.80 temp 104.7 hbonds, Rg  66.6 A, potential    15.83
 53704 / 100001 elapsed  1 system 0.80 temp 104.7 hbonds, Rg  66.7 A, potential    35.97
 53804 / 100001 elapsed  3 system 0.80 temp 102.9 hbonds, Rg  66.6 A, potential    30.17
 54204 / 100001 elapsed  0 system 0.80 temp  98.9 hbonds, Rg  66.5 A, potential    57.87
 54004 / 100001 elapsed  2 system 0.80 temp 103.6 hbonds, Rg  66.5 A, potential   -17.48
 53804 / 100001 elapsed  1 system 0.80 temp 104.5 hbonds, Rg  66.7 A, potential    14.89
 53904 / 100001 elapsed  3 system 0.80 temp 103.8 hbonds, Rg  66.5 A, potential     1.11
 54304 / 100001 elapsed  0 system 0.80 temp 100.8 hbonds, Rg  66.4 A, potential    14.24
 54104 / 100001 elapsed  2 system 0.80 temp 103.6 hbonds, Rg  66.7 A, potential    12.30
 53904 / 100001 elapsed  1 system 0.80 temp 103.8 hbonds, Rg  66.6 A, potential     5.91
 54004 / 100001 elapsed  3 system 0.80 temp 102.2 hbonds, Rg  66.7 A, potential     9.62
 54404 / 100001 elapsed  0 system 0.80 temp 101.0 hbonds, Rg  66.6 A, potential    46.83
 54204 / 100001 elapsed  2 system 0.80 temp 102.7 hbonds, Rg  66.6 A, potential     7.57
 54004 / 100001 elapsed  1 system 0.80 temp 106.1 hbonds, Rg  66.5 A, potential    13.55
 54104 / 100001 elapsed  3 system 0.80 temp 102.0 hbonds, Rg  66.6 A, potential    34.88
 54504 / 100001 elapsed  0 system 0.80 temp 106.6 hbonds, Rg  66.5 A, potential     9.24
 54304 / 100001 elapsed  2 system 0.80 temp  98.7 hbonds, Rg  66.5 A, potential    12.42
 54104 / 100001 elapsed  1 system 0.80 temp 104.1 hbonds, Rg  66.6 A, potential     4.68
 54204 / 100001 elapsed  3 system 0.80 temp 101.1 hbonds, Rg  66.6 A, potential     2.16
 54604 / 100001 elapsed  0 system 0.80 temp 101.3 hbonds, Rg  66.6 A, potential    32.09
 54204 / 100001 elapsed  1 system 0.80 temp 105.1 hbonds, Rg  66.5 A, potential     8.08
 54404 / 100001 elapsed  2 system 0.80 temp 105.0 hbonds, Rg  66.5 A, potential    47.07
 54304 / 100001 elapsed  3 system 0.80 temp 103.6 hbonds, Rg  66.7 A, potential    -5.21
 54704 / 100001 elapsed  0 system 0.80 temp 102.7 hbonds, Rg  66.7 A, potential     0.06
 54304 / 100001 elapsed  1 system 0.80 temp 102.7 hbonds, Rg  66.5 A, potential     3.33
 54504 / 100001 elapsed  2 system 0.80 temp 105.3 hbonds, Rg  66.5 A, potential    10.56
 54404 / 100001 elapsed  3 system 0.80 temp  99.5 hbonds, Rg  66.5 A, potential   -15.57
 54804 / 100001 elapsed  0 system 0.80 temp 102.9 hbonds, Rg  66.6 A, potential     5.61
 54404 / 100001 elapsed  1 system 0.80 temp 107.0 hbonds, Rg  66.5 A, potential    17.56
 54604 / 100001 elapsed  2 system 0.80 temp 106.7 hbonds, Rg  66.7 A, potential    -6.18
 54504 / 100001 elapsed  3 system 0.80 temp  99.1 hbonds, Rg  66.6 A, potential    57.21
 54904 / 100001 elapsed  0 system 0.80 temp 100.6 hbonds, Rg  66.5 A, potential    14.62
 54504 / 100001 elapsed  1 system 0.80 temp 107.5 hbonds, Rg  66.7 A, potential   -10.72
 54704 / 100001 elapsed  2 system 0.80 temp  98.8 hbonds, Rg  66.5 A, potential    35.74
 54604 / 100001 elapsed  3 system 0.80 temp 103.1 hbonds, Rg  66.5 A, potential    22.25
 55004 / 100001 elapsed  0 system 0.80 temp 104.3 hbonds, Rg  66.6 A, potential    -9.63
 54604 / 100001 elapsed  1 system 0.80 temp 101.1 hbonds, Rg  66.6 A, potential   -20.64
 54804 / 100001 elapsed  2 system 0.80 temp 102.1 hbonds, Rg  66.5 A, potential    25.81
 54704 / 100001 elapsed  3 system 0.80 temp 104.0 hbonds, Rg  66.6 A, potential    13.96
 55104 / 100001 elapsed  0 system 0.80 temp 103.9 hbonds, Rg  66.6 A, potential    10.73
 54704 / 100001 elapsed  1 system 0.80 temp 106.0 hbonds, Rg  66.4 A, potential    20.23
 54904 / 100001 elapsed  2 system 0.80 temp 100.6 hbonds, Rg  66.8 A, potential    -0.35
 54804 / 100001 elapsed  3 system 0.80 temp 104.7 hbonds, Rg  66.5 A, potential     3.31
 55204 / 100001 elapsed  0 system 0.80 temp 103.9 hbonds, Rg  66.4 A, potential    30.84
 54804 / 100001 elapsed  1 system 0.80 temp  99.5 hbonds, Rg  66.5 A, potential    30.23
 55004 / 100001 elapsed  2 system 0.80 temp 103.2 hbonds, Rg  66.6 A, potential     2.59
 54904 / 100001 elapsed  3 system 0.80 temp 100.3 hbonds, Rg  66.4 A, potential    30.68
 55304 / 100001 elapsed  0 system 0.80 temp 104.5 hbonds, Rg  66.6 A, potential    -7.70
 54904 / 100001 elapsed  1 system 0.80 temp 100.4 hbonds, Rg  66.6 A, potential    52.04
 55104 / 100001 elapsed  2 system 0.80 temp 101.7 hbonds, Rg  66.6 A, potential    11.93
 55004 / 100001 elapsed  3 system 0.80 temp 103.7 hbonds, Rg  66.8 A, potential   -17.39
 55404 / 100001 elapsed  0 system 0.80 temp 103.7 hbonds, Rg  66.7 A, potential   -21.23
 55004 / 100001 elapsed  1 system 0.80 temp 105.5 hbonds, Rg  66.6 A, potential    20.75
 55204 / 100001 elapsed  2 system 0.80 temp  96.4 hbonds, Rg  66.4 A, potential    23.76
 55104 / 100001 elapsed  3 system 0.80 temp  99.3 hbonds, Rg  66.7 A, potential    23.10
 55504 / 100001 elapsed  0 system 0.80 temp 105.9 hbonds, Rg  66.6 A, potential    28.13
 55104 / 100001 elapsed  1 system 0.80 temp 104.1 hbonds, Rg  66.5 A, potential    34.15
 55304 / 100001 elapsed  2 system 0.80 temp 105.0 hbonds, Rg  66.4 A, potential    -3.65
 55204 / 100001 elapsed  3 system 0.80 temp 101.5 hbonds, Rg  66.6 A, potential    24.30
 55604 / 100001 elapsed  0 system 0.80 temp 105.6 hbonds, Rg  66.4 A, potential    13.42
 55204 / 100001 elapsed  1 system 0.80 temp 106.2 hbonds, Rg  66.7 A, potential    24.88
 55404 / 100001 elapsed  2 system 0.80 temp 104.4 hbonds, Rg  66.6 A, potential   -14.84
 55304 / 100001 elapsed  3 system 0.80 temp 100.5 hbonds, Rg  66.5 A, potential    60.72
 55704 / 100001 elapsed  0 system 0.80 temp 106.0 hbonds, Rg  66.6 A, potential   -18.28
 55304 / 100001 elapsed  1 system 0.80 temp 105.3 hbonds, Rg  66.6 A, potential    10.27
 55504 / 100001 elapsed  2 system 0.80 temp 107.1 hbonds, Rg  66.6 A, potential     9.99
 55404 / 100001 elapsed  3 system 0.80 temp 101.5 hbonds, Rg  66.6 A, potential    24.58
 55804 / 100001 elapsed  0 system 0.80 temp 100.4 hbonds, Rg  66.6 A, potential    52.31
 55404 / 100001 elapsed  1 system 0.80 temp 102.9 hbonds, Rg  66.6 A, potential     8.58
 55604 / 100001 elapsed  2 system 0.80 temp 101.3 hbonds, Rg  66.4 A, potential    20.55
 55504 / 100001 elapsed  3 system 0.80 temp 103.6 hbonds, Rg  66.6 A, potential    56.23
 55904 / 100001 elapsed  0 system 0.80 temp 104.1 hbonds, Rg  66.6 A, potential    -7.45
 55504 / 100001 elapsed  1 system 0.80 temp  99.4 hbonds, Rg  66.7 A, potential    48.32
 55704 / 100001 elapsed  2 system 0.80 temp 102.2 hbonds, Rg  66.6 A, potential    24.24
 55604 / 100001 elapsed  3 system 0.80 temp  99.4 hbonds, Rg  66.5 A, potential    30.71
 56004 / 100001 elapsed  0 system 0.80 temp  99.2 hbonds, Rg  66.5 A, potential   -14.45
 55604 / 100001 elapsed  1 system 0.80 temp 102.2 hbonds, Rg  66.5 A, potential     3.81
 55804 / 100001 elapsed  2 system 0.80 temp 103.1 hbonds, Rg  66.7 A, potential    29.07
 55704 / 100001 elapsed  3 system 0.80 temp 103.4 hbonds, Rg  66.5 A, potential    23.84
 56104 / 100001 elapsed  0 system 0.80 temp 104.1 hbonds, Rg  66.5 A, potential     2.01
 55704 / 100001 elapsed  1 system 0.80 temp 105.3 hbonds, Rg  66.5 A, potential   -37.36
 55904 / 100001 elapsed  2 system 0.80 temp 103.5 hbonds, Rg  66.5 A, potential    35.45
 55804 / 100001 elapsed  3 system 0.80 temp 103.3 hbonds, Rg  66.5 A, potential    33.21
 56204 / 100001 elapsed  0 system 0.80 temp 102.1 hbonds, Rg  66.5 A, potential    -6.71
 55804 / 100001 elapsed  1 system 0.80 temp 100.9 hbonds, Rg  66.5 A, potential    17.82
 56004 / 100001 elapsed  2 system 0.80 temp 105.3 hbonds, Rg  66.6 A, potential    -2.95
 55904 / 100001 elapsed  3 system 0.80 temp 100.5 hbonds, Rg  66.7 A, potential    39.35
 56305 / 100001 elapsed  0 system 0.80 temp 101.7 hbonds, Rg  66.4 A, potential    11.02
 55904 / 100001 elapsed  1 system 0.80 temp 105.0 hbonds, Rg  66.7 A, potential    22.89
 56104 / 100001 elapsed  2 system 0.80 temp  98.6 hbonds, Rg  66.6 A, potential    19.92
 56004 / 100001 elapsed  3 system 0.80 temp 100.5 hbonds, Rg  66.5 A, potential    12.52
 56405 / 100001 elapsed  0 system 0.80 temp  97.6 hbonds, Rg  66.5 A, potential   -17.91
 56004 / 100001 elapsed  1 system 0.80 temp 105.4 hbonds, Rg  66.6 A, potential   -22.38
 56204 / 100001 elapsed  2 system 0.80 temp 101.7 hbonds, Rg  66.7 A, potential    25.18
 56104 / 100001 elapsed  3 system 0.80 temp 101.5 hbonds, Rg  66.4 A, potential    36.92
 56505 / 100001 elapsed  0 system 0.80 temp 102.2 hbonds, Rg  66.5 A, potential    -7.83
 56104 / 100001 elapsed  1 system 0.80 temp 104.3 hbonds, Rg  66.5 A, potential    25.80
 56305 / 100001 elapsed  2 system 0.80 temp 100.5 hbonds, Rg  66.6 A, potential     3.86
 56204 / 100001 elapsed  3 system 0.80 temp 100.3 hbonds, Rg  66.5 A, potential    11.71
 56605 / 100001 elapsed  0 system 0.80 temp 105.3 hbonds, Rg  66.7 A, potential    21.99
 56204 / 100001 elapsed  1 system 0.80 temp 101.6 hbonds, Rg  66.6 A, potential    -6.89
 56405 / 100001 elapsed  2 system 0.80 temp 102.2 hbonds, Rg  66.6 A, potential    49.71
 56305 / 100001 elapsed  3 system 0.80 temp 103.9 hbonds, Rg  66.4 A, potential    -5.70
 56705 / 100001 elapsed  0 system 0.80 temp 102.9 hbonds, Rg  66.4 A, potential    15.63
 56305 / 100001 elapsed  1 system 0.80 temp 107.5 hbonds, Rg  66.6 A, potential    11.40
 56505 / 100001 elapsed  2 system 0.80 temp 103.9 hbonds, Rg  66.6 A, potential     7.47
 56405 / 100001 elapsed  3 system 0.80 temp 103.1 hbonds, Rg  66.5 A, potential    34.22
 56805 / 100001 elapsed  0 system 0.80 temp 102.1 hbonds, Rg  66.5 A, potential    26.87
 56405 / 100001 elapsed  1 system 0.80 temp 102.9 hbonds, Rg  66.6 A, potential    -3.67
 56605 / 100001 elapsed  2 system 0.80 temp 105.6 hbonds, Rg  66.6 A, potential    18.21
 56505 / 100001 elapsed  3 system 0.80 temp 104.9 hbonds, Rg  66.4 A, potential     9.84
 56905 / 100001 elapsed  0 system 0.80 temp 100.6 hbonds, Rg  66.5 A, potential    14.10
 56505 / 100001 elapsed  1 system 0.80 temp 106.6 hbonds, Rg  66.7 A, potential   -19.25
 56705 / 100001 elapsed  2 system 0.80 temp 104.0 hbonds, Rg  66.6 A, potential    17.23
 56605 / 100001 elapsed  3 system 0.80 temp 101.2 hbonds, Rg  66.6 A, potential    16.63
 57005 / 100001 elapsed  0 system 0.80 temp 103.4 hbonds, Rg  66.5 A, potential    28.80
 56605 / 100001 elapsed  1 system 0.80 temp  95.4 hbonds, Rg  66.4 A, potential    18.66
 56805 / 100001 elapsed  2 system 0.80 temp 101.2 hbonds, Rg  66.6 A, potential    24.97
 56705 / 100001 elapsed  3 system 0.80 temp 101.8 hbonds, Rg  66.5 A, potential     9.81
 57105 / 100001 elapsed  0 system 0.80 temp 104.4 hbonds, Rg  66.6 A, potential    -9.99
 56705 / 100001 elapsed  1 system 0.80 temp 104.4 hbonds, Rg  66.5 A, potential    12.64
 56905 / 100001 elapsed  2 system 0.80 temp 107.0 hbonds, Rg  66.5 A, potential     7.31
 56805 / 100001 elapsed  3 system 0.80 temp 107.0 hbonds, Rg  66.6 A, potential   -22.34
 56805 / 100001 elapsed  1 system 0.80 temp 107.3 hbonds, Rg  66.6 A, potential   -26.23
 57205 / 100001 elapsed  0 system 0.80 temp 106.8 hbonds, Rg  66.5 A, potential    -2.95
 57005 / 100001 elapsed  2 system 0.80 temp 101.6 hbonds, Rg  66.5 A, potential    18.50
 56905 / 100001 elapsed  3 system 0.80 temp 100.3 hbonds, Rg  66.6 A, potential    10.41
 56905 / 100001 elapsed  1 system 0.80 temp 103.9 hbonds, Rg  66.7 A, potential   -24.11
 57305 / 100001 elapsed  0 system 0.80 temp 104.2 hbonds, Rg  66.6 A, potential     8.91
 57105 / 100001 elapsed  2 system 0.80 temp  99.9 hbonds, Rg  66.6 A, potential    16.48
 57005 / 100001 elapsed  3 system 0.80 temp 106.1 hbonds, Rg  66.6 A, potential    -3.46
 57005 / 100001 elapsed  1 system 0.80 temp 104.0 hbonds, Rg  66.7 A, potential   -13.92
 57405 / 100001 elapsed  0 system 0.80 temp  99.0 hbonds, Rg  66.6 A, potential    13.86
 57205 / 100001 elapsed  2 system 0.80 temp 101.0 hbonds, Rg  66.4 A, potential    55.62
 57105 / 100001 elapsed  3 system 0.80 temp 102.2 hbonds, Rg  66.6 A, potential    10.43
 57105 / 100001 elapsed  1 system 0.80 temp 104.8 hbonds, Rg  66.5 A, potential     1.10
 57505 / 100001 elapsed  0 system 0.80 temp 100.8 hbonds, Rg  66.7 A, potential    19.74
 57305 / 100001 elapsed  2 system 0.80 temp 103.1 hbonds, Rg  66.6 A, potential   -21.13
 57205 / 100001 elapsed  3 system 0.80 temp 100.9 hbonds, Rg  66.6 A, potential     3.95
 57205 / 100001 elapsed  1 system 0.80 temp 102.6 hbonds, Rg  66.6 A, potential    36.24
 57605 / 100001 elapsed  0 system 0.80 temp 102.6 hbonds, Rg  66.5 A, potential    36.63
 57405 / 100001 elapsed  2 system 0.80 temp 101.3 hbonds, Rg  66.7 A, potential    31.80
 57305 / 100001 elapsed  3 system 0.80 temp 105.4 hbonds, Rg  66.7 A, potential    42.57
 57305 / 100001 elapsed  1 system 0.80 temp 102.8 hbonds, Rg  66.5 A, potential    25.35
 57705 / 100001 elapsed  0 system 0.80 temp 104.3 hbonds, Rg  66.5 A, potential   -12.55
 57505 / 100001 elapsed  2 system 0.80 temp 101.0 hbonds, Rg  66.7 A, potential    32.50
 57405 / 100001 elapsed  3 system 0.80 temp 102.6 hbonds, Rg  66.5 A, potential    16.91
 57405 / 100001 elapsed  1 system 0.80 temp 101.4 hbonds, Rg  66.3 A, potential    -0.02
 57805 / 100001 elapsed  0 system 0.80 temp  97.8 hbonds, Rg  66.6 A, potential    43.35
 57605 / 100001 elapsed  2 system 0.80 temp 101.8 hbonds, Rg  66.5 A, potential    16.78
 57505 / 100001 elapsed  3 system 0.80 temp 106.7 hbonds, Rg  66.7 A, potential   -20.69
 57505 / 100001 elapsed  1 system 0.80 temp  99.0 hbonds, Rg  66.6 A, potential    34.04
 57905 / 100001 elapsed  0 system 0.80 temp 107.3 hbonds, Rg  66.5 A, potential    39.55
 57705 / 100001 elapsed  2 system 0.80 temp 102.7 hbonds, Rg  66.7 A, potential    28.47
 57605 / 100001 elapsed  3 system 0.80 temp 105.1 hbonds, Rg  66.5 A, potential    24.59
 57605 / 100001 elapsed  1 system 0.80 temp 104.0 hbonds, Rg  66.6 A, potential     4.97
 58005 / 100001 elapsed  0 system 0.80 temp 102.3 hbonds, Rg  66.4 A, potential    18.93
 57805 / 100001 elapsed  2 system 0.80 temp 103.7 hbonds, Rg  66.4 A, potential     6.90
 57705 / 100001 elapsed  3 system 0.80 temp 105.2 hbonds, Rg  66.4 A, potential    -9.32
 57705 / 100001 elapsed  1 system 0.80 temp 101.4 hbonds, Rg  66.7 A, potential    38.13
 58105 / 100001 elapsed  0 system 0.80 temp  99.7 hbonds, Rg  66.4 A, potential    28.56
 57905 / 100001 elapsed  2 system 0.80 temp 102.6 hbonds, Rg  66.6 A, potential    23.60
 57805 / 100001 elapsed  3 system 0.80 temp 105.3 hbonds, Rg  66.7 A, potential    18.63
 57805 / 100001 elapsed  1 system 0.80 temp 103.7 hbonds, Rg  66.4 A, potential    17.49
 58205 / 100001 elapsed  0 system 0.80 temp 106.9 hbonds, Rg  66.7 A, potential    27.65
 58005 / 100001 elapsed  2 system 0.80 temp 102.2 hbonds, Rg  66.6 A, potential    28.59
 57905 / 100001 elapsed  3 system 0.80 temp 106.8 hbonds, Rg  66.5 A, potential    -4.44
 57905 / 100001 elapsed  1 system 0.80 temp 106.4 hbonds, Rg  66.4 A, potential   -13.91
 58305 / 100001 elapsed  0 system 0.80 temp 103.1 hbonds, Rg  66.5 A, potential   -12.24
 58105 / 100001 elapsed  2 system 0.80 temp  99.1 hbonds, Rg  66.4 A, potential     9.37
 58005 / 100001 elapsed  3 system 0.80 temp 103.1 hbonds, Rg  66.6 A, potential     0.44
 58005 / 100001 elapsed  1 system 0.80 temp  98.1 hbonds, Rg  66.5 A, potential    26.58
 58405 / 100001 elapsed  0 system 0.80 temp 101.0 hbonds, Rg  66.5 A, potential    26.28
 58205 / 100001 elapsed  2 system 0.80 temp 104.2 hbonds, Rg  66.5 A, potential   -25.95
 58105 / 100001 elapsed  3 system 0.80 temp 101.4 hbonds, Rg  66.6 A, potential    41.63
 58105 / 100001 elapsed  1 system 0.80 temp 101.3 hbonds, Rg  66.5 A, potential     0.07
 58505 / 100001 elapsed  0 system 0.80 temp 103.7 hbonds, Rg  66.6 A, potential    41.44
 58305 / 100001 elapsed  2 system 0.80 temp 100.4 hbonds, Rg  66.7 A, potential    31.27
 58205 / 100001 elapsed  3 system 0.80 temp 105.8 hbonds, Rg  66.5 A, potential    12.34
 58205 / 100001 elapsed  1 system 0.80 temp 102.9 hbonds, Rg  66.6 A, potential    26.59
 58605 / 100001 elapsed  0 system 0.80 temp 106.5 hbonds, Rg  66.4 A, potential    13.38
 58405 / 100001 elapsed  2 system 0.80 temp 103.3 hbonds, Rg  66.6 A, potential    13.21
 58305 / 100001 elapsed  3 system 0.80 temp 104.7 hbonds, Rg  66.5 A, potential    26.55
 58305 / 100001 elapsed  1 system 0.80 temp 101.3 hbonds, Rg  66.7 A, potential   -17.32
 58705 / 100001 elapsed  0 system 0.80 temp 101.7 hbonds, Rg  66.6 A, potential    -4.21
 58505 / 100001 elapsed  2 system 0.80 temp 103.5 hbonds, Rg  66.7 A, potential     5.87
 58405 / 100001 elapsed  3 system 0.80 temp 106.8 hbonds, Rg  66.6 A, potential    29.06
 58405 / 100001 elapsed  1 system 0.80 temp  99.6 hbonds, Rg  66.6 A, potential    11.40
 58805 / 100001 elapsed  0 system 0.80 temp 106.5 hbonds, Rg  66.5 A, potential    39.90
 58605 / 100001 elapsed  2 system 0.80 temp 101.4 hbonds, Rg  66.5 A, potential    21.18
 58505 / 100001 elapsed  3 system 0.80 temp  99.8 hbonds, Rg  66.6 A, potential    25.34
 58505 / 100001 elapsed  1 system 0.80 temp 104.1 hbonds, Rg  66.7 A, potential    29.16
 58905 / 100001 elapsed  0 system 0.80 temp 101.6 hbonds, Rg  66.6 A, potential    36.34
 58705 / 100001 elapsed  2 system 0.80 temp 100.8 hbonds, Rg  66.5 A, potential    23.62
 58605 / 100001 elapsed  3 system 0.80 temp  95.9 hbonds, Rg  66.6 A, potential    31.78
 58605 / 100001 elapsed  1 system 0.80 temp 102.5 hbonds, Rg  66.6 A, potential     0.78
 59005 / 100001 elapsed  0 system 0.80 temp 103.6 hbonds, Rg  66.5 A, potential   -13.71
 58805 / 100001 elapsed  2 system 0.80 temp 101.2 hbonds, Rg  66.6 A, potential     9.34
 58705 / 100001 elapsed  3 system 0.80 temp 103.6 hbonds, Rg  66.6 A, potential    31.25
 58705 / 100001 elapsed  1 system 0.80 temp 107.3 hbonds, Rg  66.6 A, potential     7.27
 59105 / 100001 elapsed  0 system 0.80 temp 105.8 hbonds, Rg  66.5 A, potential    -3.93
 58905 / 100001 elapsed  2 system 0.80 temp 104.2 hbonds, Rg  66.5 A, potential    23.41
 58805 / 100001 elapsed  3 system 0.80 temp 101.1 hbonds, Rg  66.6 A, potential    19.10
 58805 / 100001 elapsed  1 system 0.80 temp 101.2 hbonds, Rg  66.4 A, potential    20.40
 59205 / 100001 elapsed  0 system 0.80 temp 101.5 hbonds, Rg  66.6 A, potential    38.82
 59005 / 100001 elapsed  2 system 0.80 temp 104.3 hbonds, Rg  66.7 A, potential     7.42
 58905 / 100001 elapsed  3 system 0.80 temp 101.2 hbonds, Rg  66.4 A, potential    11.03
 58905 / 100001 elapsed  1 system 0.80 temp 103.7 hbonds, Rg  66.7 A, potential    18.95
 59305 / 100001 elapsed  0 system 0.80 temp 103.7 hbonds, Rg  66.6 A, potential    11.90
 59105 / 100001 elapsed  2 system 0.80 temp 105.9 hbonds, Rg  66.6 A, potential    12.62
 59005 / 100001 elapsed  3 system 0.80 temp 106.2 hbonds, Rg  66.5 A, potential     4.91
 59005 / 100001 elapsed  1 system 0.80 temp 104.9 hbonds, Rg  66.7 A, potential    26.27
 59405 / 100001 elapsed  0 system 0.80 temp 100.7 hbonds, Rg  66.6 A, potential    16.91
 59205 / 100001 elapsed  2 system 0.80 temp 104.4 hbonds, Rg  66.5 A, potential    -7.05
 59105 / 100001 elapsed  3 system 0.80 temp 100.8 hbonds, Rg  66.7 A, potential     5.10
 59105 / 100001 elapsed  1 system 0.80 temp 105.9 hbonds, Rg  66.5 A, potential    16.59
 59505 / 100001 elapsed  0 system 0.80 temp  99.3 hbonds, Rg  66.4 A, potential    20.78
 59305 / 100001 elapsed  2 system 0.80 temp 102.4 hbonds, Rg  66.5 A, potential    -7.11
 59205 / 100001 elapsed  3 system 0.80 temp 102.1 hbonds, Rg  66.6 A, potential    -9.85
 59205 / 100001 elapsed  1 system 0.80 temp 106.1 hbonds, Rg  66.4 A, potential    20.10
 59605 / 100001 elapsed  0 system 0.80 temp 103.1 hbonds, Rg  66.5 A, potential    -1.83
 59405 / 100001 elapsed  2 system 0.80 temp 107.1 hbonds, Rg  66.6 A, potential   -23.45
 59305 / 100001 elapsed  3 system 0.80 temp 102.7 hbonds, Rg  66.6 A, potential    17.57
 59305 / 100001 elapsed  1 system 0.80 temp 101.0 hbonds, Rg  66.6 A, potential     0.89
 59705 / 100001 elapsed  0 system 0.80 temp 103.1 hbonds, Rg  66.6 A, potential     5.07
 59505 / 100001 elapsed  2 system 0.80 temp 103.5 hbonds, Rg  66.5 A, potential    18.67
 59405 / 100001 elapsed  3 system 0.80 temp 103.1 hbonds, Rg  66.5 A, potential   -16.37
 59405 / 100001 elapsed  1 system 0.80 temp 101.3 hbonds, Rg  66.7 A, potential    20.00
 59805 / 100001 elapsed  0 system 0.80 temp 102.9 hbonds, Rg  66.4 A, potential     7.00
 59605 / 100001 elapsed  2 system 0.80 temp 104.7 hbonds, Rg  66.7 A, potential    -3.93
 59505 / 100001 elapsed  3 system 0.80 temp 106.0 hbonds, Rg  66.6 A, potential    -4.15
 59505 / 100001 elapsed  1 system 0.80 temp 103.3 hbonds, Rg  66.5 A, potential    33.41
 59905 / 100001 elapsed  0 system 0.80 temp 100.5 hbonds, Rg  66.4 A, potential     2.07
 59705 / 100001 elapsed  2 system 0.80 temp 102.8 hbonds, Rg  66.5 A, potential    33.70
 59605 / 100001 elapsed  3 system 0.80 temp 105.1 hbonds, Rg  66.5 A, potential    20.60
 59605 / 100001 elapsed  1 system 0.80 temp 104.9 hbonds, Rg  66.5 A, potential     4.97
 60005 / 100001 elapsed  0 system 0.80 temp 105.4 hbonds, Rg  66.5 A, potential     0.59
 59805 / 100001 elapsed  2 system 0.80 temp 106.6 hbonds, Rg  66.5 A, potential    -5.51
 59705 / 100001 elapsed  3 system 0.80 temp 106.3 hbonds, Rg  66.5 A, potential   -20.61
 59705 / 100001 elapsed  1 system 0.80 temp 103.6 hbonds, Rg  66.6 A, potential     9.34
 60105 / 100001 elapsed  0 system 0.80 temp 101.8 hbonds, Rg  66.4 A, potential     1.56
 59905 / 100001 elapsed  2 system 0.80 temp 101.1 hbonds, Rg  66.5 A, potential    26.19
 59805 / 100001 elapsed  3 system 0.80 temp  99.8 hbonds, Rg  66.4 A, potential    29.77
 59805 / 100001 elapsed  1 system 0.80 temp  98.4 hbonds, Rg  66.7 A, potential    50.69
 60205 / 100001 elapsed  0 system 0.80 temp 106.4 hbonds, Rg  66.5 A, potential    -3.62
 60005 / 100001 elapsed  2 system 0.80 temp 102.8 hbonds, Rg  66.6 A, potential    51.66
 59905 / 100001 elapsed  3 system 0.80 temp 103.0 hbonds, Rg  66.4 A, potential    25.11
 59905 / 100001 elapsed  1 system 0.80 temp 102.7 hbonds, Rg  66.6 A, potential     9.06
 60305 / 100001 elapsed  0 system 0.80 temp 103.2 hbonds, Rg  66.4 A, potential    29.33
 60105 / 100001 elapsed  2 system 0.80 temp 102.4 hbonds, Rg  66.5 A, potential     6.14
 60005 / 100001 elapsed  3 system 0.80 temp 102.8 hbonds, Rg  66.6 A, potential    76.22
 60005 / 100001 elapsed  1 system 0.80 temp 107.7 hbonds, Rg  66.5 A, potential    22.28
 60405 / 100001 elapsed  0 system 0.80 temp 104.1 hbonds, Rg  66.5 A, potential    25.05
 60205 / 100001 elapsed  2 system 0.80 temp 100.9 hbonds, Rg  66.6 A, potential    45.84
 60105 / 100001 elapsed  3 system 0.80 temp 104.1 hbonds, Rg  66.3 A, potential    30.09
 60105 / 100001 elapsed  1 system 0.80 temp 101.2 hbonds, Rg  66.5 A, potential    -0.59
 60505 / 100001 elapsed  0 system 0.80 temp  96.4 hbonds, Rg  66.7 A, potential    10.69
 60305 / 100001 elapsed  2 system 0.80 temp 104.4 hbonds, Rg  66.5 A, potential   -27.98
 60205 / 100001 elapsed  3 system 0.80 temp 104.0 hbonds, Rg  66.8 A, potential    -4.87
 60205 / 100001 elapsed  1 system 0.80 temp 104.3 hbonds, Rg  66.4 A, potential    15.99
 60605 / 100001 elapsed  0 system 0.80 temp  99.8 hbonds, Rg  66.6 A, potential    12.41
 60405 / 100001 elapsed  2 system 0.80 temp 104.8 hbonds, Rg  66.5 A, potential   -31.95
 60305 / 100001 elapsed  3 system 0.80 temp 102.2 hbonds, Rg  66.6 A, potential    65.48
 60305 / 100001 elapsed  1 system 0.80 temp 103.9 hbonds, Rg  66.6 A, potential    -1.63
 60705 / 100001 elapsed  0 system 0.80 temp 100.7 hbonds, Rg  66.5 A, potential   -13.52
 60505 / 100001 elapsed  2 system 0.80 temp 102.3 hbonds, Rg  66.6 A, potential    35.81
 60405 / 100001 elapsed  3 system 0.80 temp 104.7 hbonds, Rg  66.7 A, potential    -7.00
 60405 / 100001 elapsed  1 system 0.80 temp 105.1 hbonds, Rg  66.7 A, potential    18.57
 60805 / 100001 elapsed  0 system 0.80 temp 103.2 hbonds, Rg  66.6 A, potential     6.51
 60605 / 100001 elapsed  2 system 0.80 temp 103.1 hbonds, Rg  66.5 A, potential   -13.65
 60505 / 100001 elapsed  3 system 0.80 temp 105.3 hbonds, Rg  66.5 A, potential    25.32
 60505 / 100001 elapsed  1 system 0.80 temp  99.1 hbonds, Rg  66.6 A, potential    63.61
 60905 / 100001 elapsed  0 system 0.80 temp 101.5 hbonds, Rg  66.6 A, potential    -8.15
 60705 / 100001 elapsed  2 system 0.80 temp 105.3 hbonds, Rg  66.5 A, potential    -0.49
 60605 / 100001 elapsed  3 system 0.80 temp 103.5 hbonds, Rg  66.6 A, potential    37.55
 60605 / 100001 elapsed  1 system 0.80 temp 104.3 hbonds, Rg  66.6 A, potential    -3.56
 61005 / 100001 elapsed  0 system 0.80 temp 107.4 hbonds, Rg  66.5 A, potential     9.11
 60805 / 100001 elapsed  2 system 0.80 temp 107.2 hbonds, Rg  66.6 A, potential   -19.25
 60705 / 100001 elapsed  3 system 0.80 temp 106.1 hbonds, Rg  66.6 A, potential   -21.12
 60705 / 100001 elapsed  1 system 0.80 temp 101.7 hbonds, Rg  66.6 A, potential   -35.26
 61105 / 100001 elapsed  0 system 0.80 temp 106.1 hbonds, Rg  66.5 A, potential    -4.07
 60905 / 100001 elapsed  2 system 0.80 temp 102.5 hbonds, Rg  66.6 A, potential    57.42
 60805 / 100001 elapsed  3 system 0.80 temp 106.3 hbonds, Rg  66.5 A, potential     6.65
 60805 / 100001 elapsed  1 system 0.80 temp  99.2 hbonds, Rg  66.4 A, potential    21.47
 61205 / 100001 elapsed  0 system 0.80 temp 100.2 hbonds, Rg  66.4 A, potential     0.80
 61005 / 100001 elapsed  2 system 0.80 temp 102.5 hbonds, Rg  66.7 A, potential    21.63
 60905 / 100001 elapsed  3 system 0.80 temp 102.1 hbonds, Rg  66.5 A, potential    34.67
 60905 / 100001 elapsed  1 system 0.80 temp 100.5 hbonds, Rg  66.6 A, potential    63.86
 61305 / 100001 elapsed  0 system 0.80 temp 108.8 hbonds, Rg  66.7 A, potential    29.46
 61105 / 100001 elapsed  2 system 0.80 temp 103.5 hbonds, Rg  66.4 A, potential    10.75
 61005 / 100001 elapsed  3 system 0.80 temp 103.5 hbonds, Rg  66.7 A, potential    41.79
 61005 / 100001 elapsed  1 system 0.80 temp 102.3 hbonds, Rg  66.4 A, potential     0.99
 61405 / 100001 elapsed  0 system 0.80 temp 103.3 hbonds, Rg  66.6 A, potential    19.30
 61205 / 100001 elapsed  2 system 0.80 temp 103.5 hbonds, Rg  66.6 A, potential   -14.27
 61105 / 100001 elapsed  3 system 0.80 temp 105.2 hbonds, Rg  66.6 A, potential    21.26
 61105 / 100001 elapsed  1 system 0.80 temp 102.0 hbonds, Rg  66.6 A, potential    54.97
 61505 / 100001 elapsed  0 system 0.80 temp 100.3 hbonds, Rg  66.4 A, potential    31.96
 61305 / 100001 elapsed  2 system 0.80 temp  99.6 hbonds, Rg  66.7 A, potential    40.66
 61205 / 100001 elapsed  3 system 0.80 temp 105.0 hbonds, Rg  66.5 A, potential   -11.49
 61205 / 100001 elapsed  1 system 0.80 temp  99.2 hbonds, Rg  66.6 A, potential    51.05
 61605 / 100001 elapsed  0 system 0.80 temp 105.7 hbonds, Rg  66.6 A, potential    22.74
 61405 / 100001 elapsed  2 system 0.80 temp 101.8 hbonds, Rg  66.6 A, potential     1.25
 61305 / 100001 elapsed  3 system 0.80 temp 100.4 hbonds, Rg  66.7 A, potential     5.87
 61305 / 100001 elapsed  1 system 0.80 temp 103.7 hbonds, Rg  66.5 A, potential     2.05
 61705 / 100001 elapsed  0 system 0.80 temp 105.0 hbonds, Rg  66.6 A, potential    25.89
 61505 / 100001 elapsed  2 system 0.80 temp 105.5 hbonds, Rg  66.5 A, potential    -6.92
 61405 / 100001 elapsed  3 system 0.80 temp 104.7 hbonds, Rg  66.6 A, potential    38.48
 61405 / 100001 elapsed  1 system 0.80 temp 105.2 hbonds, Rg  66.4 A, potential    32.97
 61805 / 100001 elapsed  0 system 0.80 temp 102.6 hbonds, Rg  66.7 A, potential    11.54
 61605 / 100001 elapsed  2 system 0.80 temp 104.5 hbonds, Rg  66.7 A, potential   -17.17
 61505 / 100001 elapsed  3 system 0.80 temp 101.6 hbonds, Rg  66.5 A, potential    17.23
 61505 / 100001 elapsed  1 system 0.80 temp 102.9 hbonds, Rg  66.7 A, potential    31.71
 61905 / 100001 elapsed  0 system 0.80 temp 105.2 hbonds, Rg  66.6 A, potential   -24.94
 61705 / 100001 elapsed  2 system 0.80 temp 101.7 hbonds, Rg  66.4 A, potential    29.64
 61605 / 100001 elapsed  3 system 0.80 temp 103.2 hbonds, Rg  66.7 A, potential    38.33
 61605 / 100001 elapsed  1 system 0.80 temp 103.6 hbonds, Rg  66.5 A, potential    30.23
 62005 / 100001 elapsed  0 system 0.80 temp 106.2 hbonds, Rg  66.5 A, potential   -24.63
 61805 / 100001 elapsed  2 system 0.80 temp 105.1 hbonds, Rg  66.7 A, potential    20.34
 61705 / 100001 elapsed  3 system 0.80 temp 104.8 hbonds, Rg  66.7 A, potential    41.47
 61705 / 100001 elapsed  1 system 0.80 temp 106.8 hbonds, Rg  66.6 A, potential   -10.17
 62105 / 100001 elapsed  0 system 0.80 temp 102.0 hbonds, Rg  66.5 A, potential    30.12
 61905 / 100001 elapsed  2 system 0.80 temp 101.7 hbonds, Rg  66.7 A, potential    16.76
 61805 / 100001 elapsed  3 system 0.80 temp 103.2 hbonds, Rg  66.5 A, potential    39.80
 61805 / 100001 elapsed  1 system 0.80 temp 102.1 hbonds, Rg  66.5 A, potential    12.54
 62205 / 100001 elapsed  0 system 0.80 temp 104.2 hbonds, Rg  66.5 A, potential   -32.81
 62005 / 100001 elapsed  2 system 0.80 temp 101.8 hbonds, Rg  66.5 A, potential    34.19
 61905 / 100001 elapsed  3 system 0.80 temp 105.7 hbonds, Rg  66.7 A, potential    46.90
 61905 / 100001 elapsed  1 system 0.80 temp 101.5 hbonds, Rg  66.6 A, potential    38.46
 62305 / 100001 elapsed  0 system 0.80 temp 100.8 hbonds, Rg  66.7 A, potential    13.59
 62105 / 100001 elapsed  2 system 0.80 temp  96.3 hbonds, Rg  66.4 A, potential    28.89
 62005 / 100001 elapsed  3 system 0.80 temp 103.0 hbonds, Rg  66.6 A, potential    47.44
 62005 / 100001 elapsed  1 system 0.80 temp 102.4 hbonds, Rg  66.6 A, potential    38.60
 62405 / 100001 elapsed  0 system 0.80 temp 100.8 hbonds, Rg  66.6 A, potential     9.65
 62205 / 100001 elapsed  2 system 0.80 temp 104.4 hbonds, Rg  66.8 A, potential    34.46
 62105 / 100001 elapsed  3 system 0.80 temp 100.8 hbonds, Rg  66.5 A, potential    26.22
 62105 / 100001 elapsed  1 system 0.80 temp 101.5 hbonds, Rg  66.4 A, potential    -8.91
 62505 / 100001 elapsed  0 system 0.80 temp 103.1 hbonds, Rg  66.4 A, potential    -7.46
 62305 / 100001 elapsed  2 system 0.80 temp  94.3 hbonds, Rg  66.5 A, potential    38.81
 62205 / 100001 elapsed  3 system 0.80 temp  95.7 hbonds, Rg  66.6 A, potential     4.76
 62205 / 100001 elapsed  1 system 0.80 temp 104.9 hbonds, Rg  66.5 A, potential     2.32
 62605 / 100001 elapsed  0 system 0.80 temp  97.4 hbonds, Rg  66.7 A, potential    56.25
 62405 / 100001 elapsed  2 system 0.80 temp  97.6 hbonds, Rg  66.6 A, potential    36.96
 62305 / 100001 elapsed  3 system 0.80 temp 105.3 hbonds, Rg  66.6 A, potential     8.69
 62305 / 100001 elapsed  1 system 0.80 temp 103.9 hbonds, Rg  66.5 A, potential     3.30
 62705 / 100001 elapsed  0 system 0.80 temp 103.2 hbonds, Rg  66.7 A, potential    19.54
 62505 / 100001 elapsed  2 system 0.80 temp 101.3 hbonds, Rg  66.5 A, potential    31.30
 62405 / 100001 elapsed  3 system 0.80 temp 107.6 hbonds, Rg  66.7 A, potential    15.14
 62405 / 100001 elapsed  1 system 0.80 temp 100.8 hbonds, Rg  66.7 A, potential     4.04
 62805 / 100001 elapsed  0 system 0.80 temp  97.9 hbonds, Rg  66.5 A, potential    20.35
 62605 / 100001 elapsed  2 system 0.80 temp 103.6 hbonds, Rg  66.4 A, potential    11.13
 62505 / 100001 elapsed  3 system 0.80 temp 105.2 hbonds, Rg  66.6 A, potential    29.85
 62505 / 100001 elapsed  1 system 0.80 temp 106.5 hbonds, Rg  66.6 A, potential   -13.02
 62905 / 100001 elapsed  0 system 0.80 temp 100.3 hbonds, Rg  66.5 A, potential    32.35
 62705 / 100001 elapsed  2 system 0.80 temp 103.9 hbonds, Rg  66.6 A, potential    13.49
 62605 / 100001 elapsed  3 system 0.80 temp 103.3 hbonds, Rg  66.6 A, potential    25.03
 62605 / 100001 elapsed  1 system 0.80 temp 105.2 hbonds, Rg  66.6 A, potential     0.08
 63005 / 100001 elapsed  0 system 0.80 temp  99.6 hbonds, Rg  66.6 A, potential    33.99
 62805 / 100001 elapsed  2 system 0.80 temp 102.4 hbonds, Rg  66.5 A, potential   -11.96
 62705 / 100001 elapsed  3 system 0.80 temp 103.6 hbonds, Rg  66.5 A, potential    39.73
 62705 / 100001 elapsed  1 system 0.80 temp 105.6 hbonds, Rg  66.6 A, potential     8.45
 63105 / 100001 elapsed  0 system 0.80 temp 106.1 hbonds, Rg  66.4 A, potential    -1.37
 62905 / 100001 elapsed  2 system 0.80 temp 103.0 hbonds, Rg  66.4 A, potential    31.96
 62805 / 100001 elapsed  3 system 0.80 temp 104.8 hbonds, Rg  66.6 A, potential    24.58
 62805 / 100001 elapsed  1 system 0.80 temp  99.6 hbonds, Rg  66.5 A, potential    69.29
 63205 / 100001 elapsed  0 system 0.80 temp 101.3 hbonds, Rg  66.6 A, potential     8.53
 63005 / 100001 elapsed  2 system 0.80 temp 103.6 hbonds, Rg  66.6 A, potential     5.75
 62905 / 100001 elapsed  3 system 0.80 temp 101.4 hbonds, Rg  66.7 A, potential    64.40
 62905 / 100001 elapsed  1 system 0.80 temp 100.9 hbonds, Rg  66.7 A, potential    16.06
 63305 / 100001 elapsed  0 system 0.80 temp 104.4 hbonds, Rg  66.7 A, potential    -7.56
 63105 / 100001 elapsed  2 system 0.80 temp 102.7 hbonds, Rg  66.5 A, potential    32.62
 63005 / 100001 elapsed  3 system 0.80 temp 103.5 hbonds, Rg  66.5 A, potential     8.75
 63005 / 100001 elapsed  1 system 0.80 temp 103.2 hbonds, Rg  66.6 A, potential    24.84
 63405 / 100001 elapsed  0 system 0.80 temp 104.6 hbonds, Rg  66.6 A, potential    14.25
 63205 / 100001 elapsed  2 system 0.80 temp 103.6 hbonds, Rg  66.5 A, potential   -24.70
 63105 / 100001 elapsed  3 system 0.80 temp 106.5 hbonds, Rg  66.7 A, potential    13.84
 63105 / 100001 elapsed  1 system 0.80 temp 103.1 hbonds, Rg  66.7 A, potential     2.69
 63505 / 100001 elapsed  0 system 0.80 temp 103.9 hbonds, Rg  66.5 A, potential    16.97
 63305 / 100001 elapsed  2 system 0.80 temp 101.9 hbonds, Rg  66.5 A, potential    -3.98
 63205 / 100001 elapsed  3 system 0.80 temp 104.2 hbonds, Rg  66.6 A, potential     9.93
 63205 / 100001 elapsed  1 system 0.80 temp 103.4 hbonds, Rg  66.5 A, potential    25.69
 63605 / 100001 elapsed  0 system 0.80 temp 102.0 hbonds, Rg  66.5 A, potential     6.99
 63405 / 100001 elapsed  2 system 0.80 temp 106.7 hbonds, Rg  66.5 A, potential    31.54
 63305 / 100001 elapsed  3 system 0.80 temp 101.2 hbonds, Rg  66.5 A, potential    63.41
 63305 / 100001 elapsed  1 system 0.80 temp  99.8 hbonds, Rg  66.6 A, potential     2.23
 63705 / 100001 elapsed  0 system 0.80 temp 103.4 hbonds, Rg  66.6 A, potential    35.42
 63505 / 100001 elapsed  2 system 0.80 temp 103.6 hbonds, Rg  66.5 A, potential    33.83
 63405 / 100001 elapsed  3 system 0.80 temp 102.3 hbonds, Rg  66.7 A, potential    21.27
 63405 / 100001 elapsed  1 system 0.80 temp 104.4 hbonds, Rg  66.4 A, potential    -0.44
 63805 / 100001 elapsed  0 system 0.80 temp 103.1 hbonds, Rg  66.4 A, potential    -8.29
 63605 / 100001 elapsed  2 system 0.80 temp 103.6 hbonds, Rg  66.5 A, potential    43.19
 63505 / 100001 elapsed  3 system 0.80 temp 107.1 hbonds, Rg  66.5 A, potential     4.06
 63505 / 100001 elapsed  1 system 0.80 temp 106.5 hbonds, Rg  66.5 A, potential    -1.04
 63905 / 100001 elapsed  0 system 0.80 temp 102.8 hbonds, Rg  66.5 A, potential    30.76
 63705 / 100001 elapsed  2 system 0.80 temp 101.8 hbonds, Rg  66.5 A, potential     8.60
 63605 / 100001 elapsed  3 system 0.80 temp 102.7 hbonds, Rg  66.5 A, potential    35.44
 63605 / 100001 elapsed  1 system 0.80 temp 101.5 hbonds, Rg  66.6 A, potential   -14.98
 64005 / 100001 elapsed  0 system 0.80 temp 100.2 hbonds, Rg  66.6 A, potential     0.08
 63805 / 100001 elapsed  2 system 0.80 temp 102.8 hbonds, Rg  66.8 A, potential    20.74
 63705 / 100001 elapsed  3 system 0.80 temp 107.0 hbonds, Rg  66.6 A, potential    34.67
 63705 / 100001 elapsed  1 system 0.80 temp 104.4 hbonds, Rg  66.5 A, potential    -9.59
 64105 / 100001 elapsed  0 system 0.80 temp 110.0 hbonds, Rg  66.3 A, potential    31.56
 63905 / 100001 elapsed  2 system 0.80 temp 102.0 hbonds, Rg  66.5 A, potential    35.56
 63805 / 100001 elapsed  3 system 0.80 temp 107.3 hbonds, Rg  66.5 A, potential    18.27
 63805 / 100001 elapsed  1 system 0.80 temp 104.9 hbonds, Rg  66.5 A, potential    10.24
 64205 / 100001 elapsed  0 system 0.80 temp 107.7 hbonds, Rg  66.5 A, potential    11.80
 64005 / 100001 elapsed  2 system 0.80 temp  97.5 hbonds, Rg  66.5 A, potential    29.68
 63905 / 100001 elapsed  3 system 0.80 temp 104.4 hbonds, Rg  66.6 A, potential   -21.85
 63905 / 100001 elapsed  1 system 0.80 temp 102.8 hbonds, Rg  66.6 A, potential     3.91
 64305 / 100001 elapsed  0 system 0.80 temp 107.5 hbonds, Rg  66.6 A, potential    14.14
 64105 / 100001 elapsed  2 system 0.80 temp 103.0 hbonds, Rg  66.5 A, potential     8.88
 64005 / 100001 elapsed  3 system 0.80 temp 103.6 hbonds, Rg  66.4 A, potential    21.29
 64005 / 100001 elapsed  1 system 0.80 temp 105.7 hbonds, Rg  66.5 A, potential    -4.30
 64405 / 100001 elapsed  0 system 0.80 temp 104.2 hbonds, Rg  66.5 A, potential   -11.97
 64205 / 100001 elapsed  2 system 0.80 temp 100.6 hbonds, Rg  66.5 A, potential    -9.70
 64105 / 100001 elapsed  3 system 0.80 temp 105.9 hbonds, Rg  66.4 A, potential   -15.02
 64105 / 100001 elapsed  1 system 0.80 temp 101.5 hbonds, Rg  66.6 A, potential     9.19
 64505 / 100001 elapsed  0 system 0.80 temp 100.4 hbonds, Rg  66.6 A, potential    11.41
 64305 / 100001 elapsed  2 system 0.80 temp 105.0 hbonds, Rg  66.5 A, potential    28.88
 64205 / 100001 elapsed  3 system 0.80 temp 105.2 hbonds, Rg  66.6 A, potential     2.07
 64205 / 100001 elapsed  1 system 0.80 temp 102.1 hbonds, Rg  66.7 A, potential    30.21
 64605 / 100001 elapsed  0 system 0.80 temp 101.2 hbonds, Rg  66.6 A, potential     9.28
 64405 / 100001 elapsed  2 system 0.80 temp 102.4 hbonds, Rg  66.7 A, potential   -27.44
 64305 / 100001 elapsed  3 system 0.80 temp 105.7 hbonds, Rg  66.6 A, potential     3.89
 64305 / 100001 elapsed  1 system 0.80 temp 105.6 hbonds, Rg  66.6 A, potential    16.93
 64705 / 100001 elapsed  0 system 0.80 temp 102.9 hbonds, Rg  66.5 A, potential    27.52
 64505 / 100001 elapsed  2 system 0.80 temp 103.0 hbonds, Rg  66.6 A, potential    46.00
 64405 / 100001 elapsed  3 system 0.80 temp  99.8 hbonds, Rg  66.5 A, potential     9.49
 64405 / 100001 elapsed  1 system 0.80 temp 103.0 hbonds, Rg  66.6 A, potential    17.17
 64805 / 100001 elapsed  0 system 0.80 temp  98.9 hbonds, Rg  66.6 A, potential    51.86
 64605 / 100001 elapsed  2 system 0.80 temp 101.2 hbonds, Rg  66.6 A, potential   -24.50
 64505 / 100001 elapsed  3 system 0.80 temp 104.9 hbonds, Rg  66.5 A, potential     6.19
 64505 / 100001 elapsed  1 system 0.80 temp 107.8 hbonds, Rg  66.6 A, potential    41.96
 64905 / 100001 elapsed  0 system 0.80 temp 104.3 hbonds, Rg  66.5 A, potential    10.20
 64705 / 100001 elapsed  2 system 0.80 temp  99.3 hbonds, Rg  66.7 A, potential    39.48
 64605 / 100001 elapsed  3 system 0.80 temp 104.8 hbonds, Rg  66.6 A, potential     0.25
 64605 / 100001 elapsed  1 system 0.80 temp 103.2 hbonds, Rg  66.7 A, potential    16.74
 65005 / 100001 elapsed  0 system 0.80 temp 101.1 hbonds, Rg  66.6 A, potential    22.03
 64805 / 100001 elapsed  2 system 0.80 temp  99.5 hbonds, Rg  66.7 A, potential    18.26
 64705 / 100001 elapsed  3 system 0.80 temp 100.4 hbonds, Rg  66.6 A, potential    26.78
 64705 / 100001 elapsed  1 system 0.80 temp 104.4 hbonds, Rg  66.5 A, potential   -10.61
 65105 / 100001 elapsed  0 system 0.80 temp 102.1 hbonds, Rg  66.6 A, potential    18.40
 64905 / 100001 elapsed  2 system 0.80 temp  98.5 hbonds, Rg  66.7 A, potential    20.24
 64805 / 100001 elapsed  3 system 0.80 temp 103.0 hbonds, Rg  66.7 A, potential    31.83
 64805 / 100001 elapsed  1 system 0.80 temp 104.3 hbonds, Rg  66.5 A, potential    26.19
 65205 / 100001 elapsed  0 system 0.80 temp 100.9 hbonds, Rg  66.5 A, potential    22.02
 65005 / 100001 elapsed  2 system 0.80 temp  98.2 hbonds, Rg  66.8 A, potential    56.32
 64905 / 100001 elapsed  3 system 0.80 temp 106.8 hbonds, Rg  66.4 A, potential    23.40
 64905 / 100001 elapsed  1 system 0.80 temp 103.4 hbonds, Rg  66.6 A, potential    10.94
 65305 / 100001 elapsed  0 system 0.80 temp 102.9 hbonds, Rg  66.5 A, potential     8.85
 65105 / 100001 elapsed  2 system 0.80 temp  99.0 hbonds, Rg  66.7 A, potential    -0.80
 65005 / 100001 elapsed  3 system 0.80 temp  99.5 hbonds, Rg  66.5 A, potential    56.52
 65005 / 100001 elapsed  1 system 0.80 temp 104.1 hbonds, Rg  66.5 A, potential    44.13
 65405 / 100001 elapsed  0 system 0.80 temp 102.5 hbonds, Rg  66.7 A, potential   -12.13
 65205 / 100001 elapsed  2 system 0.80 temp 101.7 hbonds, Rg  66.6 A, potential    22.38
 65105 / 100001 elapsed  3 system 0.80 temp  99.8 hbonds, Rg  66.6 A, potential    40.43
 65105 / 100001 elapsed  1 system 0.80 temp 104.8 hbonds, Rg  66.4 A, potential     3.66
 65505 / 100001 elapsed  0 system 0.80 temp 105.1 hbonds, Rg  66.5 A, potential    29.31
 65305 / 100001 elapsed  2 system 0.80 temp 102.9 hbonds, Rg  66.6 A, potential    28.74
 65205 / 100001 elapsed  3 system 0.80 temp 102.0 hbonds, Rg  66.5 A, potential   -12.48
 65605 / 100001 elapsed  0 system 0.80 temp 106.5 hbonds, Rg  66.5 A, potential     3.59
 65205 / 100001 elapsed  1 system 0.80 temp 104.4 hbonds, Rg  66.5 A, potential     1.40
 65405 / 100001 elapsed  2 system 0.80 temp 101.6 hbonds, Rg  66.5 A, potential     1.23
 65305 / 100001 elapsed  3 system 0.80 temp 101.4 hbonds, Rg  66.7 A, potential    37.67
 65705 / 100001 elapsed  0 system 0.80 temp 102.8 hbonds, Rg  66.6 A, potential    35.96
 65305 / 100001 elapsed  1 system 0.80 temp 107.5 hbonds, Rg  66.6 A, potential    10.38
 65505 / 100001 elapsed  2 system 0.80 temp 101.0 hbonds, Rg  66.6 A, potential    19.51
 65405 / 100001 elapsed  3 system 0.80 temp 102.1 hbonds, Rg  66.6 A, potential     5.13
 65805 / 100001 elapsed  0 system 0.80 temp 105.0 hbonds, Rg  66.6 A, potential    39.21
 65405 / 100001 elapsed  1 system 0.80 temp 104.2 hbonds, Rg  66.5 A, potential     5.22
 65605 / 100001 elapsed  2 system 0.80 temp 101.6 hbonds, Rg  66.7 A, potential    13.55
 65505 / 100001 elapsed  3 system 0.80 temp 101.8 hbonds, Rg  66.5 A, potential     6.92
 65905 / 100001 elapsed  0 system 0.80 temp 104.1 hbonds, Rg  66.4 A, potential    55.68
 65505 / 100001 elapsed  1 system 0.80 temp 107.7 hbonds, Rg  66.7 A, potential     8.77
 65705 / 100001 elapsed  2 system 0.80 temp 100.6 hbonds, Rg  66.7 A, potential     3.45
 65605 / 100001 elapsed  3 system 0.80 temp 106.3 hbonds, Rg  66.7 A, potential    18.67
 66005 / 100001 elapsed  0 system 0.80 temp 100.7 hbonds, Rg  66.7 A, potential    39.36
 65605 / 100001 elapsed  1 system 0.80 temp 103.8 hbonds, Rg  66.5 A, potential    35.72
 65805 / 100001 elapsed  2 system 0.80 temp 103.6 hbonds, Rg  66.6 A, potential     5.95
 65705 / 100001 elapsed  3 system 0.80 temp 104.8 hbonds, Rg  66.6 A, potential    25.96
 66105 / 100001 elapsed  0 system 0.80 temp 102.6 hbonds, Rg  66.5 A, potential    13.37
 65705 / 100001 elapsed  1 system 0.80 temp 102.0 hbonds, Rg  66.4 A, potential    22.73
 65905 / 100001 elapsed  2 system 0.80 temp 104.5 hbonds, Rg  66.4 A, potential    20.83
 65805 / 100001 elapsed  3 system 0.80 temp  95.2 hbonds, Rg  66.6 A, potential    41.34
 66205 / 100001 elapsed  0 system 0.80 temp 101.9 hbonds, Rg  66.5 A, potential    35.87
 65805 / 100001 elapsed  1 system 0.80 temp 100.6 hbonds, Rg  66.4 A, potential    16.75
 66005 / 100001 elapsed  2 system 0.80 temp 102.1 hbonds, Rg  66.5 A, potential    11.76
 65905 / 100001 elapsed  3 system 0.80 temp 106.6 hbonds, Rg  66.4 A, potential    42.43
 66305 / 100001 elapsed  0 system 0.80 temp 100.7 hbonds, Rg  66.6 A, potential    53.95
 65905 / 100001 elapsed  1 system 0.80 temp 103.3 hbonds, Rg  66.5 A, potential   -22.88
 66105 / 100001 elapsed  2 system 0.80 temp 105.4 hbonds, Rg  66.6 A, potential    -1.99
 66005 / 100001 elapsed  3 system 0.80 temp 104.5 hbonds, Rg  66.6 A, potential    22.79
 66405 / 100001 elapsed  0 system 0.80 temp  99.8 hbonds, Rg  66.4 A, potential    72.63
 66005 / 100001 elapsed  1 system 0.80 temp  95.8 hbonds, Rg  66.5 A, potential    50.36
 66205 / 100001 elapsed  2 system 0.80 temp 106.5 hbonds, Rg  66.5 A, potential    27.51
 66105 / 100001 elapsed  3 system 0.80 temp 107.5 hbonds, Rg  66.5 A, potential    -6.52
 66505 / 100001 elapsed  0 system 0.80 temp 102.1 hbonds, Rg  66.5 A, potential    16.77
 66105 / 100001 elapsed  1 system 0.80 temp 106.3 hbonds, Rg  66.6 A, potential    42.48
 66305 / 100001 elapsed  2 system 0.80 temp 105.4 hbonds, Rg  66.7 A, potential    36.58
 66205 / 100001 elapsed  3 system 0.80 temp 104.1 hbonds, Rg  66.6 A, potential    20.05
 66605 / 100001 elapsed  0 system 0.80 temp 102.6 hbonds, Rg  66.4 A, potential     9.40
 66205 / 100001 elapsed  1 system 0.80 temp 106.9 hbonds, Rg  66.7 A, potential   -18.04
 66405 / 100001 elapsed  2 system 0.80 temp 104.4 hbonds, Rg  66.5 A, potential    -2.81
 66305 / 100001 elapsed  3 system 0.80 temp 103.0 hbonds, Rg  66.6 A, potential   -25.95
 66705 / 100001 elapsed  0 system 0.80 temp 100.6 hbonds, Rg  66.7 A, potential   -17.71
 66305 / 100001 elapsed  1 system 0.80 temp 104.6 hbonds, Rg  66.6 A, potential    11.10
 66505 / 100001 elapsed  2 system 0.80 temp 104.9 hbonds, Rg  66.6 A, potential    21.13
 66405 / 100001 elapsed  3 system 0.80 temp 100.7 hbonds, Rg  66.5 A, potential     2.57
 66805 / 100001 elapsed  0 system 0.80 temp 102.6 hbonds, Rg  66.7 A, potential    34.77
 66405 / 100001 elapsed  1 system 0.80 temp 105.9 hbonds, Rg  66.8 A, potential    53.29
 66605 / 100001 elapsed  2 system 0.80 temp 100.7 hbonds, Rg  66.6 A, potential    31.73
 66505 / 100001 elapsed  3 system 0.80 temp 110.8 hbonds, Rg  66.5 A, potential     0.45
 66905 / 100001 elapsed  0 system 0.80 temp 103.8 hbonds, Rg  66.4 A, potential   -23.61
 66505 / 100001 elapsed  1 system 0.80 temp 103.4 hbonds, Rg  66.5 A, potential     3.16
 66705 / 100001 elapsed  2 system 0.80 temp 104.6 hbonds, Rg  66.6 A, potential    -4.17
 66605 / 100001 elapsed  3 system 0.80 temp 102.0 hbonds, Rg  66.7 A, potential    16.49
 67005 / 100001 elapsed  0 system 0.80 temp 104.6 hbonds, Rg  66.4 A, potential     2.81
 66605 / 100001 elapsed  1 system 0.80 temp 102.9 hbonds, Rg  66.6 A, potential    53.11
 66805 / 100001 elapsed  2 system 0.80 temp 103.9 hbonds, Rg  66.6 A, potential    21.69
 66705 / 100001 elapsed  3 system 0.80 temp 105.5 hbonds, Rg  66.5 A, potential     3.84
 67105 / 100001 elapsed  0 system 0.80 temp 102.8 hbonds, Rg  66.5 A, potential    16.96
 66705 / 100001 elapsed  1 system 0.80 temp 101.6 hbonds, Rg  66.6 A, potential    16.32
 66905 / 100001 elapsed  2 system 0.80 temp  99.8 hbonds, Rg  66.6 A, potential    19.32
 66805 / 100001 elapsed  3 system 0.80 temp 101.7 hbonds, Rg  66.6 A, potential    51.23
 67205 / 100001 elapsed  0 system 0.80 temp 102.5 hbonds, Rg  66.6 A, potential    40.83
 66805 / 100001 elapsed  1 system 0.80 temp 101.4 hbonds, Rg  66.7 A, potential    15.96
 67005 / 100001 elapsed  2 system 0.80 temp 104.7 hbonds, Rg  66.5 A, potential     6.60
 66905 / 100001 elapsed  3 system 0.80 temp 100.2 hbonds, Rg  66.7 A, potential    44.79
 67305 / 100001 elapsed  0 system 0.80 temp 100.4 hbonds, Rg  66.6 A, potential    19.47
 66905 / 100001 elapsed  1 system 0.80 temp 104.6 hbonds, Rg  66.7 A, potential    31.76
 67105 / 100001 elapsed  2 system 0.80 temp 102.0 hbonds, Rg  66.5 A, potential    22.56
 67005 / 100001 elapsed  3 system 0.80 temp  94.4 hbonds, Rg  66.6 A, potential    62.29
 67405 / 100001 elapsed  0 system 0.80 temp 103.1 hbonds, Rg  66.4 A, potential    18.66
 67005 / 100001 elapsed  1 system 0.80 temp 103.9 hbonds, Rg  66.5 A, potential    12.50
 67205 / 100001 elapsed  2 system 0.80 temp 105.8 hbonds, Rg  66.6 A, potential   -19.88
 67105 / 100001 elapsed  3 system 0.80 temp 103.4 hbonds, Rg  66.5 A, potential     1.22
 67505 / 100001 elapsed  0 system 0.80 temp 100.6 hbonds, Rg  66.5 A, potential    67.43
 67105 / 100001 elapsed  1 system 0.80 temp 103.0 hbonds, Rg  66.7 A, potential    -0.60
 67305 / 100001 elapsed  2 system 0.80 temp 103.5 hbonds, Rg  66.7 A, potential    27.25
 67205 / 100001 elapsed  3 system 0.80 temp 101.9 hbonds, Rg  66.5 A, potential   -24.46
 67605 / 100001 elapsed  0 system 0.80 temp  99.1 hbonds, Rg  66.5 A, potential    56.30
 67205 / 100001 elapsed  1 system 0.80 temp  99.6 hbonds, Rg  66.5 A, potential    22.77
 67405 / 100001 elapsed  2 system 0.80 temp  99.0 hbonds, Rg  66.6 A, potential    12.98
 67305 / 100001 elapsed  3 system 0.80 temp 102.6 hbonds, Rg  66.4 A, potential    23.24
 67705 / 100001 elapsed  0 system 0.80 temp  99.7 hbonds, Rg  66.4 A, potential    20.62
 67305 / 100001 elapsed  1 system 0.80 temp 103.2 hbonds, Rg  66.6 A, potential    36.26
 67505 / 100001 elapsed  2 system 0.80 temp 100.7 hbonds, Rg  66.6 A, potential    29.37
 67405 / 100001 elapsed  3 system 0.80 temp 105.7 hbonds, Rg  66.7 A, potential    23.21
 67805 / 100001 elapsed  0 system 0.80 temp 101.8 hbonds, Rg  66.6 A, potential    -7.43
 67405 / 100001 elapsed  1 system 0.80 temp 105.2 hbonds, Rg  66.4 A, potential    20.63
 67605 / 100001 elapsed  2 system 0.80 temp 102.6 hbonds, Rg  66.4 A, potential    33.34
 67505 / 100001 elapsed  3 system 0.80 temp 102.6 hbonds, Rg  66.7 A, potential    -2.43
 67905 / 100001 elapsed  0 system 0.80 temp 100.5 hbonds, Rg  66.6 A, potential     6.57
 67505 / 100001 elapsed  1 system 0.80 temp 101.7 hbonds, Rg  66.6 A, potential    59.38
 67705 / 100001 elapsed  2 system 0.80 temp 104.1 hbonds, Rg  66.5 A, potential     7.36
 67605 / 100001 elapsed  3 system 0.80 temp 102.9 hbonds, Rg  66.6 A, potential    29.68
 68005 / 100001 elapsed  0 system 0.80 temp 100.3 hbonds, Rg  66.6 A, potential     0.91
 67605 / 100001 elapsed  1 system 0.80 temp  99.5 hbonds, Rg  66.7 A, potential    51.63
 67805 / 100001 elapsed  2 system 0.80 temp 102.5 hbonds, Rg  66.6 A, potential    15.99
 67705 / 100001 elapsed  3 system 0.80 temp 101.5 hbonds, Rg  66.5 A, potential   -15.57
 68105 / 100001 elapsed  0 system 0.80 temp  96.4 hbonds, Rg  66.5 A, potential    27.12
 67705 / 100001 elapsed  1 system 0.80 temp 108.7 hbonds, Rg  66.4 A, potential   -12.99
 67905 / 100001 elapsed  2 system 0.80 temp 103.2 hbonds, Rg  66.5 A, potential    19.02
 67805 / 100001 elapsed  3 system 0.80 temp 104.7 hbonds, Rg  66.6 A, potential    19.65
 68205 / 100001 elapsed  0 system 0.80 temp 104.8 hbonds, Rg  66.6 A, potential    15.29
 67805 / 100001 elapsed  1 system 0.80 temp 104.2 hbonds, Rg  66.6 A, potential    26.83
 68005 / 100001 elapsed  2 system 0.80 temp  98.1 hbonds, Rg  66.5 A, potential    62.93
 67905 / 100001 elapsed  3 system 0.80 temp 100.3 hbonds, Rg  66.6 A, potential    39.92
 68305 / 100001 elapsed  0 system 0.80 temp 100.3 hbonds, Rg  66.6 A, potential    11.99
 67905 / 100001 elapsed  1 system 0.80 temp 102.8 hbonds, Rg  66.6 A, potential     9.42
 68105 / 100001 elapsed  2 system 0.80 temp 102.4 hbonds, Rg  66.6 A, potential     9.47
 68005 / 100001 elapsed  3 system 0.80 temp 102.5 hbonds, Rg  66.6 A, potential    21.90
 68405 / 100001 elapsed  0 system 0.80 temp 103.1 hbonds, Rg  66.4 A, potential    42.46
 68005 / 100001 elapsed  1 system 0.80 temp 103.3 hbonds, Rg  66.5 A, potential    28.63
 68205 / 100001 elapsed  2 system 0.80 temp 107.0 hbonds, Rg  66.4 A, potential    19.10
 68105 / 100001 elapsed  3 system 0.80 temp 101.8 hbonds, Rg  66.5 A, potential    -3.63
 68505 / 100001 elapsed  0 system 0.80 temp 105.8 hbonds, Rg  66.5 A, potential    51.05
 68105 / 100001 elapsed  1 system 0.80 temp  99.0 hbonds, Rg  66.7 A, potential    46.69
 68305 / 100001 elapsed  2 system 0.80 temp 105.5 hbonds, Rg  66.4 A, potential   -24.77
 68205 / 100001 elapsed  3 system 0.80 temp 100.5 hbonds, Rg  66.5 A, potential    15.75
 68605 / 100001 elapsed  0 system 0.80 temp 103.1 hbonds, Rg  66.4 A, potential    21.85
 68205 / 100001 elapsed  1 system 0.80 temp 105.8 hbonds, Rg  66.6 A, potential     8.96
 68405 / 100001 elapsed  2 system 0.80 temp 101.7 hbonds, Rg  66.7 A, potential    32.57
 68305 / 100001 elapsed  3 system 0.80 temp  98.9 hbonds, Rg  66.5 A, potential    48.47
 68705 / 100001 elapsed  0 system 0.80 temp 103.3 hbonds, Rg  66.4 A, potential     8.51
 68305 / 100001 elapsed  1 system 0.80 temp  95.3 hbonds, Rg  66.6 A, potential    33.98
 68505 / 100001 elapsed  2 system 0.80 temp 104.1 hbonds, Rg  66.4 A, potential    40.68
 68405 / 100001 elapsed  3 system 0.80 temp  97.6 hbonds, Rg  66.6 A, potential    23.04
 68806 / 100001 elapsed  0 system 0.80 temp 103.4 hbonds, Rg  66.6 A, potential    12.54
 68405 / 100001 elapsed  1 system 0.80 temp 103.3 hbonds, Rg  66.6 A, potential    35.11
 68605 / 100001 elapsed  2 system 0.80 temp 102.7 hbonds, Rg  66.6 A, potential    36.77
 68505 / 100001 elapsed  3 system 0.80 temp 102.8 hbonds, Rg  66.6 A, potential    27.17
 68906 / 100001 elapsed  0 system 0.80 temp 103.6 hbonds, Rg  66.5 A, potential     6.96
 68505 / 100001 elapsed  1 system 0.80 temp 101.0 hbonds, Rg  66.6 A, potential    34.63
 68705 / 100001 elapsed  2 system 0.80 temp 101.4 hbonds, Rg  66.7 A, potential    76.79
 68605 / 100001 elapsed  3 system 0.80 temp  97.8 hbonds, Rg  66.6 A, potential    51.99
 69006 / 100001 elapsed  0 system 0.80 temp 104.3 hbonds, Rg  66.4 A, potential    -1.42
 68605 / 100001 elapsed  1 system 0.80 temp 104.1 hbonds, Rg  66.6 A, potential    33.46
 68806 / 100001 elapsed  2 system 0.80 temp 104.4 hbonds, Rg  66.4 A, potential    -7.12
 68705 / 100001 elapsed  3 system 0.80 temp  99.9 hbonds, Rg  66.6 A, potential    -7.70
 69106 / 100001 elapsed  0 system 0.80 temp 103.4 hbonds, Rg  66.3 A, potential     2.51
 68705 / 100001 elapsed  1 system 0.80 temp 100.8 hbonds, Rg  66.5 A, potential    14.61
 68906 / 100001 elapsed  2 system 0.80 temp 102.4 hbonds, Rg  66.5 A, potential    32.36
 68806 / 100001 elapsed  3 system 0.80 temp 103.9 hbonds, Rg  66.4 A, potential    62.54
 69206 / 100001 elapsed  0 system 0.80 temp  99.4 hbonds, Rg  66.6 A, potential     0.55
 68806 / 100001 elapsed  1 system 0.80 temp 100.6 hbonds, Rg  66.8 A, potential    32.05
 69006 / 100001 elapsed  2 system 0.80 temp 104.5 hbonds, Rg  66.6 A, potential     8.20
 68906 / 100001 elapsed  3 system 0.80 temp 102.0 hbonds, Rg  66.7 A, potential    51.91
 69306 / 100001 elapsed  0 system 0.80 temp 104.8 hbonds, Rg  66.5 A, potential    51.50
 68906 / 100001 elapsed  1 system 0.80 temp 103.6 hbonds, Rg  66.5 A, potential    21.60
 69106 / 100001 elapsed  2 system 0.80 temp 103.3 hbonds, Rg  66.6 A, potential    34.59
 69006 / 100001 elapsed  3 system 0.80 temp 104.9 hbonds, Rg  66.7 A, potential    26.39
 69406 / 100001 elapsed  0 system 0.80 temp 103.3 hbonds, Rg  66.6 A, potential    -0.11
 69006 / 100001 elapsed  1 system 0.80 temp 104.8 hbonds, Rg  66.6 A, potential    15.61
 69206 / 100001 elapsed  2 system 0.80 temp 102.2 hbonds, Rg  66.6 A, potential    -2.75
 69106 / 100001 elapsed  3 system 0.80 temp  98.3 hbonds, Rg  66.7 A, potential    22.64
 69506 / 100001 elapsed  0 system 0.80 temp 100.0 hbonds, Rg  66.6 A, potential    41.07
 69106 / 100001 elapsed  1 system 0.80 temp 100.1 hbonds, Rg  66.6 A, potential    17.20
 69306 / 100001 elapsed  2 system 0.80 temp 103.2 hbonds, Rg  66.6 A, potential     3.36
 69206 / 100001 elapsed  3 system 0.80 temp 103.4 hbonds, Rg  66.4 A, potential    30.59
 69606 / 100001 elapsed  0 system 0.80 temp 105.0 hbonds, Rg  66.6 A, potential   -10.22
 69206 / 100001 elapsed  1 system 0.80 temp 102.3 hbonds, Rg  66.4 A, potential     0.25
 69406 / 100001 elapsed  2 system 0.80 temp 107.3 hbonds, Rg  66.7 A, potential     8.15
 69306 / 100001 elapsed  3 system 0.80 temp 101.0 hbonds, Rg  66.6 A, potential    -3.98
 69706 / 100001 elapsed  0 system 0.80 temp 101.7 hbonds, Rg  66.6 A, potential    -3.22
 69306 / 100001 elapsed  1 system 0.80 temp 102.3 hbonds, Rg  66.4 A, potential    27.74
 69506 / 100001 elapsed  2 system 0.80 temp 103.1 hbonds, Rg  66.6 A, potential     4.35
 69406 / 100001 elapsed  3 system 0.80 temp 104.7 hbonds, Rg  66.6 A, potential    20.36
 69806 / 100001 elapsed  0 system 0.80 temp 101.4 hbonds, Rg  66.6 A, potential    21.63
 69406 / 100001 elapsed  1 system 0.80 temp 106.2 hbonds, Rg  66.4 A, potential    35.77
 69606 / 100001 elapsed  2 system 0.80 temp 101.7 hbonds, Rg  66.5 A, potential    13.29
 69506 / 100001 elapsed  3 system 0.80 temp 105.7 hbonds, Rg  66.6 A, potential     6.25
 69906 / 100001 elapsed  0 system 0.80 temp 101.5 hbonds, Rg  66.5 A, potential    17.45
 69506 / 100001 elapsed  1 system 0.80 temp  97.8 hbonds, Rg  66.5 A, potential    12.65
 69706 / 100001 elapsed  2 system 0.80 temp 101.9 hbonds, Rg  66.6 A, potential    13.37
 69606 / 100001 elapsed  3 system 0.80 temp 101.3 hbonds, Rg  66.6 A, potential    -8.48
 70006 / 100001 elapsed  0 system 0.80 temp 104.2 hbonds, Rg  66.6 A, potential    11.48
 69606 / 100001 elapsed  1 system 0.80 temp 103.3 hbonds, Rg  66.5 A, potential    13.11
 69806 / 100001 elapsed  2 system 0.80 temp 103.7 hbonds, Rg  66.7 A, potential   -23.16
 69706 / 100001 elapsed  3 system 0.80 temp  98.8 hbonds, Rg  66.4 A, potential   -15.13
 70106 / 100001 elapsed  0 system 0.80 temp 104.0 hbonds, Rg  66.5 A, potential   -13.03
 69706 / 100001 elapsed  1 system 0.80 temp 101.6 hbonds, Rg  66.5 A, potential    -6.89
 69906 / 100001 elapsed  2 system 0.80 temp 100.8 hbonds, Rg  66.5 A, potential    42.76
 69806 / 100001 elapsed  3 system 0.80 temp 107.3 hbonds, Rg  66.7 A, potential     1.69
 70206 / 100001 elapsed  0 system 0.80 temp 104.6 hbonds, Rg  66.5 A, potential    24.90
 69806 / 100001 elapsed  1 system 0.80 temp 103.8 hbonds, Rg  66.6 A, potential    16.59
 70006 / 100001 elapsed  2 system 0.80 temp 104.3 hbonds, Rg  66.8 A, potential     7.11
 69906 / 100001 elapsed  3 system 0.80 temp 102.4 hbonds, Rg  66.5 A, potential    19.50
 70306 / 100001 elapsed  0 system 0.80 temp 105.1 hbonds, Rg  66.6 A, potential    -7.10
 69906 / 100001 elapsed  1 system 0.80 temp 101.3 hbonds, Rg  66.4 A, potential     9.80
 70106 / 100001 elapsed  2 system 0.80 temp 100.7 hbonds, Rg  66.4 A, potential    24.98
 70006 / 100001 elapsed  3 system 0.80 temp 101.2 hbonds, Rg  66.6 A, potential    40.98
 70406 / 100001 elapsed  0 system 0.80 temp 104.3 hbonds, Rg  66.5 A, potential    -8.72
 70006 / 100001 elapsed  1 system 0.80 temp 103.6 hbonds, Rg  66.6 A, potential    -3.30
 70206 / 100001 elapsed  2 system 0.80 temp  98.9 hbonds, Rg  66.6 A, potential    15.12
 70106 / 100001 elapsed  3 system 0.80 temp 106.4 hbonds, Rg  66.6 A, potential    18.24
 70506 / 100001 elapsed  0 system 0.80 temp 105.4 hbonds, Rg  66.7 A, potential    21.02
 70106 / 100001 elapsed  1 system 0.80 temp 104.4 hbonds, Rg  66.3 A, potential     9.20
 70306 / 100001 elapsed  2 system 0.80 temp 103.1 hbonds, Rg  66.6 A, potential    19.49
 70206 / 100001 elapsed  3 system 0.80 temp 103.9 hbonds, Rg  66.6 A, potential    25.37
 70606 / 100001 elapsed  0 system 0.80 temp 101.5 hbonds, Rg  66.3 A, potential     8.43
 70206 / 100001 elapsed  1 system 0.80 temp 105.6 hbonds, Rg  66.6 A, potential     4.47
 70406 / 100001 elapsed  2 system 0.80 temp 105.1 hbonds, Rg  66.5 A, potential    10.24
 70306 / 100001 elapsed  3 system 0.80 temp 103.3 hbonds, Rg  66.7 A, potential    30.22
 70706 / 100001 elapsed  0 system 0.80 temp 105.8 hbonds, Rg  66.6 A, potential     0.87
 70306 / 100001 elapsed  1 system 0.80 temp 102.8 hbonds, Rg  66.6 A, potential    23.76
 70406 / 100001 elapsed  3 system 0.80 temp 103.2 hbonds, Rg  66.5 A, potential     6.42
 70506 / 100001 elapsed  2 system 0.80 temp 108.2 hbonds, Rg  66.6 A, potential     7.97
 70806 / 100001 elapsed  0 system 0.80 temp  98.0 hbonds, Rg  66.7 A, potential    21.85
 70506 / 100001 elapsed  3 system 0.80 temp 104.7 hbonds, Rg  66.6 A, potential    23.41
 70606 / 100001 elapsed  2 system 0.80 temp 103.2 hbonds, Rg  66.6 A, potential    45.54
 70406 / 100001 elapsed  1 system 0.80 temp 106.5 hbonds, Rg  66.5 A, potential    -8.21
 70906 / 100001 elapsed  0 system 0.80 temp 106.0 hbonds, Rg  66.5 A, potential    -3.66
 70606 / 100001 elapsed  3 system 0.80 temp 102.6 hbonds, Rg  66.5 A, potential    30.06
 70506 / 100001 elapsed  1 system 0.80 temp 105.5 hbonds, Rg  66.5 A, potential    24.28
 70706 / 100001 elapsed  2 system 0.80 temp 102.4 hbonds, Rg  66.4 A, potential     1.16
 71006 / 100001 elapsed  0 system 0.80 temp 104.3 hbonds, Rg  66.5 A, potential     2.63
 70706 / 100001 elapsed  3 system 0.80 temp  98.7 hbonds, Rg  66.6 A, potential    55.58
 70806 / 100001 elapsed  2 system 0.80 temp  99.9 hbonds, Rg  66.6 A, potential    44.78
 70606 / 100001 elapsed  1 system 0.80 temp  99.7 hbonds, Rg  66.6 A, potential    40.84
 71106 / 100001 elapsed  0 system 0.80 temp 104.4 hbonds, Rg  66.7 A, potential     7.39
 70806 / 100001 elapsed  3 system 0.80 temp 105.0 hbonds, Rg  66.5 A, potential    -4.69
 70906 / 100001 elapsed  2 system 0.80 temp 101.5 hbonds, Rg  66.7 A, potential    20.28
 70706 / 100001 elapsed  1 system 0.80 temp 100.9 hbonds, Rg  66.7 A, potential    32.37
 71206 / 100001 elapsed  0 system 0.80 temp 102.8 hbonds, Rg  66.6 A, potential    19.98
 70906 / 100001 elapsed  3 system 0.80 temp 103.8 hbonds, Rg  66.5 A, potential    56.39
 70806 / 100001 elapsed  1 system 0.80 temp 102.0 hbonds, Rg  66.6 A, potential    36.34
 71006 / 100001 elapsed  2 system 0.80 temp 105.5 hbonds, Rg  66.5 A, potential    20.29
 71306 / 100001 elapsed  0 system 0.80 temp 103.1 hbonds, Rg  66.5 A, potential     2.06
 71006 / 100001 elapsed  3 system 0.80 temp 107.9 hbonds, Rg  66.3 A, potential    32.31
 70906 / 100001 elapsed  1 system 0.80 temp 103.3 hbonds, Rg  66.6 A, potential    -5.31
 71106 / 100001 elapsed  2 system 0.80 temp 101.9 hbonds, Rg  66.6 A, potential   -10.42
 71406 / 100001 elapsed  0 system 0.80 temp 102.9 hbonds, Rg  66.4 A, potential    13.04
 71106 / 100001 elapsed  3 system 0.80 temp 104.6 hbonds, Rg  66.5 A, potential     7.53
 71006 / 100001 elapsed  1 system 0.80 temp 104.0 hbonds, Rg  66.5 A, potential     4.07
 71206 / 100001 elapsed  2 system 0.80 temp 103.9 hbonds, Rg  66.6 A, potential    10.07
 71506 / 100001 elapsed  0 system 0.80 temp 101.6 hbonds, Rg  66.5 A, potential    27.47
 71206 / 100001 elapsed  3 system 0.80 temp 104.4 hbonds, Rg  66.5 A, potential     4.11
 71106 / 100001 elapsed  1 system 0.80 temp 105.9 hbonds, Rg  66.6 A, potential    27.92
 71306 / 100001 elapsed  2 system 0.80 temp 100.0 hbonds, Rg  66.5 A, potential    33.42
 71606 / 100001 elapsed  0 system 0.80 temp 103.0 hbonds, Rg  66.5 A, potential    11.01
 71306 / 100001 elapsed  3 system 0.80 temp 103.1 hbonds, Rg  66.5 A, potential     4.92
 71406 / 100001 elapsed  2 system 0.80 temp 102.2 hbonds, Rg  66.6 A, potential    42.13
 71206 / 100001 elapsed  1 system 0.80 temp 104.4 hbonds, Rg  66.5 A, potential    -2.92
 71706 / 100001 elapsed  0 system 0.80 temp  99.5 hbonds, Rg  66.5 A, potential    62.51
 71406 / 100001 elapsed  3 system 0.80 temp 107.9 hbonds, Rg  66.6 A, potential    20.19
 71506 / 100001 elapsed  2 system 0.80 temp 106.2 hbonds, Rg  66.7 A, potential    10.43
 71306 / 100001 elapsed  1 system 0.80 temp 103.5 hbonds, Rg  66.7 A, potential    15.44
 71806 / 100001 elapsed  0 system 0.80 temp 104.5 hbonds, Rg  66.6 A, potential     6.63
 71506 / 100001 elapsed  3 system 0.80 temp 100.9 hbonds, Rg  66.4 A, potential     8.48
 71606 / 100001 elapsed  2 system 0.80 temp 105.4 hbonds, Rg  66.5 A, potential    10.93
 71406 / 100001 elapsed  1 system 0.80 temp 105.5 hbonds, Rg  66.6 A, potential    22.62
 71906 / 100001 elapsed  0 system 0.80 temp  99.0 hbonds, Rg  66.4 A, potential    28.40
 71606 / 100001 elapsed  3 system 0.80 temp 101.7 hbonds, Rg  66.6 A, potential    21.72
 71706 / 100001 elapsed  2 system 0.80 temp 102.2 hbonds, Rg  66.6 A, potential    34.58
 71506 / 100001 elapsed  1 system 0.80 temp 100.6 hbonds, Rg  66.5 A, potential    52.28
 72006 / 100001 elapsed  0 system 0.80 temp 102.4 hbonds, Rg  66.5 A, potential     2.65
 71706 / 100001 elapsed  3 system 0.80 temp 102.7 hbonds, Rg  66.7 A, potential     1.60
 71806 / 100001 elapsed  2 system 0.80 temp 104.6 hbonds, Rg  66.5 A, potential     4.79
 71606 / 100001 elapsed  1 system 0.80 temp 103.3 hbonds, Rg  66.6 A, potential    25.05
 72106 / 100001 elapsed  0 system 0.80 temp 101.6 hbonds, Rg  66.5 A, potential    29.97
 71806 / 100001 elapsed  3 system 0.80 temp 101.6 hbonds, Rg  66.5 A, potential    -5.39
 71906 / 100001 elapsed  2 system 0.80 temp 105.6 hbonds, Rg  66.5 A, potential    -3.06
 71706 / 100001 elapsed  1 system 0.80 temp 106.2 hbonds, Rg  66.6 A, potential    40.42
 72206 / 100001 elapsed  0 system 0.80 temp 103.6 hbonds, Rg  66.6 A, potential     4.88
 71906 / 100001 elapsed  3 system 0.80 temp 104.3 hbonds, Rg  66.6 A, potential     2.31
 72006 / 100001 elapsed  2 system 0.80 temp 103.1 hbonds, Rg  66.5 A, potential     8.74
 71806 / 100001 elapsed  1 system 0.80 temp  98.8 hbonds, Rg  66.4 A, potential    19.75
 72306 / 100001 elapsed  0 system 0.80 temp  94.7 hbonds, Rg  66.5 A, potential    18.99
 72006 / 100001 elapsed  3 system 0.80 temp 100.0 hbonds, Rg  66.6 A, potential     6.73
 72106 / 100001 elapsed  2 system 0.80 temp 106.0 hbonds, Rg  66.5 A, potential     7.34
 71906 / 100001 elapsed  1 system 0.80 temp 103.9 hbonds, Rg  66.6 A, potential    -2.58
 72406 / 100001 elapsed  0 system 0.80 temp 108.2 hbonds, Rg  66.6 A, potential     8.12
 72106 / 100001 elapsed  3 system 0.80 temp 105.1 hbonds, Rg  66.4 A, potential     2.77
 72206 / 100001 elapsed  2 system 0.80 temp 101.4 hbonds, Rg  66.8 A, potential    17.90
 72006 / 100001 elapsed  1 system 0.80 temp 104.5 hbonds, Rg  66.6 A, potential   -14.45
 72506 / 100001 elapsed  0 system 0.80 temp  98.8 hbonds, Rg  66.6 A, potential    21.26
 72206 / 100001 elapsed  3 system 0.80 temp 104.4 hbonds, Rg  66.5 A, potential    17.23
 72306 / 100001 elapsed  2 system 0.80 temp 108.8 hbonds, Rg  66.6 A, potential    27.49
 72106 / 100001 elapsed  1 system 0.80 temp 105.8 hbonds, Rg  66.4 A, potential   -27.61
 72606 / 100001 elapsed  0 system 0.80 temp 104.0 hbonds, Rg  66.6 A, potential   -13.24
 72306 / 100001 elapsed  3 system 0.80 temp 100.1 hbonds, Rg  66.5 A, potential    29.93
 72406 / 100001 elapsed  2 system 0.80 temp 102.9 hbonds, Rg  66.5 A, potential    36.27
 72206 / 100001 elapsed  1 system 0.80 temp 105.5 hbonds, Rg  66.5 A, potential    -9.57
 72706 / 100001 elapsed  0 system 0.80 temp 105.0 hbonds, Rg  66.4 A, potential    33.71
 72406 / 100001 elapsed  3 system 0.80 temp 106.6 hbonds, Rg  66.4 A, potential    23.73
 72506 / 100001 elapsed  2 system 0.80 temp 105.2 hbonds, Rg  66.7 A, potential    38.01
 72306 / 100001 elapsed  1 system 0.80 temp 102.1 hbonds, Rg  66.4 A, potential    27.77
 72806 / 100001 elapsed  0 system 0.80 temp 104.2 hbonds, Rg  66.5 A, potential     7.01
 72506 / 100001 elapsed  3 system 0.80 temp 102.0 hbonds, Rg  66.4 A, potential    38.06
 72606 / 100001 elapsed  2 system 0.80 temp 101.4 hbonds, Rg  66.5 A, potential    29.46
 72406 / 100001 elapsed  1 system 0.80 temp 101.0 hbonds, Rg  66.7 A, potential    47.52
 72906 / 100001 elapsed  0 system 0.80 temp 105.7 hbonds, Rg  66.6 A, potential   -11.69
 72606 / 100001 elapsed  3 system 0.80 temp  99.8 hbonds, Rg  66.7 A, potential    34.18
 72706 / 100001 elapsed  2 system 0.80 temp 105.9 hbonds, Rg  66.5 A, potential    -8.58
 72506 / 100001 elapsed  1 system 0.80 temp 105.0 hbonds, Rg  66.5 A, potential   -11.70
 73006 / 100001 elapsed  0 system 0.80 temp 103.3 hbonds, Rg  66.5 A, potential    -8.42
 72706 / 100001 elapsed  3 system 0.80 temp 108.0 hbonds, Rg  66.6 A, potential    -8.18
 72806 / 100001 elapsed  2 system 0.80 temp  98.8 hbonds, Rg  66.5 A, potential    38.95
 72606 / 100001 elapsed  1 system 0.80 temp  98.9 hbonds, Rg  66.7 A, potential   -15.78
 73106 / 100001 elapsed  0 system 0.80 temp 102.7 hbonds, Rg  66.4 A, potential     8.76
 72806 / 100001 elapsed  3 system 0.80 temp 102.5 hbonds, Rg  66.7 A, potential    20.05
 72906 / 100001 elapsed  2 system 0.80 temp 104.3 hbonds, Rg  66.4 A, potential    35.55
 72706 / 100001 elapsed  1 system 0.80 temp 104.5 hbonds, Rg  66.6 A, potential     4.00
 73206 / 100001 elapsed  0 system 0.80 temp 102.2 hbonds, Rg  66.4 A, potential   -14.84
 72906 / 100001 elapsed  3 system 0.80 temp 105.8 hbonds, Rg  66.4 A, potential    28.42
 73006 / 100001 elapsed  2 system 0.80 temp  95.9 hbonds, Rg  66.6 A, potential    27.73
 72806 / 100001 elapsed  1 system 0.80 temp 104.3 hbonds, Rg  66.5 A, potential    -7.28
 73306 / 100001 elapsed  0 system 0.80 temp 102.6 hbonds, Rg  66.5 A, potential    19.34
 73006 / 100001 elapsed  3 system 0.80 temp 104.1 hbonds, Rg  66.4 A, potential    33.75
 73106 / 100001 elapsed  2 system 0.80 temp  97.4 hbonds, Rg  66.8 A, potential    15.53
 72906 / 100001 elapsed  1 system 0.80 temp 102.9 hbonds, Rg  66.6 A, potential     7.30
 73406 / 100001 elapsed  0 system 0.80 temp 100.6 hbonds, Rg  66.5 A, potential    33.13
 73106 / 100001 elapsed  3 system 0.80 temp 101.8 hbonds, Rg  66.7 A, potential    15.68
 73206 / 100001 elapsed  2 system 0.80 temp 104.0 hbonds, Rg  66.6 A, potential    15.38
 73006 / 100001 elapsed  1 system 0.80 temp 102.2 hbonds, Rg  66.7 A, potential     6.00
 73506 / 100001 elapsed  0 system 0.80 temp 104.1 hbonds, Rg  66.6 A, potential     3.05
 73206 / 100001 elapsed  3 system 0.80 temp 102.1 hbonds, Rg  66.5 A, potential    29.43
 73306 / 100001 elapsed  2 system 0.80 temp  99.2 hbonds, Rg  66.5 A, potential    45.04
 73106 / 100001 elapsed  1 system 0.80 temp 104.7 hbonds, Rg  66.5 A, potential    -6.73
 73606 / 100001 elapsed  0 system 0.80 temp 102.6 hbonds, Rg  66.5 A, potential   -12.34
 73306 / 100001 elapsed  3 system 0.80 temp 103.0 hbonds, Rg  66.5 A, potential     4.54
 73406 / 100001 elapsed  2 system 0.80 temp  99.1 hbonds, Rg  66.5 A, potential    31.07
 73206 / 100001 elapsed  1 system 0.80 temp 101.8 hbonds, Rg  66.6 A, potential    12.39
 73706 / 100001 elapsed  0 system 0.80 temp 103.0 hbonds, Rg  66.6 A, potential    45.05
 73406 / 100001 elapsed  3 system 0.80 temp 105.5 hbonds, Rg  66.6 A, potential   -29.48
 73506 / 100001 elapsed  2 system 0.80 temp 102.0 hbonds, Rg  66.5 A, potential    56.15
 73306 / 100001 elapsed  1 system 0.80 temp 102.2 hbonds, Rg  66.5 A, potential    28.58
 73806 / 100001 elapsed  0 system 0.80 temp 103.6 hbonds, Rg  66.7 A, potential    36.84
 73506 / 100001 elapsed  3 system 0.80 temp 100.5 hbonds, Rg  66.6 A, potential    60.01
 73606 / 100001 elapsed  2 system 0.80 temp 101.5 hbonds, Rg  66.5 A, potential    17.26
 73406 / 100001 elapsed  1 system 0.80 temp 104.4 hbonds, Rg  66.7 A, potential     5.24
 73906 / 100001 elapsed  0 system 0.80 temp 104.9 hbonds, Rg  66.5 A, potential     7.64
 73606 / 100001 elapsed  3 system 0.80 temp 106.1 hbonds, Rg  66.7 A, potential     3.84
 73706 / 100001 elapsed  2 system 0.80 temp 102.9 hbonds, Rg  66.6 A, potential    61.23
 73506 / 100001 elapsed  1 system 0.80 temp 104.5 hbonds, Rg  66.6 A, potential    16.71
 74006 / 100001 elapsed  0 system 0.80 temp 101.4 hbonds, Rg  66.5 A, potential    40.09
 73706 / 100001 elapsed  3 system 0.80 temp  99.9 hbonds, Rg  66.8 A, potential    16.27
 73806 / 100001 elapsed  2 system 0.80 temp 107.8 hbonds, Rg  66.6 A, potential    39.78
 73606 / 100001 elapsed  1 system 0.80 temp 100.3 hbonds, Rg  66.6 A, potential     3.53
 74106 / 100001 elapsed  0 system 0.80 temp 105.4 hbonds, Rg  66.6 A, potential    23.72
 73806 / 100001 elapsed  3 system 0.80 temp 102.1 hbonds, Rg  66.5 A, potential    27.97
 73906 / 100001 elapsed  2 system 0.80 temp 104.8 hbonds, Rg  66.7 A, potential    -0.63
 73706 / 100001 elapsed  1 system 0.80 temp 102.8 hbonds, Rg  66.7 A, potential    20.19
 74206 / 100001 elapsed  0 system 0.80 temp 100.1 hbonds, Rg  66.7 A, potential    27.07
 73906 / 100001 elapsed  3 system 0.80 temp 105.3 hbonds, Rg  66.6 A, potential    31.23
 74006 / 100001 elapsed  2 system 0.80 temp 104.2 hbonds, Rg  66.7 A, potential   -16.06
 74306 / 100001 elapsed  0 system 0.80 temp 103.3 hbonds, Rg  66.5 A, potential   -15.36
 73806 / 100001 elapsed  1 system 0.80 temp 102.2 hbonds, Rg  66.5 A, potential    25.05
 74006 / 100001 elapsed  3 system 0.80 temp 103.9 hbonds, Rg  66.6 A, potential     9.56
 74106 / 100001 elapsed  2 system 0.80 temp  97.7 hbonds, Rg  66.8 A, potential    21.22
 74406 / 100001 elapsed  0 system 0.80 temp 103.4 hbonds, Rg  66.4 A, potential   -13.08
 73906 / 100001 elapsed  1 system 0.80 temp 104.5 hbonds, Rg  66.6 A, potential    40.76
 74106 / 100001 elapsed  3 system 0.80 temp 103.9 hbonds, Rg  66.6 A, potential     5.38
 74206 / 100001 elapsed  2 system 0.80 temp 102.7 hbonds, Rg  66.5 A, potential    19.74
 74506 / 100001 elapsed  0 system 0.80 temp 105.1 hbonds, Rg  66.5 A, potential    -0.54
 74006 / 100001 elapsed  1 system 0.80 temp 103.8 hbonds, Rg  66.7 A, potential    -2.05
 74206 / 100001 elapsed  3 system 0.80 temp 102.3 hbonds, Rg  66.6 A, potential    16.55
 74306 / 100001 elapsed  2 system 0.80 temp 108.1 hbonds, Rg  66.5 A, potential    27.06
 74606 / 100001 elapsed  0 system 0.80 temp 101.3 hbonds, Rg  66.6 A, potential     9.89
 74106 / 100001 elapsed  1 system 0.80 temp 102.9 hbonds, Rg  66.7 A, potential    26.11
 74306 / 100001 elapsed  3 system 0.80 temp  99.3 hbonds, Rg  66.4 A, potential    27.59
 74406 / 100001 elapsed  2 system 0.80 temp 111.1 hbonds, Rg  66.4 A, potential    -0.05
 74706 / 100001 elapsed  0 system 0.80 temp  98.0 hbonds, Rg  66.6 A, potential    15.84
 74206 / 100001 elapsed  1 system 0.80 temp  96.5 hbonds, Rg  66.6 A, potential    25.32
 74406 / 100001 elapsed  3 system 0.80 temp 101.0 hbonds, Rg  66.6 A, potential     2.40
 74506 / 100001 elapsed  2 system 0.80 temp 102.0 hbonds, Rg  66.6 A, potential    21.32
 74806 / 100001 elapsed  0 system 0.80 temp 102.0 hbonds, Rg  66.5 A, potential    25.49
 74306 / 100001 elapsed  1 system 0.80 temp 101.6 hbonds, Rg  66.6 A, potential    16.79
 74506 / 100001 elapsed  3 system 0.80 temp 101.2 hbonds, Rg  66.5 A, potential    20.95
 74606 / 100001 elapsed  2 system 0.80 temp 104.9 hbonds, Rg  66.7 A, potential    19.47
 74906 / 100001 elapsed  0 system 0.80 temp 103.1 hbonds, Rg  66.4 A, potential    28.32
 74406 / 100001 elapsed  1 system 0.80 temp 106.0 hbonds, Rg  66.6 A, potential    11.29
 74606 / 100001 elapsed  3 system 0.80 temp 102.4 hbonds, Rg  66.7 A, potential    15.48
 75006 / 100001 elapsed  0 system 0.80 temp 102.6 hbonds, Rg  66.6 A, potential    21.17
 74706 / 100001 elapsed  2 system 0.80 temp 108.0 hbonds, Rg  66.6 A, potential    13.01
 74506 / 100001 elapsed  1 system 0.80 temp 105.3 hbonds, Rg  66.6 A, potential    23.06
 74706 / 100001 elapsed  3 system 0.80 temp 102.5 hbonds, Rg  66.6 A, potential     2.36
 75106 / 100001 elapsed  0 system 0.80 temp 104.5 hbonds, Rg  66.5 A, potential     3.85
 74806 / 100001 elapsed  2 system 0.80 temp 101.6 hbonds, Rg  66.3 A, potential    42.27
 74606 / 100001 elapsed  1 system 0.80 temp  97.2 hbonds, Rg  66.7 A, potential    11.30
 74806 / 100001 elapsed  3 system 0.80 temp 104.6 hbonds, Rg  66.6 A, potential    15.68
 74906 / 100001 elapsed  2 system 0.80 temp 104.1 hbonds, Rg  66.5 A, potential     3.95
 75206 / 100001 elapsed  0 system 0.80 temp 102.3 hbonds, Rg  66.8 A, potential    41.45
 74706 / 100001 elapsed  1 system 0.80 temp 102.4 hbonds, Rg  66.5 A, potential    22.28
 74906 / 100001 elapsed  3 system 0.80 temp  99.2 hbonds, Rg  66.5 A, potential    16.50
 75306 / 100001 elapsed  0 system 0.80 temp 102.0 hbonds, Rg  66.7 A, potential     9.91
 75006 / 100001 elapsed  2 system 0.80 temp 104.7 hbonds, Rg  66.5 A, potential    23.46
 74806 / 100001 elapsed  1 system 0.80 temp 100.1 hbonds, Rg  66.4 A, potential    42.17
 75006 / 100001 elapsed  3 system 0.80 temp 102.6 hbonds, Rg  66.5 A, potential    30.70
 75106 / 100001 elapsed  2 system 0.80 temp 106.6 hbonds, Rg  66.6 A, potential    -8.52
 75406 / 100001 elapsed  0 system 0.80 temp 102.1 hbonds, Rg  66.5 A, potential     6.37
 74906 / 100001 elapsed  1 system 0.80 temp 101.1 hbonds, Rg  66.4 A, potential    19.08
 75106 / 100001 elapsed  3 system 0.80 temp 102.9 hbonds, Rg  66.6 A, potential    14.23
 75206 / 100001 elapsed  2 system 0.80 temp 101.0 hbonds, Rg  66.6 A, potential    38.03
 75506 / 100001 elapsed  0 system 0.80 temp 100.2 hbonds, Rg  66.7 A, potential    40.22
 75006 / 100001 elapsed  1 system 0.80 temp 105.8 hbonds, Rg  66.5 A, potential     1.67
 75206 / 100001 elapsed  3 system 0.80 temp 103.2 hbonds, Rg  66.6 A, potential    -6.20
 75306 / 100001 elapsed  2 system 0.80 temp  98.8 hbonds, Rg  66.6 A, potential    44.03
 75606 / 100001 elapsed  0 system 0.80 temp 101.4 hbonds, Rg  66.7 A, potential    25.68
 75106 / 100001 elapsed  1 system 0.80 temp 102.4 hbonds, Rg  66.5 A, potential    14.78
 75306 / 100001 elapsed  3 system 0.80 temp 103.7 hbonds, Rg  66.6 A, potential   -16.12
 75706 / 100001 elapsed  0 system 0.80 temp 101.9 hbonds, Rg  66.6 A, potential     1.25
 75406 / 100001 elapsed  2 system 0.80 temp 103.5 hbonds, Rg  66.4 A, potential    33.91
 75206 / 100001 elapsed  1 system 0.80 temp 104.9 hbonds, Rg  66.5 A, potential     2.89
 75406 / 100001 elapsed  3 system 0.80 temp 108.6 hbonds, Rg  66.7 A, potential     7.68
 75806 / 100001 elapsed  0 system 0.80 temp 109.9 hbonds, Rg  66.5 A, potential   -19.70
 75506 / 100001 elapsed  2 system 0.80 temp 104.0 hbonds, Rg  66.7 A, potential     1.84
 75306 / 100001 elapsed  1 system 0.80 temp 106.2 hbonds, Rg  66.7 A, potential    11.03
 75506 / 100001 elapsed  3 system 0.80 temp 105.6 hbonds, Rg  66.6 A, potential    14.00
 75906 / 100001 elapsed  0 system 0.80 temp 102.7 hbonds, Rg  66.6 A, potential    21.42
 75606 / 100001 elapsed  2 system 0.80 temp 103.9 hbonds, Rg  66.7 A, potential    -0.33
 75406 / 100001 elapsed  1 system 0.80 temp 105.0 hbonds, Rg  66.6 A, potential    32.31
 75606 / 100001 elapsed  3 system 0.80 temp 101.8 hbonds, Rg  66.5 A, potential    17.82
 75706 / 100001 elapsed  2 system 0.80 temp 103.2 hbonds, Rg  66.5 A, potential    10.71
 76006 / 100001 elapsed  0 system 0.80 temp 104.4 hbonds, Rg  66.7 A, potential    -3.65
 75506 / 100001 elapsed  1 system 0.80 temp 101.2 hbonds, Rg  66.7 A, potential    29.45
 75706 / 100001 elapsed  3 system 0.80 temp 103.7 hbonds, Rg  66.7 A, potential    -4.15
 75806 / 100001 elapsed  2 system 0.80 temp  96.2 hbonds, Rg  66.5 A, potential    16.62
 76106 / 100001 elapsed  0 system 0.80 temp 103.3 hbonds, Rg  66.7 A, potential    10.77
 75606 / 100001 elapsed  1 system 0.80 temp 102.0 hbonds, Rg  66.6 A, potential   -12.03
 75806 / 100001 elapsed  3 system 0.80 temp 102.5 hbonds, Rg  66.6 A, potential    15.47
 75906 / 100001 elapsed  2 system 0.80 temp 103.0 hbonds, Rg  66.6 A, potential    -6.61
 76206 / 100001 elapsed  0 system 0.80 temp 101.2 hbonds, Rg  66.9 A, potential    40.58
 75706 / 100001 elapsed  1 system 0.80 temp 103.8 hbonds, Rg  66.6 A, potential    42.84
 75906 / 100001 elapsed  3 system 0.80 temp  99.5 hbonds, Rg  66.6 A, potential    12.80
 76006 / 100001 elapsed  2 system 0.80 temp 105.0 hbonds, Rg  66.5 A, potential    21.73
 76306 / 100001 elapsed  0 system 0.80 temp 102.2 hbonds, Rg  66.5 A, potential    -5.11
 75806 / 100001 elapsed  1 system 0.80 temp 105.2 hbonds, Rg  66.6 A, potential    13.92
 76006 / 100001 elapsed  3 system 0.80 temp  96.6 hbonds, Rg  66.6 A, potential    42.93
 76106 / 100001 elapsed  2 system 0.80 temp 103.6 hbonds, Rg  66.5 A, potential    -1.41
 76406 / 100001 elapsed  0 system 0.80 temp  98.2 hbonds, Rg  66.6 A, potential    29.05
 75906 / 100001 elapsed  1 system 0.80 temp 104.8 hbonds, Rg  66.4 A, potential    44.13
 76106 / 100001 elapsed  3 system 0.80 temp 102.9 hbonds, Rg  66.5 A, potential    21.06
 76206 / 100001 elapsed  2 system 0.80 temp  99.3 hbonds, Rg  66.6 A, potential    26.39
 76506 / 100001 elapsed  0 system 0.80 temp 105.8 hbonds, Rg  66.7 A, potential     1.35
 76006 / 100001 elapsed  1 system 0.80 temp 101.5 hbonds, Rg  66.5 A, potential     5.71
 76206 / 100001 elapsed  3 system 0.80 temp 100.5 hbonds, Rg  66.6 A, potential    12.02
 76306 / 100001 elapsed  2 system 0.80 temp 103.8 hbonds, Rg  66.5 A, potential    13.95
 76606 / 100001 elapsed  0 system 0.80 temp 101.6 hbonds, Rg  66.5 A, potential    21.66
 76106 / 100001 elapsed  1 system 0.80 temp  99.6 hbonds, Rg  66.4 A, potential    57.50
 76306 / 100001 elapsed  3 system 0.80 temp 100.8 hbonds, Rg  66.5 A, potential    40.04
 76406 / 100001 elapsed  2 system 0.80 temp 103.4 hbonds, Rg  66.6 A, potential    13.06
 76706 / 100001 elapsed  0 system 0.80 temp 101.9 hbonds, Rg  66.5 A, potential    31.98
 76206 / 100001 elapsed  1 system 0.80 temp 104.3 hbonds, Rg  66.5 A, potential    11.80
 76406 / 100001 elapsed  3 system 0.80 temp 101.2 hbonds, Rg  66.6 A, potential    36.66
 76506 / 100001 elapsed  2 system 0.80 temp  99.7 hbonds, Rg  66.6 A, potential    55.90
 76806 / 100001 elapsed  0 system 0.80 temp 100.3 hbonds, Rg  66.5 A, potential    46.67
 76306 / 100001 elapsed  1 system 0.80 temp 108.4 hbonds, Rg  66.6 A, potential    13.51
 76506 / 100001 elapsed  3 system 0.80 temp 104.7 hbonds, Rg  66.6 A, potential   -12.42
 76606 / 100001 elapsed  2 system 0.80 temp 106.1 hbonds, Rg  66.6 A, potential     1.85
 76906 / 100001 elapsed  0 system 0.80 temp 107.7 hbonds, Rg  66.7 A, potential    30.50
 76406 / 100001 elapsed  1 system 0.80 temp 100.2 hbonds, Rg  66.5 A, potential    38.78
 76606 / 100001 elapsed  3 system 0.80 temp 104.0 hbonds, Rg  66.6 A, potential   -33.41
 76706 / 100001 elapsed  2 system 0.80 temp 104.2 hbonds, Rg  66.4 A, potential    -6.43
 77006 / 100001 elapsed  0 system 0.80 temp 104.5 hbonds, Rg  66.8 A, potential    21.52
 76506 / 100001 elapsed  1 system 0.80 temp 102.4 hbonds, Rg  66.5 A, potential    65.70
 76706 / 100001 elapsed  3 system 0.80 temp 104.9 hbonds, Rg  66.5 A, potential   -26.41
 76806 / 100001 elapsed  2 system 0.80 temp 104.5 hbonds, Rg  66.4 A, potential     7.71
 77106 / 100001 elapsed  0 system 0.80 temp  99.5 hbonds, Rg  66.6 A, potential   -11.73
 76606 / 100001 elapsed  1 system 0.80 temp 102.1 hbonds, Rg  66.4 A, potential    41.91
 76806 / 100001 elapsed  3 system 0.80 temp 101.7 hbonds, Rg  66.5 A, potential    17.58
 76906 / 100001 elapsed  2 system 0.80 temp 105.8 hbonds, Rg  66.5 A, potential    61.62
 77206 / 100001 elapsed  0 system 0.80 temp 100.8 hbonds, Rg  66.6 A, potential    48.97
 76706 / 100001 elapsed  1 system 0.80 temp 100.9 hbonds, Rg  66.6 A, potential   -17.71
 76906 / 100001 elapsed  3 system 0.80 temp 102.5 hbonds, Rg  66.6 A, potential    15.51
 77006 / 100001 elapsed  2 system 0.80 temp  98.9 hbonds, Rg  66.5 A, potential    51.95
 77306 / 100001 elapsed  0 system 0.80 temp 102.6 hbonds, Rg  66.6 A, potential   -26.10
 76806 / 100001 elapsed  1 system 0.80 temp 105.9 hbonds, Rg  66.6 A, potential    23.87
 77006 / 100001 elapsed  3 system 0.80 temp 105.5 hbonds, Rg  66.5 A, potential     7.52
 77106 / 100001 elapsed  2 system 0.80 temp 105.5 hbonds, Rg  66.4 A, potential    -7.14
 77406 / 100001 elapsed  0 system 0.80 temp 102.5 hbonds, Rg  66.4 A, potential     9.62
 76906 / 100001 elapsed  1 system 0.80 temp 103.1 hbonds, Rg  66.6 A, potential     4.94
 77106 / 100001 elapsed  3 system 0.80 temp 101.0 hbonds, Rg  66.7 A, potential     5.44
 77206 / 100001 elapsed  2 system 0.80 temp 107.4 hbonds, Rg  66.6 A, potential    12.87
 77506 / 100001 elapsed  0 system 0.80 temp 104.3 hbonds, Rg  66.5 A, potential    24.73
 77006 / 100001 elapsed  1 system 0.80 temp 101.3 hbonds, Rg  66.4 A, potential    19.19
 77206 / 100001 elapsed  3 system 0.80 temp 107.3 hbonds, Rg  66.7 A, potential     8.71
 77306 / 100001 elapsed  2 system 0.80 temp 101.5 hbonds, Rg  66.5 A, potential    58.37
 77606 / 100001 elapsed  0 system 0.80 temp 102.3 hbonds, Rg  66.6 A, potential    10.05
 77106 / 100001 elapsed  1 system 0.80 temp  99.0 hbonds, Rg  66.5 A, potential    11.64
 77306 / 100001 elapsed  3 system 0.80 temp 100.1 hbonds, Rg  66.5 A, potential    23.08
 77406 / 100001 elapsed  2 system 0.80 temp 103.0 hbonds, Rg  66.7 A, potential    70.79
 77706 / 100001 elapsed  0 system 0.80 temp 102.6 hbonds, Rg  66.5 A, potential    -2.80
 77206 / 100001 elapsed  1 system 0.80 temp  99.0 hbonds, Rg  66.6 A, potential    39.52
 77406 / 100001 elapsed  3 system 0.80 temp 103.7 hbonds, Rg  66.5 A, potential   -16.52
 77506 / 100001 elapsed  2 system 0.80 temp  98.5 hbonds, Rg  66.5 A, potential     9.66
 77806 / 100001 elapsed  0 system 0.80 temp 101.2 hbonds, Rg  66.6 A, potential    16.55
 77306 / 100001 elapsed  1 system 0.80 temp 101.0 hbonds, Rg  66.5 A, potential    25.02
 77506 / 100001 elapsed  3 system 0.80 temp 103.3 hbonds, Rg  66.5 A, potential    70.77
 77606 / 100001 elapsed  2 system 0.80 temp 104.9 hbonds, Rg  66.5 A, potential    29.62
 77906 / 100001 elapsed  0 system 0.80 temp 100.7 hbonds, Rg  66.5 A, potential    43.68
 77406 / 100001 elapsed  1 system 0.80 temp 101.1 hbonds, Rg  66.6 A, potential   -26.02
 77606 / 100001 elapsed  3 system 0.80 temp 107.8 hbonds, Rg  66.6 A, potential    33.28
 77706 / 100001 elapsed  2 system 0.80 temp  99.9 hbonds, Rg  66.6 A, potential    -1.27
 78006 / 100001 elapsed  0 system 0.80 temp  98.5 hbonds, Rg  66.5 A, potential     5.90
 77506 / 100001 elapsed  1 system 0.80 temp 104.9 hbonds, Rg  66.7 A, potential    49.01
 77706 / 100001 elapsed  3 system 0.80 temp 102.7 hbonds, Rg  66.6 A, potential    -6.18
 77806 / 100001 elapsed  2 system 0.80 temp 104.3 hbonds, Rg  66.5 A, potential     0.74
 78106 / 100001 elapsed  0 system 0.80 temp 101.7 hbonds, Rg  66.5 A, potential     6.00
 77606 / 100001 elapsed  1 system 0.80 temp 100.6 hbonds, Rg  66.7 A, potential     5.60
 77806 / 100001 elapsed  3 system 0.80 temp  99.6 hbonds, Rg  66.6 A, potential    53.36
 77906 / 100001 elapsed  2 system 0.80 temp  99.0 hbonds, Rg  66.5 A, potential    32.77
 78206 / 100001 elapsed  0 system 0.80 temp 100.8 hbonds, Rg  66.6 A, potential    22.25
 77706 / 100001 elapsed  1 system 0.80 temp 103.9 hbonds, Rg  66.5 A, potential   -15.89
 77906 / 100001 elapsed  3 system 0.80 temp 104.1 hbonds, Rg  66.6 A, potential    43.09
 78006 / 100001 elapsed  2 system 0.80 temp 105.0 hbonds, Rg  66.5 A, potential    38.51
 78306 / 100001 elapsed  0 system 0.80 temp 106.6 hbonds, Rg  66.5 A, potential    26.86
 77806 / 100001 elapsed  1 system 0.80 temp 106.3 hbonds, Rg  66.4 A, potential     3.66
 78006 / 100001 elapsed  3 system 0.80 temp 102.9 hbonds, Rg  66.4 A, potential    24.66
 78106 / 100001 elapsed  2 system 0.80 temp  98.5 hbonds, Rg  66.5 A, potential     4.06
 78406 / 100001 elapsed  0 system 0.80 temp 103.7 hbonds, Rg  66.6 A, potential    17.70
 77906 / 100001 elapsed  1 system 0.80 temp 103.4 hbonds, Rg  66.6 A, potential    35.03
 78106 / 100001 elapsed  3 system 0.80 temp 103.6 hbonds, Rg  66.3 A, potential    39.76
 78206 / 100001 elapsed  2 system 0.80 temp 100.6 hbonds, Rg  66.4 A, potential    35.28
 78506 / 100001 elapsed  0 system 0.80 temp 106.2 hbonds, Rg  66.5 A, potential    73.66
 78006 / 100001 elapsed  1 system 0.80 temp 103.9 hbonds, Rg  66.4 A, potential    19.19
 78306 / 100001 elapsed  2 system 0.80 temp 100.9 hbonds, Rg  66.6 A, potential    50.15
 78206 / 100001 elapsed  3 system 0.80 temp 103.2 hbonds, Rg  66.5 A, potential    34.82
 78606 / 100001 elapsed  0 system 0.80 temp 103.4 hbonds, Rg  66.5 A, potential    38.32
 78106 / 100001 elapsed  1 system 0.80 temp  94.0 hbonds, Rg  66.8 A, potential    36.19
 78406 / 100001 elapsed  2 system 0.80 temp 102.2 hbonds, Rg  66.6 A, potential    25.48
 78306 / 100001 elapsed  3 system 0.80 temp 103.7 hbonds, Rg  66.7 A, potential    19.11
 78706 / 100001 elapsed  0 system 0.80 temp 103.7 hbonds, Rg  66.5 A, potential    41.41
 78206 / 100001 elapsed  1 system 0.80 temp  96.9 hbonds, Rg  66.7 A, potential    49.45
 78506 / 100001 elapsed  2 system 0.80 temp  99.6 hbonds, Rg  66.5 A, potential    17.30
 78406 / 100001 elapsed  3 system 0.80 temp 104.2 hbonds, Rg  66.6 A, potential    12.39
 78806 / 100001 elapsed  0 system 0.80 temp 102.2 hbonds, Rg  66.6 A, potential    35.73
 78306 / 100001 elapsed  1 system 0.80 temp 101.6 hbonds, Rg  66.7 A, potential    27.26
 78606 / 100001 elapsed  2 system 0.80 temp 100.1 hbonds, Rg  66.6 A, potential   -10.81
 78506 / 100001 elapsed  3 system 0.80 temp 103.9 hbonds, Rg  66.5 A, potential    55.27
 78906 / 100001 elapsed  0 system 0.80 temp 103.6 hbonds, Rg  66.6 A, potential    31.03
 78406 / 100001 elapsed  1 system 0.80 temp 103.7 hbonds, Rg  66.5 A, potential    39.25
 78706 / 100001 elapsed  2 system 0.80 temp 101.5 hbonds, Rg  66.4 A, potential     8.43
 78606 / 100001 elapsed  3 system 0.80 temp 101.0 hbonds, Rg  66.6 A, potential    17.86
 79006 / 100001 elapsed  0 system 0.80 temp 100.5 hbonds, Rg  66.7 A, potential    27.39
 78506 / 100001 elapsed  1 system 0.80 temp 103.3 hbonds, Rg  66.7 A, potential    47.51
 78806 / 100001 elapsed  2 system 0.80 temp 101.2 hbonds, Rg  66.6 A, potential    22.92
 78706 / 100001 elapsed  3 system 0.80 temp 104.6 hbonds, Rg  66.5 A, potential    27.02
 79106 / 100001 elapsed  0 system 0.80 temp 105.1 hbonds, Rg  66.6 A, potential    -8.69
 78606 / 100001 elapsed  1 system 0.80 temp 105.4 hbonds, Rg  66.5 A, potential    22.68
 78906 / 100001 elapsed  2 system 0.80 temp 102.5 hbonds, Rg  66.5 A, potential    31.08
 78806 / 100001 elapsed  3 system 0.80 temp 105.4 hbonds, Rg  66.6 A, potential    15.19
 79206 / 100001 elapsed  0 system 0.80 temp 107.4 hbonds, Rg  66.6 A, potential    16.16
 78706 / 100001 elapsed  1 system 0.80 temp 101.0 hbonds, Rg  66.5 A, potential    33.99
 79006 / 100001 elapsed  2 system 0.80 temp 105.1 hbonds, Rg  66.5 A, potential    31.24
 78906 / 100001 elapsed  3 system 0.80 temp 105.3 hbonds, Rg  66.6 A, potential    -0.29
 79306 / 100001 elapsed  0 system 0.80 temp 102.7 hbonds, Rg  66.7 A, potential    15.61
 78806 / 100001 elapsed  1 system 0.80 temp 102.3 hbonds, Rg  66.6 A, potential    22.71
 79106 / 100001 elapsed  2 system 0.80 temp  98.1 hbonds, Rg  66.5 A, potential    53.51
 79006 / 100001 elapsed  3 system 0.80 temp 106.4 hbonds, Rg  66.6 A, potential     8.33
 79406 / 100001 elapsed  0 system 0.80 temp 101.4 hbonds, Rg  66.5 A, potential    49.39
 78906 / 100001 elapsed  1 system 0.80 temp  99.2 hbonds, Rg  66.5 A, potential    35.35
 79206 / 100001 elapsed  2 system 0.80 temp 103.3 hbonds, Rg  66.6 A, potential    20.57
 79106 / 100001 elapsed  3 system 0.80 temp  99.2 hbonds, Rg  66.5 A, potential    46.86
 79506 / 100001 elapsed  0 system 0.80 temp 105.2 hbonds, Rg  66.6 A, potential    -8.92
 79006 / 100001 elapsed  1 system 0.80 temp  99.9 hbonds, Rg  66.4 A, potential    -6.98
 79306 / 100001 elapsed  2 system 0.80 temp  99.7 hbonds, Rg  66.6 A, potential   -19.13
 79206 / 100001 elapsed  3 system 0.80 temp 107.8 hbonds, Rg  66.6 A, potential   -22.99
 79606 / 100001 elapsed  0 system 0.80 temp 100.4 hbonds, Rg  66.5 A, potential    19.41
 79106 / 100001 elapsed  1 system 0.80 temp  99.7 hbonds, Rg  66.6 A, potential    21.00
 79406 / 100001 elapsed  2 system 0.80 temp 103.9 hbonds, Rg  66.5 A, potential    19.58
 79306 / 100001 elapsed  3 system 0.80 temp 103.8 hbonds, Rg  66.5 A, potential     3.89
 79706 / 100001 elapsed  0 system 0.80 temp  99.0 hbonds, Rg  66.6 A, potential    34.90
 79206 / 100001 elapsed  1 system 0.80 temp 105.0 hbonds, Rg  66.7 A, potential    23.74
 79406 / 100001 elapsed  3 system 0.80 temp 105.8 hbonds, Rg  66.6 A, potential   -14.25
 79506 / 100001 elapsed  2 system 0.80 temp  97.7 hbonds, Rg  66.6 A, potential    36.41
 79806 / 100001 elapsed  0 system 0.80 temp 106.6 hbonds, Rg  66.5 A, potential     0.58
 79306 / 100001 elapsed  1 system 0.80 temp  98.6 hbonds, Rg  66.5 A, potential    18.56
 79606 / 100001 elapsed  2 system 0.80 temp 103.1 hbonds, Rg  66.6 A, potential    12.79
 79506 / 100001 elapsed  3 system 0.80 temp 102.8 hbonds, Rg  66.5 A, potential    12.67
 79906 / 100001 elapsed  0 system 0.80 temp 101.9 hbonds, Rg  66.7 A, potential    -5.03
 79406 / 100001 elapsed  1 system 0.80 temp 103.1 hbonds, Rg  66.5 A, potential    17.10
 79606 / 100001 elapsed  3 system 0.80 temp  97.5 hbonds, Rg  66.6 A, potential    30.51
 79706 / 100001 elapsed  2 system 0.80 temp 101.8 hbonds, Rg  66.4 A, potential     9.20
 80006 / 100001 elapsed  0 system 0.80 temp 102.3 hbonds, Rg  66.4 A, potential     7.45
 79506 / 100001 elapsed  1 system 0.80 temp 106.2 hbonds, Rg  66.7 A, potential    24.96
 79706 / 100001 elapsed  3 system 0.80 temp 101.4 hbonds, Rg  66.5 A, potential    65.68
 79806 / 100001 elapsed  2 system 0.80 temp 102.3 hbonds, Rg  66.5 A, potential    -2.38
 80106 / 100001 elapsed  0 system 0.80 temp 101.6 hbonds, Rg  66.4 A, potential    37.03
 79606 / 100001 elapsed  1 system 0.80 temp 103.0 hbonds, Rg  66.4 A, potential    20.52
 79806 / 100001 elapsed  3 system 0.80 temp 107.0 hbonds, Rg  66.6 A, potential     5.59
 79906 / 100001 elapsed  2 system 0.80 temp 108.8 hbonds, Rg  66.6 A, potential    -1.49
 80206 / 100001 elapsed  0 system 0.80 temp 102.6 hbonds, Rg  66.6 A, potential    22.44
 79706 / 100001 elapsed  1 system 0.80 temp 104.9 hbonds, Rg  66.5 A, potential    29.03
 80006 / 100001 elapsed  2 system 0.80 temp 103.9 hbonds, Rg  66.6 A, potential    19.18
 79906 / 100001 elapsed  3 system 0.80 temp 104.3 hbonds, Rg  66.6 A, potential   -15.84
 80306 / 100001 elapsed  0 system 0.80 temp 104.5 hbonds, Rg  66.5 A, potential     7.55
 79806 / 100001 elapsed  1 system 0.80 temp 103.6 hbonds, Rg  66.5 A, potential    13.59
 80106 / 100001 elapsed  2 system 0.80 temp 102.1 hbonds, Rg  66.6 A, potential     4.04
 80006 / 100001 elapsed  3 system 0.80 temp 101.8 hbonds, Rg  66.3 A, potential    14.94
 80406 / 100001 elapsed  0 system 0.80 temp 104.8 hbonds, Rg  66.5 A, potential    29.71
 79906 / 100001 elapsed  1 system 0.80 temp 101.2 hbonds, Rg  66.5 A, potential    27.58
 80206 / 100001 elapsed  2 system 0.80 temp 104.2 hbonds, Rg  66.5 A, potential    12.73
 80106 / 100001 elapsed  3 system 0.80 temp 106.5 hbonds, Rg  66.6 A, potential    15.13
 80506 / 100001 elapsed  0 system 0.80 temp 106.6 hbonds, Rg  66.5 A, potential    29.68
 80006 / 100001 elapsed  1 system 0.80 temp 106.4 hbonds, Rg  66.5 A, potential     0.75
 80306 / 100001 elapsed  2 system 0.80 temp 101.7 hbonds, Rg  66.6 A, potential    39.78
 80206 / 100001 elapsed  3 system 0.80 temp 102.6 hbonds, Rg  66.4 A, potential     2.20
 80606 / 100001 elapsed  0 system 0.80 temp 102.7 hbonds, Rg  66.6 A, potential    -3.35
 80106 / 100001 elapsed  1 system 0.80 temp 104.6 hbonds, Rg  66.5 A, potential   -17.17
 80406 / 100001 elapsed  2 system 0.80 temp  98.0 hbonds, Rg  66.4 A, potential    51.36
 80306 / 100001 elapsed  3 system 0.80 temp 107.1 hbonds, Rg  66.7 A, potential     4.41
 80706 / 100001 elapsed  0 system 0.80 temp 101.5 hbonds, Rg  66.5 A, potential    15.63
 80206 / 100001 elapsed  1 system 0.80 temp  99.8 hbonds, Rg  66.6 A, potential    55.92
 80506 / 100001 elapsed  2 system 0.80 temp 102.8 hbonds, Rg  66.6 A, potential    11.29
 80406 / 100001 elapsed  3 system 0.80 temp 105.5 hbonds, Rg  66.5 A, potential   -16.13
 80806 / 100001 elapsed  0 system 0.80 temp 103.5 hbonds, Rg  66.6 A, potential    17.88
 80306 / 100001 elapsed  1 system 0.80 temp 102.6 hbonds, Rg  66.6 A, potential    65.03
 80606 / 100001 elapsed  2 system 0.80 temp 102.9 hbonds, Rg  66.6 A, potential     0.22
 80506 / 100001 elapsed  3 system 0.80 temp  97.8 hbonds, Rg  66.6 A, potential     8.38
 80906 / 100001 elapsed  0 system 0.80 temp  98.7 hbonds, Rg  66.6 A, potential    41.54
 80406 / 100001 elapsed  1 system 0.80 temp  97.3 hbonds, Rg  66.4 A, potential    40.99
 80706 / 100001 elapsed  2 system 0.80 temp 101.7 hbonds, Rg  66.7 A, potential    33.79
 80606 / 100001 elapsed  3 system 0.80 temp 102.3 hbonds, Rg  66.6 A, potential    47.16
 81006 / 100001 elapsed  0 system 0.80 temp 102.7 hbonds, Rg  66.6 A, potential   -20.70
 80506 / 100001 elapsed  1 system 0.80 temp 104.4 hbonds, Rg  66.6 A, potential    -5.45
 80806 / 100001 elapsed  2 system 0.80 temp 106.2 hbonds, Rg  66.6 A, potential   -12.69
 80706 / 100001 elapsed  3 system 0.80 temp 107.1 hbonds, Rg  66.5 A, potential     1.07
 81106 / 100001 elapsed  0 system 0.80 temp 100.9 hbonds, Rg  66.4 A, potential   -21.36
 80606 / 100001 elapsed  1 system 0.80 temp 106.8 hbonds, Rg  66.5 A, potential   -15.72
 80806 / 100001 elapsed  3 system 0.80 temp 103.3 hbonds, Rg  66.6 A, potential    25.45
 80906 / 100001 elapsed  2 system 0.80 temp 101.8 hbonds, Rg  66.5 A, potential    -0.84
 81206 / 100001 elapsed  0 system 0.80 temp 104.6 hbonds, Rg  66.7 A, potential    24.07
 80706 / 100001 elapsed  1 system 0.80 temp 101.0 hbonds, Rg  66.7 A, potential    13.34
 81006 / 100001 elapsed  2 system 0.80 temp  99.2 hbonds, Rg  66.5 A, potential    77.03
 80906 / 100001 elapsed  3 system 0.80 temp 102.5 hbonds, Rg  66.7 A, potential    45.57
 81307 / 100001 elapsed  0 system 0.80 temp 102.5 hbonds, Rg  66.5 A, potential   -11.59
 80806 / 100001 elapsed  1 system 0.80 temp 106.6 hbonds, Rg  66.4 A, potential    46.51
 81106 / 100001 elapsed  2 system 0.80 temp 103.2 hbonds, Rg  66.6 A, potential    21.28
 81006 / 100001 elapsed  3 system 0.80 temp 102.8 hbonds, Rg  66.5 A, potential     1.45
 81407 / 100001 elapsed  0 system 0.80 temp 101.1 hbonds, Rg  66.6 A, potential   -23.97
 80906 / 100001 elapsed  1 system 0.80 temp 102.8 hbonds, Rg  66.5 A, potential    52.30
 81206 / 100001 elapsed  2 system 0.80 temp 102.7 hbonds, Rg  66.6 A, potential    24.07
 81106 / 100001 elapsed  3 system 0.80 temp 106.1 hbonds, Rg  66.6 A, potential   -24.71
 81507 / 100001 elapsed  0 system 0.80 temp 102.2 hbonds, Rg  66.4 A, potential    18.54
 81006 / 100001 elapsed  1 system 0.80 temp  99.5 hbonds, Rg  66.7 A, potential    34.85
 81307 / 100001 elapsed  2 system 0.80 temp 101.3 hbonds, Rg  66.6 A, potential    37.50
 81206 / 100001 elapsed  3 system 0.80 temp 104.1 hbonds, Rg  66.6 A, potential    -7.23
 81607 / 100001 elapsed  0 system 0.80 temp  99.4 hbonds, Rg  66.6 A, potential    19.50
 81106 / 100001 elapsed  1 system 0.80 temp 100.9 hbonds, Rg  66.5 A, potential   -12.44
 81407 / 100001 elapsed  2 system 0.80 temp 108.3 hbonds, Rg  66.5 A, potential    -6.50
 81307 / 100001 elapsed  3 system 0.80 temp 103.8 hbonds, Rg  66.7 A, potential    -2.08
 81707 / 100001 elapsed  0 system 0.80 temp 104.4 hbonds, Rg  66.5 A, potential   -14.18
 81206 / 100001 elapsed  1 system 0.80 temp 102.2 hbonds, Rg  66.5 A, potential    11.08
 81507 / 100001 elapsed  2 system 0.80 temp 105.5 hbonds, Rg  66.5 A, potential    13.91
 81407 / 100001 elapsed  3 system 0.80 temp 102.6 hbonds, Rg  66.4 A, potential     0.02
 81807 / 100001 elapsed  0 system 0.80 temp 101.6 hbonds, Rg  66.7 A, potential     9.04
 81307 / 100001 elapsed  1 system 0.80 temp 102.0 hbonds, Rg  66.6 A, potential     2.58
 81607 / 100001 elapsed  2 system 0.80 temp 105.4 hbonds, Rg  66.6 A, potential    23.91
 81507 / 100001 elapsed  3 system 0.80 temp 103.0 hbonds, Rg  66.5 A, potential   -12.72
 81907 / 100001 elapsed  0 system 0.80 temp  97.3 hbonds, Rg  66.5 A, potential    12.45
 81407 / 100001 elapsed  1 system 0.80 temp 102.9 hbonds, Rg  66.6 A, potential    32.39
 81707 / 100001 elapsed  2 system 0.80 temp 102.3 hbonds, Rg  66.5 A, potential    -7.79
 81607 / 100001 elapsed  3 system 0.80 temp 101.6 hbonds, Rg  66.4 A, potential     1.70
 82007 / 100001 elapsed  0 system 0.80 temp 103.3 hbonds, Rg  66.6 A, potential    23.90
 81507 / 100001 elapsed  1 system 0.80 temp 103.5 hbonds, Rg  66.4 A, potential     7.24
 81807 / 100001 elapsed  2 system 0.80 temp 103.2 hbonds, Rg  66.5 A, potential    40.90
 81707 / 100001 elapsed  3 system 0.80 temp 104.1 hbonds, Rg  66.4 A, potential    19.20
 82107 / 100001 elapsed  0 system 0.80 temp 105.4 hbonds, Rg  66.7 A, potential    12.77
 81607 / 100001 elapsed  1 system 0.80 temp 104.6 hbonds, Rg  66.7 A, potential     4.99
 81907 / 100001 elapsed  2 system 0.80 temp 102.4 hbonds, Rg  66.4 A, potential    38.88
 81807 / 100001 elapsed  3 system 0.80 temp 106.9 hbonds, Rg  66.5 A, potential    14.41
 82207 / 100001 elapsed  0 system 0.80 temp 105.7 hbonds, Rg  66.7 A, potential    31.37
 81707 / 100001 elapsed  1 system 0.80 temp 100.4 hbonds, Rg  66.6 A, potential    17.88
 82007 / 100001 elapsed  2 system 0.80 temp 105.0 hbonds, Rg  66.6 A, potential    39.30
 81907 / 100001 elapsed  3 system 0.80 temp 104.8 hbonds, Rg  66.7 A, potential    18.25
 82307 / 100001 elapsed  0 system 0.80 temp 101.7 hbonds, Rg  66.4 A, potential    36.19
 81807 / 100001 elapsed  1 system 0.80 temp 106.0 hbonds, Rg  66.5 A, potential   -19.75
 82007 / 100001 elapsed  3 system 0.80 temp 104.8 hbonds, Rg  66.5 A, potential    11.74
 82107 / 100001 elapsed  2 system 0.80 temp  99.2 hbonds, Rg  66.4 A, potential    22.50
 82407 / 100001 elapsed  0 system 0.80 temp 105.8 hbonds, Rg  66.5 A, potential    -5.58
 81907 / 100001 elapsed  1 system 0.80 temp 102.0 hbonds, Rg  66.4 A, potential    25.75
 82107 / 100001 elapsed  3 system 0.80 temp 104.1 hbonds, Rg  66.4 A, potential    10.34
 82207 / 100001 elapsed  2 system 0.80 temp 105.4 hbonds, Rg  66.6 A, potential    -0.75
 82507 / 100001 elapsed  0 system 0.80 temp 101.7 hbonds, Rg  66.7 A, potential    20.31
 82007 / 100001 elapsed  1 system 0.80 temp 107.1 hbonds, Rg  66.5 A, potential     7.79
 82207 / 100001 elapsed  3 system 0.80 temp 103.8 hbonds, Rg  66.5 A, potential    -5.43
 82307 / 100001 elapsed  2 system 0.80 temp 102.5 hbonds, Rg  66.5 A, potential    10.31
 82607 / 100001 elapsed  0 system 0.80 temp  98.8 hbonds, Rg  66.5 A, potential    45.14
 82107 / 100001 elapsed  1 system 0.80 temp 101.4 hbonds, Rg  66.4 A, potential    14.54
 82307 / 100001 elapsed  3 system 0.80 temp 104.7 hbonds, Rg  66.6 A, potential    -5.14
 82407 / 100001 elapsed  2 system 0.80 temp 102.3 hbonds, Rg  66.5 A, potential    -6.85
 82707 / 100001 elapsed  0 system 0.80 temp 102.6 hbonds, Rg  66.6 A, potential    15.95
 82207 / 100001 elapsed  1 system 0.80 temp  95.4 hbonds, Rg  66.5 A, potential    63.74
 82407 / 100001 elapsed  3 system 0.80 temp 102.8 hbonds, Rg  66.5 A, potential    24.83
 82507 / 100001 elapsed  2 system 0.80 temp 103.5 hbonds, Rg  66.5 A, potential    31.23
 82807 / 100001 elapsed  0 system 0.80 temp  98.0 hbonds, Rg  66.6 A, potential    47.65
 82307 / 100001 elapsed  1 system 0.80 temp 105.6 hbonds, Rg  66.8 A, potential    61.23
 82507 / 100001 elapsed  3 system 0.80 temp 101.3 hbonds, Rg  66.6 A, potential    63.92
 82607 / 100001 elapsed  2 system 0.80 temp 106.4 hbonds, Rg  66.6 A, potential   -15.66
 82907 / 100001 elapsed  0 system 0.80 temp 103.5 hbonds, Rg  66.6 A, potential    24.08
 82407 / 100001 elapsed  1 system 0.80 temp 104.2 hbonds, Rg  66.5 A, potential    43.18
 82607 / 100001 elapsed  3 system 0.80 temp 104.5 hbonds, Rg  66.7 A, potential    -5.37
 82707 / 100001 elapsed  2 system 0.80 temp  98.9 hbonds, Rg  66.5 A, potential    33.06
 83007 / 100001 elapsed  0 system 0.80 temp 102.1 hbonds, Rg  66.6 A, potential     0.74
 82507 / 100001 elapsed  1 system 0.80 temp 104.4 hbonds, Rg  66.4 A, potential    14.07
 82707 / 100001 elapsed  3 system 0.80 temp 103.8 hbonds, Rg  66.5 A, potential    54.49
 82807 / 100001 elapsed  2 system 0.80 temp 105.9 hbonds, Rg  66.4 A, potential    -6.63
 83107 / 100001 elapsed  0 system 0.80 temp 103.0 hbonds, Rg  66.5 A, potential    12.80
 82607 / 100001 elapsed  1 system 0.80 temp 103.1 hbonds, Rg  66.5 A, potential    24.09
 82807 / 100001 elapsed  3 system 0.80 temp 106.7 hbonds, Rg  66.7 A, potential     8.90
 82907 / 100001 elapsed  2 system 0.80 temp 100.1 hbonds, Rg  66.5 A, potential    35.02
 83207 / 100001 elapsed  0 system 0.80 temp  99.3 hbonds, Rg  66.6 A, potential     4.47
 82707 / 100001 elapsed  1 system 0.80 temp 102.6 hbonds, Rg  66.6 A, potential    -0.20
 82907 / 100001 elapsed  3 system 0.80 temp 103.0 hbonds, Rg  66.6 A, potential     5.04
 83007 / 100001 elapsed  2 system 0.80 temp 106.1 hbonds, Rg  66.6 A, potential    24.62
 83307 / 100001 elapsed  0 system 0.80 temp 103.6 hbonds, Rg  66.6 A, potential    17.80
 82807 / 100001 elapsed  1 system 0.80 temp 105.0 hbonds, Rg  66.4 A, potential    43.73
 83007 / 100001 elapsed  3 system 0.80 temp 103.5 hbonds, Rg  66.6 A, potential     4.41
 83107 / 100001 elapsed  2 system 0.80 temp 104.9 hbonds, Rg  66.6 A, potential    32.26
 83407 / 100001 elapsed  0 system 0.80 temp 102.4 hbonds, Rg  66.6 A, potential   -13.56
 82907 / 100001 elapsed  1 system 0.80 temp 103.4 hbonds, Rg  66.5 A, potential    10.22
 83207 / 100001 elapsed  2 system 0.80 temp 102.8 hbonds, Rg  66.4 A, potential    43.63
 83107 / 100001 elapsed  3 system 0.80 temp  99.9 hbonds, Rg  66.5 A, potential    42.09
 83007 / 100001 elapsed  1 system 0.80 temp  99.7 hbonds, Rg  66.5 A, potential    33.23
 83507 / 100001 elapsed  0 system 0.80 temp 103.2 hbonds, Rg  66.6 A, potential    28.48
 83307 / 100001 elapsed  2 system 0.80 temp 101.8 hbonds, Rg  66.6 A, potential     1.83
 83207 / 100001 elapsed  3 system 0.80 temp 102.9 hbonds, Rg  66.6 A, potential    26.24
 83107 / 100001 elapsed  1 system 0.80 temp 101.8 hbonds, Rg  66.5 A, potential    33.57
 83607 / 100001 elapsed  0 system 0.80 temp 104.4 hbonds, Rg  66.5 A, potential    -2.33
 83407 / 100001 elapsed  2 system 0.80 temp 105.8 hbonds, Rg  66.5 A, potential    48.78
 83307 / 100001 elapsed  3 system 0.80 temp  98.9 hbonds, Rg  66.6 A, potential    34.12
 83207 / 100001 elapsed  1 system 0.80 temp 100.3 hbonds, Rg  66.5 A, potential    -6.49
 83707 / 100001 elapsed  0 system 0.80 temp  98.8 hbonds, Rg  66.7 A, potential    -5.30
 83507 / 100001 elapsed  2 system 0.80 temp  96.7 hbonds, Rg  66.6 A, potential    21.12
 83407 / 100001 elapsed  3 system 0.80 temp 102.0 hbonds, Rg  66.6 A, potential    12.56
 83307 / 100001 elapsed  1 system 0.80 temp 103.5 hbonds, Rg  66.5 A, potential    19.24
 83807 / 100001 elapsed  0 system 0.80 temp 104.8 hbonds, Rg  66.5 A, potential     9.37
 83607 / 100001 elapsed  2 system 0.80 temp 100.3 hbonds, Rg  66.6 A, potential    37.81
 83507 / 100001 elapsed  3 system 0.80 temp 101.8 hbonds, Rg  66.6 A, potential    -4.53
 83407 / 100001 elapsed  1 system 0.80 temp 102.5 hbonds, Rg  66.6 A, potential    31.26
 83907 / 100001 elapsed  0 system 0.80 temp 103.0 hbonds, Rg  66.5 A, potential    -1.41
 83707 / 100001 elapsed  2 system 0.80 temp 100.4 hbonds, Rg  66.7 A, potential     9.52
 83607 / 100001 elapsed  3 system 0.80 temp 103.6 hbonds, Rg  66.5 A, potential    36.03
 83507 / 100001 elapsed  1 system 0.80 temp 100.4 hbonds, Rg  66.6 A, potential    15.22
 84007 / 100001 elapsed  0 system 0.80 temp 103.0 hbonds, Rg  66.4 A, potential    15.49
 83807 / 100001 elapsed  2 system 0.80 temp 104.3 hbonds, Rg  66.6 A, potential    34.74
 83707 / 100001 elapsed  3 system 0.80 temp 105.3 hbonds, Rg  66.6 A, potential   -15.99
 83607 / 100001 elapsed  1 system 0.80 temp 105.3 hbonds, Rg  66.4 A, potential   -14.65
 84107 / 100001 elapsed  0 system 0.80 temp 101.8 hbonds, Rg  66.7 A, potential    46.11
 83907 / 100001 elapsed  2 system 0.80 temp 103.5 hbonds, Rg  66.8 A, potential     5.59
 83807 / 100001 elapsed  3 system 0.80 temp 104.0 hbonds, Rg  66.6 A, potential    22.62
 83707 / 100001 elapsed  1 system 0.80 temp 102.7 hbonds, Rg  66.6 A, potential   -22.13
 84207 / 100001 elapsed  0 system 0.80 temp  98.6 hbonds, Rg  66.5 A, potential   -13.02
 84007 / 100001 elapsed  2 system 0.80 temp 105.8 hbonds, Rg  66.6 A, potential    24.78
 83907 / 100001 elapsed  3 system 0.80 temp 102.5 hbonds, Rg  66.5 A, potential    38.51
 83807 / 100001 elapsed  1 system 0.80 temp 102.3 hbonds, Rg  66.7 A, potential    40.78
 84307 / 100001 elapsed  0 system 0.80 temp 104.4 hbonds, Rg  66.5 A, potential    16.74
 84107 / 100001 elapsed  2 system 0.80 temp 105.3 hbonds, Rg  66.6 A, potential    40.56
 84007 / 100001 elapsed  3 system 0.80 temp  95.2 hbonds, Rg  66.6 A, potential    58.25
 83907 / 100001 elapsed  1 system 0.80 temp 103.2 hbonds, Rg  66.4 A, potential     6.55
 84407 / 100001 elapsed  0 system 0.80 temp  99.7 hbonds, Rg  66.6 A, potential    19.72
 84207 / 100001 elapsed  2 system 0.80 temp 106.9 hbonds, Rg  66.6 A, potential     3.09
 84107 / 100001 elapsed  3 system 0.80 temp 106.1 hbonds, Rg  66.5 A, potential   -42.15
 84007 / 100001 elapsed  1 system 0.80 temp 107.8 hbonds, Rg  66.7 A, potential    16.17
 84507 / 100001 elapsed  0 system 0.80 temp  98.4 hbonds, Rg  66.7 A, potential    26.85
 84307 / 100001 elapsed  2 system 0.80 temp 103.3 hbonds, Rg  66.7 A, potential     1.78
 84207 / 100001 elapsed  3 system 0.80 temp 104.4 hbonds, Rg  66.6 A, potential    -6.68
 84107 / 100001 elapsed  1 system 0.80 temp 103.0 hbonds, Rg  66.4 A, potential     0.92
 84607 / 100001 elapsed  0 system 0.80 temp 105.9 hbonds, Rg  66.6 A, potential     3.48
 84407 / 100001 elapsed  2 system 0.80 temp 104.8 hbonds, Rg  66.6 A, potential     9.64
 84307 / 100001 elapsed  3 system 0.80 temp  96.9 hbonds, Rg  66.6 A, potential    64.67
 84207 / 100001 elapsed  1 system 0.80 temp 104.1 hbonds, Rg  66.7 A, potential     6.92
 84707 / 100001 elapsed  0 system 0.80 temp 101.3 hbonds, Rg  66.5 A, potential     6.31
 84507 / 100001 elapsed  2 system 0.80 temp 104.0 hbonds, Rg  66.4 A, potential    62.67
 84407 / 100001 elapsed  3 system 0.80 temp  98.6 hbonds, Rg  66.6 A, potential    36.46
 84307 / 100001 elapsed  1 system 0.80 temp  99.3 hbonds, Rg  66.7 A, potential    -4.29
 84807 / 100001 elapsed  0 system 0.80 temp 105.3 hbonds, Rg  66.5 A, potential    15.89
 84607 / 100001 elapsed  2 system 0.80 temp 104.0 hbonds, Rg  66.5 A, potential    -3.63
 84507 / 100001 elapsed  3 system 0.80 temp 102.4 hbonds, Rg  66.7 A, potential    24.44
 84407 / 100001 elapsed  1 system 0.80 temp 103.0 hbonds, Rg  66.7 A, potential     8.28
 84907 / 100001 elapsed  0 system 0.80 temp  99.7 hbonds, Rg  66.6 A, potential   -11.84
 84707 / 100001 elapsed  2 system 0.80 temp 105.7 hbonds, Rg  66.5 A, potential    26.24
 84607 / 100001 elapsed  3 system 0.80 temp 102.1 hbonds, Rg  66.6 A, potential    31.97
 84507 / 100001 elapsed  1 system 0.80 temp 105.5 hbonds, Rg  66.5 A, potential    20.30
 85007 / 100001 elapsed  0 system 0.80 temp 101.8 hbonds, Rg  66.6 A, potential   -15.03
 84807 / 100001 elapsed  2 system 0.80 temp 101.3 hbonds, Rg  66.5 A, potential    13.25
 84707 / 100001 elapsed  3 system 0.80 temp 101.4 hbonds, Rg  66.5 A, potential    10.45
 84607 / 100001 elapsed  1 system 0.80 temp 104.4 hbonds, Rg  66.5 A, potential    30.44
 85107 / 100001 elapsed  0 system 0.80 temp 103.0 hbonds, Rg  66.4 A, potential   -24.24
 84907 / 100001 elapsed  2 system 0.80 temp 105.2 hbonds, Rg  66.5 A, potential    18.43
 84807 / 100001 elapsed  3 system 0.80 temp 100.4 hbonds, Rg  66.5 A, potential    67.10
 84707 / 100001 elapsed  1 system 0.80 temp  99.1 hbonds, Rg  66.6 A, potential    12.56
 85207 / 100001 elapsed  0 system 0.80 temp 103.7 hbonds, Rg  66.4 A, potential    27.88
 85007 / 100001 elapsed  2 system 0.80 temp 102.2 hbonds, Rg  66.4 A, potential     6.16
 84907 / 100001 elapsed  3 system 0.80 temp 101.2 hbonds, Rg  66.6 A, potential    35.72
 84807 / 100001 elapsed  1 system 0.80 temp 101.4 hbonds, Rg  66.6 A, potential    14.71
 85307 / 100001 elapsed  0 system 0.80 temp 101.7 hbonds, Rg  66.8 A, potential    29.06
 85107 / 100001 elapsed  2 system 0.80 temp 105.1 hbonds, Rg  66.6 A, potential     0.57
 85007 / 100001 elapsed  3 system 0.80 temp 106.3 hbonds, Rg  66.7 A, potential    -3.85
 84907 / 100001 elapsed  1 system 0.80 temp 103.8 hbonds, Rg  66.4 A, potential    42.07
 85407 / 100001 elapsed  0 system 0.80 temp 100.0 hbonds, Rg  66.6 A, potential   -14.77
 85207 / 100001 elapsed  2 system 0.80 temp 101.7 hbonds, Rg  66.5 A, potential    30.29
 85107 / 100001 elapsed  3 system 0.80 temp 107.1 hbonds, Rg  66.6 A, potential    18.03
 85007 / 100001 elapsed  1 system 0.80 temp 100.8 hbonds, Rg  66.5 A, potential    46.29
 85507 / 100001 elapsed  0 system 0.80 temp 101.1 hbonds, Rg  66.5 A, potential    15.57
 85307 / 100001 elapsed  2 system 0.80 temp 102.5 hbonds, Rg  66.5 A, potential    11.90
 85207 / 100001 elapsed  3 system 0.80 temp 103.9 hbonds, Rg  66.7 A, potential     5.52
 85107 / 100001 elapsed  1 system 0.80 temp 102.0 hbonds, Rg  66.6 A, potential    24.36
 85607 / 100001 elapsed  0 system 0.80 temp 105.1 hbonds, Rg  66.5 A, potential   -27.37
 85407 / 100001 elapsed  2 system 0.80 temp 108.0 hbonds, Rg  66.5 A, potential    32.35
 85307 / 100001 elapsed  3 system 0.80 temp 106.4 hbonds, Rg  66.6 A, potential     4.57
 85207 / 100001 elapsed  1 system 0.80 temp 104.5 hbonds, Rg  66.6 A, potential    20.27
 85707 / 100001 elapsed  0 system 0.80 temp 105.1 hbonds, Rg  66.6 A, potential     0.19
 85507 / 100001 elapsed  2 system 0.80 temp 101.0 hbonds, Rg  66.5 A, potential    48.99
 85407 / 100001 elapsed  3 system 0.80 temp 103.9 hbonds, Rg  66.5 A, potential   -12.39
 85307 / 100001 elapsed  1 system 0.80 temp 104.8 hbonds, Rg  66.4 A, potential     2.15
 85807 / 100001 elapsed  0 system 0.80 temp 103.6 hbonds, Rg  66.5 A, potential    37.31
 85607 / 100001 elapsed  2 system 0.80 temp 103.3 hbonds, Rg  66.7 A, potential    41.73
 85507 / 100001 elapsed  3 system 0.80 temp 102.5 hbonds, Rg  66.5 A, potential    33.97
 85407 / 100001 elapsed  1 system 0.80 temp 101.1 hbonds, Rg  66.4 A, potential    38.22
 85907 / 100001 elapsed  0 system 0.80 temp 100.5 hbonds, Rg  66.6 A, potential    32.23
 85707 / 100001 elapsed  2 system 0.80 temp 107.1 hbonds, Rg  66.5 A, potential     8.05
 85607 / 100001 elapsed  3 system 0.80 temp 102.4 hbonds, Rg  66.5 A, potential     2.70
 85507 / 100001 elapsed  1 system 0.80 temp 102.9 hbonds, Rg  66.5 A, potential   -14.07
 86007 / 100001 elapsed  0 system 0.80 temp 100.8 hbonds, Rg  66.6 A, potential    -5.06
 85807 / 100001 elapsed  2 system 0.80 temp 106.2 hbonds, Rg  66.7 A, potential     1.43
 85707 / 100001 elapsed  3 system 0.80 temp 102.6 hbonds, Rg  66.6 A, potential    29.77
 85607 / 100001 elapsed  1 system 0.80 temp 103.8 hbonds, Rg  66.7 A, potential    33.81
 86107 / 100001 elapsed  0 system 0.80 temp 103.0 hbonds, Rg  66.7 A, potential    18.54
 85907 / 100001 elapsed  2 system 0.80 temp 106.0 hbonds, Rg  66.4 A, potential    18.56
 85807 / 100001 elapsed  3 system 0.80 temp 104.4 hbonds, Rg  66.4 A, potential    14.50
 85707 / 100001 elapsed  1 system 0.80 temp 105.0 hbonds, Rg  66.4 A, potential   -14.75
 86207 / 100001 elapsed  0 system 0.80 temp 104.4 hbonds, Rg  66.5 A, potential    11.11
 86007 / 100001 elapsed  2 system 0.80 temp 101.4 hbonds, Rg  66.6 A, potential    31.76
 85907 / 100001 elapsed  3 system 0.80 temp 100.4 hbonds, Rg  66.7 A, potential    40.88
 85807 / 100001 elapsed  1 system 0.80 temp 101.9 hbonds, Rg  66.6 A, potential    21.44
 86107 / 100001 elapsed  2 system 0.80 temp 106.9 hbonds, Rg  66.4 A, potential    13.79
 86307 / 100001 elapsed  0 system 0.80 temp 105.0 hbonds, Rg  66.6 A, potential    17.31
 86007 / 100001 elapsed  3 system 0.80 temp 102.4 hbonds, Rg  66.6 A, potential    28.00
 85907 / 100001 elapsed  1 system 0.80 temp 105.5 hbonds, Rg  66.5 A, potential    46.59
 86207 / 100001 elapsed  2 system 0.80 temp 107.0 hbonds, Rg  66.5 A, potential     8.17
 86407 / 100001 elapsed  0 system 0.80 temp 105.1 hbonds, Rg  66.5 A, potential    -7.38
 86107 / 100001 elapsed  3 system 0.80 temp  99.8 hbonds, Rg  66.4 A, potential    48.72
 86007 / 100001 elapsed  1 system 0.80 temp 104.3 hbonds, Rg  66.5 A, potential    14.23
 86507 / 100001 elapsed  0 system 0.80 temp  99.8 hbonds, Rg  66.6 A, potential    11.91
 86307 / 100001 elapsed  2 system 0.80 temp 103.3 hbonds, Rg  66.4 A, potential    26.70
 86207 / 100001 elapsed  3 system 0.80 temp 105.9 hbonds, Rg  66.4 A, potential     7.40
 86607 / 100001 elapsed  0 system 0.80 temp 101.8 hbonds, Rg  66.6 A, potential     5.16
 86407 / 100001 elapsed  2 system 0.80 temp 106.3 hbonds, Rg  66.5 A, potential   -23.96
 86107 / 100001 elapsed  1 system 0.80 temp 103.4 hbonds, Rg  66.6 A, potential     3.90
 86307 / 100001 elapsed  3 system 0.80 temp 101.0 hbonds, Rg  66.5 A, potential   -22.90
 86707 / 100001 elapsed  0 system 0.80 temp 103.9 hbonds, Rg  66.6 A, potential   -17.44
 86507 / 100001 elapsed  2 system 0.80 temp 101.9 hbonds, Rg  66.6 A, potential   -13.98
 86207 / 100001 elapsed  1 system 0.80 temp 103.1 hbonds, Rg  66.6 A, potential     4.33
 86407 / 100001 elapsed  3 system 0.80 temp 103.2 hbonds, Rg  66.7 A, potential   -12.29
 86807 / 100001 elapsed  0 system 0.80 temp  99.1 hbonds, Rg  66.6 A, potential    16.26
 86607 / 100001 elapsed  2 system 0.80 temp 101.4 hbonds, Rg  66.6 A, potential     8.41
 86307 / 100001 elapsed  1 system 0.80 temp 104.3 hbonds, Rg  66.6 A, potential    29.09
 86507 / 100001 elapsed  3 system 0.80 temp 106.4 hbonds, Rg  66.5 A, potential    -5.18
 86907 / 100001 elapsed  0 system 0.80 temp 102.5 hbonds, Rg  66.5 A, potential    -7.40
 86707 / 100001 elapsed  2 system 0.80 temp 104.8 hbonds, Rg  66.6 A, potential     0.69
 86407 / 100001 elapsed  1 system 0.80 temp 105.8 hbonds, Rg  66.6 A, potential    -1.21
 86607 / 100001 elapsed  3 system 0.80 temp 104.6 hbonds, Rg  66.5 A, potential     4.90
 87007 / 100001 elapsed  0 system 0.80 temp  99.9 hbonds, Rg  66.6 A, potential    30.54
 86807 / 100001 elapsed  2 system 0.80 temp 101.5 hbonds, Rg  66.6 A, potential    35.50
 86507 / 100001 elapsed  1 system 0.80 temp  95.2 hbonds, Rg  66.7 A, potential    21.88
 86707 / 100001 elapsed  3 system 0.80 temp 104.9 hbonds, Rg  66.6 A, potential    27.52
 87107 / 100001 elapsed  0 system 0.80 temp  99.2 hbonds, Rg  66.4 A, potential    43.62
 86907 / 100001 elapsed  2 system 0.80 temp 101.8 hbonds, Rg  66.6 A, potential    28.79
 86607 / 100001 elapsed  1 system 0.80 temp  99.0 hbonds, Rg  66.5 A, potential    15.33
 86807 / 100001 elapsed  3 system 0.80 temp 107.2 hbonds, Rg  66.5 A, potential    74.02
 87207 / 100001 elapsed  0 system 0.80 temp 105.0 hbonds, Rg  66.7 A, potential    18.95
 87007 / 100001 elapsed  2 system 0.80 temp 102.6 hbonds, Rg  66.5 A, potential     8.39
 86707 / 100001 elapsed  1 system 0.80 temp 103.9 hbonds, Rg  66.6 A, potential   -26.89
 86907 / 100001 elapsed  3 system 0.80 temp 105.0 hbonds, Rg  66.6 A, potential    16.30
 87107 / 100001 elapsed  2 system 0.80 temp 103.8 hbonds, Rg  66.5 A, potential   -28.47
 87307 / 100001 elapsed  0 system 0.80 temp 100.1 hbonds, Rg  66.7 A, potential    36.99
 86807 / 100001 elapsed  1 system 0.80 temp 103.1 hbonds, Rg  66.5 A, potential    -2.65
 87007 / 100001 elapsed  3 system 0.80 temp 103.9 hbonds, Rg  66.5 A, potential     4.93
 87407 / 100001 elapsed  0 system 0.80 temp 107.4 hbonds, Rg  66.7 A, potential    -7.16
 87207 / 100001 elapsed  2 system 0.80 temp 105.1 hbonds, Rg  66.5 A, potential    33.91
 86907 / 100001 elapsed  1 system 0.80 temp 104.2 hbonds, Rg  66.6 A, potential    11.05
 87107 / 100001 elapsed  3 system 0.80 temp 104.8 hbonds, Rg  66.6 A, potential    29.89
 87507 / 100001 elapsed  0 system 0.80 temp 100.5 hbonds, Rg  66.5 A, potential    39.79
 87307 / 100001 elapsed  2 system 0.80 temp 104.4 hbonds, Rg  66.6 A, potential    -0.81
 87007 / 100001 elapsed  1 system 0.80 temp 102.8 hbonds, Rg  66.5 A, potential     9.46
 87207 / 100001 elapsed  3 system 0.80 temp 103.2 hbonds, Rg  66.7 A, potential    40.75
 87607 / 100001 elapsed  0 system 0.80 temp 103.2 hbonds, Rg  66.7 A, potential     1.61
 87407 / 100001 elapsed  2 system 0.80 temp 105.5 hbonds, Rg  66.6 A, potential    -8.20
 87107 / 100001 elapsed  1 system 0.80 temp 104.1 hbonds, Rg  66.6 A, potential    30.53
 87307 / 100001 elapsed  3 system 0.80 temp 101.8 hbonds, Rg  66.5 A, potential    42.03
 87707 / 100001 elapsed  0 system 0.80 temp 105.8 hbonds, Rg  66.5 A, potential    17.57
 87507 / 100001 elapsed  2 system 0.80 temp 100.5 hbonds, Rg  66.7 A, potential    10.84
 87207 / 100001 elapsed  1 system 0.80 temp 104.1 hbonds, Rg  66.3 A, potential   -18.88
 87407 / 100001 elapsed  3 system 0.80 temp  97.3 hbonds, Rg  66.5 A, potential    25.25
 87807 / 100001 elapsed  0 system 0.80 temp 107.2 hbonds, Rg  66.6 A, potential    22.04
 87607 / 100001 elapsed  2 system 0.80 temp 106.8 hbonds, Rg  66.4 A, potential    16.14
 87307 / 100001 elapsed  1 system 0.80 temp 101.3 hbonds, Rg  66.5 A, potential   -42.49
 87507 / 100001 elapsed  3 system 0.80 temp 104.2 hbonds, Rg  66.6 A, potential    11.09
 87907 / 100001 elapsed  0 system 0.80 temp 103.3 hbonds, Rg  66.6 A, potential    39.39
 87707 / 100001 elapsed  2 system 0.80 temp 105.8 hbonds, Rg  66.7 A, potential   -16.98
 87407 / 100001 elapsed  1 system 0.80 temp 103.0 hbonds, Rg  66.6 A, potential    20.63
 87607 / 100001 elapsed  3 system 0.80 temp  99.4 hbonds, Rg  66.7 A, potential    30.76
 87807 / 100001 elapsed  2 system 0.80 temp 105.4 hbonds, Rg  66.7 A, potential    36.90
 88007 / 100001 elapsed  0 system 0.80 temp 104.0 hbonds, Rg  66.6 A, potential     8.77
 87507 / 100001 elapsed  1 system 0.80 temp 100.0 hbonds, Rg  66.5 A, potential    10.24
 87707 / 100001 elapsed  3 system 0.80 temp 106.2 hbonds, Rg  66.6 A, potential    22.50
 87907 / 100001 elapsed  2 system 0.80 temp 104.1 hbonds, Rg  66.5 A, potential    13.65
 88107 / 100001 elapsed  0 system 0.80 temp 103.4 hbonds, Rg  66.5 A, potential    26.34
 87607 / 100001 elapsed  1 system 0.80 temp  99.5 hbonds, Rg  66.5 A, potential    59.21
 87807 / 100001 elapsed  3 system 0.80 temp 101.0 hbonds, Rg  66.6 A, potential    16.52
 88007 / 100001 elapsed  2 system 0.80 temp 101.1 hbonds, Rg  66.7 A, potential    32.71
 88207 / 100001 elapsed  0 system 0.80 temp 105.0 hbonds, Rg  66.5 A, potential     5.51
 87707 / 100001 elapsed  1 system 0.80 temp 102.3 hbonds, Rg  66.6 A, potential    11.97
 87907 / 100001 elapsed  3 system 0.80 temp 103.7 hbonds, Rg  66.5 A, potential    38.63
 88107 / 100001 elapsed  2 system 0.80 temp 100.7 hbonds, Rg  66.4 A, potential     7.74
 88307 / 100001 elapsed  0 system 0.80 temp 103.8 hbonds, Rg  66.4 A, potential    26.29
 87807 / 100001 elapsed  1 system 0.80 temp 102.1 hbonds, Rg  66.6 A, potential    30.97
 88007 / 100001 elapsed  3 system 0.80 temp  99.6 hbonds, Rg  66.6 A, potential    30.07
 88207 / 100001 elapsed  2 system 0.80 temp 100.8 hbonds, Rg  66.4 A, potential     7.78
 88407 / 100001 elapsed  0 system 0.80 temp  99.4 hbonds, Rg  66.7 A, potential    66.59
 87907 / 100001 elapsed  1 system 0.80 temp 102.5 hbonds, Rg  66.5 A, potential    43.62
 88107 / 100001 elapsed  3 system 0.80 temp 105.5 hbonds, Rg  66.6 A, potential    19.71
 88307 / 100001 elapsed  2 system 0.80 temp 104.9 hbonds, Rg  66.6 A, potential    28.42
 88507 / 100001 elapsed  0 system 0.80 temp 106.1 hbonds, Rg  66.6 A, potential   -15.13
 88007 / 100001 elapsed  1 system 0.80 temp 104.0 hbonds, Rg  66.5 A, potential    16.14
 88207 / 100001 elapsed  3 system 0.80 temp 104.0 hbonds, Rg  66.4 A, potential     4.43
 88607 / 100001 elapsed  0 system 0.80 temp 105.9 hbonds, Rg  66.4 A, potential     4.17
 88407 / 100001 elapsed  2 system 0.80 temp 102.0 hbonds, Rg  66.4 A, potential    15.00
 88107 / 100001 elapsed  1 system 0.80 temp 104.6 hbonds, Rg  66.6 A, potential    11.09
 88307 / 100001 elapsed  3 system 0.80 temp 104.0 hbonds, Rg  66.4 A, potential    16.21
 88707 / 100001 elapsed  0 system 0.80 temp 100.5 hbonds, Rg  66.7 A, potential     5.31
 88507 / 100001 elapsed  2 system 0.80 temp 105.8 hbonds, Rg  66.5 A, potential     9.04
 88207 / 100001 elapsed  1 system 0.80 temp 104.5 hbonds, Rg  66.5 A, potential    11.46
 88407 / 100001 elapsed  3 system 0.80 temp 102.0 hbonds, Rg  66.4 A, potential    23.89
 88807 / 100001 elapsed  0 system 0.80 temp 104.8 hbonds, Rg  66.6 A, potential    -2.25
 88607 / 100001 elapsed  2 system 0.80 temp 102.0 hbonds, Rg  66.7 A, potential     8.31
 88307 / 100001 elapsed  1 system 0.80 temp 103.1 hbonds, Rg  66.5 A, potential     1.85
 88507 / 100001 elapsed  3 system 0.80 temp 105.6 hbonds, Rg  66.6 A, potential    45.64
 88907 / 100001 elapsed  0 system 0.80 temp 102.0 hbonds, Rg  66.4 A, potential    -9.17
 88707 / 100001 elapsed  2 system 0.80 temp 107.1 hbonds, Rg  66.7 A, potential    23.34
 88407 / 100001 elapsed  1 system 0.80 temp 106.1 hbonds, Rg  66.7 A, potential    33.19
 88607 / 100001 elapsed  3 system 0.80 temp 104.8 hbonds, Rg  66.7 A, potential    33.89
 89007 / 100001 elapsed  0 system 0.80 temp  99.8 hbonds, Rg  66.4 A, potential    59.50
 88807 / 100001 elapsed  2 system 0.80 temp 104.4 hbonds, Rg  66.5 A, potential     5.33
 88507 / 100001 elapsed  1 system 0.80 temp 101.9 hbonds, Rg  66.6 A, potential    17.71
 88707 / 100001 elapsed  3 system 0.80 temp 104.4 hbonds, Rg  66.5 A, potential    44.18
 89107 / 100001 elapsed  0 system 0.80 temp 103.8 hbonds, Rg  66.5 A, potential    27.73
 88907 / 100001 elapsed  2 system 0.80 temp 101.0 hbonds, Rg  66.6 A, potential    13.69
 88607 / 100001 elapsed  1 system 0.80 temp 102.9 hbonds, Rg  66.5 A, potential     2.03
 88807 / 100001 elapsed  3 system 0.80 temp 104.1 hbonds, Rg  66.5 A, potential    35.64
 89207 / 100001 elapsed  0 system 0.80 temp 106.8 hbonds, Rg  66.5 A, potential    20.90
 89007 / 100001 elapsed  2 system 0.80 temp 101.7 hbonds, Rg  66.4 A, potential    33.70
 88707 / 100001 elapsed  1 system 0.80 temp 103.0 hbonds, Rg  66.7 A, potential    -1.88
 88907 / 100001 elapsed  3 system 0.80 temp 103.4 hbonds, Rg  66.5 A, potential    -9.83
 89307 / 100001 elapsed  0 system 0.80 temp 104.2 hbonds, Rg  66.6 A, potential    14.17
 89107 / 100001 elapsed  2 system 0.80 temp 101.1 hbonds, Rg  66.5 A, potential     9.34
 88807 / 100001 elapsed  1 system 0.80 temp 102.7 hbonds, Rg  66.4 A, potential    -6.77
 89007 / 100001 elapsed  3 system 0.80 temp 102.2 hbonds, Rg  66.6 A, potential    29.05
 89407 / 100001 elapsed  0 system 0.80 temp 100.7 hbonds, Rg  66.5 A, potential    17.71
 89207 / 100001 elapsed  2 system 0.80 temp 102.9 hbonds, Rg  66.5 A, potential    -8.86
 88907 / 100001 elapsed  1 system 0.80 temp  99.5 hbonds, Rg  66.6 A, potential    27.91
 89107 / 100001 elapsed  3 system 0.80 temp 103.1 hbonds, Rg  66.4 A, potential    22.10
 89507 / 100001 elapsed  0 system 0.80 temp 104.6 hbonds, Rg  66.4 A, potential    29.55
 89307 / 100001 elapsed  2 system 0.80 temp 102.5 hbonds, Rg  66.6 A, potential    21.29
 89007 / 100001 elapsed  1 system 0.80 temp 102.2 hbonds, Rg  66.6 A, potential     4.44
 89207 / 100001 elapsed  3 system 0.80 temp 100.0 hbonds, Rg  66.6 A, potential    25.25
 89607 / 100001 elapsed  0 system 0.80 temp 100.9 hbonds, Rg  66.6 A, potential    -3.52
 89407 / 100001 elapsed  2 system 0.80 temp  99.9 hbonds, Rg  66.6 A, potential    13.42
 89107 / 100001 elapsed  1 system 0.80 temp 102.8 hbonds, Rg  66.6 A, potential    -8.97
 89307 / 100001 elapsed  3 system 0.80 temp 102.6 hbonds, Rg  66.5 A, potential    20.12
 89707 / 100001 elapsed  0 system 0.80 temp 100.2 hbonds, Rg  66.7 A, potential    15.58
 89507 / 100001 elapsed  2 system 0.80 temp 102.7 hbonds, Rg  66.5 A, potential    34.88
 89207 / 100001 elapsed  1 system 0.80 temp 100.4 hbonds, Rg  66.5 A, potential    61.70
 89407 / 100001 elapsed  3 system 0.80 temp 105.2 hbonds, Rg  66.6 A, potential    20.80
 89807 / 100001 elapsed  0 system 0.80 temp 103.8 hbonds, Rg  66.6 A, potential    21.50
 89607 / 100001 elapsed  2 system 0.80 temp 101.5 hbonds, Rg  66.6 A, potential    44.71
 89307 / 100001 elapsed  1 system 0.80 temp 104.9 hbonds, Rg  66.7 A, potential    30.79
 89507 / 100001 elapsed  3 system 0.80 temp  97.7 hbonds, Rg  66.6 A, potential    31.12
 89907 / 100001 elapsed  0 system 0.80 temp 106.1 hbonds, Rg  66.6 A, potential    -0.94
 89707 / 100001 elapsed  2 system 0.80 temp 105.5 hbonds, Rg  66.7 A, potential   -12.61
 89407 / 100001 elapsed  1 system 0.80 temp 105.6 hbonds, Rg  66.7 A, potential    16.62
 89607 / 100001 elapsed  3 system 0.80 temp 102.2 hbonds, Rg  66.6 A, potential    41.70
 89807 / 100001 elapsed  2 system 0.80 temp 103.6 hbonds, Rg  66.5 A, potential    30.02
 90007 / 100001 elapsed  0 system 0.80 temp 102.1 hbonds, Rg  66.4 A, potential    13.37
 89707 / 100001 elapsed  3 system 0.80 temp 102.9 hbonds, Rg  66.7 A, potential    14.68
 89507 / 100001 elapsed  1 system 0.80 temp 103.9 hbonds, Rg  66.6 A, potential    13.49
 89907 / 100001 elapsed  2 system 0.80 temp 102.8 hbonds, Rg  66.5 A, potential    35.30
 90107 / 100001 elapsed  0 system 0.80 temp 100.8 hbonds, Rg  66.5 A, potential    -0.10
 89807 / 100001 elapsed  3 system 0.80 temp 103.8 hbonds, Rg  66.5 A, potential    21.94
 89607 / 100001 elapsed  1 system 0.80 temp 103.5 hbonds, Rg  66.7 A, potential    38.08
 90007 / 100001 elapsed  2 system 0.80 temp  99.1 hbonds, Rg  66.7 A, potential    47.39
 90207 / 100001 elapsed  0 system 0.80 temp 107.7 hbonds, Rg  66.4 A, potential     1.02
 89907 / 100001 elapsed  3 system 0.80 temp 103.3 hbonds, Rg  66.6 A, potential    26.98
 89707 / 100001 elapsed  1 system 0.80 temp 105.1 hbonds, Rg  66.4 A, potential    46.46
 90107 / 100001 elapsed  2 system 0.80 temp 102.5 hbonds, Rg  66.5 A, potential    21.60
 90307 / 100001 elapsed  0 system 0.80 temp  96.4 hbonds, Rg  66.7 A, potential    22.17
 90007 / 100001 elapsed  3 system 0.80 temp 104.0 hbonds, Rg  66.6 A, potential     1.80
 89807 / 100001 elapsed  1 system 0.80 temp 100.8 hbonds, Rg  66.7 A, potential    38.19
 90207 / 100001 elapsed  2 system 0.80 temp  98.9 hbonds, Rg  66.6 A, potential     7.67
 90407 / 100001 elapsed  0 system 0.80 temp 103.2 hbonds, Rg  66.7 A, potential    55.94
 90107 / 100001 elapsed  3 system 0.80 temp  99.1 hbonds, Rg  66.5 A, potential    38.15
 89907 / 100001 elapsed  1 system 0.80 temp 107.6 hbonds, Rg  66.6 A, potential   -41.37
 90307 / 100001 elapsed  2 system 0.80 temp 104.3 hbonds, Rg  66.7 A, potential    17.54
 90507 / 100001 elapsed  0 system 0.80 temp  97.1 hbonds, Rg  66.7 A, potential    18.27
 90207 / 100001 elapsed  3 system 0.80 temp 101.5 hbonds, Rg  66.6 A, potential     8.68
 90007 / 100001 elapsed  1 system 0.80 temp 102.3 hbonds, Rg  66.7 A, potential    56.30
 90407 / 100001 elapsed  2 system 0.80 temp 103.9 hbonds, Rg  66.7 A, potential    21.53
 90607 / 100001 elapsed  0 system 0.80 temp 102.4 hbonds, Rg  66.7 A, potential    37.25
 90307 / 100001 elapsed  3 system 0.80 temp 103.9 hbonds, Rg  66.5 A, potential    -5.10
 90107 / 100001 elapsed  1 system 0.80 temp 103.5 hbonds, Rg  66.5 A, potential    50.90
 90507 / 100001 elapsed  2 system 0.80 temp 102.9 hbonds, Rg  66.6 A, potential    17.37
 90707 / 100001 elapsed  0 system 0.80 temp 105.1 hbonds, Rg  66.6 A, potential    -7.57
 90407 / 100001 elapsed  3 system 0.80 temp 108.4 hbonds, Rg  66.6 A, potential   -20.95
 90207 / 100001 elapsed  1 system 0.80 temp  98.3 hbonds, Rg  66.6 A, potential     0.21
 90807 / 100001 elapsed  0 system 0.80 temp 104.2 hbonds, Rg  66.7 A, potential    32.97
 90607 / 100001 elapsed  2 system 0.80 temp 105.5 hbonds, Rg  66.6 A, potential    55.47
 90507 / 100001 elapsed  3 system 0.80 temp 101.0 hbonds, Rg  66.6 A, potential    14.91
 90307 / 100001 elapsed  1 system 0.80 temp 104.1 hbonds, Rg  66.6 A, potential    19.77
 90907 / 100001 elapsed  0 system 0.80 temp 104.7 hbonds, Rg  66.5 A, potential    36.04
 90707 / 100001 elapsed  2 system 0.80 temp 105.0 hbonds, Rg  66.5 A, potential   -22.72
 90607 / 100001 elapsed  3 system 0.80 temp 103.0 hbonds, Rg  66.6 A, potential    58.52
 90407 / 100001 elapsed  1 system 0.80 temp 102.2 hbonds, Rg  66.6 A, potential    32.68
 91007 / 100001 elapsed  0 system 0.80 temp 102.5 hbonds, Rg  66.6 A, potential    67.21
 90707 / 100001 elapsed  3 system 0.80 temp 103.7 hbonds, Rg  66.5 A, potential     5.22
 90807 / 100001 elapsed  2 system 0.80 temp 105.5 hbonds, Rg  66.7 A, potential     2.89
 90507 / 100001 elapsed  1 system 0.80 temp 103.9 hbonds, Rg  66.6 A, potential    11.59
 91107 / 100001 elapsed  0 system 0.80 temp 105.5 hbonds, Rg  66.6 A, potential   -12.03
 90807 / 100001 elapsed  3 system 0.80 temp 101.6 hbonds, Rg  66.5 A, potential     1.96
 90907 / 100001 elapsed  2 system 0.80 temp 103.2 hbonds, Rg  66.5 A, potential    31.41
 90607 / 100001 elapsed  1 system 0.80 temp 106.6 hbonds, Rg  66.7 A, potential    25.73
 91207 / 100001 elapsed  0 system 0.80 temp  99.2 hbonds, Rg  66.5 A, potential    30.24
 90907 / 100001 elapsed  3 system 0.80 temp 105.9 hbonds, Rg  66.6 A, potential    12.96
 91007 / 100001 elapsed  2 system 0.80 temp  99.8 hbonds, Rg  66.6 A, potential    25.33
 90707 / 100001 elapsed  1 system 0.80 temp 107.7 hbonds, Rg  66.6 A, potential    -0.77
 91307 / 100001 elapsed  0 system 0.80 temp 102.7 hbonds, Rg  66.6 A, potential    -4.06
 91007 / 100001 elapsed  3 system 0.80 temp 104.7 hbonds, Rg  66.5 A, potential    34.76
 91107 / 100001 elapsed  2 system 0.80 temp 102.8 hbonds, Rg  66.6 A, potential    18.88
 90807 / 100001 elapsed  1 system 0.80 temp 107.8 hbonds, Rg  66.5 A, potential    -3.57
 91407 / 100001 elapsed  0 system 0.80 temp 102.8 hbonds, Rg  66.5 A, potential    -5.71
 91107 / 100001 elapsed  3 system 0.80 temp 102.4 hbonds, Rg  66.5 A, potential    25.24
 91207 / 100001 elapsed  2 system 0.80 temp 100.7 hbonds, Rg  66.4 A, potential    33.23
 90907 / 100001 elapsed  1 system 0.80 temp 104.0 hbonds, Rg  66.6 A, potential     6.67
 91207 / 100001 elapsed  3 system 0.80 temp 105.7 hbonds, Rg  66.4 A, potential    23.20
 91507 / 100001 elapsed  0 system 0.80 temp 103.0 hbonds, Rg  66.6 A, potential    45.18
 91307 / 100001 elapsed  2 system 0.80 temp 105.9 hbonds, Rg  66.6 A, potential   -17.12
 91007 / 100001 elapsed  1 system 0.80 temp 103.0 hbonds, Rg  66.5 A, potential    55.05
 91307 / 100001 elapsed  3 system 0.80 temp 101.4 hbonds, Rg  66.7 A, potential    -9.58
 91607 / 100001 elapsed  0 system 0.80 temp 102.6 hbonds, Rg  66.6 A, potential    -3.02
 91407 / 100001 elapsed  2 system 0.80 temp 100.6 hbonds, Rg  66.6 A, potential    35.01
 91107 / 100001 elapsed  1 system 0.80 temp 100.3 hbonds, Rg  66.5 A, potential    22.91
 91707 / 100001 elapsed  0 system 0.80 temp 103.1 hbonds, Rg  66.5 A, potential     4.90
 91407 / 100001 elapsed  3 system 0.80 temp 102.5 hbonds, Rg  66.6 A, potential    56.79
 91507 / 100001 elapsed  2 system 0.80 temp  99.4 hbonds, Rg  66.7 A, potential    38.46
 91207 / 100001 elapsed  1 system 0.80 temp 106.7 hbonds, Rg  66.5 A, potential    31.88
 91507 / 100001 elapsed  3 system 0.80 temp 105.7 hbonds, Rg  66.6 A, potential     8.78
 91807 / 100001 elapsed  0 system 0.80 temp 100.5 hbonds, Rg  66.6 A, potential    28.58
 91607 / 100001 elapsed  2 system 0.80 temp 103.4 hbonds, Rg  66.8 A, potential    34.12
 91307 / 100001 elapsed  1 system 0.80 temp  97.4 hbonds, Rg  66.5 A, potential    42.76
 91607 / 100001 elapsed  3 system 0.80 temp 104.4 hbonds, Rg  66.6 A, potential    -4.96
 91907 / 100001 elapsed  0 system 0.80 temp 102.1 hbonds, Rg  66.6 A, potential    51.36
 91707 / 100001 elapsed  2 system 0.80 temp 104.3 hbonds, Rg  66.5 A, potential   -14.58
 91407 / 100001 elapsed  1 system 0.80 temp 102.2 hbonds, Rg  66.4 A, potential    26.55
 91707 / 100001 elapsed  3 system 0.80 temp 102.6 hbonds, Rg  66.6 A, potential    24.27
 92007 / 100001 elapsed  0 system 0.80 temp 104.4 hbonds, Rg  66.6 A, potential   -17.53
 91807 / 100001 elapsed  2 system 0.80 temp 103.6 hbonds, Rg  66.5 A, potential     7.16
 91507 / 100001 elapsed  1 system 0.80 temp 101.8 hbonds, Rg  66.7 A, potential    52.31
 91807 / 100001 elapsed  3 system 0.80 temp 101.9 hbonds, Rg  66.8 A, potential   -21.05
 92107 / 100001 elapsed  0 system 0.80 temp 103.1 hbonds, Rg  66.6 A, potential    30.13
 91907 / 100001 elapsed  2 system 0.80 temp 103.7 hbonds, Rg  66.6 A, potential    11.10
 91607 / 100001 elapsed  1 system 0.80 temp 100.7 hbonds, Rg  66.7 A, potential    36.20
 91907 / 100001 elapsed  3 system 0.80 temp 104.7 hbonds, Rg  66.5 A, potential    -7.51
 92207 / 100001 elapsed  0 system 0.80 temp 104.7 hbonds, Rg  66.4 A, potential    20.98
 92007 / 100001 elapsed  2 system 0.80 temp 101.7 hbonds, Rg  66.6 A, potential     0.08
 91707 / 100001 elapsed  1 system 0.80 temp 107.6 hbonds, Rg  66.5 A, potential    25.98
 92007 / 100001 elapsed  3 system 0.80 temp 104.2 hbonds, Rg  66.5 A, potential    -3.93
 92307 / 100001 elapsed  0 system 0.80 temp  95.7 hbonds, Rg  66.7 A, potential    52.30
 92107 / 100001 elapsed  2 system 0.80 temp 103.1 hbonds, Rg  66.6 A, potential    -4.31
 91807 / 100001 elapsed  1 system 0.80 temp 101.8 hbonds, Rg  66.7 A, potential    27.29
 92107 / 100001 elapsed  3 system 0.80 temp 105.9 hbonds, Rg  66.5 A, potential    12.26
 92407 / 100001 elapsed  0 system 0.80 temp 101.3 hbonds, Rg  66.5 A, potential    -5.48
 92207 / 100001 elapsed  2 system 0.80 temp 100.2 hbonds, Rg  66.8 A, potential     2.95
 91907 / 100001 elapsed  1 system 0.80 temp 103.0 hbonds, Rg  66.6 A, potential    -9.17
 92207 / 100001 elapsed  3 system 0.80 temp 106.6 hbonds, Rg  66.8 A, potential    24.14
 92507 / 100001 elapsed  0 system 0.80 temp 100.3 hbonds, Rg  66.5 A, potential   -15.57
 92307 / 100001 elapsed  2 system 0.80 temp 101.2 hbonds, Rg  66.7 A, potential    39.36
 92007 / 100001 elapsed  1 system 0.80 temp 105.4 hbonds, Rg  66.6 A, potential    29.92
 92307 / 100001 elapsed  3 system 0.80 temp 103.4 hbonds, Rg  66.6 A, potential     2.00
 92607 / 100001 elapsed  0 system 0.80 temp 100.4 hbonds, Rg  66.7 A, potential     2.07
 92407 / 100001 elapsed  2 system 0.80 temp 103.8 hbonds, Rg  66.4 A, potential    -1.62
 92107 / 100001 elapsed  1 system 0.80 temp 100.4 hbonds, Rg  66.4 A, potential    15.75
 92407 / 100001 elapsed  3 system 0.80 temp 101.3 hbonds, Rg  66.6 A, potential    42.53
 92707 / 100001 elapsed  0 system 0.80 temp 100.5 hbonds, Rg  66.5 A, potential    26.49
 92507 / 100001 elapsed  2 system 0.80 temp 100.1 hbonds, Rg  66.2 A, potential    45.55
 92207 / 100001 elapsed  1 system 0.80 temp 103.3 hbonds, Rg  66.5 A, potential    39.07
 92507 / 100001 elapsed  3 system 0.80 temp 100.0 hbonds, Rg  66.5 A, potential    26.16
 92807 / 100001 elapsed  0 system 0.80 temp 102.0 hbonds, Rg  66.6 A, potential    15.97
 92607 / 100001 elapsed  2 system 0.80 temp 103.5 hbonds, Rg  66.6 A, potential    -3.30
 92307 / 100001 elapsed  1 system 0.80 temp 106.4 hbonds, Rg  66.6 A, potential     1.33
 92607 / 100001 elapsed  3 system 0.80 temp  99.9 hbonds, Rg  66.6 A, potential     4.16
 92907 / 100001 elapsed  0 system 0.80 temp 103.6 hbonds, Rg  66.5 A, potential    -4.72
 92707 / 100001 elapsed  2 system 0.80 temp 105.8 hbonds, Rg  66.5 A, potential    20.19
 92407 / 100001 elapsed  1 system 0.80 temp  99.5 hbonds, Rg  66.5 A, potential    48.58
 92707 / 100001 elapsed  3 system 0.80 temp 101.1 hbonds, Rg  66.6 A, potential     2.39
 93007 / 100001 elapsed  0 system 0.80 temp 106.2 hbonds, Rg  66.4 A, potential    33.24
 92807 / 100001 elapsed  2 system 0.80 temp 103.9 hbonds, Rg  66.7 A, potential    10.17
 92507 / 100001 elapsed  1 system 0.80 temp 102.7 hbonds, Rg  66.7 A, potential    10.44
 92807 / 100001 elapsed  3 system 0.80 temp 102.6 hbonds, Rg  66.5 A, potential     9.06
 93107 / 100001 elapsed  0 system 0.80 temp  98.5 hbonds, Rg  66.6 A, potential    38.79
 92907 / 100001 elapsed  2 system 0.80 temp 105.0 hbonds, Rg  66.6 A, potential     5.82
 92607 / 100001 elapsed  1 system 0.80 temp 103.8 hbonds, Rg  66.6 A, potential    70.99
 92907 / 100001 elapsed  3 system 0.80 temp 103.4 hbonds, Rg  66.6 A, potential    28.20
 93207 / 100001 elapsed  0 system 0.80 temp 107.0 hbonds, Rg  66.5 A, potential    16.19
 93007 / 100001 elapsed  2 system 0.80 temp 105.6 hbonds, Rg  66.5 A, potential    -5.88
 92707 / 100001 elapsed  1 system 0.80 temp 104.8 hbonds, Rg  66.6 A, potential    48.67
 93007 / 100001 elapsed  3 system 0.80 temp  99.4 hbonds, Rg  66.6 A, potential    22.02
 93307 / 100001 elapsed  0 system 0.80 temp 101.7 hbonds, Rg  66.6 A, potential    45.67
 93107 / 100001 elapsed  2 system 0.80 temp 102.3 hbonds, Rg  66.7 A, potential    46.28
 92807 / 100001 elapsed  1 system 0.80 temp 103.3 hbonds, Rg  66.5 A, potential    24.81
 93407 / 100001 elapsed  0 system 0.80 temp 102.8 hbonds, Rg  66.6 A, potential    38.01
 93107 / 100001 elapsed  3 system 0.80 temp  97.9 hbonds, Rg  66.5 A, potential    32.74
 93207 / 100001 elapsed  2 system 0.80 temp  98.8 hbonds, Rg  66.5 A, potential    -9.94
 92907 / 100001 elapsed  1 system 0.80 temp 105.5 hbonds, Rg  66.6 A, potential    20.23
 93507 / 100001 elapsed  0 system 0.80 temp 104.8 hbonds, Rg  66.5 A, potential    36.60
 93207 / 100001 elapsed  3 system 0.80 temp 105.4 hbonds, Rg  66.6 A, potential   -10.75
 93307 / 100001 elapsed  2 system 0.80 temp 103.2 hbonds, Rg  66.7 A, potential    10.30
 93007 / 100001 elapsed  1 system 0.80 temp  99.6 hbonds, Rg  66.5 A, potential     1.82
 93607 / 100001 elapsed  0 system 0.80 temp 100.0 hbonds, Rg  66.6 A, potential    36.54
 93307 / 100001 elapsed  3 system 0.80 temp  99.2 hbonds, Rg  66.4 A, potential    22.84
 93407 / 100001 elapsed  2 system 0.80 temp  98.2 hbonds, Rg  66.5 A, potential   -12.11
 93107 / 100001 elapsed  1 system 0.80 temp 104.0 hbonds, Rg  66.7 A, potential    10.26
 93707 / 100001 elapsed  0 system 0.80 temp 102.7 hbonds, Rg  66.5 A, potential    25.92
 93407 / 100001 elapsed  3 system 0.80 temp 102.2 hbonds, Rg  66.5 A, potential    36.77
 93507 / 100001 elapsed  2 system 0.80 temp 101.6 hbonds, Rg  66.5 A, potential    27.75
 93207 / 100001 elapsed  1 system 0.80 temp 102.9 hbonds, Rg  66.6 A, potential    15.82
 93807 / 100001 elapsed  0 system 0.80 temp 106.4 hbonds, Rg  66.5 A, potential    20.25
 93507 / 100001 elapsed  3 system 0.80 temp 101.2 hbonds, Rg  66.5 A, potential    -7.75
 93607 / 100001 elapsed  2 system 0.80 temp 103.3 hbonds, Rg  66.7 A, potential    10.23
 93307 / 100001 elapsed  1 system 0.80 temp 105.7 hbonds, Rg  66.5 A, potential    20.30
 93908 / 100001 elapsed  0 system 0.80 temp 103.8 hbonds, Rg  66.6 A, potential    15.36
 93607 / 100001 elapsed  3 system 0.80 temp  99.5 hbonds, Rg  66.5 A, potential    28.62
 93707 / 100001 elapsed  2 system 0.80 temp 101.8 hbonds, Rg  66.6 A, potential     7.24
 93407 / 100001 elapsed  1 system 0.80 temp 103.1 hbonds, Rg  66.4 A, potential   -32.00
 94008 / 100001 elapsed  0 system 0.80 temp 102.9 hbonds, Rg  66.7 A, potential    -1.90
 93707 / 100001 elapsed  3 system 0.80 temp 100.3 hbonds, Rg  66.5 A, potential    46.29
 93807 / 100001 elapsed  2 system 0.80 temp 101.3 hbonds, Rg  66.6 A, potential     5.11
 93507 / 100001 elapsed  1 system 0.80 temp  99.3 hbonds, Rg  66.7 A, potential    12.32
 94108 / 100001 elapsed  0 system 0.80 temp 101.3 hbonds, Rg  66.5 A, potential    21.57
 93807 / 100001 elapsed  3 system 0.80 temp 104.0 hbonds, Rg  66.6 A, potential    26.39
 93908 / 100001 elapsed  2 system 0.80 temp 102.0 hbonds, Rg  66.6 A, potential    20.23
 93607 / 100001 elapsed  1 system 0.80 temp 105.4 hbonds, Rg  66.5 A, potential    32.49
 94208 / 100001 elapsed  0 system 0.80 temp  99.4 hbonds, Rg  66.6 A, potential    14.35
 93908 / 100001 elapsed  3 system 0.80 temp 102.1 hbonds, Rg  66.5 A, potential   -12.26
 94008 / 100001 elapsed  2 system 0.80 temp  99.7 hbonds, Rg  66.4 A, potential    28.06
 93707 / 100001 elapsed  1 system 0.80 temp 102.7 hbonds, Rg  66.5 A, potential    -3.21
 94308 / 100001 elapsed  0 system 0.80 temp 102.3 hbonds, Rg  66.4 A, potential     5.42
 94008 / 100001 elapsed  3 system 0.80 temp 101.9 hbonds, Rg  66.5 A, potential    26.99
 94108 / 100001 elapsed  2 system 0.80 temp 100.8 hbonds, Rg  66.6 A, potential    39.32
 93807 / 100001 elapsed  1 system 0.80 temp 101.5 hbonds, Rg  66.5 A, potential    -0.22
 94408 / 100001 elapsed  0 system 0.80 temp 105.4 hbonds, Rg  66.5 A, potential   -11.16
 94108 / 100001 elapsed  3 system 0.80 temp 104.8 hbonds, Rg  66.5 A, potential     8.81
 94208 / 100001 elapsed  2 system 0.80 temp 106.9 hbonds, Rg  66.6 A, potential    -6.21
 93908 / 100001 elapsed  1 system 0.80 temp 104.0 hbonds, Rg  66.6 A, potential    -9.77
 94508 / 100001 elapsed  0 system 0.80 temp 102.3 hbonds, Rg  66.6 A, potential     4.02
 94208 / 100001 elapsed  3 system 0.80 temp 104.7 hbonds, Rg  66.6 A, potential    13.79
 94308 / 100001 elapsed  2 system 0.80 temp 106.5 hbonds, Rg  66.4 A, potential     8.34
 94008 / 100001 elapsed  1 system 0.80 temp 102.2 hbonds, Rg  66.6 A, potential    16.02
 94608 / 100001 elapsed  0 system 0.80 temp 104.7 hbonds, Rg  66.6 A, potential     9.28
 94308 / 100001 elapsed  3 system 0.80 temp 103.9 hbonds, Rg  66.6 A, potential    17.57
 94408 / 100001 elapsed  2 system 0.80 temp 103.6 hbonds, Rg  66.5 A, potential    12.77
 94108 / 100001 elapsed  1 system 0.80 temp 102.7 hbonds, Rg  66.5 A, potential    11.66
 94708 / 100001 elapsed  0 system 0.80 temp 101.4 hbonds, Rg  66.5 A, potential    39.35
 94408 / 100001 elapsed  3 system 0.80 temp 104.3 hbonds, Rg  66.5 A, potential    34.03
 94508 / 100001 elapsed  2 system 0.80 temp 102.3 hbonds, Rg  66.5 A, potential     0.01
 94208 / 100001 elapsed  1 system 0.80 temp 106.4 hbonds, Rg  66.5 A, potential     1.80
 94808 / 100001 elapsed  0 system 0.80 temp 102.3 hbonds, Rg  66.5 A, potential     3.08
 94508 / 100001 elapsed  3 system 0.80 temp 104.4 hbonds, Rg  66.6 A, potential     9.97
 94608 / 100001 elapsed  2 system 0.80 temp 104.5 hbonds, Rg  66.5 A, potential     9.61
 94308 / 100001 elapsed  1 system 0.80 temp 104.5 hbonds, Rg  66.7 A, potential   -17.15
 94908 / 100001 elapsed  0 system 0.80 temp 104.8 hbonds, Rg  66.7 A, potential   -39.93
 94608 / 100001 elapsed  3 system 0.80 temp 102.3 hbonds, Rg  66.6 A, potential    11.21
 94708 / 100001 elapsed  2 system 0.80 temp 100.7 hbonds, Rg  66.6 A, potential    37.30
 94408 / 100001 elapsed  1 system 0.80 temp 101.7 hbonds, Rg  66.5 A, potential    22.01
 95008 / 100001 elapsed  0 system 0.80 temp 101.2 hbonds, Rg  66.6 A, potential    41.38
 94808 / 100001 elapsed  2 system 0.80 temp 105.8 hbonds, Rg  66.6 A, potential    10.81
 94708 / 100001 elapsed  3 system 0.80 temp 101.8 hbonds, Rg  66.5 A, potential   -20.36
 94508 / 100001 elapsed  1 system 0.80 temp 101.1 hbonds, Rg  66.6 A, potential    16.88
 95108 / 100001 elapsed  0 system 0.80 temp  99.0 hbonds, Rg  66.6 A, potential   -15.76
 94908 / 100001 elapsed  2 system 0.80 temp 103.3 hbonds, Rg  66.6 A, potential    18.47
 94808 / 100001 elapsed  3 system 0.80 temp 102.5 hbonds, Rg  66.8 A, potential    12.01
 94608 / 100001 elapsed  1 system 0.80 temp 105.1 hbonds, Rg  66.5 A, potential     3.22
 95208 / 100001 elapsed  0 system 0.80 temp 100.3 hbonds, Rg  66.6 A, potential    22.00
 95008 / 100001 elapsed  2 system 0.80 temp 100.5 hbonds, Rg  66.5 A, potential    19.82
 94908 / 100001 elapsed  3 system 0.80 temp 102.2 hbonds, Rg  66.6 A, potential    21.21
 94708 / 100001 elapsed  1 system 0.80 temp 102.5 hbonds, Rg  66.6 A, potential   -18.65
 95108 / 100001 elapsed  2 system 0.80 temp 106.4 hbonds, Rg  66.5 A, potential   -23.13
 95308 / 100001 elapsed  0 system 0.80 temp 100.9 hbonds, Rg  66.6 A, potential     6.79
 95008 / 100001 elapsed  3 system 0.80 temp  99.8 hbonds, Rg  66.7 A, potential    19.10
 94808 / 100001 elapsed  1 system 0.80 temp 105.4 hbonds, Rg  66.6 A, potential    -7.82
 95208 / 100001 elapsed  2 system 0.80 temp 103.0 hbonds, Rg  66.4 A, potential    21.80
 95408 / 100001 elapsed  0 system 0.80 temp 104.6 hbonds, Rg  66.5 A, potential   -19.54
 95108 / 100001 elapsed  3 system 0.80 temp 105.5 hbonds, Rg  66.5 A, potential    19.95
 94908 / 100001 elapsed  1 system 0.80 temp 104.4 hbonds, Rg  66.6 A, potential    54.18
 95308 / 100001 elapsed  2 system 0.80 temp 105.7 hbonds, Rg  66.7 A, potential     7.70
 95508 / 100001 elapsed  0 system 0.80 temp 107.4 hbonds, Rg  66.5 A, potential    -4.11
 95208 / 100001 elapsed  3 system 0.80 temp  98.4 hbonds, Rg  66.6 A, potential    37.42
 95008 / 100001 elapsed  1 system 0.80 temp  98.3 hbonds, Rg  66.6 A, potential    29.23
 95408 / 100001 elapsed  2 system 0.80 temp 101.3 hbonds, Rg  66.6 A, potential    20.82
 95608 / 100001 elapsed  0 system 0.80 temp 106.3 hbonds, Rg  66.6 A, potential    15.57
 95308 / 100001 elapsed  3 system 0.80 temp 102.9 hbonds, Rg  66.4 A, potential     9.96
 95108 / 100001 elapsed  1 system 0.80 temp 106.0 hbonds, Rg  66.5 A, potential    29.57
 95508 / 100001 elapsed  2 system 0.80 temp 106.7 hbonds, Rg  66.7 A, potential    14.40
 95708 / 100001 elapsed  0 system 0.80 temp 104.1 hbonds, Rg  66.6 A, potential    25.13
 95408 / 100001 elapsed  3 system 0.80 temp  98.4 hbonds, Rg  66.5 A, potential    17.75
 95208 / 100001 elapsed  1 system 0.80 temp 103.6 hbonds, Rg  66.6 A, potential    13.16
 95808 / 100001 elapsed  0 system 0.80 temp 105.1 hbonds, Rg  66.5 A, potential     6.83
 95608 / 100001 elapsed  2 system 0.80 temp 104.3 hbonds, Rg  66.5 A, potential     1.34
 95508 / 100001 elapsed  3 system 0.80 temp 102.1 hbonds, Rg  66.5 A, potential     9.12
 95308 / 100001 elapsed  1 system 0.80 temp  99.7 hbonds, Rg  66.5 A, potential    46.41
 95908 / 100001 elapsed  0 system 0.80 temp 101.2 hbonds, Rg  66.6 A, potential    26.25
 95708 / 100001 elapsed  2 system 0.80 temp 105.0 hbonds, Rg  66.6 A, potential    15.33
 95608 / 100001 elapsed  3 system 0.80 temp 100.6 hbonds, Rg  66.5 A, potential     1.48
 95408 / 100001 elapsed  1 system 0.80 temp 104.2 hbonds, Rg  66.4 A, potential   -18.31
 96008 / 100001 elapsed  0 system 0.80 temp  93.2 hbonds, Rg  66.4 A, potential    47.13
 95808 / 100001 elapsed  2 system 0.80 temp 102.9 hbonds, Rg  66.3 A, potential    17.72
 95708 / 100001 elapsed  3 system 0.80 temp 101.3 hbonds, Rg  66.5 A, potential    24.70
 95508 / 100001 elapsed  1 system 0.80 temp 103.4 hbonds, Rg  66.5 A, potential    31.62
 96108 / 100001 elapsed  0 system 0.80 temp 102.6 hbonds, Rg  66.7 A, potential    23.62
 95908 / 100001 elapsed  2 system 0.80 temp  99.7 hbonds, Rg  66.6 A, potential   -11.28
 95808 / 100001 elapsed  3 system 0.80 temp 103.1 hbonds, Rg  66.6 A, potential     5.80
 95608 / 100001 elapsed  1 system 0.80 temp 101.0 hbonds, Rg  66.5 A, potential    47.44
 96208 / 100001 elapsed  0 system 0.80 temp 103.6 hbonds, Rg  66.6 A, potential    28.25
 96008 / 100001 elapsed  2 system 0.80 temp  96.6 hbonds, Rg  66.5 A, potential    12.56
 95908 / 100001 elapsed  3 system 0.80 temp 107.4 hbonds, Rg  66.6 A, potential    24.28
 95708 / 100001 elapsed  1 system 0.80 temp 103.4 hbonds, Rg  66.5 A, potential    10.46
 96308 / 100001 elapsed  0 system 0.80 temp 103.5 hbonds, Rg  66.5 A, potential     9.48
 96108 / 100001 elapsed  2 system 0.80 temp 101.9 hbonds, Rg  66.7 A, potential     6.16
 96008 / 100001 elapsed  3 system 0.80 temp 102.6 hbonds, Rg  66.5 A, potential    14.89
 95808 / 100001 elapsed  1 system 0.80 temp 103.1 hbonds, Rg  66.5 A, potential    37.03
 96408 / 100001 elapsed  0 system 0.80 temp 104.0 hbonds, Rg  66.6 A, potential     7.97
 96208 / 100001 elapsed  2 system 0.80 temp 101.3 hbonds, Rg  66.6 A, potential    42.94
 96108 / 100001 elapsed  3 system 0.80 temp 105.3 hbonds, Rg  66.7 A, potential    -7.75
 95908 / 100001 elapsed  1 system 0.80 temp 106.4 hbonds, Rg  66.6 A, potential    36.77
 96508 / 100001 elapsed  0 system 0.80 temp  99.8 hbonds, Rg  66.6 A, potential     6.13
 96308 / 100001 elapsed  2 system 0.80 temp 100.8 hbonds, Rg  66.4 A, potential    41.55
 96208 / 100001 elapsed  3 system 0.80 temp 106.0 hbonds, Rg  66.5 A, potential    51.71
 96008 / 100001 elapsed  1 system 0.80 temp 105.5 hbonds, Rg  66.4 A, potential   -22.26
 96408 / 100001 elapsed  2 system 0.80 temp  99.9 hbonds, Rg  66.7 A, potential    40.18
 96608 / 100001 elapsed  0 system 0.80 temp 103.5 hbonds, Rg  66.6 A, potential    37.24
 96308 / 100001 elapsed  3 system 0.80 temp 103.0 hbonds, Rg  66.6 A, potential    37.49
 96108 / 100001 elapsed  1 system 0.80 temp 107.3 hbonds, Rg  66.3 A, potential    47.98
 96508 / 100001 elapsed  2 system 0.80 temp 105.4 hbonds, Rg  66.6 A, potential    40.74
 96708 / 100001 elapsed  0 system 0.80 temp 104.0 hbonds, Rg  66.6 A, potential     0.73
 96408 / 100001 elapsed  3 system 0.80 temp 101.6 hbonds, Rg  66.5 A, potential    14.47
 96208 / 100001 elapsed  1 system 0.80 temp 102.2 hbonds, Rg  66.6 A, potential    20.41
 96808 / 100001 elapsed  0 system 0.80 temp  98.3 hbonds, Rg  66.5 A, potential    37.66
 96608 / 100001 elapsed  2 system 0.80 temp  98.7 hbonds, Rg  66.6 A, potential    20.23
 96508 / 100001 elapsed  3 system 0.80 temp 103.8 hbonds, Rg  66.5 A, potential    52.19
 96308 / 100001 elapsed  1 system 0.80 temp 104.8 hbonds, Rg  66.7 A, potential   -13.39
 96708 / 100001 elapsed  2 system 0.80 temp 105.6 hbonds, Rg  66.6 A, potential     7.59
 96908 / 100001 elapsed  0 system 0.80 temp 105.0 hbonds, Rg  66.6 A, potential    15.84
 96608 / 100001 elapsed  3 system 0.80 temp 103.9 hbonds, Rg  66.7 A, potential    44.38
 96408 / 100001 elapsed  1 system 0.80 temp 102.2 hbonds, Rg  66.6 A, potential    30.76
 96808 / 100001 elapsed  2 system 0.80 temp 101.4 hbonds, Rg  66.4 A, potential    31.61
 97008 / 100001 elapsed  0 system 0.80 temp 103.8 hbonds, Rg  66.7 A, potential    19.99
 96708 / 100001 elapsed  3 system 0.80 temp  99.4 hbonds, Rg  66.5 A, potential    33.10
 96508 / 100001 elapsed  1 system 0.80 temp 102.4 hbonds, Rg  66.6 A, potential    28.88
 96908 / 100001 elapsed  2 system 0.80 temp 102.6 hbonds, Rg  66.5 A, potential     8.24
 97108 / 100001 elapsed  0 system 0.80 temp 105.0 hbonds, Rg  66.5 A, potential    30.58
 96808 / 100001 elapsed  3 system 0.80 temp 104.1 hbonds, Rg  66.4 A, potential    -0.99
 96608 / 100001 elapsed  1 system 0.80 temp 103.5 hbonds, Rg  66.5 A, potential     0.45
 97008 / 100001 elapsed  2 system 0.80 temp 101.6 hbonds, Rg  66.6 A, potential    22.38
 97208 / 100001 elapsed  0 system 0.80 temp  99.1 hbonds, Rg  66.5 A, potential    71.65
 96908 / 100001 elapsed  3 system 0.80 temp 101.7 hbonds, Rg  66.6 A, potential    37.41
 96708 / 100001 elapsed  1 system 0.80 temp 102.0 hbonds, Rg  66.5 A, potential    24.44
 97108 / 100001 elapsed  2 system 0.80 temp 103.6 hbonds, Rg  66.6 A, potential   -35.53
 97008 / 100001 elapsed  3 system 0.80 temp 101.8 hbonds, Rg  66.6 A, potential    46.97
 97308 / 100001 elapsed  0 system 0.80 temp 104.2 hbonds, Rg  66.6 A, potential    50.28
 96808 / 100001 elapsed  1 system 0.80 temp 102.2 hbonds, Rg  66.6 A, potential    39.91
 97208 / 100001 elapsed  2 system 0.80 temp 107.2 hbonds, Rg  66.5 A, potential    45.09
 97108 / 100001 elapsed  3 system 0.80 temp 101.5 hbonds, Rg  66.6 A, potential    17.35
 97408 / 100001 elapsed  0 system 0.80 temp 104.4 hbonds, Rg  66.6 A, potential    26.59
 96908 / 100001 elapsed  1 system 0.80 temp 103.4 hbonds, Rg  66.6 A, potential    26.92
 97308 / 100001 elapsed  2 system 0.80 temp 101.5 hbonds, Rg  66.6 A, potential    -0.28
 97208 / 100001 elapsed  3 system 0.80 temp 106.8 hbonds, Rg  66.5 A, potential    -9.20
 97508 / 100001 elapsed  0 system 0.80 temp 102.7 hbonds, Rg  66.5 A, potential    60.10
 97008 / 100001 elapsed  1 system 0.80 temp  99.5 hbonds, Rg  66.4 A, potential    36.48
 97408 / 100001 elapsed  2 system 0.80 temp 103.0 hbonds, Rg  66.4 A, potential     7.01
 97308 / 100001 elapsed  3 system 0.80 temp  98.5 hbonds, Rg  66.6 A, potential    40.45
 97608 / 100001 elapsed  0 system 0.80 temp 102.7 hbonds, Rg  66.5 A, potential    14.98
 97108 / 100001 elapsed  1 system 0.80 temp 100.4 hbonds, Rg  66.6 A, potential    16.82
 97508 / 100001 elapsed  2 system 0.80 temp  98.0 hbonds, Rg  66.5 A, potential    49.74
 97408 / 100001 elapsed  3 system 0.80 temp 104.6 hbonds, Rg  66.6 A, potential    14.07
 97708 / 100001 elapsed  0 system 0.80 temp 106.2 hbonds, Rg  66.6 A, potential    -0.73
 97208 / 100001 elapsed  1 system 0.80 temp 106.9 hbonds, Rg  66.6 A, potential    -6.55
 97608 / 100001 elapsed  2 system 0.80 temp 100.7 hbonds, Rg  66.5 A, potential    31.02
 97508 / 100001 elapsed  3 system 0.80 temp 105.8 hbonds, Rg  66.5 A, potential    37.09
 97808 / 100001 elapsed  0 system 0.80 temp 103.6 hbonds, Rg  66.6 A, potential     7.88
 97308 / 100001 elapsed  1 system 0.80 temp 102.1 hbonds, Rg  66.7 A, potential    17.96
 97708 / 100001 elapsed  2 system 0.80 temp 106.1 hbonds, Rg  66.6 A, potential    -9.77
 97608 / 100001 elapsed  3 system 0.80 temp  99.4 hbonds, Rg  66.6 A, potential    47.47
 97908 / 100001 elapsed  0 system 0.80 temp 102.9 hbonds, Rg  66.7 A, potential     6.87
 97408 / 100001 elapsed  1 system 0.80 temp 105.0 hbonds, Rg  66.7 A, potential    25.69
 97808 / 100001 elapsed  2 system 0.80 temp 108.6 hbonds, Rg  66.6 A, potential     0.62
 97708 / 100001 elapsed  3 system 0.80 temp 101.9 hbonds, Rg  66.5 A, potential    14.71
 98008 / 100001 elapsed  0 system 0.80 temp 101.5 hbonds, Rg  66.7 A, potential     8.75
 97508 / 100001 elapsed  1 system 0.80 temp 106.1 hbonds, Rg  66.6 A, potential    32.97
 97908 / 100001 elapsed  2 system 0.80 temp 102.5 hbonds, Rg  66.6 A, potential    -2.12
 97808 / 100001 elapsed  3 system 0.80 temp 104.5 hbonds, Rg  66.6 A, potential   -20.26
 98108 / 100001 elapsed  0 system 0.80 temp 106.5 hbonds, Rg  66.4 A, potential    -9.94
 97608 / 100001 elapsed  1 system 0.80 temp 101.3 hbonds, Rg  66.5 A, potential    46.93
 98008 / 100001 elapsed  2 system 0.80 temp 105.1 hbonds, Rg  66.6 A, potential    -2.98
 97908 / 100001 elapsed  3 system 0.80 temp 102.8 hbonds, Rg  66.6 A, potential    -2.30
 98208 / 100001 elapsed  0 system 0.80 temp 103.6 hbonds, Rg  66.8 A, potential    23.51
 97708 / 100001 elapsed  1 system 0.80 temp 102.8 hbonds, Rg  66.6 A, potential    -1.43
 98108 / 100001 elapsed  2 system 0.80 temp 102.8 hbonds, Rg  66.6 A, potential    44.83
 98008 / 100001 elapsed  3 system 0.80 temp 101.1 hbonds, Rg  66.6 A, potential    21.32
 98308 / 100001 elapsed  0 system 0.80 temp 103.2 hbonds, Rg  66.5 A, potential    -7.52
 97808 / 100001 elapsed  1 system 0.80 temp 106.3 hbonds, Rg  66.6 A, potential    20.11
 98208 / 100001 elapsed  2 system 0.80 temp  97.6 hbonds, Rg  66.7 A, potential    66.90
 98108 / 100001 elapsed  3 system 0.80 temp 102.0 hbonds, Rg  66.6 A, potential    33.98
 98408 / 100001 elapsed  0 system 0.80 temp 104.0 hbonds, Rg  66.6 A, potential    20.74
 97908 / 100001 elapsed  1 system 0.80 temp 104.6 hbonds, Rg  66.4 A, potential    63.97
 98308 / 100001 elapsed  2 system 0.80 temp 105.0 hbonds, Rg  66.4 A, potential    -4.68
 98208 / 100001 elapsed  3 system 0.80 temp  99.5 hbonds, Rg  66.6 A, potential    28.34
 98508 / 100001 elapsed  0 system 0.80 temp 100.1 hbonds, Rg  66.6 A, potential     0.54
 98008 / 100001 elapsed  1 system 0.80 temp 104.2 hbonds, Rg  66.5 A, potential     1.32
 98408 / 100001 elapsed  2 system 0.80 temp 100.2 hbonds, Rg  66.7 A, potential    52.14
 98308 / 100001 elapsed  3 system 0.80 temp 105.3 hbonds, Rg  66.4 A, potential     0.26
 98608 / 100001 elapsed  0 system 0.80 temp 103.2 hbonds, Rg  66.5 A, potential     6.91
 98108 / 100001 elapsed  1 system 0.80 temp 104.5 hbonds, Rg  66.6 A, potential     9.50
 98508 / 100001 elapsed  2 system 0.80 temp 104.1 hbonds, Rg  66.6 A, potential    48.93
 98408 / 100001 elapsed  3 system 0.80 temp 102.8 hbonds, Rg  66.6 A, potential    33.35
 98708 / 100001 elapsed  0 system 0.80 temp 105.4 hbonds, Rg  66.5 A, potential     9.03
 98208 / 100001 elapsed  1 system 0.80 temp 101.0 hbonds, Rg  66.5 A, potential    22.27
 98608 / 100001 elapsed  2 system 0.80 temp 101.1 hbonds, Rg  66.5 A, potential     1.08
 98508 / 100001 elapsed  3 system 0.80 temp 103.1 hbonds, Rg  66.5 A, potential    18.35
 98808 / 100001 elapsed  0 system 0.80 temp 105.2 hbonds, Rg  66.7 A, potential    25.34
 98308 / 100001 elapsed  1 system 0.80 temp 101.1 hbonds, Rg  66.7 A, potential     3.89
 98708 / 100001 elapsed  2 system 0.80 temp 107.0 hbonds, Rg  66.5 A, potential    16.62
 98608 / 100001 elapsed  3 system 0.80 temp 102.7 hbonds, Rg  66.4 A, potential    16.44
 98908 / 100001 elapsed  0 system 0.80 temp 100.1 hbonds, Rg  66.5 A, potential   -29.63
 98408 / 100001 elapsed  1 system 0.80 temp 103.5 hbonds, Rg  66.6 A, potential    -6.07
 98808 / 100001 elapsed  2 system 0.80 temp  98.4 hbonds, Rg  66.6 A, potential    39.66
 98708 / 100001 elapsed  3 system 0.80 temp 106.2 hbonds, Rg  66.7 A, potential    50.65
 99008 / 100001 elapsed  0 system 0.80 temp 100.1 hbonds, Rg  66.3 A, potential    15.75
 98508 / 100001 elapsed  1 system 0.80 temp 105.3 hbonds, Rg  66.8 A, potential    13.67
 98908 / 100001 elapsed  2 system 0.80 temp 102.2 hbonds, Rg  66.6 A, potential    35.50
 98808 / 100001 elapsed  3 system 0.80 temp 102.6 hbonds, Rg  66.5 A, potential     8.84
 99108 / 100001 elapsed  0 system 0.80 temp 103.7 hbonds, Rg  66.7 A, potential     0.91
 98608 / 100001 elapsed  1 system 0.80 temp 102.6 hbonds, Rg  66.4 A, potential    10.08
 99008 / 100001 elapsed  2 system 0.80 temp 103.5 hbonds, Rg  66.5 A, potential    45.75
 98908 / 100001 elapsed  3 system 0.80 temp 106.7 hbonds, Rg  66.5 A, potential    14.86
 99208 / 100001 elapsed  0 system 0.80 temp 102.1 hbonds, Rg  66.5 A, potential    -4.17
 98708 / 100001 elapsed  1 system 0.80 temp  99.2 hbonds, Rg  66.5 A, potential    20.24
 99108 / 100001 elapsed  2 system 0.80 temp  96.9 hbonds, Rg  66.5 A, potential    12.47
 99008 / 100001 elapsed  3 system 0.80 temp 100.1 hbonds, Rg  66.6 A, potential    27.77
 99308 / 100001 elapsed  0 system 0.80 temp 106.0 hbonds, Rg  66.4 A, potential    31.52
 98808 / 100001 elapsed  1 system 0.80 temp 103.4 hbonds, Rg  66.5 A, potential    27.57
 99108 / 100001 elapsed  3 system 0.80 temp 101.1 hbonds, Rg  66.5 A, potential     0.67
 99208 / 100001 elapsed  2 system 0.80 temp  99.4 hbonds, Rg  66.5 A, potential   -19.21
 99408 / 100001 elapsed  0 system 0.80 temp 103.6 hbonds, Rg  66.5 A, potential    -2.35
 98908 / 100001 elapsed  1 system 0.80 temp 102.9 hbonds, Rg  66.6 A, potential    24.96
 99208 / 100001 elapsed  3 system 0.80 temp 103.3 hbonds, Rg  66.4 A, potential     2.42
 99308 / 100001 elapsed  2 system 0.80 temp 103.6 hbonds, Rg  66.6 A, potential    -2.47
 99508 / 100001 elapsed  0 system 0.80 temp 103.7 hbonds, Rg  66.4 A, potential    27.91
 99008 / 100001 elapsed  1 system 0.80 temp 103.8 hbonds, Rg  66.6 A, potential    35.67
 99308 / 100001 elapsed  3 system 0.80 temp 103.9 hbonds, Rg  66.7 A, potential    23.00
 99408 / 100001 elapsed  2 system 0.80 temp 101.0 hbonds, Rg  66.7 A, potential     2.93
 99608 / 100001 elapsed  0 system 0.80 temp  94.8 hbonds, Rg  66.6 A, potential     7.41
 99108 / 100001 elapsed  1 system 0.80 temp 102.3 hbonds, Rg  66.6 A, potential    16.81
 99408 / 100001 elapsed  3 system 0.80 temp 102.2 hbonds, Rg  66.6 A, potential    17.05
 99508 / 100001 elapsed  2 system 0.80 temp 102.8 hbonds, Rg  66.4 A, potential    16.34
 99708 / 100001 elapsed  0 system 0.80 temp 104.1 hbonds, Rg  66.5 A, potential    53.77
 99208 / 100001 elapsed  1 system 0.80 temp 103.1 hbonds, Rg  66.6 A, potential    12.99
 99508 / 100001 elapsed  3 system 0.80 temp  98.6 hbonds, Rg  66.5 A, potential    22.49
 99608 / 100001 elapsed  2 system 0.80 temp 103.4 hbonds, Rg  66.6 A, potential     8.30
 99808 / 100001 elapsed  0 system 0.80 temp 101.5 hbonds, Rg  66.6 A, potential    -3.35
 99308 / 100001 elapsed  1 system 0.80 temp 104.1 hbonds, Rg  66.5 A, potential    -1.71
 99608 / 100001 elapsed  3 system 0.80 temp 102.1 hbonds, Rg  66.6 A, potential    19.38
 99708 / 100001 elapsed  2 system 0.80 temp  96.1 hbonds, Rg  66.6 A, potential    47.68
 99908 / 100001 elapsed  0 system 0.80 temp 100.4 hbonds, Rg  66.5 A, potential   -20.68
 99408 / 100001 elapsed  1 system 0.80 temp 101.0 hbonds, Rg  66.6 A, potential    21.97
 99808 / 100001 elapsed  2 system 0.80 temp 100.7 hbonds, Rg  66.4 A, potential    24.31
 99708 / 100001 elapsed  3 system 0.80 temp  97.8 hbonds, Rg  66.6 A, potential    61.38
 99508 / 100001 elapsed  1 system 0.80 temp 101.1 hbonds, Rg  66.6 A, potential    15.42
 99908 / 100001 elapsed  2 system 0.80 temp 104.6 hbonds, Rg  66.6 A, potential    28.06
 99808 / 100001 elapsed  3 system 0.80 temp 101.2 hbonds, Rg  66.5 A, potential    55.29
 99608 / 100001 elapsed  1 system 0.80 temp 103.7 hbonds, Rg  66.5 A, potential    32.21
 99908 / 100001 elapsed  3 system 0.80 temp 102.7 hbonds, Rg  66.6 A, potential    21.36
 99708 / 100001 elapsed  1 system 0.80 temp  98.8 hbonds, Rg  66.5 A, potential    68.71
 99808 / 100001 elapsed  1 system 0.80 temp 102.2 hbonds, Rg  66.6 A, potential    33.33
 99908 / 100001 elapsed  1 system 0.80 temp 103.5 hbonds, Rg  66.6 A, potential   -11.24


finished in 9953.9 seconds (223.96 us/systems/step, 3.6e+04 simulation_time_unit/hour)

avg_kinetic_energy/1.5kT  1.070  1.072  1.072  1.069
Initial structure gen...
python /home/nithin/data2/nithin/codex_work/resilient_interface/Upside_Desktop/py/PDB_to_initial_structure.py ./pdb/three_1rkl_a.pdb .//inputs/three_1rkl_a --record-chain-breaks --disable-recentering 
Configuring...
Config commandline options:
/home/nithin/data2/nithin/codex_work/resilient_interface/Upside_Desktop/py/upside_config.py --fasta=.//inputs/three_1rkl_a.fasta --output=.//inputs/three_1rkl_a.up --initial-structure=.//inputs/three_1rkl_a.initial.npy --rama-library=/home/nithin/data2/nithin/codex_work/resilient_interface/Upside_Desktop/parameters/common/rama.dat --rama-sheet-mixing-energy=/home/nithin/data2/nithin/codex_work/resilient_interface/Upside_Desktop/parameters/ff_2.1/sheet --hbond-energy=/home/nithin/data2/nithin/codex_work/resilient_interface/Upside_Desktop/parameters/ff_2.1/hbond.h5 --reference-state-rama=/home/nithin/data2/nithin/codex_work/resilient_interface/Upside_Desktop/parameters/common/rama_reference.pkl --rotamer-placement=/home/nithin/data2/nithin/codex_work/resilient_interface/Upside_Desktop/parameters/ff_2.1/sidechain.h5 --dynamic-rotamer-1body --rotamer-interaction=/home/nithin/data2/nithin/codex_work/resilient_interface/Upside_Desktop/parameters/ff_2.1/sidechain.h5 --environment-potential=/home/nithin/data2/nithin/codex_work/resilient_interface/Upside_Desktop/parameters/ff_2.1/environment.h5 --bb-environment-potential=/home/nithin/data2/nithin/codex_work/resilient_interface/Upside_Desktop/parameters/ff_2.1/bb_env.dat --chain-break-from-file=.//inputs/three_1rkl_a.chain_breaks --membrane-potential=/home/nithin/data2/nithin/codex_work/resilient_interface/Upside_Desktop/parameters/ff_2.1/membrane.h5 --membrane-thickness=24.800000 --use-curvature --curvature-radius=250.000000 --curvature-sign=1
chain_first_residue: [31 62]
chain_counts: [1 1 1]

n_chains: 3

hbond_exclude_residues
[30 31 61 62]

hbond, 87 donors, 88 acceptors in sequence
Checking infer_H_O

1 250.0 1

Editing rama_coord (6 rows)

jump atom_range:
[[  0  93]
 [ 93 186]
 [186 279]]
sigma_trans:
[5. 5. 5.]
sigma_rot:
[0.5235988 0.5235988 0.5235988]



Advanced Config commandline options:
/home/nithin/data2/nithin/codex_work/resilient_interface/Upside_Desktop/py/advanced_config.py --config=.//inputs/three_1rkl_a.up --nail=nail-xyz.dat

Running...
"/home/nithin/data2/nithin/codex_work/resilient_interface/Upside_Desktop/obj/upside" --duration 100001 --frame-interval 100 --temperature 0.7999999999999999,0.7999999999999999,0.7999999999999999,0.7999999999999999 --seed -1 --disable-recentering --integrator mv --curvature-changer-interval 10  .//outputs/curv_dy1/three_1rkl_a.run.0.up .//outputs/curv_dy1/three_1rkl_a.run.1.up .//outputs/curv_dy1/three_1rkl_a.run.2.up .//outputs/curv_dy1/three_1rkl_a.run.3.up
