@> 465 atoms and 1 coordinate set(s) were parsed in 0.00s.
/home/nithin/data2/nithin/codex_work/resilient_interface/Upside_Desktop/py/upside_config.py:2403: VisibleDeprecationWarning: dtype(): align should be passed as Python or NumPy boolean but got `align=0`. Did you mean to pass a tuple to create a subarray type? (Deprecated NumPy 2.4)
  ref_state_cor =  np.log(cPickle.load(open(args.reference_state_rama, 'rb'), encoding='latin1'))
invocation: /home/nithin/data2/nithin/codex_work/resilient_interface/Upside_Desktop/obj/upside --duration 100001 --frame-interval 100 --temperature 0.7999999999999999,0.7999999999999999,0.7999999999999999,0.7999999999999999 --seed -1 --disable-recentering --integrator mv --curvature-changer-interval 10 .//outputs/curv_dy2/three_1rkl_b.run.0.up .//outputs/curv_dy2/three_1rkl_b.run.1.up .//outputs/curv_dy2/three_1rkl_b.run.2.up .//outputs/curv_dy2/three_1rkl_b.run.3.up
random seed: 24

Using the multi-step integrator
slow motion
  time step: 0.027
  potential terms:
    backbone_pairs
    hbond_energy
    rotamer
    sigmoid_coupling_environment
    bb_sigmoid_coupling_environment

fast motion
  time step: 0.009
  potential terms:
    Spring_angle
    Spring_bond
    Spring_omega
    Spring_nail
    rama_map_pot
    rama_map_pot_ref
    hb_membrane_potential
    cb_membrane_potential

.//outputs/curv_dy2/three_1rkl_b.run.0.up
n_atom 279


Using the multi-step integrator
slow motion
  time step: 0.027
  potential terms:
    backbone_pairs
    hbond_energy
    rotamer
    sigmoid_coupling_environment
    bb_sigmoid_coupling_environment

fast motion
  time step: 0.009
  potential terms:
    Spring_angle
    Spring_bond
    Spring_omega
    Spring_nail
    rama_map_pot
    rama_map_pot_ref
    hb_membrane_potential
    cb_membrane_potential

.//outputs/curv_dy2/three_1rkl_b.run.1.up
n_atom 279


Using the multi-step integrator
slow motion
  time step: 0.027
  potential terms:
    backbone_pairs
    hbond_energy
    rotamer
    sigmoid_coupling_environment
    bb_sigmoid_coupling_environment

fast motion
  time step: 0.009
  potential terms:
    Spring_angle
    Spring_bond
    Spring_omega
    Spring_nail
    rama_map_pot
    rama_map_pot_ref
    hb_membrane_potential
    cb_membrane_potential

.//outputs/curv_dy2/three_1rkl_b.run.2.up
n_atom 279


Using the multi-step integrator
slow motion
  time step: 0.027
  potential terms:
    backbone_pairs
    hbond_energy
    rotamer
    sigmoid_coupling_environment
    bb_sigmoid_coupling_environment

fast motion
  time step: 0.009
  potential terms:
    Spring_angle
    Spring_bond
    Spring_omega
    Spring_nail
    rama_map_pot
    rama_map_pot_ref
    hb_membrane_potential
    cb_membrane_potential

.//outputs/curv_dy2/three_1rkl_b.run.3.up
n_atom 279

initializing curvature changer

0 0.80
1 0.80
2 0.80
3 0.80

Initial potential energy: -0.86 -0.86 -0.86 -0.86
     0 / 100001 elapsed  0 system 0.80 temp 101.9 hbonds, Rg 106.2 A, potential    -0.86
     0 / 100001 elapsed  2 system 0.80 temp 101.9 hbonds, Rg 106.2 A, potential    -0.86
     0 / 100001 elapsed  1 system 0.80 temp 101.9 hbonds, Rg 106.2 A, potential    -0.86
     0 / 100001 elapsed  3 system 0.80 temp 101.9 hbonds, Rg 106.2 A, potential    -0.86
   100 / 100001 elapsed  3 system 0.80 temp  96.7 hbonds, Rg 109.7 A, potential   -20.72
   100 / 100001 elapsed  1 system 0.80 temp  95.6 hbonds, Rg 108.0 A, potential   -41.64
   100 / 100001 elapsed  2 system 0.80 temp  99.4 hbonds, Rg 112.6 A, potential   -62.14
   100 / 100001 elapsed  0 system 0.80 temp 100.6 hbonds, Rg 110.5 A, potential   -17.29
   200 / 100001 elapsed  3 system 0.80 temp  93.7 hbonds, Rg 109.7 A, potential    26.09
   200 / 100001 elapsed  1 system 0.80 temp  97.1 hbonds, Rg 108.8 A, potential   -42.04
   200 / 100001 elapsed  2 system 0.80 temp 101.4 hbonds, Rg 111.8 A, potential   -40.36
   200 / 100001 elapsed  0 system 0.80 temp 101.6 hbonds, Rg 110.6 A, potential   -54.68
   300 / 100001 elapsed  1 system 0.80 temp  94.8 hbonds, Rg 110.6 A, potential   -34.89
   300 / 100001 elapsed  3 system 0.80 temp  94.7 hbonds, Rg 108.3 A, potential   -26.28
   300 / 100001 elapsed  2 system 0.80 temp  99.7 hbonds, Rg 112.3 A, potential    -9.38
   300 / 100001 elapsed  0 system 0.80 temp 101.5 hbonds, Rg 109.5 A, potential   -51.05
   400 / 100001 elapsed  3 system 0.80 temp  97.5 hbonds, Rg 106.8 A, potential   -41.17
   400 / 100001 elapsed  1 system 0.80 temp 100.4 hbonds, Rg 109.5 A, potential   -25.72
   400 / 100001 elapsed  2 system 0.80 temp  97.5 hbonds, Rg 111.1 A, potential   -32.51
   400 / 100001 elapsed  0 system 0.80 temp  98.7 hbonds, Rg 109.0 A, potential   -64.16
   500 / 100001 elapsed  3 system 0.80 temp 103.3 hbonds, Rg 105.4 A, potential   -41.37
   500 / 100001 elapsed  1 system 0.80 temp  96.3 hbonds, Rg 108.4 A, potential   -38.48
   500 / 100001 elapsed  2 system 0.80 temp  99.4 hbonds, Rg 110.4 A, potential   -49.81
   500 / 100001 elapsed  0 system 0.80 temp  99.8 hbonds, Rg 110.7 A, potential   -21.62
   600 / 100001 elapsed  1 system 0.80 temp  96.0 hbonds, Rg 109.6 A, potential    15.15
   600 / 100001 elapsed  2 system 0.80 temp  97.2 hbonds, Rg 110.2 A, potential   -52.28
   600 / 100001 elapsed  0 system 0.80 temp  96.9 hbonds, Rg 110.7 A, potential   -11.84
   600 / 100001 elapsed  3 system 0.80 temp  95.1 hbonds, Rg 104.1 A, potential    31.20
   700 / 100001 elapsed  1 system 0.80 temp  98.3 hbonds, Rg 110.8 A, potential    -8.91
   700 / 100001 elapsed  2 system 0.80 temp 100.8 hbonds, Rg 112.0 A, potential    -7.91
   700 / 100001 elapsed  3 system 0.80 temp  97.7 hbonds, Rg 106.3 A, potential   -11.54
   700 / 100001 elapsed  0 system 0.80 temp  99.1 hbonds, Rg 111.9 A, potential   -59.61
   800 / 100001 elapsed  1 system 0.80 temp 101.5 hbonds, Rg 111.9 A, potential   -37.57
   800 / 100001 elapsed  2 system 0.80 temp 100.3 hbonds, Rg 109.8 A, potential   -40.42
   800 / 100001 elapsed  0 system 0.80 temp  95.5 hbonds, Rg 111.8 A, potential   -31.29
   800 / 100001 elapsed  3 system 0.80 temp 101.5 hbonds, Rg 105.8 A, potential    -1.00
   900 / 100001 elapsed  2 system 0.80 temp  98.4 hbonds, Rg 111.8 A, potential   -47.39
   900 / 100001 elapsed  1 system 0.80 temp  99.9 hbonds, Rg 112.7 A, potential   -38.53
   900 / 100001 elapsed  3 system 0.80 temp 100.3 hbonds, Rg 106.2 A, potential   -17.79
   900 / 100001 elapsed  0 system 0.80 temp 100.1 hbonds, Rg 110.6 A, potential   -22.77
  1000 / 100001 elapsed  1 system 0.80 temp 100.7 hbonds, Rg 113.4 A, potential   -29.90
  1000 / 100001 elapsed  2 system 0.80 temp  94.0 hbonds, Rg 112.5 A, potential   -19.42
  1000 / 100001 elapsed  3 system 0.80 temp 102.8 hbonds, Rg 107.2 A, potential   -20.23
  1000 / 100001 elapsed  0 system 0.80 temp  96.7 hbonds, Rg 110.8 A, potential   -31.89
  1100 / 100001 elapsed  2 system 0.80 temp  95.1 hbonds, Rg 112.5 A, potential   -27.80
  1100 / 100001 elapsed  1 system 0.80 temp  95.5 hbonds, Rg 112.0 A, potential   -13.37
  1100 / 100001 elapsed  3 system 0.80 temp  99.7 hbonds, Rg 105.9 A, potential   -19.57
  1100 / 100001 elapsed  0 system 0.80 temp  95.4 hbonds, Rg 108.5 A, potential   -48.09
  1200 / 100001 elapsed  2 system 0.80 temp 100.1 hbonds, Rg 113.0 A, potential   -26.58
  1200 / 100001 elapsed  1 system 0.80 temp 103.3 hbonds, Rg 112.1 A, potential   -40.33
  1200 / 100001 elapsed  3 system 0.80 temp 100.0 hbonds, Rg 103.3 A, potential   -46.32
  1200 / 100001 elapsed  0 system 0.80 temp 100.0 hbonds, Rg 107.9 A, potential   -11.99
  1300 / 100001 elapsed  2 system 0.80 temp  94.2 hbonds, Rg 114.5 A, potential   -28.45
  1300 / 100001 elapsed  1 system 0.80 temp 102.3 hbonds, Rg 112.9 A, potential   -11.74
  1300 / 100001 elapsed  3 system 0.80 temp 100.0 hbonds, Rg 103.0 A, potential   -26.07
  1300 / 100001 elapsed  0 system 0.80 temp  98.5 hbonds, Rg 108.7 A, potential   -32.87
  1400 / 100001 elapsed  2 system 0.80 temp  99.8 hbonds, Rg 112.3 A, potential     3.11
  1400 / 100001 elapsed  1 system 0.80 temp  97.1 hbonds, Rg 113.5 A, potential   -41.55
  1400 / 100001 elapsed  3 system 0.80 temp 101.4 hbonds, Rg 103.8 A, potential   -29.83
  1400 / 100001 elapsed  0 system 0.80 temp  97.8 hbonds, Rg 110.1 A, potential   -31.16
  1500 / 100001 elapsed  2 system 0.80 temp  98.4 hbonds, Rg 111.4 A, potential    -7.54
  1500 / 100001 elapsed  1 system 0.80 temp 102.3 hbonds, Rg 115.3 A, potential   -25.73
  1500 / 100001 elapsed  3 system 0.80 temp  93.1 hbonds, Rg 103.9 A, potential   -22.20
  1500 / 100001 elapsed  0 system 0.80 temp  99.9 hbonds, Rg 111.4 A, potential   -36.67
  1600 / 100001 elapsed  1 system 0.80 temp  96.0 hbonds, Rg 116.1 A, potential   -21.28
  1600 / 100001 elapsed  2 system 0.80 temp  95.8 hbonds, Rg 111.2 A, potential     1.67
  1600 / 100001 elapsed  3 system 0.80 temp 101.4 hbonds, Rg 104.3 A, potential   -37.02
  1600 / 100001 elapsed  0 system 0.80 temp 101.1 hbonds, Rg 112.6 A, potential   -47.30
  1700 / 100001 elapsed  1 system 0.80 temp  98.1 hbonds, Rg 115.5 A, potential   -32.36
  1700 / 100001 elapsed  2 system 0.80 temp  97.9 hbonds, Rg 111.5 A, potential   -52.93
  1700 / 100001 elapsed  3 system 0.80 temp  99.2 hbonds, Rg 104.0 A, potential   -30.70
  1700 / 100001 elapsed  0 system 0.80 temp  94.7 hbonds, Rg 112.9 A, potential     0.56
  1800 / 100001 elapsed  1 system 0.80 temp  98.0 hbonds, Rg 116.8 A, potential   -41.43
  1800 / 100001 elapsed  2 system 0.80 temp  98.8 hbonds, Rg 108.6 A, potential   -34.48
  1800 / 100001 elapsed  3 system 0.80 temp 107.0 hbonds, Rg 103.5 A, potential   -39.26
  1800 / 100001 elapsed  0 system 0.80 temp  93.1 hbonds, Rg 112.6 A, potential    -3.55
  1900 / 100001 elapsed  1 system 0.80 temp  99.3 hbonds, Rg 116.4 A, potential     6.67
  1900 / 100001 elapsed  2 system 0.80 temp  95.0 hbonds, Rg 112.5 A, potential   -19.62
  1900 / 100001 elapsed  3 system 0.80 temp  98.0 hbonds, Rg 105.1 A, potential   -52.01
  1900 / 100001 elapsed  0 system 0.80 temp  95.0 hbonds, Rg 112.9 A, potential    -1.25
  2000 / 100001 elapsed  1 system 0.80 temp  96.3 hbonds, Rg 116.9 A, potential   -18.10
  2000 / 100001 elapsed  2 system 0.80 temp  98.9 hbonds, Rg 113.4 A, potential   -32.91
  2000 / 100001 elapsed  0 system 0.80 temp  97.0 hbonds, Rg 112.8 A, potential   -20.68
  2000 / 100001 elapsed  3 system 0.80 temp 102.7 hbonds, Rg 102.4 A, potential   -56.29
  2100 / 100001 elapsed  2 system 0.80 temp  98.0 hbonds, Rg 114.6 A, potential   -35.11
  2100 / 100001 elapsed  1 system 0.80 temp  94.0 hbonds, Rg 116.9 A, potential   -30.92
  2100 / 100001 elapsed  0 system 0.80 temp  95.3 hbonds, Rg 112.0 A, potential     6.37
  2100 / 100001 elapsed  3 system 0.80 temp 103.5 hbonds, Rg 100.6 A, potential   -24.93
  2200 / 100001 elapsed  1 system 0.80 temp  97.3 hbonds, Rg 115.0 A, potential   -24.20
  2200 / 100001 elapsed  2 system 0.80 temp  98.6 hbonds, Rg 114.3 A, potential   -82.15
  2200 / 100001 elapsed  3 system 0.80 temp 103.8 hbonds, Rg 102.1 A, potential   -54.02
  2200 / 100001 elapsed  0 system 0.80 temp  99.2 hbonds, Rg 111.5 A, potential   -13.09
  2300 / 100001 elapsed  1 system 0.80 temp  98.5 hbonds, Rg 115.3 A, potential   -31.89
  2300 / 100001 elapsed  2 system 0.80 temp  93.0 hbonds, Rg 113.6 A, potential    -2.20
  2300 / 100001 elapsed  3 system 0.80 temp 103.6 hbonds, Rg 100.4 A, potential   -22.44
  2300 / 100001 elapsed  0 system 0.80 temp  90.5 hbonds, Rg 112.3 A, potential     0.86
  2400 / 100001 elapsed  1 system 0.80 temp  95.6 hbonds, Rg 116.0 A, potential   -25.76
  2400 / 100001 elapsed  2 system 0.80 temp  98.1 hbonds, Rg 112.6 A, potential   -18.40
  2400 / 100001 elapsed  3 system 0.80 temp 104.3 hbonds, Rg 100.9 A, potential   -49.21
  2400 / 100001 elapsed  0 system 0.80 temp  96.0 hbonds, Rg 111.9 A, potential    14.41
  2500 / 100001 elapsed  2 system 0.80 temp 101.1 hbonds, Rg 115.4 A, potential   -46.45
  2500 / 100001 elapsed  1 system 0.80 temp  96.2 hbonds, Rg 117.0 A, potential   -35.63
  2500 / 100001 elapsed  0 system 0.80 temp  92.7 hbonds, Rg 111.2 A, potential    13.56
  2500 / 100001 elapsed  3 system 0.80 temp 104.6 hbonds, Rg 100.9 A, potential   -35.33
  2600 / 100001 elapsed  2 system 0.80 temp  94.5 hbonds, Rg 115.4 A, potential   -12.65
  2600 / 100001 elapsed  1 system 0.80 temp  94.4 hbonds, Rg 116.4 A, potential     2.96
  2600 / 100001 elapsed  0 system 0.80 temp  95.5 hbonds, Rg 110.0 A, potential   -24.79
  2600 / 100001 elapsed  3 system 0.80 temp 104.0 hbonds, Rg 102.3 A, potential   -14.17
  2700 / 100001 elapsed  2 system 0.80 temp  98.5 hbonds, Rg 115.8 A, potential   -53.82
  2700 / 100001 elapsed  1 system 0.80 temp  97.5 hbonds, Rg 115.6 A, potential   -18.97
  2700 / 100001 elapsed  0 system 0.80 temp  95.2 hbonds, Rg 110.9 A, potential   -17.12
  2700 / 100001 elapsed  3 system 0.80 temp 104.8 hbonds, Rg 102.3 A, potential   -41.91
  2800 / 100001 elapsed  2 system 0.80 temp  97.5 hbonds, Rg 115.2 A, potential   -20.60
  2800 / 100001 elapsed  1 system 0.80 temp 100.1 hbonds, Rg 113.8 A, potential   -44.43
  2800 / 100001 elapsed  0 system 0.80 temp  97.8 hbonds, Rg 111.0 A, potential   -26.49
  2800 / 100001 elapsed  3 system 0.80 temp 108.1 hbonds, Rg 102.3 A, potential   -51.43
  2900 / 100001 elapsed  2 system 0.80 temp 100.2 hbonds, Rg 115.0 A, potential   -49.15
  2900 / 100001 elapsed  1 system 0.80 temp 101.9 hbonds, Rg 114.4 A, potential   -44.17
  2900 / 100001 elapsed  0 system 0.80 temp  93.6 hbonds, Rg 112.5 A, potential    13.17
  2900 / 100001 elapsed  3 system 0.80 temp 100.1 hbonds, Rg 102.3 A, potential   -50.95
  3000 / 100001 elapsed  2 system 0.80 temp  96.3 hbonds, Rg 115.1 A, potential   -17.34
  3000 / 100001 elapsed  1 system 0.80 temp 101.0 hbonds, Rg 114.1 A, potential     7.79
  3000 / 100001 elapsed  0 system 0.80 temp 101.2 hbonds, Rg 111.8 A, potential   -39.83
  3000 / 100001 elapsed  3 system 0.80 temp  94.9 hbonds, Rg 100.1 A, potential   -23.19
  3100 / 100001 elapsed  2 system 0.80 temp 100.3 hbonds, Rg 116.2 A, potential   -33.28
  3100 / 100001 elapsed  1 system 0.80 temp  96.2 hbonds, Rg 113.6 A, potential   -16.15
  3100 / 100001 elapsed  0 system 0.80 temp  94.9 hbonds, Rg 113.8 A, potential   -10.83
  3100 / 100001 elapsed  3 system 0.80 temp  95.7 hbonds, Rg 101.4 A, potential   -33.00
  3200 / 100001 elapsed  2 system 0.80 temp  91.7 hbonds, Rg 116.6 A, potential   -28.69
  3200 / 100001 elapsed  1 system 0.80 temp 104.5 hbonds, Rg 113.1 A, potential   -24.58
  3200 / 100001 elapsed  0 system 0.80 temp  95.5 hbonds, Rg 114.6 A, potential   -33.68
  3200 / 100001 elapsed  3 system 0.80 temp  97.9 hbonds, Rg 103.0 A, potential   -12.34
  3300 / 100001 elapsed  2 system 0.80 temp  98.3 hbonds, Rg 116.6 A, potential    -5.91
  3300 / 100001 elapsed  1 system 0.80 temp  96.7 hbonds, Rg 114.5 A, potential   -52.80
  3300 / 100001 elapsed  0 system 0.80 temp  93.1 hbonds, Rg 114.4 A, potential    -6.08
  3300 / 100001 elapsed  3 system 0.80 temp 100.1 hbonds, Rg 104.5 A, potential   -36.70
  3400 / 100001 elapsed  2 system 0.80 temp  96.5 hbonds, Rg 117.6 A, potential   -27.86
  3400 / 100001 elapsed  1 system 0.80 temp 100.3 hbonds, Rg 115.1 A, potential    -6.84
  3400 / 100001 elapsed  0 system 0.80 temp 100.7 hbonds, Rg 112.9 A, potential   -46.95
  3400 / 100001 elapsed  3 system 0.80 temp  95.6 hbonds, Rg 102.9 A, potential   -14.02
  3500 / 100001 elapsed  2 system 0.80 temp  98.3 hbonds, Rg 117.4 A, potential   -20.64
  3500 / 100001 elapsed  1 system 0.80 temp 103.3 hbonds, Rg 114.8 A, potential   -35.93
  3500 / 100001 elapsed  0 system 0.80 temp  93.8 hbonds, Rg 112.6 A, potential   -11.60
  3500 / 100001 elapsed  3 system 0.80 temp  98.8 hbonds, Rg 105.5 A, potential   -47.46
  3600 / 100001 elapsed  2 system 0.80 temp  96.0 hbonds, Rg 118.5 A, potential   -19.85
  3600 / 100001 elapsed  1 system 0.80 temp  99.0 hbonds, Rg 113.8 A, potential   -27.61
  3600 / 100001 elapsed  0 system 0.80 temp 101.3 hbonds, Rg 113.0 A, potential   -77.74
  3600 / 100001 elapsed  3 system 0.80 temp 100.5 hbonds, Rg 106.7 A, potential   -40.85
  3700 / 100001 elapsed  2 system 0.80 temp  95.1 hbonds, Rg 118.9 A, potential     2.69
  3700 / 100001 elapsed  1 system 0.80 temp 101.7 hbonds, Rg 113.6 A, potential   -93.11
  3700 / 100001 elapsed  0 system 0.80 temp  99.7 hbonds, Rg 111.8 A, potential   -21.90
  3700 / 100001 elapsed  3 system 0.80 temp 104.1 hbonds, Rg 106.6 A, potential   -58.16
  3800 / 100001 elapsed  2 system 0.80 temp  96.4 hbonds, Rg 120.8 A, potential   -15.94
  3800 / 100001 elapsed  1 system 0.80 temp  98.2 hbonds, Rg 113.1 A, potential   -30.34
  3800 / 100001 elapsed  0 system 0.80 temp  97.9 hbonds, Rg 112.2 A, potential   -16.44
  3800 / 100001 elapsed  3 system 0.80 temp  95.6 hbonds, Rg 106.7 A, potential   -30.57
  3900 / 100001 elapsed  2 system 0.80 temp 100.8 hbonds, Rg 119.9 A, potential   -31.05
  3900 / 100001 elapsed  1 system 0.80 temp 100.8 hbonds, Rg 114.1 A, potential   -41.90
  3900 / 100001 elapsed  0 system 0.80 temp  99.1 hbonds, Rg 112.4 A, potential   -21.53
  3900 / 100001 elapsed  3 system 0.80 temp  98.9 hbonds, Rg 105.4 A, potential   -30.17
  4000 / 100001 elapsed  2 system 0.80 temp  97.9 hbonds, Rg 120.6 A, potential   -41.83
  4000 / 100001 elapsed  1 system 0.80 temp 102.9 hbonds, Rg 114.1 A, potential   -32.16
  4000 / 100001 elapsed  0 system 0.80 temp  95.6 hbonds, Rg 110.3 A, potential   -36.97
  4000 / 100001 elapsed  3 system 0.80 temp  98.8 hbonds, Rg 105.3 A, potential   -24.49
  4100 / 100001 elapsed  2 system 0.80 temp  99.0 hbonds, Rg 120.9 A, potential   -48.58
  4100 / 100001 elapsed  1 system 0.80 temp  99.1 hbonds, Rg 115.7 A, potential    -6.15
  4100 / 100001 elapsed  3 system 0.80 temp 100.2 hbonds, Rg 107.3 A, potential   -22.33
  4100 / 100001 elapsed  0 system 0.80 temp  98.5 hbonds, Rg 113.0 A, potential   -24.67
  4200 / 100001 elapsed  2 system 0.80 temp 103.5 hbonds, Rg 119.9 A, potential   -34.82
  4200 / 100001 elapsed  1 system 0.80 temp  94.6 hbonds, Rg 115.4 A, potential   -28.44
  4200 / 100001 elapsed  3 system 0.80 temp 100.0 hbonds, Rg 107.9 A, potential    -7.54
  4200 / 100001 elapsed  0 system 0.80 temp  99.0 hbonds, Rg 114.6 A, potential     6.31
  4300 / 100001 elapsed  2 system 0.80 temp  95.8 hbonds, Rg 120.2 A, potential   -10.34
  4300 / 100001 elapsed  1 system 0.80 temp 101.1 hbonds, Rg 115.4 A, potential   -39.83
  4300 / 100001 elapsed  0 system 0.80 temp 102.3 hbonds, Rg 113.4 A, potential   -10.99
  4300 / 100001 elapsed  3 system 0.80 temp  97.4 hbonds, Rg 108.2 A, potential   -33.78
  4400 / 100001 elapsed  2 system 0.80 temp 102.6 hbonds, Rg 120.7 A, potential   -54.47
  4400 / 100001 elapsed  1 system 0.80 temp  95.5 hbonds, Rg 114.2 A, potential   -10.19
  4400 / 100001 elapsed  0 system 0.80 temp  98.3 hbonds, Rg 114.3 A, potential   -36.65
  4400 / 100001 elapsed  3 system 0.80 temp 102.0 hbonds, Rg 106.9 A, potential   -34.16
  4500 / 100001 elapsed  2 system 0.80 temp 101.1 hbonds, Rg 120.4 A, potential   -35.70
  4500 / 100001 elapsed  1 system 0.80 temp  95.4 hbonds, Rg 115.9 A, potential   -19.19
  4500 / 100001 elapsed  0 system 0.80 temp  97.1 hbonds, Rg 115.3 A, potential   -38.39
  4500 / 100001 elapsed  3 system 0.80 temp 102.6 hbonds, Rg 107.6 A, potential   -44.83
  4600 / 100001 elapsed  2 system 0.80 temp 102.2 hbonds, Rg 118.4 A, potential   -64.13
  4600 / 100001 elapsed  1 system 0.80 temp 102.6 hbonds, Rg 116.7 A, potential   -42.95
  4600 / 100001 elapsed  3 system 0.80 temp 103.6 hbonds, Rg 111.0 A, potential   -34.19
  4600 / 100001 elapsed  0 system 0.80 temp 100.0 hbonds, Rg 116.0 A, potential   -11.29
  4700 / 100001 elapsed  2 system 0.80 temp  98.7 hbonds, Rg 119.1 A, potential   -53.31
  4700 / 100001 elapsed  1 system 0.80 temp  99.8 hbonds, Rg 116.6 A, potential   -19.76
  4700 / 100001 elapsed  3 system 0.80 temp 100.4 hbonds, Rg 113.8 A, potential   -40.73
  4700 / 100001 elapsed  0 system 0.80 temp 104.0 hbonds, Rg 115.8 A, potential   -53.09
  4800 / 100001 elapsed  2 system 0.80 temp  97.0 hbonds, Rg 118.6 A, potential   -52.28
  4800 / 100001 elapsed  1 system 0.80 temp 102.2 hbonds, Rg 118.3 A, potential   -50.66
  4800 / 100001 elapsed  3 system 0.80 temp  99.5 hbonds, Rg 114.2 A, potential   -13.18
  4800 / 100001 elapsed  0 system 0.80 temp 105.6 hbonds, Rg 116.6 A, potential   -52.83
  4900 / 100001 elapsed  2 system 0.80 temp  97.6 hbonds, Rg 119.0 A, potential   -23.36
  4900 / 100001 elapsed  1 system 0.80 temp  99.5 hbonds, Rg 118.2 A, potential    -9.31
  4900 / 100001 elapsed  3 system 0.80 temp 102.1 hbonds, Rg 114.7 A, potential   -55.05
  4900 / 100001 elapsed  0 system 0.80 temp 104.0 hbonds, Rg 113.4 A, potential   -15.47
  5000 / 100001 elapsed  2 system 0.80 temp  99.0 hbonds, Rg 118.0 A, potential     5.05
  5000 / 100001 elapsed  1 system 0.80 temp 101.3 hbonds, Rg 118.7 A, potential   -66.49
  5000 / 100001 elapsed  3 system 0.80 temp  99.7 hbonds, Rg 112.6 A, potential   -23.09
  5000 / 100001 elapsed  0 system 0.80 temp 103.6 hbonds, Rg 110.6 A, potential   -50.11
  5100 / 100001 elapsed  2 system 0.80 temp 100.7 hbonds, Rg 117.2 A, potential   -20.01
  5100 / 100001 elapsed  1 system 0.80 temp 101.3 hbonds, Rg 120.0 A, potential    -8.52
  5100 / 100001 elapsed  3 system 0.80 temp  98.9 hbonds, Rg 114.9 A, potential   -43.61
  5100 / 100001 elapsed  0 system 0.80 temp 100.6 hbonds, Rg 109.6 A, potential   -43.87
  5200 / 100001 elapsed  2 system 0.80 temp 100.8 hbonds, Rg 116.4 A, potential    -5.36
  5200 / 100001 elapsed  1 system 0.80 temp  99.7 hbonds, Rg 119.2 A, potential   -13.93
  5200 / 100001 elapsed  3 system 0.80 temp  99.1 hbonds, Rg 116.5 A, potential    -6.58
  5200 / 100001 elapsed  0 system 0.80 temp  97.7 hbonds, Rg 111.5 A, potential   -57.27
  5300 / 100001 elapsed  2 system 0.80 temp 100.0 hbonds, Rg 113.9 A, potential    -5.23
  5300 / 100001 elapsed  1 system 0.80 temp 101.8 hbonds, Rg 117.6 A, potential    -6.72
  5300 / 100001 elapsed  3 system 0.80 temp  95.4 hbonds, Rg 116.7 A, potential   -18.42
  5300 / 100001 elapsed  0 system 0.80 temp  96.8 hbonds, Rg 112.3 A, potential   -30.58
  5400 / 100001 elapsed  2 system 0.80 temp 100.6 hbonds, Rg 111.3 A, potential   -45.01
  5400 / 100001 elapsed  1 system 0.80 temp 100.4 hbonds, Rg 117.2 A, potential    -5.11
  5400 / 100001 elapsed  3 system 0.80 temp  97.0 hbonds, Rg 117.6 A, potential   -26.44
  5400 / 100001 elapsed  0 system 0.80 temp  99.9 hbonds, Rg 111.6 A, potential   -75.09
  5500 / 100001 elapsed  2 system 0.80 temp 102.5 hbonds, Rg 111.9 A, potential   -66.33
  5500 / 100001 elapsed  1 system 0.80 temp  99.5 hbonds, Rg 115.4 A, potential   -31.27
  5500 / 100001 elapsed  3 system 0.80 temp  98.2 hbonds, Rg 117.3 A, potential   -35.40
  5500 / 100001 elapsed  0 system 0.80 temp 101.5 hbonds, Rg 112.2 A, potential   -22.59
  5600 / 100001 elapsed  2 system 0.80 temp 100.3 hbonds, Rg 111.6 A, potential   -36.18
  5600 / 100001 elapsed  1 system 0.80 temp  96.8 hbonds, Rg 116.0 A, potential   -36.15
  5600 / 100001 elapsed  3 system 0.80 temp  93.8 hbonds, Rg 117.3 A, potential   -15.56
  5600 / 100001 elapsed  0 system 0.80 temp  99.4 hbonds, Rg 114.4 A, potential   -43.80
  5700 / 100001 elapsed  2 system 0.80 temp  99.0 hbonds, Rg 112.8 A, potential   -56.11
  5700 / 100001 elapsed  1 system 0.80 temp  99.2 hbonds, Rg 114.6 A, potential   -18.86
  5700 / 100001 elapsed  3 system 0.80 temp  98.5 hbonds, Rg 118.8 A, potential   -33.85
  5700 / 100001 elapsed  0 system 0.80 temp 101.8 hbonds, Rg 115.1 A, potential   -21.44
  5800 / 100001 elapsed  2 system 0.80 temp  99.9 hbonds, Rg 114.1 A, potential   -26.14
  5800 / 100001 elapsed  1 system 0.80 temp  99.9 hbonds, Rg 113.9 A, potential   -51.03
  5800 / 100001 elapsed  3 system 0.80 temp 101.4 hbonds, Rg 120.9 A, potential   -56.32
  5800 / 100001 elapsed  0 system 0.80 temp 100.1 hbonds, Rg 113.6 A, potential   -49.41
  5900 / 100001 elapsed  2 system 0.80 temp  98.3 hbonds, Rg 114.8 A, potential   -49.38
  5900 / 100001 elapsed  1 system 0.80 temp 102.6 hbonds, Rg 114.7 A, potential   -41.54
  5900 / 100001 elapsed  3 system 0.80 temp  97.1 hbonds, Rg 120.9 A, potential   -44.29
  5900 / 100001 elapsed  0 system 0.80 temp  96.6 hbonds, Rg 112.9 A, potential   -37.63
  6000 / 100001 elapsed  2 system 0.80 temp  98.7 hbonds, Rg 113.6 A, potential    -7.82
  6000 / 100001 elapsed  1 system 0.80 temp  94.7 hbonds, Rg 116.5 A, potential    -2.85
  6000 / 100001 elapsed  3 system 0.80 temp 101.9 hbonds, Rg 121.0 A, potential   -55.39
  6000 / 100001 elapsed  0 system 0.80 temp  99.9 hbonds, Rg 114.2 A, potential   -13.66
  6100 / 100001 elapsed  2 system 0.80 temp  97.2 hbonds, Rg 113.2 A, potential     7.08
  6100 / 100001 elapsed  1 system 0.80 temp 102.2 hbonds, Rg 116.4 A, potential   -12.60
  6100 / 100001 elapsed  3 system 0.80 temp 100.8 hbonds, Rg 122.9 A, potential   -33.53
  6100 / 100001 elapsed  0 system 0.80 temp 100.6 hbonds, Rg 114.7 A, potential   -38.13
  6200 / 100001 elapsed  2 system 0.80 temp 103.3 hbonds, Rg 114.3 A, potential   -30.25
  6200 / 100001 elapsed  1 system 0.80 temp 103.3 hbonds, Rg 117.3 A, potential   -42.68
  6200 / 100001 elapsed  3 system 0.80 temp  99.7 hbonds, Rg 122.6 A, potential   -25.71
  6200 / 100001 elapsed  0 system 0.80 temp 103.4 hbonds, Rg 115.0 A, potential   -30.40
  6301 / 100001 elapsed  2 system 0.80 temp  96.8 hbonds, Rg 113.1 A, potential   -23.58
  6301 / 100001 elapsed  1 system 0.80 temp 100.8 hbonds, Rg 117.7 A, potential    -6.09
  6301 / 100001 elapsed  3 system 0.80 temp 100.2 hbonds, Rg 122.4 A, potential   -37.67
  6301 / 100001 elapsed  0 system 0.80 temp 101.5 hbonds, Rg 114.8 A, potential   -51.00
  6401 / 100001 elapsed  2 system 0.80 temp 104.4 hbonds, Rg 115.0 A, potential   -40.25
  6401 / 100001 elapsed  1 system 0.80 temp  97.5 hbonds, Rg 116.7 A, potential     0.66
  6401 / 100001 elapsed  3 system 0.80 temp 102.0 hbonds, Rg 121.2 A, potential   -41.55
  6401 / 100001 elapsed  0 system 0.80 temp 100.5 hbonds, Rg 113.6 A, potential   -47.04
  6501 / 100001 elapsed  2 system 0.80 temp  99.2 hbonds, Rg 115.9 A, potential   -10.02
  6501 / 100001 elapsed  1 system 0.80 temp  99.6 hbonds, Rg 118.4 A, potential   -36.42
  6501 / 100001 elapsed  3 system 0.80 temp 104.6 hbonds, Rg 120.7 A, potential   -48.93
  6501 / 100001 elapsed  0 system 0.80 temp 103.3 hbonds, Rg 113.7 A, potential   -45.21
  6601 / 100001 elapsed  2 system 0.80 temp  99.2 hbonds, Rg 116.0 A, potential   -19.69
  6601 / 100001 elapsed  1 system 0.80 temp 101.2 hbonds, Rg 117.1 A, potential   -25.23
  6601 / 100001 elapsed  3 system 0.80 temp 101.6 hbonds, Rg 121.3 A, potential   -53.54
  6601 / 100001 elapsed  0 system 0.80 temp 102.9 hbonds, Rg 115.3 A, potential   -45.82
  6701 / 100001 elapsed  2 system 0.80 temp 100.7 hbonds, Rg 116.1 A, potential   -53.06
  6701 / 100001 elapsed  1 system 0.80 temp 103.0 hbonds, Rg 117.2 A, potential   -22.65
  6701 / 100001 elapsed  3 system 0.80 temp  99.0 hbonds, Rg 119.0 A, potential   -33.39
  6701 / 100001 elapsed  0 system 0.80 temp 101.4 hbonds, Rg 116.6 A, potential   -35.28
  6801 / 100001 elapsed  2 system 0.80 temp 104.1 hbonds, Rg 115.5 A, potential   -61.28
  6801 / 100001 elapsed  1 system 0.80 temp  99.9 hbonds, Rg 116.8 A, potential   -40.37
  6801 / 100001 elapsed  3 system 0.80 temp 102.3 hbonds, Rg 118.6 A, potential   -64.80
  6801 / 100001 elapsed  0 system 0.80 temp 102.9 hbonds, Rg 116.3 A, potential   -57.55
  6901 / 100001 elapsed  2 system 0.80 temp  99.0 hbonds, Rg 115.6 A, potential   -45.52
  6901 / 100001 elapsed  1 system 0.80 temp  98.2 hbonds, Rg 116.5 A, potential   -22.79
  6901 / 100001 elapsed  3 system 0.80 temp  92.8 hbonds, Rg 118.9 A, potential    -2.78
  6901 / 100001 elapsed  0 system 0.80 temp 104.0 hbonds, Rg 116.0 A, potential   -52.84
  7001 / 100001 elapsed  2 system 0.80 temp 102.9 hbonds, Rg 117.0 A, potential   -42.34
  7001 / 100001 elapsed  1 system 0.80 temp 101.3 hbonds, Rg 116.6 A, potential   -14.13
  7001 / 100001 elapsed  3 system 0.80 temp 104.7 hbonds, Rg 117.9 A, potential   -39.24
  7001 / 100001 elapsed  0 system 0.80 temp 103.5 hbonds, Rg 117.0 A, potential   -58.76
  7101 / 100001 elapsed  2 system 0.80 temp  97.0 hbonds, Rg 116.3 A, potential   -12.66
  7101 / 100001 elapsed  1 system 0.80 temp 103.3 hbonds, Rg 115.3 A, potential    13.59
  7101 / 100001 elapsed  3 system 0.80 temp 103.4 hbonds, Rg 116.4 A, potential     2.84
  7101 / 100001 elapsed  0 system 0.80 temp  97.6 hbonds, Rg 116.6 A, potential   -10.39
  7201 / 100001 elapsed  2 system 0.80 temp  96.5 hbonds, Rg 115.8 A, potential     2.98
  7201 / 100001 elapsed  1 system 0.80 temp 102.4 hbonds, Rg 116.9 A, potential   -30.55
  7201 / 100001 elapsed  3 system 0.80 temp 103.9 hbonds, Rg 119.1 A, potential   -13.51
  7201 / 100001 elapsed  0 system 0.80 temp  97.3 hbonds, Rg 116.3 A, potential   -36.03
  7301 / 100001 elapsed  2 system 0.80 temp  97.2 hbonds, Rg 114.6 A, potential    -4.76
  7301 / 100001 elapsed  1 system 0.80 temp  96.2 hbonds, Rg 116.5 A, potential    11.74
  7301 / 100001 elapsed  3 system 0.80 temp 105.9 hbonds, Rg 119.7 A, potential   -33.03
  7301 / 100001 elapsed  0 system 0.80 temp 101.9 hbonds, Rg 116.1 A, potential   -41.69
  7401 / 100001 elapsed  2 system 0.80 temp 101.3 hbonds, Rg 111.7 A, potential   -32.03
  7401 / 100001 elapsed  1 system 0.80 temp  98.8 hbonds, Rg 117.2 A, potential   -31.69
  7401 / 100001 elapsed  3 system 0.80 temp 101.5 hbonds, Rg 119.7 A, potential   -35.42
  7401 / 100001 elapsed  0 system 0.80 temp 101.6 hbonds, Rg 115.8 A, potential   -28.10
  7501 / 100001 elapsed  2 system 0.80 temp  99.2 hbonds, Rg 112.2 A, potential     8.11
  7501 / 100001 elapsed  1 system 0.80 temp  98.4 hbonds, Rg 115.8 A, potential   -44.86
  7501 / 100001 elapsed  3 system 0.80 temp 106.0 hbonds, Rg 122.4 A, potential   -53.74
  7501 / 100001 elapsed  0 system 0.80 temp 100.4 hbonds, Rg 112.6 A, potential   -35.72
  7601 / 100001 elapsed  2 system 0.80 temp 100.8 hbonds, Rg 116.3 A, potential   -22.20
  7601 / 100001 elapsed  1 system 0.80 temp  96.0 hbonds, Rg 116.0 A, potential   -51.23
  7601 / 100001 elapsed  3 system 0.80 temp 101.0 hbonds, Rg 123.9 A, potential   -38.76
  7601 / 100001 elapsed  0 system 0.80 temp 103.6 hbonds, Rg 112.1 A, potential   -18.70
  7701 / 100001 elapsed  2 system 0.80 temp  99.9 hbonds, Rg 116.5 A, potential   -26.03
  7701 / 100001 elapsed  1 system 0.80 temp 101.0 hbonds, Rg 116.6 A, potential   -42.69
  7701 / 100001 elapsed  3 system 0.80 temp 108.5 hbonds, Rg 123.8 A, potential   -72.29
  7701 / 100001 elapsed  0 system 0.80 temp 101.5 hbonds, Rg 113.6 A, potential   -12.73
  7801 / 100001 elapsed  2 system 0.80 temp 102.3 hbonds, Rg 117.5 A, potential   -36.24
  7801 / 100001 elapsed  1 system 0.80 temp  98.9 hbonds, Rg 116.8 A, potential   -10.25
  7801 / 100001 elapsed  3 system 0.80 temp  97.3 hbonds, Rg 125.9 A, potential   -41.96
  7801 / 100001 elapsed  0 system 0.80 temp 101.3 hbonds, Rg 112.4 A, potential   -63.21
  7901 / 100001 elapsed  2 system 0.80 temp 106.2 hbonds, Rg 120.5 A, potential   -31.86
  7901 / 100001 elapsed  1 system 0.80 temp 101.2 hbonds, Rg 118.0 A, potential   -37.22
  7901 / 100001 elapsed  3 system 0.80 temp  99.4 hbonds, Rg 126.1 A, potential   -15.01
  7901 / 100001 elapsed  0 system 0.80 temp 102.8 hbonds, Rg 113.1 A, potential   -22.52
  8001 / 100001 elapsed  2 system 0.80 temp 103.1 hbonds, Rg 122.0 A, potential   -41.48
  8001 / 100001 elapsed  1 system 0.80 temp  97.5 hbonds, Rg 117.0 A, potential   -49.58
  8001 / 100001 elapsed  3 system 0.80 temp 104.3 hbonds, Rg 125.0 A, potential   -42.67
  8001 / 100001 elapsed  0 system 0.80 temp 102.8 hbonds, Rg 112.5 A, potential   -51.57
  8101 / 100001 elapsed  2 system 0.80 temp 100.8 hbonds, Rg 120.6 A, potential   -23.75
  8101 / 100001 elapsed  1 system 0.80 temp  99.1 hbonds, Rg 118.5 A, potential   -34.75
  8101 / 100001 elapsed  3 system 0.80 temp 101.6 hbonds, Rg 123.3 A, potential   -39.63
  8101 / 100001 elapsed  0 system 0.80 temp 106.1 hbonds, Rg 113.3 A, potential   -76.07
  8201 / 100001 elapsed  2 system 0.80 temp 101.2 hbonds, Rg 120.7 A, potential   -43.63
  8201 / 100001 elapsed  1 system 0.80 temp 100.0 hbonds, Rg 118.4 A, potential   -45.53
  8201 / 100001 elapsed  3 system 0.80 temp 104.6 hbonds, Rg 125.2 A, potential   -33.02
  8201 / 100001 elapsed  0 system 0.80 temp 102.5 hbonds, Rg 111.4 A, potential   -22.38
  8301 / 100001 elapsed  2 system 0.80 temp  98.6 hbonds, Rg 120.1 A, potential   -42.59
  8301 / 100001 elapsed  1 system 0.80 temp 101.5 hbonds, Rg 120.0 A, potential   -48.52
  8301 / 100001 elapsed  3 system 0.80 temp 104.6 hbonds, Rg 125.5 A, potential   -16.68
  8301 / 100001 elapsed  0 system 0.80 temp  97.4 hbonds, Rg 112.4 A, potential     5.39
  8401 / 100001 elapsed  2 system 0.80 temp  99.2 hbonds, Rg 118.5 A, potential    -8.15
  8401 / 100001 elapsed  3 system 0.80 temp 104.0 hbonds, Rg 125.9 A, potential   -52.30
  8401 / 100001 elapsed  1 system 0.80 temp 100.3 hbonds, Rg 120.4 A, potential   -27.76
  8401 / 100001 elapsed  0 system 0.80 temp 104.2 hbonds, Rg 110.5 A, potential    -6.38
  8501 / 100001 elapsed  2 system 0.80 temp  96.0 hbonds, Rg 117.9 A, potential    11.38
  8501 / 100001 elapsed  3 system 0.80 temp 103.2 hbonds, Rg 125.2 A, potential   -46.23
  8501 / 100001 elapsed  1 system 0.80 temp  99.6 hbonds, Rg 119.7 A, potential   -18.11
  8501 / 100001 elapsed  0 system 0.80 temp 102.9 hbonds, Rg 113.5 A, potential   -45.15
  8601 / 100001 elapsed  2 system 0.80 temp 100.1 hbonds, Rg 120.3 A, potential   -27.82
  8601 / 100001 elapsed  3 system 0.80 temp 101.4 hbonds, Rg 124.8 A, potential   -35.57
  8601 / 100001 elapsed  1 system 0.80 temp 101.2 hbonds, Rg 120.1 A, potential   -44.52
  8601 / 100001 elapsed  0 system 0.80 temp 101.6 hbonds, Rg 113.1 A, potential   -22.11
  8701 / 100001 elapsed  2 system 0.80 temp 100.6 hbonds, Rg 119.3 A, potential   -61.77
  8701 / 100001 elapsed  3 system 0.80 temp 101.8 hbonds, Rg 124.5 A, potential   -14.61
  8701 / 100001 elapsed  1 system 0.80 temp  99.3 hbonds, Rg 118.7 A, potential    -1.88
  8701 / 100001 elapsed  0 system 0.80 temp  97.1 hbonds, Rg 113.7 A, potential   -12.58
  8801 / 100001 elapsed  2 system 0.80 temp 101.1 hbonds, Rg 118.1 A, potential   -31.29
  8801 / 100001 elapsed  3 system 0.80 temp 102.4 hbonds, Rg 125.2 A, potential   -48.13
  8801 / 100001 elapsed  1 system 0.80 temp 102.1 hbonds, Rg 118.7 A, potential   -41.52
  8801 / 100001 elapsed  0 system 0.80 temp  97.5 hbonds, Rg 117.0 A, potential   -41.08
  8901 / 100001 elapsed  2 system 0.80 temp  97.6 hbonds, Rg 119.7 A, potential   -22.94
  8901 / 100001 elapsed  3 system 0.80 temp 102.4 hbonds, Rg 125.2 A, potential   -15.01
  8901 / 100001 elapsed  1 system 0.80 temp 102.6 hbonds, Rg 119.1 A, potential    11.18
  8901 / 100001 elapsed  0 system 0.80 temp 101.6 hbonds, Rg 116.2 A, potential   -36.54
  9001 / 100001 elapsed  2 system 0.80 temp 101.1 hbonds, Rg 117.8 A, potential   -19.21
  9001 / 100001 elapsed  3 system 0.80 temp  99.0 hbonds, Rg 123.6 A, potential   -44.92
  9001 / 100001 elapsed  1 system 0.80 temp 103.1 hbonds, Rg 118.7 A, potential   -27.22
  9001 / 100001 elapsed  0 system 0.80 temp  97.3 hbonds, Rg 114.8 A, potential   -42.88
  9101 / 100001 elapsed  2 system 0.80 temp  97.0 hbonds, Rg 118.8 A, potential   -15.08
  9101 / 100001 elapsed  1 system 0.80 temp  97.0 hbonds, Rg 118.8 A, potential   -22.97
  9101 / 100001 elapsed  3 system 0.80 temp 103.6 hbonds, Rg 124.0 A, potential   -45.84
  9101 / 100001 elapsed  0 system 0.80 temp 100.5 hbonds, Rg 116.9 A, potential    -9.25
  9201 / 100001 elapsed  2 system 0.80 temp  99.8 hbonds, Rg 118.9 A, potential   -53.42
  9201 / 100001 elapsed  3 system 0.80 temp 104.6 hbonds, Rg 126.6 A, potential   -58.55
  9201 / 100001 elapsed  1 system 0.80 temp  96.1 hbonds, Rg 119.4 A, potential   -20.79
  9201 / 100001 elapsed  0 system 0.80 temp 103.1 hbonds, Rg 116.8 A, potential   -55.24
  9301 / 100001 elapsed  2 system 0.80 temp 106.9 hbonds, Rg 118.1 A, potential   -46.73
  9301 / 100001 elapsed  3 system 0.80 temp 100.7 hbonds, Rg 126.5 A, potential   -47.89
  9301 / 100001 elapsed  1 system 0.80 temp  98.1 hbonds, Rg 119.0 A, potential   -25.21
  9301 / 100001 elapsed  0 system 0.80 temp  98.2 hbonds, Rg 118.8 A, potential    -1.98
  9401 / 100001 elapsed  2 system 0.80 temp 105.6 hbonds, Rg 118.9 A, potential   -49.35
  9401 / 100001 elapsed  3 system 0.80 temp 104.4 hbonds, Rg 127.4 A, potential   -43.71
  9401 / 100001 elapsed  1 system 0.80 temp 106.1 hbonds, Rg 118.4 A, potential   -39.82
  9401 / 100001 elapsed  0 system 0.80 temp 101.0 hbonds, Rg 120.9 A, potential   -32.65
  9501 / 100001 elapsed  2 system 0.80 temp  95.8 hbonds, Rg 118.3 A, potential    -8.73
  9501 / 100001 elapsed  3 system 0.80 temp 100.4 hbonds, Rg 128.5 A, potential   -32.22
  9501 / 100001 elapsed  1 system 0.80 temp 104.1 hbonds, Rg 117.5 A, potential   -52.92
  9501 / 100001 elapsed  0 system 0.80 temp 100.1 hbonds, Rg 118.8 A, potential   -48.17
  9601 / 100001 elapsed  2 system 0.80 temp  99.7 hbonds, Rg 119.3 A, potential   -15.29
  9601 / 100001 elapsed  1 system 0.80 temp 102.3 hbonds, Rg 116.9 A, potential   -33.82
  9601 / 100001 elapsed  3 system 0.80 temp 108.5 hbonds, Rg 128.6 A, potential   -61.96
  9601 / 100001 elapsed  0 system 0.80 temp 100.5 hbonds, Rg 119.0 A, potential   -53.49
  9701 / 100001 elapsed  2 system 0.80 temp 104.1 hbonds, Rg 117.7 A, potential   -49.54
  9701 / 100001 elapsed  1 system 0.80 temp 103.7 hbonds, Rg 117.2 A, potential   -52.94
  9701 / 100001 elapsed  3 system 0.80 temp 101.3 hbonds, Rg 128.3 A, potential   -50.32
  9701 / 100001 elapsed  0 system 0.80 temp 104.4 hbonds, Rg 116.0 A, potential   -77.60
  9801 / 100001 elapsed  2 system 0.80 temp 103.3 hbonds, Rg 117.4 A, potential   -61.70
  9801 / 100001 elapsed  1 system 0.80 temp  96.4 hbonds, Rg 115.7 A, potential    -8.07
  9801 / 100001 elapsed  3 system 0.80 temp 100.0 hbonds, Rg 127.0 A, potential   -43.13
  9801 / 100001 elapsed  0 system 0.80 temp 102.3 hbonds, Rg 116.5 A, potential   -33.06
  9901 / 100001 elapsed  2 system 0.80 temp 103.5 hbonds, Rg 119.2 A, potential   -37.29
  9901 / 100001 elapsed  1 system 0.80 temp  99.9 hbonds, Rg 116.3 A, potential   -48.64
  9901 / 100001 elapsed  3 system 0.80 temp 104.1 hbonds, Rg 126.5 A, potential   -47.38
  9901 / 100001 elapsed  0 system 0.80 temp 101.0 hbonds, Rg 115.5 A, potential   -47.50
 10001 / 100001 elapsed  2 system 0.80 temp 102.8 hbonds, Rg 119.7 A, potential   -29.93
 10001 / 100001 elapsed  1 system 0.80 temp 101.1 hbonds, Rg 114.8 A, potential   -41.97
 10001 / 100001 elapsed  3 system 0.80 temp  97.1 hbonds, Rg 127.3 A, potential   -10.64
 10001 / 100001 elapsed  0 system 0.80 temp 105.2 hbonds, Rg 117.6 A, potential   -67.27
 10101 / 100001 elapsed  2 system 0.80 temp 107.7 hbonds, Rg 119.7 A, potential   -42.22
 10101 / 100001 elapsed  1 system 0.80 temp  98.1 hbonds, Rg 119.5 A, potential   -40.37
 10101 / 100001 elapsed  3 system 0.80 temp 106.8 hbonds, Rg 128.2 A, potential   -52.69
 10101 / 100001 elapsed  0 system 0.80 temp 101.6 hbonds, Rg 117.5 A, potential   -29.78
 10201 / 100001 elapsed  2 system 0.80 temp 108.4 hbonds, Rg 119.6 A, potential   -56.05
 10201 / 100001 elapsed  1 system 0.80 temp  98.0 hbonds, Rg 117.0 A, potential    -4.67
 10201 / 100001 elapsed  3 system 0.80 temp  95.2 hbonds, Rg 127.9 A, potential   -24.10
 10201 / 100001 elapsed  0 system 0.80 temp 103.8 hbonds, Rg 117.3 A, potential   -13.92
 10301 / 100001 elapsed  2 system 0.80 temp 105.3 hbonds, Rg 119.1 A, potential   -39.00
 10301 / 100001 elapsed  1 system 0.80 temp  96.6 hbonds, Rg 117.5 A, potential    -8.03
 10301 / 100001 elapsed  3 system 0.80 temp 100.7 hbonds, Rg 127.6 A, potential   -59.17
 10301 / 100001 elapsed  0 system 0.80 temp 105.9 hbonds, Rg 115.1 A, potential   -21.81
 10401 / 100001 elapsed  2 system 0.80 temp 102.3 hbonds, Rg 120.4 A, potential    12.29
 10401 / 100001 elapsed  1 system 0.80 temp  98.1 hbonds, Rg 117.0 A, potential   -23.80
 10401 / 100001 elapsed  3 system 0.80 temp 104.5 hbonds, Rg 127.8 A, potential   -43.66
 10401 / 100001 elapsed  0 system 0.80 temp 103.6 hbonds, Rg 116.1 A, potential   -11.28
 10501 / 100001 elapsed  2 system 0.80 temp 102.6 hbonds, Rg 119.2 A, potential   -46.69
 10501 / 100001 elapsed  1 system 0.80 temp 101.2 hbonds, Rg 119.9 A, potential   -16.00
 10501 / 100001 elapsed  3 system 0.80 temp 102.4 hbonds, Rg 129.1 A, potential   -21.11
 10501 / 100001 elapsed  0 system 0.80 temp 107.7 hbonds, Rg 117.5 A, potential   -58.82
 10601 / 100001 elapsed  2 system 0.80 temp 100.1 hbonds, Rg 121.9 A, potential   -38.98
 10601 / 100001 elapsed  1 system 0.80 temp  98.5 hbonds, Rg 120.7 A, potential   -36.00
 10601 / 100001 elapsed  3 system 0.80 temp 104.6 hbonds, Rg 129.2 A, potential   -49.02
 10601 / 100001 elapsed  0 system 0.80 temp  98.1 hbonds, Rg 116.7 A, potential     7.94
 10701 / 100001 elapsed  2 system 0.80 temp 102.0 hbonds, Rg 122.1 A, potential   -43.11
 10701 / 100001 elapsed  1 system 0.80 temp 104.1 hbonds, Rg 121.5 A, potential   -50.59
 10701 / 100001 elapsed  3 system 0.80 temp 100.6 hbonds, Rg 129.7 A, potential   -22.75
 10701 / 100001 elapsed  0 system 0.80 temp 100.5 hbonds, Rg 117.5 A, potential   -36.43
 10801 / 100001 elapsed  2 system 0.80 temp 104.1 hbonds, Rg 121.2 A, potential   -44.82
 10801 / 100001 elapsed  1 system 0.80 temp  99.2 hbonds, Rg 119.9 A, potential   -32.17
 10801 / 100001 elapsed  3 system 0.80 temp  97.8 hbonds, Rg 129.1 A, potential   -36.89
 10801 / 100001 elapsed  0 system 0.80 temp  99.5 hbonds, Rg 118.4 A, potential   -20.14
 10901 / 100001 elapsed  2 system 0.80 temp 102.9 hbonds, Rg 120.9 A, potential   -29.94
 10901 / 100001 elapsed  1 system 0.80 temp  98.4 hbonds, Rg 121.9 A, potential   -16.55
 10901 / 100001 elapsed  3 system 0.80 temp 101.8 hbonds, Rg 125.7 A, potential   -44.60
 10901 / 100001 elapsed  0 system 0.80 temp 103.0 hbonds, Rg 118.4 A, potential   -40.22
 11001 / 100001 elapsed  2 system 0.80 temp 104.7 hbonds, Rg 122.1 A, potential   -25.27
 11001 / 100001 elapsed  1 system 0.80 temp  98.5 hbonds, Rg 121.1 A, potential   -41.62
 11001 / 100001 elapsed  3 system 0.80 temp 104.2 hbonds, Rg 127.9 A, potential   -26.65
 11001 / 100001 elapsed  0 system 0.80 temp  97.9 hbonds, Rg 118.0 A, potential   -41.89
 11101 / 100001 elapsed  2 system 0.80 temp 106.8 hbonds, Rg 123.1 A, potential   -37.80
 11101 / 100001 elapsed  1 system 0.80 temp 102.8 hbonds, Rg 122.9 A, potential   -44.22
 11101 / 100001 elapsed  3 system 0.80 temp 105.3 hbonds, Rg 130.1 A, potential   -46.42
 11101 / 100001 elapsed  0 system 0.80 temp 101.4 hbonds, Rg 118.9 A, potential   -62.38
 11201 / 100001 elapsed  2 system 0.80 temp 100.3 hbonds, Rg 122.6 A, potential   -12.86
 11201 / 100001 elapsed  1 system 0.80 temp  98.1 hbonds, Rg 120.7 A, potential   -16.79
 11201 / 100001 elapsed  3 system 0.80 temp 104.6 hbonds, Rg 130.8 A, potential   -72.41
 11201 / 100001 elapsed  0 system 0.80 temp  97.9 hbonds, Rg 118.3 A, potential   -13.64
 11301 / 100001 elapsed  2 system 0.80 temp 105.5 hbonds, Rg 121.4 A, potential   -61.77
 11301 / 100001 elapsed  1 system 0.80 temp 102.2 hbonds, Rg 119.1 A, potential   -29.79
 11301 / 100001 elapsed  3 system 0.80 temp 104.3 hbonds, Rg 132.6 A, potential   -50.10
 11301 / 100001 elapsed  0 system 0.80 temp  99.4 hbonds, Rg 117.8 A, potential   -45.63
 11401 / 100001 elapsed  2 system 0.80 temp 103.7 hbonds, Rg 122.8 A, potential   -32.29
 11401 / 100001 elapsed  1 system 0.80 temp 103.2 hbonds, Rg 119.0 A, potential   -41.67
 11401 / 100001 elapsed  3 system 0.80 temp 105.6 hbonds, Rg 133.2 A, potential   -84.64
 11401 / 100001 elapsed  0 system 0.80 temp  92.9 hbonds, Rg 118.4 A, potential   -35.72
 11501 / 100001 elapsed  2 system 0.80 temp 104.6 hbonds, Rg 123.9 A, potential   -42.38
 11501 / 100001 elapsed  1 system 0.80 temp 103.8 hbonds, Rg 119.9 A, potential   -41.65
 11501 / 100001 elapsed  3 system 0.80 temp 103.6 hbonds, Rg 134.2 A, potential   -44.80
 11501 / 100001 elapsed  0 system 0.80 temp  99.6 hbonds, Rg 119.9 A, potential   -36.46
 11601 / 100001 elapsed  2 system 0.80 temp  96.0 hbonds, Rg 125.6 A, potential   -58.06
 11601 / 100001 elapsed  1 system 0.80 temp  99.5 hbonds, Rg 119.1 A, potential   -41.96
 11601 / 100001 elapsed  3 system 0.80 temp 102.5 hbonds, Rg 135.1 A, potential   -36.13
 11601 / 100001 elapsed  0 system 0.80 temp  98.8 hbonds, Rg 121.9 A, potential   -48.83
 11701 / 100001 elapsed  2 system 0.80 temp 101.0 hbonds, Rg 125.5 A, potential   -43.23
 11701 / 100001 elapsed  1 system 0.80 temp 100.5 hbonds, Rg 118.4 A, potential   -30.34
 11701 / 100001 elapsed  3 system 0.80 temp 100.3 hbonds, Rg 134.3 A, potential   -23.91
 11701 / 100001 elapsed  0 system 0.80 temp  95.8 hbonds, Rg 122.4 A, potential   -20.94
 11801 / 100001 elapsed  2 system 0.80 temp 102.5 hbonds, Rg 128.1 A, potential   -50.45
 11801 / 100001 elapsed  1 system 0.80 temp  99.4 hbonds, Rg 118.5 A, potential    -9.22
 11801 / 100001 elapsed  3 system 0.80 temp 100.7 hbonds, Rg 136.3 A, potential   -51.58
 11801 / 100001 elapsed  0 system 0.80 temp  99.3 hbonds, Rg 122.0 A, potential    -2.57
 11901 / 100001 elapsed  2 system 0.80 temp 102.1 hbonds, Rg 127.2 A, potential   -35.28
 11901 / 100001 elapsed  1 system 0.80 temp 101.9 hbonds, Rg 120.3 A, potential   -40.07
 11901 / 100001 elapsed  3 system 0.80 temp 102.2 hbonds, Rg 136.0 A, potential   -35.07
 12001 / 100001 elapsed  2 system 0.80 temp 102.6 hbonds, Rg 126.4 A, potential   -43.97
 11901 / 100001 elapsed  0 system 0.80 temp  97.4 hbonds, Rg 121.9 A, potential   -21.36
 12001 / 100001 elapsed  1 system 0.80 temp 101.6 hbonds, Rg 121.0 A, potential    -3.56
 12001 / 100001 elapsed  3 system 0.80 temp 101.5 hbonds, Rg 136.3 A, potential   -47.64
 12101 / 100001 elapsed  2 system 0.80 temp  94.8 hbonds, Rg 126.2 A, potential    -1.96
 12001 / 100001 elapsed  0 system 0.80 temp  96.4 hbonds, Rg 122.7 A, potential    -3.53
 12101 / 100001 elapsed  1 system 0.80 temp  99.7 hbonds, Rg 121.0 A, potential   -53.30
 12101 / 100001 elapsed  3 system 0.80 temp  98.8 hbonds, Rg 136.6 A, potential   -44.80
 12201 / 100001 elapsed  2 system 0.80 temp  96.7 hbonds, Rg 125.0 A, potential    -5.17
 12101 / 100001 elapsed  0 system 0.80 temp 100.1 hbonds, Rg 121.4 A, potential   -18.56
 12201 / 100001 elapsed  1 system 0.80 temp 102.5 hbonds, Rg 121.3 A, potential   -61.91
 12201 / 100001 elapsed  3 system 0.80 temp 101.5 hbonds, Rg 135.9 A, potential   -27.26
 12301 / 100001 elapsed  2 system 0.80 temp  96.7 hbonds, Rg 129.0 A, potential   -26.10
 12201 / 100001 elapsed  0 system 0.80 temp 100.4 hbonds, Rg 122.2 A, potential   -57.05
 12301 / 100001 elapsed  1 system 0.80 temp  96.1 hbonds, Rg 121.3 A, potential   -27.97
 12301 / 100001 elapsed  3 system 0.80 temp 103.4 hbonds, Rg 135.9 A, potential   -41.72
 12401 / 100001 elapsed  2 system 0.80 temp  95.0 hbonds, Rg 126.7 A, potential   -14.12
 12301 / 100001 elapsed  0 system 0.80 temp 101.6 hbonds, Rg 120.5 A, potential   -47.67
 12401 / 100001 elapsed  1 system 0.80 temp  99.0 hbonds, Rg 120.6 A, potential   -44.31
 12401 / 100001 elapsed  3 system 0.80 temp 102.4 hbonds, Rg 135.0 A, potential   -32.00
 12501 / 100001 elapsed  2 system 0.80 temp  99.9 hbonds, Rg 127.4 A, potential   -11.44
 12401 / 100001 elapsed  0 system 0.80 temp  99.7 hbonds, Rg 119.1 A, potential   -26.87
 12501 / 100001 elapsed  1 system 0.80 temp 104.5 hbonds, Rg 120.5 A, potential   -67.33
 12501 / 100001 elapsed  3 system 0.80 temp  98.3 hbonds, Rg 136.9 A, potential   -13.29
 12601 / 100001 elapsed  2 system 0.80 temp 101.5 hbonds, Rg 127.3 A, potential   -28.56
 12501 / 100001 elapsed  0 system 0.80 temp 104.4 hbonds, Rg 120.2 A, potential   -48.49
 12601 / 100001 elapsed  1 system 0.80 temp 102.4 hbonds, Rg 118.8 A, potential    -2.07
 12601 / 100001 elapsed  3 system 0.80 temp 103.2 hbonds, Rg 134.7 A, potential   -54.54
 12601 / 100001 elapsed  0 system 0.80 temp 104.1 hbonds, Rg 119.7 A, potential   -48.89
 12701 / 100001 elapsed  2 system 0.80 temp 101.0 hbonds, Rg 126.5 A, potential   -40.47
 12701 / 100001 elapsed  1 system 0.80 temp  97.8 hbonds, Rg 117.5 A, potential   -20.59
 12701 / 100001 elapsed  3 system 0.80 temp 103.2 hbonds, Rg 133.4 A, potential   -20.54
 12801 / 100001 elapsed  2 system 0.80 temp  99.2 hbonds, Rg 125.8 A, potential   -53.36
 12701 / 100001 elapsed  0 system 0.80 temp 105.1 hbonds, Rg 118.7 A, potential   -42.25
 12801 / 100001 elapsed  1 system 0.80 temp  96.5 hbonds, Rg 114.4 A, potential   -14.32
 12801 / 100001 elapsed  3 system 0.80 temp 101.3 hbonds, Rg 133.9 A, potential   -40.97
 12901 / 100001 elapsed  2 system 0.80 temp  96.2 hbonds, Rg 128.5 A, potential    -0.63
 12801 / 100001 elapsed  0 system 0.80 temp  99.2 hbonds, Rg 119.3 A, potential   -49.11
 12901 / 100001 elapsed  1 system 0.80 temp 101.2 hbonds, Rg 113.6 A, potential   -49.58
 12901 / 100001 elapsed  3 system 0.80 temp 101.7 hbonds, Rg 133.1 A, potential   -33.27
 13001 / 100001 elapsed  2 system 0.80 temp  98.0 hbonds, Rg 127.0 A, potential   -39.80
 12901 / 100001 elapsed  0 system 0.80 temp 102.5 hbonds, Rg 119.4 A, potential   -60.19
 13001 / 100001 elapsed  1 system 0.80 temp 101.9 hbonds, Rg 113.1 A, potential   -12.49
 13001 / 100001 elapsed  3 system 0.80 temp  95.0 hbonds, Rg 132.0 A, potential   -48.91
 13101 / 100001 elapsed  2 system 0.80 temp  95.0 hbonds, Rg 122.8 A, potential   -29.94
 13001 / 100001 elapsed  0 system 0.80 temp 105.5 hbonds, Rg 119.5 A, potential   -19.13
 13101 / 100001 elapsed  1 system 0.80 temp 101.4 hbonds, Rg 113.0 A, potential   -72.47
 13101 / 100001 elapsed  3 system 0.80 temp 101.6 hbonds, Rg 130.2 A, potential   -22.21
 13201 / 100001 elapsed  2 system 0.80 temp 102.8 hbonds, Rg 124.0 A, potential   -55.15
 13101 / 100001 elapsed  0 system 0.80 temp 104.0 hbonds, Rg 119.8 A, potential   -40.72
 13201 / 100001 elapsed  1 system 0.80 temp 101.7 hbonds, Rg 113.0 A, potential   -15.12
 13201 / 100001 elapsed  3 system 0.80 temp 104.3 hbonds, Rg 129.9 A, potential   -47.72
 13301 / 100001 elapsed  2 system 0.80 temp 103.0 hbonds, Rg 121.0 A, potential   -25.12
 13201 / 100001 elapsed  0 system 0.80 temp 104.5 hbonds, Rg 119.9 A, potential   -45.09
 13301 / 100001 elapsed  1 system 0.80 temp  98.8 hbonds, Rg 113.6 A, potential   -36.05
 13301 / 100001 elapsed  3 system 0.80 temp 104.1 hbonds, Rg 131.4 A, potential   -60.34
 13401 / 100001 elapsed  2 system 0.80 temp 107.8 hbonds, Rg 119.9 A, potential   -18.67
 13301 / 100001 elapsed  0 system 0.80 temp 103.0 hbonds, Rg 120.7 A, potential   -32.87
 13401 / 100001 elapsed  1 system 0.80 temp  98.5 hbonds, Rg 115.6 A, potential   -16.24
 13401 / 100001 elapsed  3 system 0.80 temp 102.8 hbonds, Rg 131.7 A, potential   -33.01
 13501 / 100001 elapsed  2 system 0.80 temp 102.6 hbonds, Rg 120.8 A, potential   -26.55
 13401 / 100001 elapsed  0 system 0.80 temp 105.0 hbonds, Rg 122.7 A, potential   -35.27
 13501 / 100001 elapsed  1 system 0.80 temp 101.4 hbonds, Rg 114.4 A, potential    -2.57
 13501 / 100001 elapsed  3 system 0.80 temp 104.6 hbonds, Rg 128.9 A, potential   -28.53
 13601 / 100001 elapsed  2 system 0.80 temp 103.1 hbonds, Rg 121.9 A, potential   -35.65
 13501 / 100001 elapsed  0 system 0.80 temp 103.8 hbonds, Rg 123.2 A, potential   -61.68
 13601 / 100001 elapsed  1 system 0.80 temp  99.7 hbonds, Rg 114.8 A, potential     4.75
 13701 / 100001 elapsed  2 system 0.80 temp 103.0 hbonds, Rg 120.8 A, potential   -58.44
 13601 / 100001 elapsed  3 system 0.80 temp 101.9 hbonds, Rg 130.8 A, potential   -42.23
 13601 / 100001 elapsed  0 system 0.80 temp 108.5 hbonds, Rg 122.9 A, potential   -79.12
 13701 / 100001 elapsed  1 system 0.80 temp 104.3 hbonds, Rg 115.1 A, potential   -26.96
 13801 / 100001 elapsed  2 system 0.80 temp 103.2 hbonds, Rg 123.8 A, potential   -64.82
 13701 / 100001 elapsed  3 system 0.80 temp 101.1 hbonds, Rg 128.4 A, potential   -32.64
 13701 / 100001 elapsed  0 system 0.80 temp 101.8 hbonds, Rg 123.6 A, potential   -45.99
 13801 / 100001 elapsed  1 system 0.80 temp 103.3 hbonds, Rg 114.4 A, potential   -39.01
 13901 / 100001 elapsed  2 system 0.80 temp 106.4 hbonds, Rg 122.7 A, potential   -25.83
 13801 / 100001 elapsed  3 system 0.80 temp  99.4 hbonds, Rg 129.2 A, potential     0.27
 13801 / 100001 elapsed  0 system 0.80 temp 101.8 hbonds, Rg 123.1 A, potential   -33.80
 13901 / 100001 elapsed  1 system 0.80 temp  97.1 hbonds, Rg 115.4 A, potential   -20.67
 14001 / 100001 elapsed  2 system 0.80 temp 104.2 hbonds, Rg 122.6 A, potential   -50.87
 13901 / 100001 elapsed  0 system 0.80 temp 102.3 hbonds, Rg 123.9 A, potential   -41.10
 13901 / 100001 elapsed  3 system 0.80 temp 108.6 hbonds, Rg 129.2 A, potential   -36.65
 14001 / 100001 elapsed  1 system 0.80 temp  98.7 hbonds, Rg 114.3 A, potential   -35.88
 14101 / 100001 elapsed  2 system 0.80 temp 103.1 hbonds, Rg 123.9 A, potential   -43.91
 14001 / 100001 elapsed  0 system 0.80 temp 104.0 hbonds, Rg 122.0 A, potential   -25.20
 14001 / 100001 elapsed  3 system 0.80 temp 103.5 hbonds, Rg 128.4 A, potential   -55.38
 14101 / 100001 elapsed  1 system 0.80 temp  95.4 hbonds, Rg 113.9 A, potential   -11.81
 14201 / 100001 elapsed  2 system 0.80 temp 106.9 hbonds, Rg 124.5 A, potential   -36.44
 14101 / 100001 elapsed  0 system 0.80 temp 107.8 hbonds, Rg 123.2 A, potential   -44.59
 14101 / 100001 elapsed  3 system 0.80 temp 103.1 hbonds, Rg 127.2 A, potential   -35.44
 14201 / 100001 elapsed  1 system 0.80 temp 103.3 hbonds, Rg 112.8 A, potential   -75.03
 14301 / 100001 elapsed  2 system 0.80 temp 105.2 hbonds, Rg 125.2 A, potential   -38.77
 14201 / 100001 elapsed  0 system 0.80 temp 109.6 hbonds, Rg 123.5 A, potential   -63.41
 14201 / 100001 elapsed  3 system 0.80 temp 103.4 hbonds, Rg 126.3 A, potential   -47.55
 14301 / 100001 elapsed  1 system 0.80 temp  97.1 hbonds, Rg 112.3 A, potential    -8.43
 14401 / 100001 elapsed  2 system 0.80 temp 105.3 hbonds, Rg 127.0 A, potential   -56.86
 14301 / 100001 elapsed  0 system 0.80 temp 110.3 hbonds, Rg 124.0 A, potential   -26.04
 14301 / 100001 elapsed  3 system 0.80 temp  99.3 hbonds, Rg 127.5 A, potential     8.78
 14401 / 100001 elapsed  1 system 0.80 temp  97.3 hbonds, Rg 113.0 A, potential   -19.11
 14501 / 100001 elapsed  2 system 0.80 temp 104.5 hbonds, Rg 127.3 A, potential   -60.38
 14401 / 100001 elapsed  0 system 0.80 temp 111.5 hbonds, Rg 123.3 A, potential   -45.54
 14401 / 100001 elapsed  3 system 0.80 temp 101.2 hbonds, Rg 128.2 A, potential   -40.84
 14501 / 100001 elapsed  1 system 0.80 temp 100.0 hbonds, Rg 114.5 A, potential   -39.49
 14601 / 100001 elapsed  2 system 0.80 temp  97.7 hbonds, Rg 129.0 A, potential   -42.98
 14501 / 100001 elapsed  0 system 0.80 temp 105.1 hbonds, Rg 123.5 A, potential   -26.02
 14501 / 100001 elapsed  3 system 0.80 temp 102.9 hbonds, Rg 128.6 A, potential   -76.57
 14601 / 100001 elapsed  1 system 0.80 temp 102.6 hbonds, Rg 115.1 A, potential    15.00
 14701 / 100001 elapsed  2 system 0.80 temp  99.9 hbonds, Rg 127.0 A, potential   -22.14
 14601 / 100001 elapsed  0 system 0.80 temp 108.5 hbonds, Rg 122.5 A, potential   -61.15
 14601 / 100001 elapsed  3 system 0.80 temp 101.9 hbonds, Rg 129.0 A, potential   -25.49
 14701 / 100001 elapsed  1 system 0.80 temp  96.5 hbonds, Rg 114.7 A, potential    -9.40
 14801 / 100001 elapsed  2 system 0.80 temp  98.1 hbonds, Rg 126.9 A, potential   -31.16
 14701 / 100001 elapsed  0 system 0.80 temp  98.7 hbonds, Rg 121.5 A, potential   -11.64
 14701 / 100001 elapsed  3 system 0.80 temp  99.2 hbonds, Rg 127.9 A, potential    -6.95
 14801 / 100001 elapsed  1 system 0.80 temp 101.7 hbonds, Rg 115.6 A, potential   -22.38
 14901 / 100001 elapsed  2 system 0.80 temp 104.3 hbonds, Rg 126.5 A, potential   -25.25
 14801 / 100001 elapsed  0 system 0.80 temp  98.0 hbonds, Rg 122.7 A, potential   -15.76
 14801 / 100001 elapsed  3 system 0.80 temp  98.6 hbonds, Rg 127.6 A, potential   -20.28
 14901 / 100001 elapsed  1 system 0.80 temp 100.4 hbonds, Rg 115.1 A, potential   -43.16
 15001 / 100001 elapsed  2 system 0.80 temp 102.2 hbonds, Rg 127.8 A, potential    -3.76
 14901 / 100001 elapsed  0 system 0.80 temp 102.2 hbonds, Rg 121.7 A, potential   -50.31
 14901 / 100001 elapsed  3 system 0.80 temp 102.3 hbonds, Rg 126.4 A, potential   -20.15
 15001 / 100001 elapsed  1 system 0.80 temp  99.4 hbonds, Rg 116.6 A, potential   -48.38
 15101 / 100001 elapsed  2 system 0.80 temp 107.2 hbonds, Rg 127.2 A, potential   -65.23
 15001 / 100001 elapsed  0 system 0.80 temp 103.1 hbonds, Rg 121.5 A, potential   -29.58
 15001 / 100001 elapsed  3 system 0.80 temp  98.1 hbonds, Rg 126.4 A, potential   -30.93
 15101 / 100001 elapsed  1 system 0.80 temp  94.0 hbonds, Rg 117.2 A, potential   -18.79
 15201 / 100001 elapsed  2 system 0.80 temp 100.6 hbonds, Rg 127.4 A, potential   -50.84
 15101 / 100001 elapsed  0 system 0.80 temp  98.7 hbonds, Rg 119.9 A, potential   -11.28
 15101 / 100001 elapsed  3 system 0.80 temp 103.4 hbonds, Rg 127.1 A, potential   -35.75
 15201 / 100001 elapsed  1 system 0.80 temp 101.2 hbonds, Rg 118.5 A, potential   -53.60
 15301 / 100001 elapsed  2 system 0.80 temp 101.2 hbonds, Rg 126.6 A, potential   -66.31
 15201 / 100001 elapsed  0 system 0.80 temp  99.5 hbonds, Rg 120.2 A, potential   -30.58
 15201 / 100001 elapsed  3 system 0.80 temp 103.1 hbonds, Rg 126.8 A, potential   -77.37
 15301 / 100001 elapsed  1 system 0.80 temp  97.5 hbonds, Rg 118.6 A, potential     9.01
 15401 / 100001 elapsed  2 system 0.80 temp 103.5 hbonds, Rg 125.1 A, potential   -34.74
 15301 / 100001 elapsed  0 system 0.80 temp 105.0 hbonds, Rg 120.5 A, potential   -18.72
 15301 / 100001 elapsed  3 system 0.80 temp  99.2 hbonds, Rg 128.3 A, potential   -34.06
 15401 / 100001 elapsed  1 system 0.80 temp  97.1 hbonds, Rg 118.4 A, potential     9.35
 15501 / 100001 elapsed  2 system 0.80 temp 101.6 hbonds, Rg 124.9 A, potential   -39.73
 15401 / 100001 elapsed  0 system 0.80 temp  96.2 hbonds, Rg 119.1 A, potential   -25.85
 15401 / 100001 elapsed  3 system 0.80 temp 102.4 hbonds, Rg 126.4 A, potential   -17.00
 15501 / 100001 elapsed  1 system 0.80 temp  98.4 hbonds, Rg 117.7 A, potential   -53.17
 15601 / 100001 elapsed  2 system 0.80 temp 107.1 hbonds, Rg 124.4 A, potential   -66.49
 15501 / 100001 elapsed  0 system 0.80 temp 106.6 hbonds, Rg 117.1 A, potential   -62.89
 15501 / 100001 elapsed  3 system 0.80 temp 100.6 hbonds, Rg 128.5 A, potential   -43.22
 15601 / 100001 elapsed  1 system 0.80 temp  94.3 hbonds, Rg 117.6 A, potential   -33.70
 15701 / 100001 elapsed  2 system 0.80 temp  96.8 hbonds, Rg 125.7 A, potential   -27.60
 15601 / 100001 elapsed  0 system 0.80 temp 103.2 hbonds, Rg 116.4 A, potential   -38.63
 15601 / 100001 elapsed  3 system 0.80 temp  99.5 hbonds, Rg 127.2 A, potential   -22.22
 15701 / 100001 elapsed  1 system 0.80 temp 103.1 hbonds, Rg 115.2 A, potential   -68.61
 15801 / 100001 elapsed  2 system 0.80 temp 104.9 hbonds, Rg 126.4 A, potential   -32.32
 15701 / 100001 elapsed  0 system 0.80 temp 102.1 hbonds, Rg 114.5 A, potential   -10.11
 15701 / 100001 elapsed  3 system 0.80 temp 104.0 hbonds, Rg 125.2 A, potential   -39.70
 15801 / 100001 elapsed  1 system 0.80 temp 101.4 hbonds, Rg 114.9 A, potential   -38.29
 15901 / 100001 elapsed  2 system 0.80 temp 103.2 hbonds, Rg 128.4 A, potential   -49.03
 15801 / 100001 elapsed  0 system 0.80 temp 100.5 hbonds, Rg 117.9 A, potential   -27.73
 15801 / 100001 elapsed  3 system 0.80 temp 104.5 hbonds, Rg 126.8 A, potential   -46.24
 15901 / 100001 elapsed  1 system 0.80 temp  98.4 hbonds, Rg 114.6 A, potential   -28.30
 16001 / 100001 elapsed  2 system 0.80 temp 103.6 hbonds, Rg 126.7 A, potential   -42.77
 15901 / 100001 elapsed  0 system 0.80 temp 103.9 hbonds, Rg 119.0 A, potential   -36.44
 15901 / 100001 elapsed  3 system 0.80 temp 104.1 hbonds, Rg 125.3 A, potential   -52.67
 16001 / 100001 elapsed  1 system 0.80 temp 101.8 hbonds, Rg 112.9 A, potential   -51.60
 16101 / 100001 elapsed  2 system 0.80 temp  98.0 hbonds, Rg 125.6 A, potential     5.33
 16001 / 100001 elapsed  0 system 0.80 temp 106.2 hbonds, Rg 119.1 A, potential   -35.06
 16001 / 100001 elapsed  3 system 0.80 temp 101.3 hbonds, Rg 125.2 A, potential    -9.78
 16101 / 100001 elapsed  1 system 0.80 temp 102.0 hbonds, Rg 112.9 A, potential   -40.43
 16201 / 100001 elapsed  2 system 0.80 temp 100.2 hbonds, Rg 125.2 A, potential   -49.43
 16101 / 100001 elapsed  0 system 0.80 temp 101.2 hbonds, Rg 120.9 A, potential   -74.26
 16201 / 100001 elapsed  1 system 0.80 temp 102.1 hbonds, Rg 113.4 A, potential   -46.42
 16101 / 100001 elapsed  3 system 0.80 temp 107.3 hbonds, Rg 125.3 A, potential   -42.87
 16301 / 100001 elapsed  2 system 0.80 temp 103.2 hbonds, Rg 126.1 A, potential   -51.32
 16201 / 100001 elapsed  0 system 0.80 temp 102.4 hbonds, Rg 121.5 A, potential   -30.80
 16301 / 100001 elapsed  1 system 0.80 temp  99.4 hbonds, Rg 112.6 A, potential   -64.47
 16201 / 100001 elapsed  3 system 0.80 temp 102.0 hbonds, Rg 126.0 A, potential   -38.11
 16401 / 100001 elapsed  2 system 0.80 temp 101.3 hbonds, Rg 126.8 A, potential   -41.77
 16301 / 100001 elapsed  0 system 0.80 temp 108.9 hbonds, Rg 119.7 A, potential   -64.85
 16401 / 100001 elapsed  1 system 0.80 temp 100.7 hbonds, Rg 113.7 A, potential   -26.03
 16301 / 100001 elapsed  3 system 0.80 temp 102.3 hbonds, Rg 126.2 A, potential   -21.44
 16501 / 100001 elapsed  2 system 0.80 temp  98.9 hbonds, Rg 127.7 A, potential   -33.42
 16401 / 100001 elapsed  0 system 0.80 temp 105.6 hbonds, Rg 119.4 A, potential   -64.27
 16501 / 100001 elapsed  1 system 0.80 temp  96.8 hbonds, Rg 112.2 A, potential    -7.06
 16401 / 100001 elapsed  3 system 0.80 temp 103.6 hbonds, Rg 128.1 A, potential   -38.25
 16601 / 100001 elapsed  2 system 0.80 temp  98.0 hbonds, Rg 126.0 A, potential     7.82
 16501 / 100001 elapsed  0 system 0.80 temp 101.5 hbonds, Rg 118.6 A, potential   -27.20
 16601 / 100001 elapsed  1 system 0.80 temp  96.5 hbonds, Rg 111.9 A, potential    -0.19
 16501 / 100001 elapsed  3 system 0.80 temp 104.6 hbonds, Rg 128.0 A, potential   -48.82
 16701 / 100001 elapsed  2 system 0.80 temp 102.1 hbonds, Rg 125.4 A, potential   -42.63
 16601 / 100001 elapsed  0 system 0.80 temp 105.1 hbonds, Rg 118.0 A, potential   -54.70
 16701 / 100001 elapsed  1 system 0.80 temp 100.0 hbonds, Rg 113.4 A, potential   -45.75
 16601 / 100001 elapsed  3 system 0.80 temp  98.4 hbonds, Rg 127.9 A, potential    -4.91
 16801 / 100001 elapsed  2 system 0.80 temp 103.5 hbonds, Rg 125.1 A, potential   -31.02
 16701 / 100001 elapsed  0 system 0.80 temp 100.8 hbonds, Rg 118.1 A, potential   -65.72
 16801 / 100001 elapsed  1 system 0.80 temp  98.1 hbonds, Rg 112.6 A, potential   -36.05
 16701 / 100001 elapsed  3 system 0.80 temp 104.2 hbonds, Rg 126.9 A, potential   -22.29
 16901 / 100001 elapsed  2 system 0.80 temp 107.5 hbonds, Rg 122.9 A, potential   -18.77
 16801 / 100001 elapsed  0 system 0.80 temp  96.2 hbonds, Rg 117.9 A, potential     6.26
 16901 / 100001 elapsed  1 system 0.80 temp 100.5 hbonds, Rg 114.7 A, potential   -44.18
 16801 / 100001 elapsed  3 system 0.80 temp  99.9 hbonds, Rg 126.4 A, potential   -25.66
 17001 / 100001 elapsed  2 system 0.80 temp 103.8 hbonds, Rg 123.6 A, potential    -0.60
 16901 / 100001 elapsed  0 system 0.80 temp 102.7 hbonds, Rg 118.5 A, potential   -24.96
 17001 / 100001 elapsed  1 system 0.80 temp 102.8 hbonds, Rg 114.1 A, potential   -31.79
 16901 / 100001 elapsed  3 system 0.80 temp 104.3 hbonds, Rg 127.8 A, potential   -56.20
 17101 / 100001 elapsed  2 system 0.80 temp  95.4 hbonds, Rg 120.8 A, potential   -27.93
 17001 / 100001 elapsed  0 system 0.80 temp  96.8 hbonds, Rg 119.4 A, potential     6.62
 17101 / 100001 elapsed  1 system 0.80 temp 102.5 hbonds, Rg 114.7 A, potential   -26.56
 17001 / 100001 elapsed  3 system 0.80 temp 102.4 hbonds, Rg 129.0 A, potential   -74.44
 17201 / 100001 elapsed  2 system 0.80 temp 101.6 hbonds, Rg 122.6 A, potential   -33.73
 17101 / 100001 elapsed  0 system 0.80 temp 102.4 hbonds, Rg 118.1 A, potential   -56.78
 17201 / 100001 elapsed  1 system 0.80 temp  97.0 hbonds, Rg 112.6 A, potential   -35.65
 17101 / 100001 elapsed  3 system 0.80 temp 108.8 hbonds, Rg 129.5 A, potential   -73.53
 17301 / 100001 elapsed  2 system 0.80 temp  97.5 hbonds, Rg 121.7 A, potential   -41.27
 17201 / 100001 elapsed  0 system 0.80 temp 102.4 hbonds, Rg 117.6 A, potential   -54.68
 17301 / 100001 elapsed  1 system 0.80 temp 100.3 hbonds, Rg 111.8 A, potential   -25.09
 17201 / 100001 elapsed  3 system 0.80 temp 107.4 hbonds, Rg 128.7 A, potential   -20.04
 17401 / 100001 elapsed  2 system 0.80 temp 105.1 hbonds, Rg 120.8 A, potential   -66.91
 17301 / 100001 elapsed  0 system 0.80 temp 103.4 hbonds, Rg 118.5 A, potential   -32.32
 17401 / 100001 elapsed  1 system 0.80 temp  99.8 hbonds, Rg 109.1 A, potential   -43.94
 17301 / 100001 elapsed  3 system 0.80 temp 104.9 hbonds, Rg 129.0 A, potential   -42.33
 17501 / 100001 elapsed  2 system 0.80 temp 102.8 hbonds, Rg 119.9 A, potential   -54.97
 17401 / 100001 elapsed  0 system 0.80 temp 105.4 hbonds, Rg 117.0 A, potential   -40.44
 17501 / 100001 elapsed  1 system 0.80 temp 104.2 hbonds, Rg 108.3 A, potential   -53.75
 17401 / 100001 elapsed  3 system 0.80 temp 103.1 hbonds, Rg 129.9 A, potential   -63.11
 17601 / 100001 elapsed  2 system 0.80 temp  96.0 hbonds, Rg 118.7 A, potential   -27.77
 17501 / 100001 elapsed  0 system 0.80 temp 116.5 hbonds, Rg 116.7 A, potential   -52.10
 17601 / 100001 elapsed  1 system 0.80 temp  98.3 hbonds, Rg 108.1 A, potential   -30.89
 17501 / 100001 elapsed  3 system 0.80 temp 107.2 hbonds, Rg 129.3 A, potential   -31.49
 17701 / 100001 elapsed  2 system 0.80 temp 104.5 hbonds, Rg 120.6 A, potential   -61.35
 17701 / 100001 elapsed  1 system 0.80 temp 104.1 hbonds, Rg 107.9 A, potential   -28.58
 17601 / 100001 elapsed  0 system 0.80 temp 107.7 hbonds, Rg 118.4 A, potential   -30.22
 17601 / 100001 elapsed  3 system 0.80 temp 107.1 hbonds, Rg 128.2 A, potential   -36.04
 17801 / 100001 elapsed  2 system 0.80 temp 104.9 hbonds, Rg 117.8 A, potential   -27.87
 17801 / 100001 elapsed  1 system 0.80 temp  98.5 hbonds, Rg 106.9 A, potential   -27.09
 17701 / 100001 elapsed  0 system 0.80 temp 104.0 hbonds, Rg 117.2 A, potential   -26.12
 17701 / 100001 elapsed  3 system 0.80 temp 101.0 hbonds, Rg 126.3 A, potential   -43.01
 17901 / 100001 elapsed  2 system 0.80 temp 102.9 hbonds, Rg 118.5 A, potential   -22.27
 17901 / 100001 elapsed  1 system 0.80 temp 101.8 hbonds, Rg 108.4 A, potential   -35.67
 17801 / 100001 elapsed  0 system 0.80 temp 106.4 hbonds, Rg 116.9 A, potential   -58.89
 17801 / 100001 elapsed  3 system 0.80 temp 105.0 hbonds, Rg 125.8 A, potential    -9.34
 18001 / 100001 elapsed  2 system 0.80 temp 100.7 hbonds, Rg 118.3 A, potential   -17.59
 18001 / 100001 elapsed  1 system 0.80 temp 102.5 hbonds, Rg 108.4 A, potential   -23.31
 17901 / 100001 elapsed  0 system 0.80 temp 106.4 hbonds, Rg 116.1 A, potential   -44.28
 17901 / 100001 elapsed  3 system 0.80 temp 109.9 hbonds, Rg 126.8 A, potential   -45.95
 18101 / 100001 elapsed  2 system 0.80 temp 105.2 hbonds, Rg 119.7 A, potential   -41.67
 18101 / 100001 elapsed  1 system 0.80 temp  98.6 hbonds, Rg 106.8 A, potential   -34.46
 18001 / 100001 elapsed  0 system 0.80 temp 111.6 hbonds, Rg 117.2 A, potential   -80.61
 18001 / 100001 elapsed  3 system 0.80 temp 110.4 hbonds, Rg 126.9 A, potential   -81.49
 18201 / 100001 elapsed  2 system 0.80 temp 106.4 hbonds, Rg 121.1 A, potential     4.65
 18201 / 100001 elapsed  1 system 0.80 temp 101.6 hbonds, Rg 105.6 A, potential   -32.63
 18101 / 100001 elapsed  0 system 0.80 temp 106.0 hbonds, Rg 117.0 A, potential   -50.21
 18101 / 100001 elapsed  3 system 0.80 temp 107.6 hbonds, Rg 125.8 A, potential   -59.89
 18301 / 100001 elapsed  2 system 0.80 temp 106.0 hbonds, Rg 120.1 A, potential   -55.16
 18301 / 100001 elapsed  1 system 0.80 temp  96.2 hbonds, Rg 105.2 A, potential    -8.00
 18201 / 100001 elapsed  0 system 0.80 temp 108.5 hbonds, Rg 117.9 A, potential   -54.50
 18201 / 100001 elapsed  3 system 0.80 temp 108.8 hbonds, Rg 125.6 A, potential   -55.80
 18401 / 100001 elapsed  2 system 0.80 temp 100.5 hbonds, Rg 120.6 A, potential   -36.57
 18401 / 100001 elapsed  1 system 0.80 temp  97.6 hbonds, Rg 104.1 A, potential   -24.77
 18301 / 100001 elapsed  0 system 0.80 temp 105.3 hbonds, Rg 119.3 A, potential   -31.38
 18501 / 100001 elapsed  2 system 0.80 temp 103.4 hbonds, Rg 118.7 A, potential   -33.30
 18301 / 100001 elapsed  3 system 0.80 temp 108.0 hbonds, Rg 126.3 A, potential   -67.32
 18501 / 100001 elapsed  1 system 0.80 temp 101.2 hbonds, Rg 104.4 A, potential   -56.40
 18401 / 100001 elapsed  0 system 0.80 temp 107.0 hbonds, Rg 116.7 A, potential   -63.19
 18601 / 100001 elapsed  2 system 0.80 temp 101.5 hbonds, Rg 119.4 A, potential   -43.60
 18401 / 100001 elapsed  3 system 0.80 temp 100.3 hbonds, Rg 127.6 A, potential   -49.16
 18601 / 100001 elapsed  1 system 0.80 temp  97.7 hbonds, Rg 103.7 A, potential   -58.91
 18501 / 100001 elapsed  0 system 0.80 temp 107.9 hbonds, Rg 116.3 A, potential   -31.57
 18701 / 100001 elapsed  2 system 0.80 temp  99.5 hbonds, Rg 117.8 A, potential     4.87
 18501 / 100001 elapsed  3 system 0.80 temp 104.0 hbonds, Rg 128.1 A, potential   -46.84
 18701 / 100001 elapsed  1 system 0.80 temp  97.4 hbonds, Rg 103.8 A, potential   -34.63
 18601 / 100001 elapsed  0 system 0.80 temp 105.0 hbonds, Rg 117.3 A, potential   -56.18
 18802 / 100001 elapsed  2 system 0.80 temp  99.0 hbonds, Rg 116.8 A, potential   -49.07
 18601 / 100001 elapsed  3 system 0.80 temp 104.8 hbonds, Rg 127.2 A, potential   -68.16
 18802 / 100001 elapsed  1 system 0.80 temp 103.6 hbonds, Rg 101.6 A, potential   -36.23
 18701 / 100001 elapsed  0 system 0.80 temp 110.9 hbonds, Rg 116.3 A, potential   -50.93
 18902 / 100001 elapsed  2 system 0.80 temp 104.0 hbonds, Rg 116.8 A, potential   -43.90
 18701 / 100001 elapsed  3 system 0.80 temp 112.0 hbonds, Rg 127.0 A, potential   -70.42
 18902 / 100001 elapsed  1 system 0.80 temp 101.0 hbonds, Rg 103.0 A, potential   -60.29
 19002 / 100001 elapsed  2 system 0.80 temp 101.6 hbonds, Rg 116.9 A, potential    -9.21
 18802 / 100001 elapsed  0 system 0.80 temp 104.1 hbonds, Rg 117.7 A, potential   -66.87
 18802 / 100001 elapsed  3 system 0.80 temp 112.8 hbonds, Rg 125.3 A, potential   -14.96
 19002 / 100001 elapsed  1 system 0.80 temp 100.7 hbonds, Rg 101.9 A, potential   -27.11
 19102 / 100001 elapsed  2 system 0.80 temp  98.9 hbonds, Rg 115.6 A, potential    -0.08
 18902 / 100001 elapsed  0 system 0.80 temp 108.0 hbonds, Rg 115.8 A, potential   -73.95
 18902 / 100001 elapsed  3 system 0.80 temp 105.6 hbonds, Rg 125.2 A, potential   -56.04
 19102 / 100001 elapsed  1 system 0.80 temp 103.7 hbonds, Rg 100.9 A, potential   -47.27
 19202 / 100001 elapsed  2 system 0.80 temp 103.1 hbonds, Rg 114.1 A, potential   -30.07
 19002 / 100001 elapsed  0 system 0.80 temp 110.9 hbonds, Rg 114.2 A, potential   -68.69
 19002 / 100001 elapsed  3 system 0.80 temp 107.5 hbonds, Rg 125.7 A, potential   -77.74
 19202 / 100001 elapsed  1 system 0.80 temp  98.1 hbonds, Rg 101.3 A, potential   -33.65
 19302 / 100001 elapsed  2 system 0.80 temp  97.3 hbonds, Rg 115.9 A, potential    -4.98
 19102 / 100001 elapsed  0 system 0.80 temp 108.8 hbonds, Rg 115.6 A, potential   -48.65
 19102 / 100001 elapsed  3 system 0.80 temp 105.6 hbonds, Rg 123.7 A, potential   -39.79
 19302 / 100001 elapsed  1 system 0.80 temp  95.2 hbonds, Rg 102.1 A, potential   -37.61
 19402 / 100001 elapsed  2 system 0.80 temp  99.8 hbonds, Rg 117.1 A, potential   -38.59
 19202 / 100001 elapsed  0 system 0.80 temp 108.5 hbonds, Rg 115.0 A, potential   -29.80
 19202 / 100001 elapsed  3 system 0.80 temp 106.6 hbonds, Rg 122.8 A, potential   -64.46
 19402 / 100001 elapsed  1 system 0.80 temp 100.8 hbonds, Rg 101.3 A, potential   -15.18
 19502 / 100001 elapsed  2 system 0.80 temp  99.4 hbonds, Rg 116.9 A, potential     2.98
 19302 / 100001 elapsed  0 system 0.80 temp 109.6 hbonds, Rg 117.0 A, potential   -47.55
 19302 / 100001 elapsed  3 system 0.80 temp 109.1 hbonds, Rg 122.7 A, potential   -61.78
 19502 / 100001 elapsed  1 system 0.80 temp  94.6 hbonds, Rg 102.2 A, potential     8.00
 19602 / 100001 elapsed  2 system 0.80 temp  99.9 hbonds, Rg 115.9 A, potential   -28.61
 19402 / 100001 elapsed  0 system 0.80 temp 107.0 hbonds, Rg 115.6 A, potential   -37.80
 19402 / 100001 elapsed  3 system 0.80 temp 106.1 hbonds, Rg 122.8 A, potential   -42.45
 19602 / 100001 elapsed  1 system 0.80 temp  94.0 hbonds, Rg 104.1 A, potential   -25.02
 19702 / 100001 elapsed  2 system 0.80 temp 103.7 hbonds, Rg 115.2 A, potential   -23.33
 19502 / 100001 elapsed  0 system 0.80 temp 112.9 hbonds, Rg 112.6 A, potential   -25.18
 19502 / 100001 elapsed  3 system 0.80 temp 101.3 hbonds, Rg 123.0 A, potential   -40.30
 19702 / 100001 elapsed  1 system 0.80 temp  95.9 hbonds, Rg 103.0 A, potential   -19.37
 19802 / 100001 elapsed  2 system 0.80 temp  99.4 hbonds, Rg 114.2 A, potential   -19.85
 19602 / 100001 elapsed  0 system 0.80 temp 106.0 hbonds, Rg 112.2 A, potential   -42.56
 19602 / 100001 elapsed  3 system 0.80 temp 102.1 hbonds, Rg 125.0 A, potential   -21.81
 19802 / 100001 elapsed  1 system 0.80 temp  99.8 hbonds, Rg 102.4 A, potential   -40.33
 19902 / 100001 elapsed  2 system 0.80 temp  99.1 hbonds, Rg 116.7 A, potential   -19.82
 19702 / 100001 elapsed  0 system 0.80 temp 114.5 hbonds, Rg 110.1 A, potential   -53.62
 19702 / 100001 elapsed  3 system 0.80 temp 105.8 hbonds, Rg 124.8 A, potential   -79.28
 19902 / 100001 elapsed  1 system 0.80 temp 100.2 hbonds, Rg 101.8 A, potential   -44.52
 20002 / 100001 elapsed  2 system 0.80 temp 100.1 hbonds, Rg 113.3 A, potential   -11.30
 19802 / 100001 elapsed  0 system 0.80 temp 107.1 hbonds, Rg 108.4 A, potential   -35.25
 19802 / 100001 elapsed  3 system 0.80 temp 102.8 hbonds, Rg 123.8 A, potential   -21.12
 20002 / 100001 elapsed  1 system 0.80 temp  99.8 hbonds, Rg 102.3 A, potential   -28.55
 20102 / 100001 elapsed  2 system 0.80 temp  99.0 hbonds, Rg 113.2 A, potential   -46.02
 19902 / 100001 elapsed  0 system 0.80 temp 109.8 hbonds, Rg 109.1 A, potential   -31.03
 20102 / 100001 elapsed  1 system 0.80 temp  98.8 hbonds, Rg 103.1 A, potential   -29.10
 19902 / 100001 elapsed  3 system 0.80 temp 103.5 hbonds, Rg 124.2 A, potential   -26.64
 20202 / 100001 elapsed  2 system 0.80 temp  98.4 hbonds, Rg 111.9 A, potential   -46.90
 20002 / 100001 elapsed  0 system 0.80 temp 108.9 hbonds, Rg 107.1 A, potential   -56.81
 20202 / 100001 elapsed  1 system 0.80 temp  98.9 hbonds, Rg 106.0 A, potential   -21.07
 20002 / 100001 elapsed  3 system 0.80 temp 102.2 hbonds, Rg 125.4 A, potential    -3.53
 20302 / 100001 elapsed  2 system 0.80 temp  96.5 hbonds, Rg 111.8 A, potential   -31.81
 20102 / 100001 elapsed  0 system 0.80 temp 104.0 hbonds, Rg 107.5 A, potential   -70.15
 20102 / 100001 elapsed  3 system 0.80 temp 100.1 hbonds, Rg 125.3 A, potential   -53.07
 20302 / 100001 elapsed  1 system 0.80 temp  99.6 hbonds, Rg 107.1 A, potential   -31.40
 20402 / 100001 elapsed  2 system 0.80 temp 101.5 hbonds, Rg 113.7 A, potential   -29.65
 20202 / 100001 elapsed  0 system 0.80 temp 109.4 hbonds, Rg 108.2 A, potential   -42.49
 20202 / 100001 elapsed  3 system 0.80 temp 110.4 hbonds, Rg 123.8 A, potential   -54.90
 20402 / 100001 elapsed  1 system 0.80 temp 102.8 hbonds, Rg 107.0 A, potential   -63.41
 20502 / 100001 elapsed  2 system 0.80 temp  97.0 hbonds, Rg 115.1 A, potential     8.99
 20302 / 100001 elapsed  0 system 0.80 temp 109.5 hbonds, Rg 110.2 A, potential   -65.15
 20302 / 100001 elapsed  3 system 0.80 temp 109.7 hbonds, Rg 124.0 A, potential   -57.45
 20502 / 100001 elapsed  1 system 0.80 temp 106.4 hbonds, Rg 106.0 A, potential   -68.77
 20602 / 100001 elapsed  2 system 0.80 temp  99.7 hbonds, Rg 114.9 A, potential     1.18
 20402 / 100001 elapsed  0 system 0.80 temp 110.0 hbonds, Rg 111.1 A, potential   -34.70
 20402 / 100001 elapsed  3 system 0.80 temp 114.5 hbonds, Rg 122.7 A, potential   -69.44
 20602 / 100001 elapsed  1 system 0.80 temp 100.8 hbonds, Rg 105.0 A, potential     3.45
 20702 / 100001 elapsed  2 system 0.80 temp 100.8 hbonds, Rg 115.3 A, potential   -17.27
 20502 / 100001 elapsed  0 system 0.80 temp 112.3 hbonds, Rg 110.1 A, potential   -31.77
 20702 / 100001 elapsed  1 system 0.80 temp 104.8 hbonds, Rg 104.3 A, potential   -27.93
 20502 / 100001 elapsed  3 system 0.80 temp 109.2 hbonds, Rg 122.1 A, potential   -22.97
 20802 / 100001 elapsed  2 system 0.80 temp 104.5 hbonds, Rg 115.9 A, potential   -52.45
 20602 / 100001 elapsed  0 system 0.80 temp 107.1 hbonds, Rg 111.3 A, potential   -39.77
 20802 / 100001 elapsed  1 system 0.80 temp 103.2 hbonds, Rg 106.1 A, potential   -53.66
 20602 / 100001 elapsed  3 system 0.80 temp 112.2 hbonds, Rg 124.7 A, potential   -36.98
 20902 / 100001 elapsed  2 system 0.80 temp 100.1 hbonds, Rg 113.3 A, potential   -27.07
 20702 / 100001 elapsed  0 system 0.80 temp 103.2 hbonds, Rg 112.5 A, potential   -42.49
 20902 / 100001 elapsed  1 system 0.80 temp 106.5 hbonds, Rg 107.0 A, potential   -40.45
 20702 / 100001 elapsed  3 system 0.80 temp 105.6 hbonds, Rg 122.5 A, potential   -19.37
 21002 / 100001 elapsed  2 system 0.80 temp 102.0 hbonds, Rg 115.0 A, potential   -41.75
 20802 / 100001 elapsed  0 system 0.80 temp 109.1 hbonds, Rg 114.8 A, potential   -29.06
 21002 / 100001 elapsed  1 system 0.80 temp 104.0 hbonds, Rg 106.6 A, potential   -59.93
 20802 / 100001 elapsed  3 system 0.80 temp 108.0 hbonds, Rg 121.0 A, potential   -48.77
 21102 / 100001 elapsed  2 system 0.80 temp 106.1 hbonds, Rg 114.5 A, potential   -44.28
 20902 / 100001 elapsed  0 system 0.80 temp 110.3 hbonds, Rg 116.1 A, potential   -10.02
 21102 / 100001 elapsed  1 system 0.80 temp 101.5 hbonds, Rg 108.3 A, potential   -51.08
 20902 / 100001 elapsed  3 system 0.80 temp 106.5 hbonds, Rg 121.7 A, potential   -48.72
 21202 / 100001 elapsed  2 system 0.80 temp 100.9 hbonds, Rg 114.4 A, potential   -24.82
 21202 / 100001 elapsed  1 system 0.80 temp 106.9 hbonds, Rg 107.3 A, potential   -54.99
 21002 / 100001 elapsed  0 system 0.80 temp 105.1 hbonds, Rg 116.3 A, potential   -45.48
 21002 / 100001 elapsed  3 system 0.80 temp 111.7 hbonds, Rg 123.5 A, potential   -55.66
 21302 / 100001 elapsed  2 system 0.80 temp 100.6 hbonds, Rg 114.1 A, potential   -31.25
 21302 / 100001 elapsed  1 system 0.80 temp  99.8 hbonds, Rg 108.4 A, potential   -24.28
 21102 / 100001 elapsed  0 system 0.80 temp 107.3 hbonds, Rg 116.3 A, potential   -50.56
 21102 / 100001 elapsed  3 system 0.80 temp 112.2 hbonds, Rg 124.2 A, potential   -51.25
 21402 / 100001 elapsed  2 system 0.80 temp 100.1 hbonds, Rg 111.2 A, potential    21.97
 21402 / 100001 elapsed  1 system 0.80 temp 100.9 hbonds, Rg 110.0 A, potential   -46.39
 21202 / 100001 elapsed  0 system 0.80 temp 108.2 hbonds, Rg 115.1 A, potential   -71.93
 21202 / 100001 elapsed  3 system 0.80 temp 112.6 hbonds, Rg 123.9 A, potential   -55.03
 21502 / 100001 elapsed  2 system 0.80 temp 101.9 hbonds, Rg 110.0 A, potential   -38.53
 21302 / 100001 elapsed  0 system 0.80 temp 109.6 hbonds, Rg 116.1 A, potential   -41.65
 21502 / 100001 elapsed  1 system 0.80 temp 101.8 hbonds, Rg 109.5 A, potential   -26.27
 21302 / 100001 elapsed  3 system 0.80 temp 111.0 hbonds, Rg 123.1 A, potential   -36.30
 21602 / 100001 elapsed  2 system 0.80 temp 102.1 hbonds, Rg 110.0 A, potential   -21.68
 21602 / 100001 elapsed  1 system 0.80 temp  99.1 hbonds, Rg 108.1 A, potential   -20.75
 21402 / 100001 elapsed  0 system 0.80 temp 108.9 hbonds, Rg 117.1 A, potential   -33.43
 21402 / 100001 elapsed  3 system 0.80 temp 111.6 hbonds, Rg 122.0 A, potential   -70.04
 21702 / 100001 elapsed  2 system 0.80 temp 100.1 hbonds, Rg 109.8 A, potential   -47.92
 21702 / 100001 elapsed  1 system 0.80 temp  96.4 hbonds, Rg 108.8 A, potential   -37.59
 21502 / 100001 elapsed  0 system 0.80 temp 107.6 hbonds, Rg 116.2 A, potential   -60.72
 21502 / 100001 elapsed  3 system 0.80 temp 112.7 hbonds, Rg 122.2 A, potential   -74.34
 21802 / 100001 elapsed  2 system 0.80 temp  97.1 hbonds, Rg 109.5 A, potential     7.53
 21802 / 100001 elapsed  1 system 0.80 temp  99.4 hbonds, Rg 107.9 A, potential   -35.49
 21602 / 100001 elapsed  0 system 0.80 temp 109.7 hbonds, Rg 117.0 A, potential   -48.54
 21602 / 100001 elapsed  3 system 0.80 temp 113.8 hbonds, Rg 125.3 A, potential   -35.34
 21902 / 100001 elapsed  2 system 0.80 temp  99.8 hbonds, Rg 111.8 A, potential   -40.83
 21902 / 100001 elapsed  1 system 0.80 temp 102.6 hbonds, Rg 107.9 A, potential   -42.72
 21702 / 100001 elapsed  0 system 0.80 temp 108.4 hbonds, Rg 118.2 A, potential   -36.23
 21702 / 100001 elapsed  3 system 0.80 temp 111.0 hbonds, Rg 127.0 A, potential   -50.25
 22002 / 100001 elapsed  2 system 0.80 temp  97.3 hbonds, Rg 111.3 A, potential   -29.65
 22002 / 100001 elapsed  1 system 0.80 temp 102.0 hbonds, Rg 107.0 A, potential   -31.59
 21802 / 100001 elapsed  0 system 0.80 temp 109.5 hbonds, Rg 117.8 A, potential   -51.08
 21802 / 100001 elapsed  3 system 0.80 temp 110.9 hbonds, Rg 127.4 A, potential   -48.35
 22102 / 100001 elapsed  2 system 0.80 temp  98.4 hbonds, Rg 107.7 A, potential    21.31
 22102 / 100001 elapsed  1 system 0.80 temp 102.5 hbonds, Rg 105.5 A, potential    -7.27
 21902 / 100001 elapsed  0 system 0.80 temp 106.1 hbonds, Rg 119.0 A, potential   -33.96
 21902 / 100001 elapsed  3 system 0.80 temp 109.8 hbonds, Rg 127.5 A, potential   -19.89
 22202 / 100001 elapsed  2 system 0.80 temp 100.6 hbonds, Rg 108.5 A, potential    -7.85
 22202 / 100001 elapsed  1 system 0.80 temp  98.0 hbonds, Rg 105.5 A, potential   -43.13
 22002 / 100001 elapsed  0 system 0.80 temp 106.3 hbonds, Rg 117.6 A, potential   -54.73
 22002 / 100001 elapsed  3 system 0.80 temp 107.9 hbonds, Rg 125.1 A, potential   -46.76
 22302 / 100001 elapsed  2 system 0.80 temp 104.3 hbonds, Rg 108.3 A, potential   -49.32
 22302 / 100001 elapsed  1 system 0.80 temp 101.1 hbonds, Rg 104.2 A, potential   -47.70
 22102 / 100001 elapsed  0 system 0.80 temp 108.2 hbonds, Rg 117.1 A, potential   -59.16
 22102 / 100001 elapsed  3 system 0.80 temp 107.5 hbonds, Rg 124.4 A, potential   -58.29
 22402 / 100001 elapsed  2 system 0.80 temp 101.6 hbonds, Rg 110.4 A, potential     1.28
 22402 / 100001 elapsed  1 system 0.80 temp 106.5 hbonds, Rg 104.7 A, potential   -49.80
 22202 / 100001 elapsed  0 system 0.80 temp 106.1 hbonds, Rg 118.3 A, potential   -47.05
 22202 / 100001 elapsed  3 system 0.80 temp 103.5 hbonds, Rg 123.6 A, potential   -60.22
 22502 / 100001 elapsed  2 system 0.80 temp 101.1 hbonds, Rg 109.8 A, potential   -46.00
 22502 / 100001 elapsed  1 system 0.80 temp 105.1 hbonds, Rg 103.7 A, potential   -18.61
 22302 / 100001 elapsed  0 system 0.80 temp 105.8 hbonds, Rg 120.0 A, potential   -31.21
 22302 / 100001 elapsed  3 system 0.80 temp 108.5 hbonds, Rg 124.9 A, potential   -92.48
 22602 / 100001 elapsed  2 system 0.80 temp 103.0 hbonds, Rg 108.5 A, potential   -52.37
 22602 / 100001 elapsed  1 system 0.80 temp  99.0 hbonds, Rg 104.4 A, potential   -27.99
 22402 / 100001 elapsed  0 system 0.80 temp  96.0 hbonds, Rg 120.0 A, potential     5.58
 22402 / 100001 elapsed  3 system 0.80 temp 108.9 hbonds, Rg 126.1 A, potential   -63.61
 22702 / 100001 elapsed  2 system 0.80 temp  99.7 hbonds, Rg 111.2 A, potential     5.53
 22702 / 100001 elapsed  1 system 0.80 temp  97.3 hbonds, Rg 103.0 A, potential   -61.45
 22502 / 100001 elapsed  0 system 0.80 temp 103.5 hbonds, Rg 117.9 A, potential   -46.88
 22502 / 100001 elapsed  3 system 0.80 temp 103.8 hbonds, Rg 124.9 A, potential   -56.02
 22802 / 100001 elapsed  2 system 0.80 temp 106.7 hbonds, Rg 111.3 A, potential   -24.98
 22802 / 100001 elapsed  1 system 0.80 temp  95.7 hbonds, Rg 104.2 A, potential   -19.39
 22602 / 100001 elapsed  0 system 0.80 temp 101.0 hbonds, Rg 116.2 A, potential   -21.58
 22602 / 100001 elapsed  3 system 0.80 temp 106.7 hbonds, Rg 126.9 A, potential   -39.80
 22902 / 100001 elapsed  2 system 0.80 temp  97.2 hbonds, Rg 112.6 A, potential     1.95
 22902 / 100001 elapsed  1 system 0.80 temp 103.6 hbonds, Rg 102.1 A, potential   -56.98
 22702 / 100001 elapsed  0 system 0.80 temp 106.4 hbonds, Rg 115.6 A, potential   -36.77
 22702 / 100001 elapsed  3 system 0.80 temp 105.0 hbonds, Rg 127.8 A, potential   -54.95
 23002 / 100001 elapsed  2 system 0.80 temp  98.8 hbonds, Rg 111.3 A, potential    16.40
 23002 / 100001 elapsed  1 system 0.80 temp 105.0 hbonds, Rg 100.6 A, potential   -39.72
 22802 / 100001 elapsed  0 system 0.80 temp 106.3 hbonds, Rg 115.7 A, potential   -58.83
 22802 / 100001 elapsed  3 system 0.80 temp 107.0 hbonds, Rg 128.5 A, potential   -59.85
 23102 / 100001 elapsed  2 system 0.80 temp 101.1 hbonds, Rg 112.4 A, potential   -42.05
 23102 / 100001 elapsed  1 system 0.80 temp  95.1 hbonds, Rg 100.9 A, potential    27.36
 22902 / 100001 elapsed  0 system 0.80 temp 103.7 hbonds, Rg 114.1 A, potential   -20.98
 22902 / 100001 elapsed  3 system 0.80 temp 104.0 hbonds, Rg 127.7 A, potential   -49.06
 23202 / 100001 elapsed  2 system 0.80 temp 107.0 hbonds, Rg 113.2 A, potential   -83.87
 23202 / 100001 elapsed  1 system 0.80 temp 104.3 hbonds, Rg 103.7 A, potential   -21.84
 23002 / 100001 elapsed  0 system 0.80 temp 102.7 hbonds, Rg 117.7 A, potential   -40.42
 23002 / 100001 elapsed  3 system 0.80 temp 104.6 hbonds, Rg 129.3 A, potential   -71.44
 23302 / 100001 elapsed  2 system 0.80 temp 103.4 hbonds, Rg 113.1 A, potential   -82.20
 23302 / 100001 elapsed  1 system 0.80 temp  99.9 hbonds, Rg 103.9 A, potential   -43.84
 23102 / 100001 elapsed  0 system 0.80 temp 105.7 hbonds, Rg 116.5 A, potential     3.03
 23102 / 100001 elapsed  3 system 0.80 temp 107.6 hbonds, Rg 131.8 A, potential   -34.17
 23402 / 100001 elapsed  2 system 0.80 temp 106.1 hbonds, Rg 114.7 A, potential   -29.73
 23402 / 100001 elapsed  1 system 0.80 temp 103.0 hbonds, Rg 103.0 A, potential   -10.27
 23202 / 100001 elapsed  0 system 0.80 temp 103.3 hbonds, Rg 116.2 A, potential   -69.36
 23202 / 100001 elapsed  3 system 0.80 temp 108.0 hbonds, Rg 130.9 A, potential   -51.73
 23502 / 100001 elapsed  2 system 0.80 temp 103.4 hbonds, Rg 113.8 A, potential   -22.24
 23502 / 100001 elapsed  1 system 0.80 temp 106.1 hbonds, Rg 101.7 A, potential   -23.75
 23302 / 100001 elapsed  0 system 0.80 temp 100.2 hbonds, Rg 116.0 A, potential     6.49
 23302 / 100001 elapsed  3 system 0.80 temp 105.9 hbonds, Rg 130.0 A, potential   -14.20
 23602 / 100001 elapsed  2 system 0.80 temp 102.1 hbonds, Rg 115.7 A, potential   -10.12
 23602 / 100001 elapsed  1 system 0.80 temp 104.9 hbonds, Rg 101.2 A, potential     1.43
 23402 / 100001 elapsed  0 system 0.80 temp 100.5 hbonds, Rg 116.6 A, potential   -18.00
 23402 / 100001 elapsed  3 system 0.80 temp 110.4 hbonds, Rg 129.1 A, potential   -40.18
 23702 / 100001 elapsed  2 system 0.80 temp 101.8 hbonds, Rg 115.9 A, potential    -7.06
 23702 / 100001 elapsed  1 system 0.80 temp 102.7 hbonds, Rg  99.3 A, potential    -5.15
 23502 / 100001 elapsed  3 system 0.80 temp 105.4 hbonds, Rg 131.0 A, potential   -28.89
 23502 / 100001 elapsed  0 system 0.80 temp 105.4 hbonds, Rg 115.1 A, potential   -42.41
 23802 / 100001 elapsed  2 system 0.80 temp 104.7 hbonds, Rg 114.9 A, potential   -40.43
 23802 / 100001 elapsed  1 system 0.80 temp 100.0 hbonds, Rg  98.8 A, potential   -31.61
 23602 / 100001 elapsed  0 system 0.80 temp 103.0 hbonds, Rg 113.1 A, potential   -20.48
 23902 / 100001 elapsed  2 system 0.80 temp 107.4 hbonds, Rg 115.1 A, potential   -38.90
 23602 / 100001 elapsed  3 system 0.80 temp 103.3 hbonds, Rg 128.8 A, potential   -32.31
 23902 / 100001 elapsed  1 system 0.80 temp 102.1 hbonds, Rg  98.9 A, potential   -59.20
 23702 / 100001 elapsed  0 system 0.80 temp 104.5 hbonds, Rg 115.1 A, potential   -20.53
 24002 / 100001 elapsed  2 system 0.80 temp 101.2 hbonds, Rg 116.9 A, potential   -22.74
 23702 / 100001 elapsed  3 system 0.80 temp 104.9 hbonds, Rg 129.0 A, potential   -32.65
 24002 / 100001 elapsed  1 system 0.80 temp 102.8 hbonds, Rg  97.8 A, potential   -23.14
 23802 / 100001 elapsed  0 system 0.80 temp 106.3 hbonds, Rg 114.5 A, potential   -60.06
 24102 / 100001 elapsed  2 system 0.80 temp 111.5 hbonds, Rg 114.8 A, potential    -2.66
 23802 / 100001 elapsed  3 system 0.80 temp 109.0 hbonds, Rg 128.4 A, potential   -52.85
 24102 / 100001 elapsed  1 system 0.80 temp 103.9 hbonds, Rg  98.0 A, potential    -9.24
 23902 / 100001 elapsed  0 system 0.80 temp 113.2 hbonds, Rg 113.7 A, potential   -75.71
 24202 / 100001 elapsed  2 system 0.80 temp 102.8 hbonds, Rg 113.1 A, potential   -45.15
 23902 / 100001 elapsed  3 system 0.80 temp 109.2 hbonds, Rg 128.6 A, potential   -61.45
 24202 / 100001 elapsed  1 system 0.80 temp 102.7 hbonds, Rg  98.3 A, potential   -38.69
 24002 / 100001 elapsed  0 system 0.80 temp 104.7 hbonds, Rg 114.8 A, potential   -27.01
 24302 / 100001 elapsed  2 system 0.80 temp 103.9 hbonds, Rg 113.8 A, potential   -44.64
 24002 / 100001 elapsed  3 system 0.80 temp 105.0 hbonds, Rg 129.2 A, potential   -16.15
 24302 / 100001 elapsed  1 system 0.80 temp 101.9 hbonds, Rg  99.6 A, potential   -33.26
 24102 / 100001 elapsed  0 system 0.80 temp 105.8 hbonds, Rg 116.0 A, potential    -8.68
 24402 / 100001 elapsed  2 system 0.80 temp 103.9 hbonds, Rg 112.7 A, potential   -23.05
 24102 / 100001 elapsed  3 system 0.80 temp 105.3 hbonds, Rg 129.2 A, potential   -76.01
 24402 / 100001 elapsed  1 system 0.80 temp 105.2 hbonds, Rg  99.2 A, potential   -71.45
 24202 / 100001 elapsed  0 system 0.80 temp 104.6 hbonds, Rg 115.7 A, potential   -25.42
 24202 / 100001 elapsed  3 system 0.80 temp 101.1 hbonds, Rg 128.8 A, potential   -58.30
 24502 / 100001 elapsed  2 system 0.80 temp 105.3 hbonds, Rg 110.6 A, potential   -36.80
 24502 / 100001 elapsed  1 system 0.80 temp  97.7 hbonds, Rg  99.9 A, potential   -35.53
 24302 / 100001 elapsed  0 system 0.80 temp 114.2 hbonds, Rg 112.1 A, potential   -39.21
 24302 / 100001 elapsed  3 system 0.80 temp 101.3 hbonds, Rg 127.2 A, potential   -57.74
 24602 / 100001 elapsed  2 system 0.80 temp 102.6 hbonds, Rg 108.5 A, potential   -28.37
 24602 / 100001 elapsed  1 system 0.80 temp 100.7 hbonds, Rg  98.1 A, potential   -25.90
 24402 / 100001 elapsed  0 system 0.80 temp 107.0 hbonds, Rg 113.1 A, potential   -50.63
 24402 / 100001 elapsed  3 system 0.80 temp 106.9 hbonds, Rg 128.0 A, potential   -64.39
 24702 / 100001 elapsed  2 system 0.80 temp  99.5 hbonds, Rg 106.7 A, potential   -19.99
 24702 / 100001 elapsed  1 system 0.80 temp  94.4 hbonds, Rg  98.1 A, potential    -8.75
 24502 / 100001 elapsed  0 system 0.80 temp 107.3 hbonds, Rg 112.7 A, potential   -10.57
 24502 / 100001 elapsed  3 system 0.80 temp 106.9 hbonds, Rg 129.4 A, potential   -29.68
 24802 / 100001 elapsed  2 system 0.80 temp  97.7 hbonds, Rg 104.5 A, potential   -45.35
 24802 / 100001 elapsed  1 system 0.80 temp  98.2 hbonds, Rg  98.6 A, potential   -41.24
 24602 / 100001 elapsed  0 system 0.80 temp 101.3 hbonds, Rg 114.5 A, potential   -31.08
 24602 / 100001 elapsed  3 system 0.80 temp 106.0 hbonds, Rg 129.4 A, potential   -66.55
 24902 / 100001 elapsed  2 system 0.80 temp  99.8 hbonds, Rg 105.0 A, potential   -28.38
 24902 / 100001 elapsed  1 system 0.80 temp 104.2 hbonds, Rg  99.7 A, potential   -65.99
 24702 / 100001 elapsed  0 system 0.80 temp 106.6 hbonds, Rg 113.7 A, potential   -53.43
 24702 / 100001 elapsed  3 system 0.80 temp 106.2 hbonds, Rg 127.0 A, potential   -61.12
 25002 / 100001 elapsed  2 system 0.80 temp  99.6 hbonds, Rg 102.3 A, potential     6.71
 25002 / 100001 elapsed  1 system 0.80 temp 102.8 hbonds, Rg  98.3 A, potential   -41.52
 24802 / 100001 elapsed  0 system 0.80 temp 106.5 hbonds, Rg 111.1 A, potential   -42.75
 24802 / 100001 elapsed  3 system 0.80 temp 107.0 hbonds, Rg 124.9 A, potential    -4.66
 25102 / 100001 elapsed  2 system 0.80 temp  98.1 hbonds, Rg 101.1 A, potential   -25.31
 25102 / 100001 elapsed  1 system 0.80 temp 101.3 hbonds, Rg  97.6 A, potential   -42.60
 24902 / 100001 elapsed  0 system 0.80 temp 100.8 hbonds, Rg 111.5 A, potential   -24.20
 24902 / 100001 elapsed  3 system 0.80 temp 109.0 hbonds, Rg 121.9 A, potential   -40.41
 25202 / 100001 elapsed  2 system 0.80 temp 100.9 hbonds, Rg 100.8 A, potential   -17.83
 25202 / 100001 elapsed  1 system 0.80 temp 101.9 hbonds, Rg  99.0 A, potential   -42.75
 25002 / 100001 elapsed  0 system 0.80 temp  99.3 hbonds, Rg 111.4 A, potential   -56.16
 25002 / 100001 elapsed  3 system 0.80 temp 104.4 hbonds, Rg 122.4 A, potential    13.57
 25302 / 100001 elapsed  2 system 0.80 temp 101.5 hbonds, Rg 100.6 A, potential   -58.66
 25302 / 100001 elapsed  1 system 0.80 temp 101.7 hbonds, Rg  99.4 A, potential   -37.29
 25102 / 100001 elapsed  0 system 0.80 temp 106.6 hbonds, Rg 111.6 A, potential    23.48
 25102 / 100001 elapsed  3 system 0.80 temp 109.0 hbonds, Rg 121.9 A, potential   -31.42
 25402 / 100001 elapsed  2 system 0.80 temp 104.6 hbonds, Rg  99.7 A, potential   -13.83
 25402 / 100001 elapsed  1 system 0.80 temp  96.4 hbonds, Rg 100.5 A, potential   -35.79
 25202 / 100001 elapsed  0 system 0.80 temp 101.5 hbonds, Rg 113.5 A, potential    -9.59
 25502 / 100001 elapsed  2 system 0.80 temp 102.4 hbonds, Rg  99.5 A, potential   -40.53
 25502 / 100001 elapsed  1 system 0.80 temp 102.1 hbonds, Rg  99.7 A, potential   -57.15
 25202 / 100001 elapsed  3 system 0.80 temp 105.0 hbonds, Rg 123.5 A, potential   -39.40
 25302 / 100001 elapsed  0 system 0.80 temp 100.6 hbonds, Rg 112.3 A, potential   -24.55
 25602 / 100001 elapsed  2 system 0.80 temp 104.3 hbonds, Rg 100.2 A, potential   -57.48
 25602 / 100001 elapsed  1 system 0.80 temp 104.0 hbonds, Rg 102.2 A, potential   -17.21
 25302 / 100001 elapsed  3 system 0.80 temp 107.0 hbonds, Rg 123.2 A, potential   -40.76
 25402 / 100001 elapsed  0 system 0.80 temp 100.9 hbonds, Rg 110.2 A, potential   -30.89
 25702 / 100001 elapsed  1 system 0.80 temp 100.2 hbonds, Rg 100.1 A, potential   -62.73
 25702 / 100001 elapsed  2 system 0.80 temp  98.6 hbonds, Rg 100.1 A, potential   -20.88
 25402 / 100001 elapsed  3 system 0.80 temp 106.3 hbonds, Rg 122.1 A, potential   -44.15
 25502 / 100001 elapsed  0 system 0.80 temp 100.3 hbonds, Rg 107.5 A, potential   -28.43
 25802 / 100001 elapsed  1 system 0.80 temp  98.3 hbonds, Rg 100.3 A, potential   -11.48
 25802 / 100001 elapsed  2 system 0.80 temp 106.3 hbonds, Rg  99.7 A, potential   -26.83
 25502 / 100001 elapsed  3 system 0.80 temp 105.7 hbonds, Rg 121.2 A, potential   -40.22
 25602 / 100001 elapsed  0 system 0.80 temp 105.8 hbonds, Rg 106.5 A, potential   -52.79
 25902 / 100001 elapsed  1 system 0.80 temp 101.7 hbonds, Rg 101.4 A, potential    13.77
 25902 / 100001 elapsed  2 system 0.80 temp 101.9 hbonds, Rg 100.4 A, potential   -81.73
 25602 / 100001 elapsed  3 system 0.80 temp 102.0 hbonds, Rg 123.5 A, potential   -43.87
 25702 / 100001 elapsed  0 system 0.80 temp 104.7 hbonds, Rg 106.0 A, potential   -54.03
 26002 / 100001 elapsed  1 system 0.80 temp 101.6 hbonds, Rg 100.1 A, potential   -13.12
 26002 / 100001 elapsed  2 system 0.80 temp  97.6 hbonds, Rg 101.5 A, potential   -31.90
 25702 / 100001 elapsed  3 system 0.80 temp  98.8 hbonds, Rg 122.8 A, potential    -9.75
 25802 / 100001 elapsed  0 system 0.80 temp 105.0 hbonds, Rg 106.7 A, potential   -38.54
 26102 / 100001 elapsed  1 system 0.80 temp  96.3 hbonds, Rg 100.9 A, potential    -3.92
 26102 / 100001 elapsed  2 system 0.80 temp  99.1 hbonds, Rg 100.1 A, potential   -22.63
 25802 / 100001 elapsed  3 system 0.80 temp 105.2 hbonds, Rg 121.0 A, potential   -47.83
 25902 / 100001 elapsed  0 system 0.80 temp 105.6 hbonds, Rg 107.4 A, potential   -27.49
 26202 / 100001 elapsed  1 system 0.80 temp  95.3 hbonds, Rg 103.3 A, potential   -19.46
 26202 / 100001 elapsed  2 system 0.80 temp 105.0 hbonds, Rg 104.0 A, potential   -28.84
 25902 / 100001 elapsed  3 system 0.80 temp 100.6 hbonds, Rg 121.1 A, potential   -38.67
 26002 / 100001 elapsed  0 system 0.80 temp 106.1 hbonds, Rg 108.7 A, potential   -97.84
 26302 / 100001 elapsed  1 system 0.80 temp  97.5 hbonds, Rg 103.7 A, potential   -19.08
 26302 / 100001 elapsed  2 system 0.80 temp 101.2 hbonds, Rg 104.8 A, potential    -8.80
 26002 / 100001 elapsed  3 system 0.80 temp  97.2 hbonds, Rg 120.4 A, potential    -8.43
 26102 / 100001 elapsed  0 system 0.80 temp 104.3 hbonds, Rg 107.6 A, potential   -38.42
 26402 / 100001 elapsed  1 system 0.80 temp  95.4 hbonds, Rg 103.5 A, potential   -55.19
 26402 / 100001 elapsed  2 system 0.80 temp 103.2 hbonds, Rg 103.6 A, potential   -49.45
 26102 / 100001 elapsed  3 system 0.80 temp 103.3 hbonds, Rg 121.4 A, potential   -24.11
 26202 / 100001 elapsed  0 system 0.80 temp 102.2 hbonds, Rg 105.7 A, potential   -21.02
 26502 / 100001 elapsed  1 system 0.80 temp  98.2 hbonds, Rg 102.7 A, potential   -29.94
 26502 / 100001 elapsed  2 system 0.80 temp  96.6 hbonds, Rg 102.0 A, potential   -31.55
 26202 / 100001 elapsed  3 system 0.80 temp  95.6 hbonds, Rg 117.9 A, potential    17.92
 26302 / 100001 elapsed  0 system 0.80 temp 107.4 hbonds, Rg 102.3 A, potential    -2.05
 26602 / 100001 elapsed  1 system 0.80 temp  96.1 hbonds, Rg 100.2 A, potential   -11.09
 26302 / 100001 elapsed  3 system 0.80 temp 103.7 hbonds, Rg 116.7 A, potential   -44.82
 26602 / 100001 elapsed  2 system 0.80 temp 103.8 hbonds, Rg 101.4 A, potential   -62.21
 26402 / 100001 elapsed  0 system 0.80 temp 107.0 hbonds, Rg  99.6 A, potential   -83.52
 26702 / 100001 elapsed  1 system 0.80 temp  97.1 hbonds, Rg 100.1 A, potential   -55.60
 26402 / 100001 elapsed  3 system 0.80 temp 103.4 hbonds, Rg 116.8 A, potential   -21.76
 26702 / 100001 elapsed  2 system 0.80 temp  99.8 hbonds, Rg 101.8 A, potential   -31.20
 26502 / 100001 elapsed  0 system 0.80 temp 109.8 hbonds, Rg 100.2 A, potential   -28.44
 26802 / 100001 elapsed  1 system 0.80 temp 100.1 hbonds, Rg  97.8 A, potential   -14.50
 26502 / 100001 elapsed  3 system 0.80 temp 100.0 hbonds, Rg 115.2 A, potential   -31.55
 26802 / 100001 elapsed  2 system 0.80 temp 102.7 hbonds, Rg 102.7 A, potential    -9.40
 26602 / 100001 elapsed  0 system 0.80 temp 106.4 hbonds, Rg  99.9 A, potential   -39.65
 26902 / 100001 elapsed  1 system 0.80 temp 102.4 hbonds, Rg  99.6 A, potential   -53.81
 26602 / 100001 elapsed  3 system 0.80 temp  96.5 hbonds, Rg 115.8 A, potential   -21.42
 26902 / 100001 elapsed  2 system 0.80 temp  93.9 hbonds, Rg 102.5 A, potential   -24.97
 26702 / 100001 elapsed  0 system 0.80 temp 106.1 hbonds, Rg 102.7 A, potential   -48.23
 27002 / 100001 elapsed  1 system 0.80 temp 100.6 hbonds, Rg 100.9 A, potential   -60.64
 26702 / 100001 elapsed  3 system 0.80 temp  97.6 hbonds, Rg 116.2 A, potential   -19.98
 27002 / 100001 elapsed  2 system 0.80 temp  97.6 hbonds, Rg 104.2 A, potential   -22.41
 26802 / 100001 elapsed  0 system 0.80 temp 109.2 hbonds, Rg 104.1 A, potential   -19.05
 27102 / 100001 elapsed  1 system 0.80 temp  98.4 hbonds, Rg  98.1 A, potential   -40.13
 26802 / 100001 elapsed  3 system 0.80 temp 101.8 hbonds, Rg 115.8 A, potential   -16.91
 27102 / 100001 elapsed  2 system 0.80 temp  94.6 hbonds, Rg 102.8 A, potential    -2.53
 26902 / 100001 elapsed  0 system 0.80 temp 108.3 hbonds, Rg 103.5 A, potential   -47.38
 27202 / 100001 elapsed  1 system 0.80 temp 104.3 hbonds, Rg  99.9 A, potential   -48.85
 26902 / 100001 elapsed  3 system 0.80 temp  96.9 hbonds, Rg 114.5 A, potential    -6.41
 27202 / 100001 elapsed  2 system 0.80 temp  98.9 hbonds, Rg 102.3 A, potential   -34.00
 27002 / 100001 elapsed  0 system 0.80 temp 106.3 hbonds, Rg 103.2 A, potential   -15.45
 27002 / 100001 elapsed  3 system 0.80 temp 101.3 hbonds, Rg 113.4 A, potential   -78.61
 27302 / 100001 elapsed  1 system 0.80 temp 105.1 hbonds, Rg 100.9 A, potential   -32.11
 27302 / 100001 elapsed  2 system 0.80 temp  97.6 hbonds, Rg 103.7 A, potential   -23.40
 27102 / 100001 elapsed  0 system 0.80 temp 109.6 hbonds, Rg 103.6 A, potential   -90.18
 27102 / 100001 elapsed  3 system 0.80 temp  99.7 hbonds, Rg 114.5 A, potential   -47.31
 27402 / 100001 elapsed  1 system 0.80 temp  95.8 hbonds, Rg  98.9 A, potential   -26.49
 27402 / 100001 elapsed  2 system 0.80 temp  96.6 hbonds, Rg 103.3 A, potential    -7.40
 27202 / 100001 elapsed  3 system 0.80 temp  98.1 hbonds, Rg 115.2 A, potential   -27.16
 27202 / 100001 elapsed  0 system 0.80 temp 109.4 hbonds, Rg 101.2 A, potential   -77.31
 27502 / 100001 elapsed  2 system 0.80 temp 100.9 hbonds, Rg 103.7 A, potential   -53.25
 27502 / 100001 elapsed  1 system 0.80 temp 100.4 hbonds, Rg  97.6 A, potential   -15.66
 27302 / 100001 elapsed  3 system 0.80 temp 101.7 hbonds, Rg 114.6 A, potential   -46.99
 27302 / 100001 elapsed  0 system 0.80 temp 106.5 hbonds, Rg 100.6 A, potential   -46.93
 27602 / 100001 elapsed  2 system 0.80 temp  99.1 hbonds, Rg 104.7 A, potential   -19.44
 27602 / 100001 elapsed  1 system 0.80 temp 102.5 hbonds, Rg  99.1 A, potential    -9.20
 27402 / 100001 elapsed  3 system 0.80 temp  97.1 hbonds, Rg 116.1 A, potential    -3.11
 27702 / 100001 elapsed  2 system 0.80 temp  97.1 hbonds, Rg 104.9 A, potential   -16.02
 27402 / 100001 elapsed  0 system 0.80 temp 105.8 hbonds, Rg 100.1 A, potential   -48.02
 27702 / 100001 elapsed  1 system 0.80 temp  97.9 hbonds, Rg  96.6 A, potential   -24.01
 27502 / 100001 elapsed  3 system 0.80 temp 102.0 hbonds, Rg 116.1 A, potential   -42.76
 27802 / 100001 elapsed  2 system 0.80 temp  99.5 hbonds, Rg 106.7 A, potential   -36.25
 27502 / 100001 elapsed  0 system 0.80 temp 106.6 hbonds, Rg  98.2 A, potential   -61.83
 27802 / 100001 elapsed  1 system 0.80 temp  99.8 hbonds, Rg  97.8 A, potential   -53.90
 27602 / 100001 elapsed  3 system 0.80 temp 101.4 hbonds, Rg 116.7 A, potential     4.21
 27902 / 100001 elapsed  2 system 0.80 temp 100.5 hbonds, Rg 107.1 A, potential   -37.30
 27602 / 100001 elapsed  0 system 0.80 temp 100.2 hbonds, Rg  99.2 A, potential   -43.40
 27902 / 100001 elapsed  1 system 0.80 temp 106.0 hbonds, Rg  97.4 A, potential   -23.40
 27702 / 100001 elapsed  3 system 0.80 temp 103.4 hbonds, Rg 118.2 A, potential   -38.44
 27702 / 100001 elapsed  0 system 0.80 temp 108.2 hbonds, Rg  99.7 A, potential   -61.43
 28002 / 100001 elapsed  2 system 0.80 temp  95.1 hbonds, Rg 108.4 A, potential   -35.46
 28002 / 100001 elapsed  1 system 0.80 temp  97.8 hbonds, Rg  97.8 A, potential     5.18
 27802 / 100001 elapsed  3 system 0.80 temp 103.2 hbonds, Rg 117.8 A, potential   -84.57
 28102 / 100001 elapsed  2 system 0.80 temp  98.8 hbonds, Rg 107.9 A, potential   -23.67
 27802 / 100001 elapsed  0 system 0.80 temp 103.1 hbonds, Rg  98.9 A, potential   -41.17
 28102 / 100001 elapsed  1 system 0.80 temp 105.6 hbonds, Rg  98.1 A, potential   -46.58
 28202 / 100001 elapsed  2 system 0.80 temp  95.3 hbonds, Rg 108.0 A, potential   -30.24
 27902 / 100001 elapsed  3 system 0.80 temp 101.8 hbonds, Rg 119.6 A, potential   -39.20
 27902 / 100001 elapsed  0 system 0.80 temp 107.1 hbonds, Rg  95.7 A, potential     8.31
 28202 / 100001 elapsed  1 system 0.80 temp 102.5 hbonds, Rg  97.4 A, potential    -3.45
 28302 / 100001 elapsed  2 system 0.80 temp 102.6 hbonds, Rg 107.9 A, potential   -36.05
 28002 / 100001 elapsed  3 system 0.80 temp 106.1 hbonds, Rg 117.6 A, potential   -41.77
 28002 / 100001 elapsed  0 system 0.80 temp 109.1 hbonds, Rg  95.2 A, potential   -79.56
 28302 / 100001 elapsed  1 system 0.80 temp 106.0 hbonds, Rg  95.9 A, potential   -31.04
 28402 / 100001 elapsed  2 system 0.80 temp  97.2 hbonds, Rg 109.1 A, potential   -24.89
 28102 / 100001 elapsed  0 system 0.80 temp 106.7 hbonds, Rg  94.2 A, potential   -43.62
 28102 / 100001 elapsed  3 system 0.80 temp  99.1 hbonds, Rg 114.8 A, potential   -35.93
 28402 / 100001 elapsed  1 system 0.80 temp  99.1 hbonds, Rg  95.3 A, potential   -20.81
 28502 / 100001 elapsed  2 system 0.80 temp 103.3 hbonds, Rg 109.1 A, potential   -22.40
 28202 / 100001 elapsed  0 system 0.80 temp 102.6 hbonds, Rg  94.3 A, potential   -36.90
 28202 / 100001 elapsed  3 system 0.80 temp 100.1 hbonds, Rg 115.3 A, potential   -56.19
 28502 / 100001 elapsed  1 system 0.80 temp 103.9 hbonds, Rg  95.7 A, potential   -18.66
 28602 / 100001 elapsed  2 system 0.80 temp  95.3 hbonds, Rg 107.5 A, potential   -44.29
 28302 / 100001 elapsed  0 system 0.80 temp 101.8 hbonds, Rg  93.0 A, potential   -48.62
 28302 / 100001 elapsed  3 system 0.80 temp 100.9 hbonds, Rg 116.6 A, potential   -17.69
 28602 / 100001 elapsed  1 system 0.80 temp 104.0 hbonds, Rg  94.4 A, potential   -12.75
 28702 / 100001 elapsed  2 system 0.80 temp 101.5 hbonds, Rg 110.2 A, potential   -33.89
 28402 / 100001 elapsed  0 system 0.80 temp 103.8 hbonds, Rg  94.9 A, potential   -47.49
 28702 / 100001 elapsed  1 system 0.80 temp 106.8 hbonds, Rg  95.9 A, potential   -72.82
 28402 / 100001 elapsed  3 system 0.80 temp 105.1 hbonds, Rg 118.6 A, potential   -28.80
 28802 / 100001 elapsed  2 system 0.80 temp 104.0 hbonds, Rg 108.1 A, potential   -42.98
 28502 / 100001 elapsed  0 system 0.80 temp 100.4 hbonds, Rg  93.7 A, potential   -56.94
 28502 / 100001 elapsed  3 system 0.80 temp  99.3 hbonds, Rg 117.8 A, potential     4.89
 28802 / 100001 elapsed  1 system 0.80 temp 105.8 hbonds, Rg  95.7 A, potential   -18.07
 28902 / 100001 elapsed  2 system 0.80 temp 101.6 hbonds, Rg 109.6 A, potential   -19.63
 28602 / 100001 elapsed  0 system 0.80 temp 107.3 hbonds, Rg  91.7 A, potential   -12.05
 28602 / 100001 elapsed  3 system 0.80 temp 102.4 hbonds, Rg 118.1 A, potential   -50.07
 28902 / 100001 elapsed  1 system 0.80 temp 105.2 hbonds, Rg  95.4 A, potential    -7.86
 29002 / 100001 elapsed  2 system 0.80 temp  96.2 hbonds, Rg 110.8 A, potential    -3.31
 28702 / 100001 elapsed  0 system 0.80 temp 107.8 hbonds, Rg  92.0 A, potential   -35.61
 28702 / 100001 elapsed  3 system 0.80 temp  99.7 hbonds, Rg 119.1 A, potential   -34.06
 29002 / 100001 elapsed  1 system 0.80 temp 102.3 hbonds, Rg  97.8 A, potential   -38.35
 29102 / 100001 elapsed  2 system 0.80 temp 103.5 hbonds, Rg 111.6 A, potential   -56.50
 28802 / 100001 elapsed  0 system 0.80 temp 104.5 hbonds, Rg  94.6 A, potential    -0.39
 28802 / 100001 elapsed  3 system 0.80 temp 102.0 hbonds, Rg 119.4 A, potential   -46.28
 29102 / 100001 elapsed  1 system 0.80 temp 102.6 hbonds, Rg  99.9 A, potential   -25.58
 29202 / 100001 elapsed  2 system 0.80 temp  99.3 hbonds, Rg 111.0 A, potential   -30.08
 28902 / 100001 elapsed  3 system 0.80 temp 103.0 hbonds, Rg 117.0 A, potential   -58.17
 28902 / 100001 elapsed  0 system 0.80 temp 112.3 hbonds, Rg  94.8 A, potential   -15.55
 29202 / 100001 elapsed  1 system 0.80 temp 104.5 hbonds, Rg  99.7 A, potential   -53.35
 29302 / 100001 elapsed  2 system 0.80 temp  96.3 hbonds, Rg 112.9 A, potential   -47.17
 29002 / 100001 elapsed  3 system 0.80 temp 100.3 hbonds, Rg 117.7 A, potential   -33.21
 29002 / 100001 elapsed  0 system 0.80 temp 104.4 hbonds, Rg  92.9 A, potential   -61.85
 29302 / 100001 elapsed  1 system 0.80 temp 103.3 hbonds, Rg  98.1 A, potential   -28.68
 29402 / 100001 elapsed  2 system 0.80 temp  99.2 hbonds, Rg 110.4 A, potential   -32.71
 29102 / 100001 elapsed  3 system 0.80 temp 102.0 hbonds, Rg 117.0 A, potential   -60.68
 29102 / 100001 elapsed  0 system 0.80 temp 104.9 hbonds, Rg  92.4 A, potential   -26.56
 29402 / 100001 elapsed  1 system 0.80 temp  99.8 hbonds, Rg  97.3 A, potential   -32.08
 29502 / 100001 elapsed  2 system 0.80 temp  98.3 hbonds, Rg 108.8 A, potential   -26.27
 29202 / 100001 elapsed  3 system 0.80 temp 101.4 hbonds, Rg 117.2 A, potential   -29.27
 29202 / 100001 elapsed  0 system 0.80 temp 107.3 hbonds, Rg  92.2 A, potential   -30.56
 29502 / 100001 elapsed  1 system 0.80 temp 113.1 hbonds, Rg  96.1 A, potential   -82.13
 29602 / 100001 elapsed  2 system 0.80 temp  96.6 hbonds, Rg 108.0 A, potential   -44.76
 29302 / 100001 elapsed  3 system 0.80 temp 103.4 hbonds, Rg 116.6 A, potential   -41.80
 29302 / 100001 elapsed  0 system 0.80 temp 112.4 hbonds, Rg  92.8 A, potential   -28.59
 29602 / 100001 elapsed  1 system 0.80 temp 108.0 hbonds, Rg  95.3 A, potential   -61.66
 29702 / 100001 elapsed  2 system 0.80 temp  96.6 hbonds, Rg 110.6 A, potential    -9.52
 29402 / 100001 elapsed  3 system 0.80 temp  98.0 hbonds, Rg 116.7 A, potential   -51.24
 29402 / 100001 elapsed  0 system 0.80 temp 107.2 hbonds, Rg  92.9 A, potential   -28.50
 29702 / 100001 elapsed  1 system 0.80 temp 112.0 hbonds, Rg  94.3 A, potential   -32.77
 29802 / 100001 elapsed  2 system 0.80 temp 100.1 hbonds, Rg 113.4 A, potential   -16.60
 29502 / 100001 elapsed  3 system 0.80 temp 102.4 hbonds, Rg 117.8 A, potential   -43.22
 29502 / 100001 elapsed  0 system 0.80 temp 105.7 hbonds, Rg  93.1 A, potential   -48.46
 29802 / 100001 elapsed  1 system 0.80 temp 104.6 hbonds, Rg  94.9 A, potential   -47.21
 29902 / 100001 elapsed  2 system 0.80 temp  95.3 hbonds, Rg 114.5 A, potential   -35.71
 29602 / 100001 elapsed  3 system 0.80 temp 103.1 hbonds, Rg 118.6 A, potential   -46.44
 29602 / 100001 elapsed  0 system 0.80 temp 109.6 hbonds, Rg  91.9 A, potential   -41.26
 29902 / 100001 elapsed  1 system 0.80 temp 104.4 hbonds, Rg  97.2 A, potential   -32.24
 30002 / 100001 elapsed  2 system 0.80 temp 103.5 hbonds, Rg 114.0 A, potential   -18.83
 29702 / 100001 elapsed  3 system 0.80 temp 103.4 hbonds, Rg 117.8 A, potential   -50.55
 29702 / 100001 elapsed  0 system 0.80 temp 110.5 hbonds, Rg  94.4 A, potential   -35.36
 30002 / 100001 elapsed  1 system 0.80 temp 107.6 hbonds, Rg  96.7 A, potential   -39.92
 30102 / 100001 elapsed  2 system 0.80 temp 103.6 hbonds, Rg 113.6 A, potential    -7.23
 29802 / 100001 elapsed  3 system 0.80 temp 104.5 hbonds, Rg 116.7 A, potential    -8.39
 29802 / 100001 elapsed  0 system 0.80 temp 105.4 hbonds, Rg  95.5 A, potential    -8.08
 30102 / 100001 elapsed  1 system 0.80 temp 107.1 hbonds, Rg  95.8 A, potential   -60.21
 30202 / 100001 elapsed  2 system 0.80 temp 101.4 hbonds, Rg 116.2 A, potential   -57.67
 29902 / 100001 elapsed  3 system 0.80 temp 100.0 hbonds, Rg 115.4 A, potential   -37.37
 30202 / 100001 elapsed  1 system 0.80 temp 106.4 hbonds, Rg  94.9 A, potential   -54.71
 29902 / 100001 elapsed  0 system 0.80 temp 111.3 hbonds, Rg  94.0 A, potential   -47.68
 30302 / 100001 elapsed  2 system 0.80 temp 100.8 hbonds, Rg 120.8 A, potential   -36.52
 30002 / 100001 elapsed  3 system 0.80 temp  98.4 hbonds, Rg 114.9 A, potential   -29.35
 30302 / 100001 elapsed  1 system 0.80 temp 111.3 hbonds, Rg  97.0 A, potential   -47.10
 30002 / 100001 elapsed  0 system 0.80 temp 110.6 hbonds, Rg  92.6 A, potential   -49.30
 30402 / 100001 elapsed  2 system 0.80 temp 100.0 hbonds, Rg 121.2 A, potential   -23.08
 30102 / 100001 elapsed  3 system 0.80 temp 100.5 hbonds, Rg 117.1 A, potential   -53.12
 30402 / 100001 elapsed  1 system 0.80 temp 102.9 hbonds, Rg  98.6 A, potential   -50.81
 30102 / 100001 elapsed  0 system 0.80 temp 112.9 hbonds, Rg  93.1 A, potential   -66.65
 30502 / 100001 elapsed  2 system 0.80 temp 104.1 hbonds, Rg 120.7 A, potential   -51.73
 30202 / 100001 elapsed  3 system 0.80 temp 104.8 hbonds, Rg 117.8 A, potential   -64.63
 30502 / 100001 elapsed  1 system 0.80 temp 104.5 hbonds, Rg  99.1 A, potential   -57.30
 30202 / 100001 elapsed  0 system 0.80 temp 111.5 hbonds, Rg  92.8 A, potential   -41.77
 30602 / 100001 elapsed  2 system 0.80 temp 104.3 hbonds, Rg 121.1 A, potential   -49.10
 30302 / 100001 elapsed  3 system 0.80 temp 101.0 hbonds, Rg 118.0 A, potential   -53.07
 30602 / 100001 elapsed  1 system 0.80 temp 102.6 hbonds, Rg 101.0 A, potential   -25.18
 30302 / 100001 elapsed  0 system 0.80 temp 112.8 hbonds, Rg  93.5 A, potential   -61.63
 30702 / 100001 elapsed  2 system 0.80 temp  99.0 hbonds, Rg 122.1 A, potential   -82.61
 30402 / 100001 elapsed  3 system 0.80 temp 104.9 hbonds, Rg 118.9 A, potential   -54.35
 30702 / 100001 elapsed  1 system 0.80 temp  98.5 hbonds, Rg 100.6 A, potential   -10.35
 30402 / 100001 elapsed  0 system 0.80 temp 110.7 hbonds, Rg  92.1 A, potential   -43.00
 30802 / 100001 elapsed  2 system 0.80 temp  98.6 hbonds, Rg 122.9 A, potential   -22.63
 30502 / 100001 elapsed  3 system 0.80 temp  98.2 hbonds, Rg 116.9 A, potential   -28.36
 30802 / 100001 elapsed  1 system 0.80 temp 108.8 hbonds, Rg 100.5 A, potential   -28.72
 30502 / 100001 elapsed  0 system 0.80 temp 108.9 hbonds, Rg  93.5 A, potential   -60.16
 30902 / 100001 elapsed  2 system 0.80 temp 104.8 hbonds, Rg 125.1 A, potential    -0.01
 30602 / 100001 elapsed  3 system 0.80 temp  99.5 hbonds, Rg 115.8 A, potential   -16.60
 30902 / 100001 elapsed  1 system 0.80 temp 105.9 hbonds, Rg 102.3 A, potential   -10.68
 30602 / 100001 elapsed  0 system 0.80 temp 109.9 hbonds, Rg  95.0 A, potential   -35.50
 31002 / 100001 elapsed  2 system 0.80 temp  97.9 hbonds, Rg 123.1 A, potential   -59.04
 30702 / 100001 elapsed  3 system 0.80 temp 105.0 hbonds, Rg 114.2 A, potential   -56.47
 30702 / 100001 elapsed  0 system 0.80 temp 112.3 hbonds, Rg  96.4 A, potential   -53.27
 31002 / 100001 elapsed  1 system 0.80 temp 105.9 hbonds, Rg 102.5 A, potential   -36.23
 31102 / 100001 elapsed  2 system 0.80 temp  95.7 hbonds, Rg 122.3 A, potential   -21.37
 30802 / 100001 elapsed  3 system 0.80 temp 106.6 hbonds, Rg 114.4 A, potential   -49.51
 30802 / 100001 elapsed  0 system 0.80 temp 112.0 hbonds, Rg  93.6 A, potential   -59.09
 31102 / 100001 elapsed  1 system 0.80 temp 102.8 hbonds, Rg 101.3 A, potential    14.85
 31202 / 100001 elapsed  2 system 0.80 temp 100.0 hbonds, Rg 122.8 A, potential   -26.94
 30902 / 100001 elapsed  3 system 0.80 temp 103.1 hbonds, Rg 112.7 A, potential   -46.56
 30902 / 100001 elapsed  0 system 0.80 temp 108.9 hbonds, Rg  92.4 A, potential   -74.19
 31202 / 100001 elapsed  1 system 0.80 temp 108.3 hbonds, Rg 101.3 A, potential   -63.83
 31303 / 100001 elapsed  2 system 0.80 temp 103.0 hbonds, Rg 122.2 A, potential   -43.76
 31002 / 100001 elapsed  3 system 0.80 temp 106.3 hbonds, Rg 114.5 A, potential   -24.92
 31002 / 100001 elapsed  0 system 0.80 temp 116.6 hbonds, Rg  92.0 A, potential   -88.96
 31303 / 100001 elapsed  1 system 0.80 temp 104.7 hbonds, Rg 100.9 A, potential   -53.76
 31403 / 100001 elapsed  2 system 0.80 temp 101.6 hbonds, Rg 124.2 A, potential    -8.63
 31102 / 100001 elapsed  3 system 0.80 temp  95.2 hbonds, Rg 113.9 A, potential    -9.41
 31102 / 100001 elapsed  0 system 0.80 temp 113.3 hbonds, Rg  93.4 A, potential   -47.96
 31403 / 100001 elapsed  1 system 0.80 temp 109.8 hbonds, Rg  98.1 A, potential   -31.18
 31503 / 100001 elapsed  2 system 0.80 temp 100.3 hbonds, Rg 124.9 A, potential   -63.25
 31202 / 100001 elapsed  3 system 0.80 temp  96.8 hbonds, Rg 111.6 A, potential   -18.97
 31202 / 100001 elapsed  0 system 0.80 temp 115.2 hbonds, Rg  92.7 A, potential   -56.52
 31603 / 100001 elapsed  2 system 0.80 temp 105.2 hbonds, Rg 125.4 A, potential   -52.74
 31503 / 100001 elapsed  1 system 0.80 temp 109.4 hbonds, Rg 100.0 A, potential   -64.83
 31303 / 100001 elapsed  3 system 0.80 temp  96.4 hbonds, Rg 112.6 A, potential    -7.69
 31303 / 100001 elapsed  0 system 0.80 temp 111.3 hbonds, Rg  93.6 A, potential   -63.28
 31703 / 100001 elapsed  2 system 0.80 temp  99.1 hbonds, Rg 127.5 A, potential   -42.10
 31603 / 100001 elapsed  1 system 0.80 temp 110.4 hbonds, Rg 100.3 A, potential   -63.65
 31403 / 100001 elapsed  3 system 0.80 temp 100.5 hbonds, Rg 112.3 A, potential   -45.16
 31403 / 100001 elapsed  0 system 0.80 temp 116.5 hbonds, Rg  94.3 A, potential   -83.66
 31803 / 100001 elapsed  2 system 0.80 temp 104.6 hbonds, Rg 124.8 A, potential   -36.96
 31703 / 100001 elapsed  1 system 0.80 temp 105.8 hbonds, Rg  98.5 A, potential   -62.50
 31503 / 100001 elapsed  3 system 0.80 temp 106.0 hbonds, Rg 112.9 A, potential   -50.13
 31503 / 100001 elapsed  0 system 0.80 temp 112.2 hbonds, Rg  93.3 A, potential   -99.19
 31903 / 100001 elapsed  2 system 0.80 temp 102.5 hbonds, Rg 124.5 A, potential   -53.10
 31803 / 100001 elapsed  1 system 0.80 temp 110.3 hbonds, Rg  96.3 A, potential   -37.55
 31603 / 100001 elapsed  3 system 0.80 temp 106.2 hbonds, Rg 112.8 A, potential   -39.23
 31603 / 100001 elapsed  0 system 0.80 temp 113.2 hbonds, Rg  92.2 A, potential   -58.18
 32003 / 100001 elapsed  2 system 0.80 temp 103.0 hbonds, Rg 119.3 A, potential   -31.49
 31903 / 100001 elapsed  1 system 0.80 temp 107.3 hbonds, Rg  97.3 A, potential   -69.70
 31703 / 100001 elapsed  3 system 0.80 temp 100.0 hbonds, Rg 111.6 A, potential   -37.00
 32103 / 100001 elapsed  2 system 0.80 temp 100.2 hbonds, Rg 121.4 A, potential   -23.49
 31703 / 100001 elapsed  0 system 0.80 temp 108.7 hbonds, Rg  92.5 A, potential   -84.22
 32003 / 100001 elapsed  1 system 0.80 temp 113.0 hbonds, Rg  99.1 A, potential   -58.03
 31803 / 100001 elapsed  3 system 0.80 temp 105.3 hbonds, Rg 109.5 A, potential   -53.04
 32203 / 100001 elapsed  2 system 0.80 temp 102.0 hbonds, Rg 122.1 A, potential   -30.48
 31803 / 100001 elapsed  0 system 0.80 temp 107.3 hbonds, Rg  90.8 A, potential   -87.45
 31903 / 100001 elapsed  3 system 0.80 temp 105.1 hbonds, Rg 110.4 A, potential   -27.53
 32103 / 100001 elapsed  1 system 0.80 temp 105.0 hbonds, Rg  99.7 A, potential   -23.60
 32303 / 100001 elapsed  2 system 0.80 temp  99.1 hbonds, Rg 125.1 A, potential   -32.47
 31903 / 100001 elapsed  0 system 0.80 temp 102.3 hbonds, Rg  90.3 A, potential   -39.53
 32003 / 100001 elapsed  3 system 0.80 temp 102.9 hbonds, Rg 111.8 A, potential   -40.58
 32203 / 100001 elapsed  1 system 0.80 temp 102.7 hbonds, Rg  96.1 A, potential   -80.45
 32403 / 100001 elapsed  2 system 0.80 temp 105.8 hbonds, Rg 124.5 A, potential   -47.40
 32003 / 100001 elapsed  0 system 0.80 temp 105.7 hbonds, Rg  88.8 A, potential   -72.27
 32103 / 100001 elapsed  3 system 0.80 temp 101.5 hbonds, Rg 110.0 A, potential    -4.03
 32303 / 100001 elapsed  1 system 0.80 temp 107.9 hbonds, Rg  97.6 A, potential   -42.28
 32503 / 100001 elapsed  2 system 0.80 temp 105.0 hbonds, Rg 124.9 A, potential   -66.56
 32103 / 100001 elapsed  0 system 0.80 temp 106.3 hbonds, Rg  89.5 A, potential   -43.04
 32203 / 100001 elapsed  3 system 0.80 temp 106.4 hbonds, Rg 110.8 A, potential   -51.01
 32403 / 100001 elapsed  1 system 0.80 temp  98.2 hbonds, Rg  96.1 A, potential   -13.11
 32603 / 100001 elapsed  2 system 0.80 temp  98.9 hbonds, Rg 124.4 A, potential   -38.43
 32203 / 100001 elapsed  0 system 0.80 temp 100.8 hbonds, Rg  90.4 A, potential   -28.48
 32303 / 100001 elapsed  3 system 0.80 temp 104.1 hbonds, Rg 109.1 A, potential   -45.63
 32503 / 100001 elapsed  1 system 0.80 temp 113.1 hbonds, Rg  95.2 A, potential   -44.28
 32703 / 100001 elapsed  2 system 0.80 temp 100.6 hbonds, Rg 125.7 A, potential   -34.43
 32303 / 100001 elapsed  0 system 0.80 temp 104.7 hbonds, Rg  88.7 A, potential   -47.75
 32403 / 100001 elapsed  3 system 0.80 temp 109.4 hbonds, Rg 108.1 A, potential   -75.70
 32603 / 100001 elapsed  1 system 0.80 temp 111.1 hbonds, Rg  93.6 A, potential   -51.47
 32803 / 100001 elapsed  2 system 0.80 temp 103.3 hbonds, Rg 125.2 A, potential   -45.41
 32403 / 100001 elapsed  0 system 0.80 temp 105.8 hbonds, Rg  89.7 A, potential   -32.08
 32503 / 100001 elapsed  3 system 0.80 temp 104.3 hbonds, Rg 106.5 A, potential   -47.74
 32703 / 100001 elapsed  1 system 0.80 temp 108.9 hbonds, Rg  93.8 A, potential   -42.16
 32903 / 100001 elapsed  2 system 0.80 temp 100.4 hbonds, Rg 126.3 A, potential   -41.39
 32503 / 100001 elapsed  0 system 0.80 temp 102.8 hbonds, Rg  92.1 A, potential   -10.90
 32603 / 100001 elapsed  3 system 0.80 temp 104.3 hbonds, Rg 106.9 A, potential   -53.87
 32803 / 100001 elapsed  1 system 0.80 temp 102.0 hbonds, Rg  93.1 A, potential   -12.80
 33003 / 100001 elapsed  2 system 0.80 temp 102.1 hbonds, Rg 125.1 A, potential   -53.78
 32603 / 100001 elapsed  0 system 0.80 temp  93.9 hbonds, Rg  91.4 A, potential    -4.19
 32703 / 100001 elapsed  3 system 0.80 temp 106.2 hbonds, Rg 107.5 A, potential   -54.58
 32903 / 100001 elapsed  1 system 0.80 temp 107.1 hbonds, Rg  95.6 A, potential   -64.50
 33103 / 100001 elapsed  2 system 0.80 temp  97.8 hbonds, Rg 124.7 A, potential   -33.64
 32703 / 100001 elapsed  0 system 0.80 temp 105.4 hbonds, Rg  90.5 A, potential   -40.68
 32803 / 100001 elapsed  3 system 0.80 temp 102.5 hbonds, Rg 104.6 A, potential   -32.45
 33003 / 100001 elapsed  1 system 0.80 temp 106.2 hbonds, Rg  95.4 A, potential   -31.20
 33203 / 100001 elapsed  2 system 0.80 temp  98.9 hbonds, Rg 124.8 A, potential   -22.68
 32803 / 100001 elapsed  0 system 0.80 temp 104.6 hbonds, Rg  90.0 A, potential   -25.49
 32903 / 100001 elapsed  3 system 0.80 temp 109.7 hbonds, Rg 102.7 A, potential   -48.95
 33303 / 100001 elapsed  2 system 0.80 temp  98.0 hbonds, Rg 125.2 A, potential    12.95
 33103 / 100001 elapsed  1 system 0.80 temp 102.6 hbonds, Rg  94.9 A, potential   -21.83
 32903 / 100001 elapsed  0 system 0.80 temp  97.8 hbonds, Rg  89.9 A, potential   -35.61
 33003 / 100001 elapsed  3 system 0.80 temp 104.3 hbonds, Rg 102.2 A, potential   -41.29
 33403 / 100001 elapsed  2 system 0.80 temp  89.7 hbonds, Rg 126.9 A, potential     5.11
 33203 / 100001 elapsed  1 system 0.80 temp 102.6 hbonds, Rg  94.7 A, potential   -47.63
 33003 / 100001 elapsed  0 system 0.80 temp 104.2 hbonds, Rg  91.9 A, potential   -31.14
 33103 / 100001 elapsed  3 system 0.80 temp 103.3 hbonds, Rg 103.5 A, potential   -39.46
 33503 / 100001 elapsed  2 system 0.80 temp  95.6 hbonds, Rg 127.4 A, potential   -11.82
 33303 / 100001 elapsed  1 system 0.80 temp 110.0 hbonds, Rg  96.0 A, potential   -35.92
 33103 / 100001 elapsed  0 system 0.80 temp 106.8 hbonds, Rg  90.4 A, potential   -15.22
 33203 / 100001 elapsed  3 system 0.80 temp 100.4 hbonds, Rg 104.9 A, potential   -43.06
 33603 / 100001 elapsed  2 system 0.80 temp  96.0 hbonds, Rg 125.1 A, potential    -7.12
 33203 / 100001 elapsed  0 system 0.80 temp 104.2 hbonds, Rg  90.5 A, potential   -19.60
 33403 / 100001 elapsed  1 system 0.80 temp 105.7 hbonds, Rg  98.2 A, potential   -45.11
 33303 / 100001 elapsed  3 system 0.80 temp 104.0 hbonds, Rg 105.0 A, potential   -16.71
 33703 / 100001 elapsed  2 system 0.80 temp  97.1 hbonds, Rg 126.6 A, potential   -43.55
 33303 / 100001 elapsed  0 system 0.80 temp 105.3 hbonds, Rg  90.3 A, potential   -40.76
 33403 / 100001 elapsed  3 system 0.80 temp 110.5 hbonds, Rg 107.1 A, potential   -80.84
 33503 / 100001 elapsed  1 system 0.80 temp 110.2 hbonds, Rg  99.0 A, potential   -25.20
 33803 / 100001 elapsed  2 system 0.80 temp 102.6 hbonds, Rg 125.2 A, potential   -45.08
 33403 / 100001 elapsed  0 system 0.80 temp 104.1 hbonds, Rg  91.2 A, potential   -48.76
 33503 / 100001 elapsed  3 system 0.80 temp 109.0 hbonds, Rg 106.0 A, potential   -46.78
 33603 / 100001 elapsed  1 system 0.80 temp 102.8 hbonds, Rg  98.3 A, potential   -52.37
 33903 / 100001 elapsed  2 system 0.80 temp 101.4 hbonds, Rg 125.5 A, potential   -16.86
 33503 / 100001 elapsed  0 system 0.80 temp 101.0 hbonds, Rg  90.9 A, potential   -26.45
 33603 / 100001 elapsed  3 system 0.80 temp 108.8 hbonds, Rg 106.4 A, potential   -69.82
 33703 / 100001 elapsed  1 system 0.80 temp 105.2 hbonds, Rg  97.3 A, potential   -52.60
 34003 / 100001 elapsed  2 system 0.80 temp  99.5 hbonds, Rg 127.9 A, potential   -34.36
 33603 / 100001 elapsed  0 system 0.80 temp 101.4 hbonds, Rg  89.2 A, potential    -4.04
 33703 / 100001 elapsed  3 system 0.80 temp 104.5 hbonds, Rg 105.2 A, potential   -59.78
 33803 / 100001 elapsed  1 system 0.80 temp 104.9 hbonds, Rg  98.4 A, potential   -15.46
 34103 / 100001 elapsed  2 system 0.80 temp 100.7 hbonds, Rg 129.5 A, potential   -28.59
 33703 / 100001 elapsed  0 system 0.80 temp 109.0 hbonds, Rg  90.5 A, potential   -61.10
 33803 / 100001 elapsed  3 system 0.80 temp 105.7 hbonds, Rg 108.0 A, potential   -41.48
 33903 / 100001 elapsed  1 system 0.80 temp 103.8 hbonds, Rg  99.1 A, potential   -44.16
 34203 / 100001 elapsed  2 system 0.80 temp 101.1 hbonds, Rg 128.2 A, potential   -38.86
 33803 / 100001 elapsed  0 system 0.80 temp 104.4 hbonds, Rg  91.0 A, potential   -34.98
 33903 / 100001 elapsed  3 system 0.80 temp 106.8 hbonds, Rg 108.7 A, potential   -24.91
 34003 / 100001 elapsed  1 system 0.80 temp  95.8 hbonds, Rg  98.2 A, potential   -26.07
 34303 / 100001 elapsed  2 system 0.80 temp 104.4 hbonds, Rg 128.3 A, potential   -17.78
 33903 / 100001 elapsed  0 system 0.80 temp 107.3 hbonds, Rg  90.4 A, potential   -19.06
 34003 / 100001 elapsed  3 system 0.80 temp 101.9 hbonds, Rg 108.4 A, potential   -39.96
 34403 / 100001 elapsed  2 system 0.80 temp 104.9 hbonds, Rg 130.4 A, potential   -42.88
 34103 / 100001 elapsed  1 system 0.80 temp 104.5 hbonds, Rg  97.6 A, potential   -51.41
 34003 / 100001 elapsed  0 system 0.80 temp 104.4 hbonds, Rg  89.9 A, potential   -56.48
 34103 / 100001 elapsed  3 system 0.80 temp 103.9 hbonds, Rg 109.5 A, potential   -42.16
 34503 / 100001 elapsed  2 system 0.80 temp 102.0 hbonds, Rg 133.9 A, potential   -45.91
 34203 / 100001 elapsed  1 system 0.80 temp 106.2 hbonds, Rg  95.8 A, potential   -47.90
 34103 / 100001 elapsed  0 system 0.80 temp  97.1 hbonds, Rg  92.0 A, potential   -39.56
 34203 / 100001 elapsed  3 system 0.80 temp 103.2 hbonds, Rg 110.0 A, potential   -37.21
 34603 / 100001 elapsed  2 system 0.80 temp  97.6 hbonds, Rg 132.8 A, potential   -26.02
 34303 / 100001 elapsed  1 system 0.80 temp 107.6 hbonds, Rg  96.1 A, potential   -53.16
 34203 / 100001 elapsed  0 system 0.80 temp 104.3 hbonds, Rg  93.2 A, potential   -35.05
 34303 / 100001 elapsed  3 system 0.80 temp 105.1 hbonds, Rg 107.7 A, potential   -81.43
 34703 / 100001 elapsed  2 system 0.80 temp  95.9 hbonds, Rg 134.3 A, potential    16.78
 34403 / 100001 elapsed  1 system 0.80 temp 109.3 hbonds, Rg  96.1 A, potential   -20.55
 34303 / 100001 elapsed  0 system 0.80 temp 106.1 hbonds, Rg  92.4 A, potential   -30.28
 34403 / 100001 elapsed  3 system 0.80 temp 108.8 hbonds, Rg 107.7 A, potential   -41.88
 34803 / 100001 elapsed  2 system 0.80 temp 104.4 hbonds, Rg 136.4 A, potential   -29.13
 34403 / 100001 elapsed  0 system 0.80 temp 107.9 hbonds, Rg  93.8 A, potential   -57.93
 34503 / 100001 elapsed  1 system 0.80 temp 106.1 hbonds, Rg  96.3 A, potential   -36.25
 34503 / 100001 elapsed  3 system 0.80 temp 107.3 hbonds, Rg 107.2 A, potential   -39.67
 34903 / 100001 elapsed  2 system 0.80 temp 101.9 hbonds, Rg 139.9 A, potential   -18.90
 34503 / 100001 elapsed  0 system 0.80 temp 106.5 hbonds, Rg  93.8 A, potential   -66.43
 34603 / 100001 elapsed  1 system 0.80 temp 107.8 hbonds, Rg  97.1 A, potential   -47.69
 34603 / 100001 elapsed  3 system 0.80 temp 105.1 hbonds, Rg 105.2 A, potential   -60.20
 35003 / 100001 elapsed  2 system 0.80 temp 105.5 hbonds, Rg 142.0 A, potential   -35.10
 34603 / 100001 elapsed  0 system 0.80 temp  97.1 hbonds, Rg  95.7 A, potential   -12.46
 34703 / 100001 elapsed  1 system 0.80 temp 108.9 hbonds, Rg  97.5 A, potential   -45.06
 34703 / 100001 elapsed  3 system 0.80 temp 105.6 hbonds, Rg 104.6 A, potential   -42.64
 35103 / 100001 elapsed  2 system 0.80 temp 102.2 hbonds, Rg 138.9 A, potential   -21.38
 34703 / 100001 elapsed  0 system 0.80 temp  98.6 hbonds, Rg  96.4 A, potential   -43.08
 34803 / 100001 elapsed  1 system 0.80 temp 104.1 hbonds, Rg  99.0 A, potential    -8.61
 34803 / 100001 elapsed  3 system 0.80 temp 102.9 hbonds, Rg 105.7 A, potential   -31.46
 35203 / 100001 elapsed  2 system 0.80 temp 104.8 hbonds, Rg 140.4 A, potential    -5.12
 34803 / 100001 elapsed  0 system 0.80 temp 100.5 hbonds, Rg  97.7 A, potential   -33.91
 34903 / 100001 elapsed  3 system 0.80 temp 103.8 hbonds, Rg 106.7 A, potential   -42.51
 34903 / 100001 elapsed  1 system 0.80 temp 109.1 hbonds, Rg  99.2 A, potential   -47.93
 35303 / 100001 elapsed  2 system 0.80 temp 105.9 hbonds, Rg 140.3 A, potential    -5.08
 34903 / 100001 elapsed  0 system 0.80 temp 102.3 hbonds, Rg 100.2 A, potential   -65.73
 35003 / 100001 elapsed  3 system 0.80 temp 107.4 hbonds, Rg 105.8 A, potential   -26.08
 35003 / 100001 elapsed  1 system 0.80 temp 109.6 hbonds, Rg  95.6 A, potential   -64.07
 35403 / 100001 elapsed  2 system 0.80 temp  96.7 hbonds, Rg 139.7 A, potential   -24.92
 35003 / 100001 elapsed  0 system 0.80 temp 100.6 hbonds, Rg 101.3 A, potential   -26.50
 35103 / 100001 elapsed  3 system 0.80 temp 107.6 hbonds, Rg 104.7 A, potential   -71.72
 35103 / 100001 elapsed  1 system 0.80 temp 107.3 hbonds, Rg  95.7 A, potential   -84.62
 35503 / 100001 elapsed  2 system 0.80 temp  98.3 hbonds, Rg 139.4 A, potential    15.20
 35103 / 100001 elapsed  0 system 0.80 temp 102.9 hbonds, Rg 102.2 A, potential   -14.14
 35203 / 100001 elapsed  3 system 0.80 temp 103.4 hbonds, Rg 106.3 A, potential   -39.22
 35203 / 100001 elapsed  1 system 0.80 temp 107.5 hbonds, Rg  94.9 A, potential   -39.96
 35603 / 100001 elapsed  2 system 0.80 temp 104.6 hbonds, Rg 138.0 A, potential   -31.65
 35203 / 100001 elapsed  0 system 0.80 temp 100.5 hbonds, Rg 101.9 A, potential   -14.33
 35303 / 100001 elapsed  3 system 0.80 temp  96.0 hbonds, Rg 105.4 A, potential   -24.48
 35303 / 100001 elapsed  1 system 0.80 temp 112.1 hbonds, Rg  94.1 A, potential   -33.16
 35703 / 100001 elapsed  2 system 0.80 temp 100.6 hbonds, Rg 140.9 A, potential   -24.15
 35303 / 100001 elapsed  0 system 0.80 temp 108.9 hbonds, Rg 100.1 A, potential   -55.23
 35403 / 100001 elapsed  3 system 0.80 temp 103.5 hbonds, Rg 104.0 A, potential     3.74
 35403 / 100001 elapsed  1 system 0.80 temp 104.3 hbonds, Rg  93.9 A, potential   -39.41
 35803 / 100001 elapsed  2 system 0.80 temp  99.3 hbonds, Rg 141.4 A, potential   -17.83
 35403 / 100001 elapsed  0 system 0.80 temp 102.2 hbonds, Rg 100.4 A, potential   -60.78
 35503 / 100001 elapsed  3 system 0.80 temp 110.2 hbonds, Rg 103.0 A, potential   -50.54
 35503 / 100001 elapsed  1 system 0.80 temp 112.8 hbonds, Rg  96.1 A, potential   -74.39
 35903 / 100001 elapsed  2 system 0.80 temp 100.5 hbonds, Rg 141.8 A, potential   -17.00
 35503 / 100001 elapsed  0 system 0.80 temp 103.2 hbonds, Rg 100.8 A, potential   -17.35
 35603 / 100001 elapsed  3 system 0.80 temp 103.0 hbonds, Rg 103.3 A, potential   -91.15
 35603 / 100001 elapsed  1 system 0.80 temp 110.5 hbonds, Rg  96.6 A, potential   -73.13
 36003 / 100001 elapsed  2 system 0.80 temp  97.1 hbonds, Rg 140.6 A, potential    -9.34
 35603 / 100001 elapsed  0 system 0.80 temp 100.8 hbonds, Rg 102.4 A, potential   -29.25
 35703 / 100001 elapsed  3 system 0.80 temp 102.5 hbonds, Rg 102.7 A, potential   -51.84
 35703 / 100001 elapsed  1 system 0.80 temp 113.1 hbonds, Rg  96.5 A, potential   -54.59
 36103 / 100001 elapsed  2 system 0.80 temp  96.4 hbonds, Rg 140.0 A, potential   -14.46
 35703 / 100001 elapsed  0 system 0.80 temp 103.5 hbonds, Rg 101.3 A, potential   -20.37
 35803 / 100001 elapsed  3 system 0.80 temp 104.9 hbonds, Rg 103.2 A, potential    -8.25
 35803 / 100001 elapsed  1 system 0.80 temp 107.1 hbonds, Rg  97.1 A, potential   -43.88
 36203 / 100001 elapsed  2 system 0.80 temp  92.6 hbonds, Rg 138.0 A, potential   -21.42
 35803 / 100001 elapsed  0 system 0.80 temp 106.1 hbonds, Rg 100.7 A, potential   -51.72
 35903 / 100001 elapsed  3 system 0.80 temp 101.0 hbonds, Rg 103.1 A, potential   -37.53
 35903 / 100001 elapsed  1 system 0.80 temp 105.2 hbonds, Rg  97.1 A, potential   -14.48
 36303 / 100001 elapsed  2 system 0.80 temp 103.4 hbonds, Rg 139.2 A, potential   -29.04
 35903 / 100001 elapsed  0 system 0.80 temp 103.4 hbonds, Rg  98.0 A, potential   -19.44
 36003 / 100001 elapsed  1 system 0.80 temp 104.5 hbonds, Rg  98.0 A, potential   -12.41
 36003 / 100001 elapsed  3 system 0.80 temp 100.0 hbonds, Rg 101.9 A, potential     8.21
 36403 / 100001 elapsed  2 system 0.80 temp 101.4 hbonds, Rg 138.4 A, potential   -23.12
 36003 / 100001 elapsed  0 system 0.80 temp 104.1 hbonds, Rg  96.0 A, potential   -38.68
 36103 / 100001 elapsed  1 system 0.80 temp 102.9 hbonds, Rg  98.2 A, potential   -27.54
 36103 / 100001 elapsed  3 system 0.80 temp 100.1 hbonds, Rg 103.2 A, potential   -21.60
 36503 / 100001 elapsed  2 system 0.80 temp 101.0 hbonds, Rg 139.7 A, potential   -30.38
 36103 / 100001 elapsed  0 system 0.80 temp  99.9 hbonds, Rg  96.8 A, potential   -28.97
 36203 / 100001 elapsed  1 system 0.80 temp  97.4 hbonds, Rg  98.5 A, potential    11.84
 36203 / 100001 elapsed  3 system 0.80 temp 107.3 hbonds, Rg 103.2 A, potential   -36.66
 36603 / 100001 elapsed  2 system 0.80 temp 101.7 hbonds, Rg 138.6 A, potential   -57.05
 36203 / 100001 elapsed  0 system 0.80 temp 106.5 hbonds, Rg  95.7 A, potential   -42.11
 36303 / 100001 elapsed  1 system 0.80 temp 100.8 hbonds, Rg  97.8 A, potential   -38.12
 36303 / 100001 elapsed  3 system 0.80 temp 104.8 hbonds, Rg 101.7 A, potential   -72.94
 36703 / 100001 elapsed  2 system 0.80 temp  97.7 hbonds, Rg 138.8 A, potential   -27.28
 36303 / 100001 elapsed  0 system 0.80 temp 104.4 hbonds, Rg  96.1 A, potential   -33.39
 36403 / 100001 elapsed  1 system 0.80 temp 109.4 hbonds, Rg  98.2 A, potential   -32.56
 36403 / 100001 elapsed  3 system 0.80 temp 105.0 hbonds, Rg 101.0 A, potential   -72.79
 36803 / 100001 elapsed  2 system 0.80 temp  99.4 hbonds, Rg 138.1 A, potential   -10.08
 36403 / 100001 elapsed  0 system 0.80 temp 103.0 hbonds, Rg  98.7 A, potential   -46.27
 36503 / 100001 elapsed  1 system 0.80 temp 104.1 hbonds, Rg  97.8 A, potential   -62.02
 36503 / 100001 elapsed  3 system 0.80 temp  98.6 hbonds, Rg 100.3 A, potential   -38.48
 36903 / 100001 elapsed  2 system 0.80 temp 103.1 hbonds, Rg 136.9 A, potential   -49.64
 36503 / 100001 elapsed  0 system 0.80 temp 108.8 hbonds, Rg  99.4 A, potential   -51.57
 36603 / 100001 elapsed  1 system 0.80 temp 104.9 hbonds, Rg  98.1 A, potential   -26.68
 36603 / 100001 elapsed  3 system 0.80 temp  97.3 hbonds, Rg 100.5 A, potential   -10.40
 37003 / 100001 elapsed  2 system 0.80 temp  97.9 hbonds, Rg 137.6 A, potential    31.61
 36603 / 100001 elapsed  0 system 0.80 temp 109.1 hbonds, Rg  97.6 A, potential   -17.06
 36703 / 100001 elapsed  1 system 0.80 temp 105.6 hbonds, Rg  98.0 A, potential   -50.30
 36703 / 100001 elapsed  3 system 0.80 temp 111.8 hbonds, Rg 102.0 A, potential   -14.61
 37103 / 100001 elapsed  2 system 0.80 temp 101.7 hbonds, Rg 138.3 A, potential   -22.43
 36703 / 100001 elapsed  0 system 0.80 temp 102.7 hbonds, Rg  99.6 A, potential   -42.53
 36803 / 100001 elapsed  1 system 0.80 temp 104.7 hbonds, Rg  96.1 A, potential     3.52
 36803 / 100001 elapsed  3 system 0.80 temp 102.2 hbonds, Rg 103.7 A, potential   -37.91
 37203 / 100001 elapsed  2 system 0.80 temp 104.3 hbonds, Rg 138.4 A, potential   -21.45
 36903 / 100001 elapsed  1 system 0.80 temp 105.1 hbonds, Rg  95.8 A, potential   -14.29
 36803 / 100001 elapsed  0 system 0.80 temp 103.4 hbonds, Rg  99.8 A, potential   -52.95
 36903 / 100001 elapsed  3 system 0.80 temp 106.3 hbonds, Rg 103.8 A, potential   -58.29
 37303 / 100001 elapsed  2 system 0.80 temp  97.4 hbonds, Rg 138.4 A, potential   -38.81
 37003 / 100001 elapsed  1 system 0.80 temp 105.2 hbonds, Rg  95.1 A, potential   -47.16
 36903 / 100001 elapsed  0 system 0.80 temp 106.1 hbonds, Rg 100.5 A, potential   -33.71
 37003 / 100001 elapsed  3 system 0.80 temp 106.7 hbonds, Rg 103.5 A, potential   -31.15
 37403 / 100001 elapsed  2 system 0.80 temp  99.3 hbonds, Rg 138.4 A, potential   -20.75
 37103 / 100001 elapsed  1 system 0.80 temp 108.0 hbonds, Rg  96.1 A, potential   -47.10
 37003 / 100001 elapsed  0 system 0.80 temp 106.3 hbonds, Rg 101.3 A, potential   -46.60
 37103 / 100001 elapsed  3 system 0.80 temp 106.5 hbonds, Rg 102.7 A, potential   -35.01
 37503 / 100001 elapsed  2 system 0.80 temp  95.5 hbonds, Rg 141.0 A, potential   -34.45
 37203 / 100001 elapsed  1 system 0.80 temp 105.6 hbonds, Rg  97.7 A, potential   -41.76
 37103 / 100001 elapsed  0 system 0.80 temp  94.5 hbonds, Rg 100.6 A, potential   -29.42
 37203 / 100001 elapsed  3 system 0.80 temp 103.4 hbonds, Rg 101.4 A, potential   -38.68
 37603 / 100001 elapsed  2 system 0.80 temp 100.3 hbonds, Rg 142.7 A, potential   -43.92
 37303 / 100001 elapsed  1 system 0.80 temp 101.9 hbonds, Rg  95.9 A, potential   -26.88
 37203 / 100001 elapsed  0 system 0.80 temp 108.3 hbonds, Rg 100.7 A, potential   -20.20
 37303 / 100001 elapsed  3 system 0.80 temp 108.6 hbonds, Rg  99.9 A, potential   -50.14
 37703 / 100001 elapsed  2 system 0.80 temp  99.7 hbonds, Rg 144.5 A, potential   -21.10
 37403 / 100001 elapsed  1 system 0.80 temp  95.6 hbonds, Rg  95.5 A, potential   -23.45
 37303 / 100001 elapsed  0 system 0.80 temp 104.8 hbonds, Rg 103.9 A, potential   -43.27
 37403 / 100001 elapsed  3 system 0.80 temp 104.0 hbonds, Rg 100.7 A, potential   -56.93
 37803 / 100001 elapsed  2 system 0.80 temp  98.8 hbonds, Rg 146.9 A, potential   -24.32
 37503 / 100001 elapsed  1 system 0.80 temp 102.8 hbonds, Rg  95.9 A, potential   -25.79
 37403 / 100001 elapsed  0 system 0.80 temp 102.6 hbonds, Rg 104.2 A, potential   -51.33
 37503 / 100001 elapsed  3 system 0.80 temp 107.0 hbonds, Rg 101.0 A, potential   -45.42
 37903 / 100001 elapsed  2 system 0.80 temp  95.1 hbonds, Rg 144.2 A, potential   -41.43
 37603 / 100001 elapsed  1 system 0.80 temp 105.4 hbonds, Rg  94.5 A, potential   -25.60
 37503 / 100001 elapsed  0 system 0.80 temp 104.9 hbonds, Rg 103.8 A, potential   -37.43
 37603 / 100001 elapsed  3 system 0.80 temp 107.9 hbonds, Rg 102.9 A, potential   -60.55
 38003 / 100001 elapsed  2 system 0.80 temp  99.9 hbonds, Rg 144.1 A, potential   -58.39
 37703 / 100001 elapsed  1 system 0.80 temp 102.0 hbonds, Rg  94.6 A, potential   -23.63
 37603 / 100001 elapsed  0 system 0.80 temp 105.9 hbonds, Rg 104.0 A, potential   -63.93
 37703 / 100001 elapsed  3 system 0.80 temp 108.0 hbonds, Rg 101.6 A, potential   -23.62
 38103 / 100001 elapsed  2 system 0.80 temp  97.2 hbonds, Rg 143.6 A, potential   -55.46
 37803 / 100001 elapsed  1 system 0.80 temp 102.8 hbonds, Rg  96.5 A, potential   -58.20
 37703 / 100001 elapsed  0 system 0.80 temp 102.1 hbonds, Rg 104.4 A, potential   -15.23
 37803 / 100001 elapsed  3 system 0.80 temp 108.1 hbonds, Rg 101.3 A, potential   -10.15
 38203 / 100001 elapsed  2 system 0.80 temp 102.0 hbonds, Rg 144.5 A, potential   -28.45
 37903 / 100001 elapsed  1 system 0.80 temp 107.4 hbonds, Rg  97.1 A, potential   -72.20
 37803 / 100001 elapsed  0 system 0.80 temp 107.7 hbonds, Rg 104.9 A, potential   -42.43
 37903 / 100001 elapsed  3 system 0.80 temp 109.0 hbonds, Rg 102.2 A, potential   -19.78
 38303 / 100001 elapsed  2 system 0.80 temp 103.5 hbonds, Rg 142.4 A, potential   -32.54
 38003 / 100001 elapsed  1 system 0.80 temp 103.2 hbonds, Rg  98.3 A, potential   -35.68
 37903 / 100001 elapsed  0 system 0.80 temp 106.6 hbonds, Rg 104.4 A, potential   -53.24
 38003 / 100001 elapsed  3 system 0.80 temp 106.4 hbonds, Rg 101.3 A, potential   -40.25
 38103 / 100001 elapsed  1 system 0.80 temp 101.0 hbonds, Rg  99.3 A, potential   -61.74
 38403 / 100001 elapsed  2 system 0.80 temp  98.1 hbonds, Rg 140.1 A, potential     7.47
 38003 / 100001 elapsed  0 system 0.80 temp 105.9 hbonds, Rg 103.2 A, potential   -23.83
 38203 / 100001 elapsed  1 system 0.80 temp 110.5 hbonds, Rg  98.1 A, potential   -42.55
 38503 / 100001 elapsed  2 system 0.80 temp 104.0 hbonds, Rg 141.4 A, potential   -18.41
 38103 / 100001 elapsed  3 system 0.80 temp 106.3 hbonds, Rg  99.2 A, potential   -64.07
 38103 / 100001 elapsed  0 system 0.80 temp 106.5 hbonds, Rg 103.2 A, potential   -32.75
 38303 / 100001 elapsed  1 system 0.80 temp 102.3 hbonds, Rg  99.6 A, potential   -20.24
 38203 / 100001 elapsed  3 system 0.80 temp 107.6 hbonds, Rg  99.1 A, potential   -53.92
 38603 / 100001 elapsed  2 system 0.80 temp 105.5 hbonds, Rg 139.2 A, potential   -55.48
 38203 / 100001 elapsed  0 system 0.80 temp 102.0 hbonds, Rg 104.1 A, potential   -11.00
 38403 / 100001 elapsed  1 system 0.80 temp 106.4 hbonds, Rg  99.0 A, potential   -63.05
 38303 / 100001 elapsed  3 system 0.80 temp 102.4 hbonds, Rg  98.0 A, potential   -26.15
 38703 / 100001 elapsed  2 system 0.80 temp  97.2 hbonds, Rg 139.0 A, potential   -31.50
 38303 / 100001 elapsed  0 system 0.80 temp 110.7 hbonds, Rg 103.7 A, potential   -36.43
 38503 / 100001 elapsed  1 system 0.80 temp 104.7 hbonds, Rg 100.0 A, potential   -60.12
 38403 / 100001 elapsed  3 system 0.80 temp 103.3 hbonds, Rg  96.1 A, potential   -41.67
 38803 / 100001 elapsed  2 system 0.80 temp  97.3 hbonds, Rg 141.3 A, potential   -26.95
 38403 / 100001 elapsed  0 system 0.80 temp 107.9 hbonds, Rg 106.0 A, potential   -16.75
 38603 / 100001 elapsed  1 system 0.80 temp 103.1 hbonds, Rg  97.9 A, potential   -63.79
 38503 / 100001 elapsed  3 system 0.80 temp 100.9 hbonds, Rg  95.6 A, potential   -41.97
 38903 / 100001 elapsed  2 system 0.80 temp  99.0 hbonds, Rg 142.0 A, potential   -25.77
 38503 / 100001 elapsed  0 system 0.80 temp 102.2 hbonds, Rg 105.8 A, potential   -68.85
 38703 / 100001 elapsed  1 system 0.80 temp 103.1 hbonds, Rg  97.6 A, potential   -42.18
 38603 / 100001 elapsed  3 system 0.80 temp 104.8 hbonds, Rg  97.7 A, potential   -23.27
 39003 / 100001 elapsed  2 system 0.80 temp 101.9 hbonds, Rg 140.4 A, potential   -64.27
 38603 / 100001 elapsed  0 system 0.80 temp 108.1 hbonds, Rg 105.2 A, potential   -62.06
 38803 / 100001 elapsed  1 system 0.80 temp 101.9 hbonds, Rg  95.4 A, potential   -62.23
 38703 / 100001 elapsed  3 system 0.80 temp  96.6 hbonds, Rg  97.0 A, potential   -20.09
 39103 / 100001 elapsed  2 system 0.80 temp 104.5 hbonds, Rg 141.1 A, potential   -13.65
 38703 / 100001 elapsed  0 system 0.80 temp 106.6 hbonds, Rg 104.9 A, potential   -10.21
 38903 / 100001 elapsed  1 system 0.80 temp 103.5 hbonds, Rg  96.2 A, potential   -23.72
 38803 / 100001 elapsed  3 system 0.80 temp 104.0 hbonds, Rg  99.0 A, potential   -48.32
 39203 / 100001 elapsed  2 system 0.80 temp 101.9 hbonds, Rg 141.8 A, potential   -44.38
 38803 / 100001 elapsed  0 system 0.80 temp 105.3 hbonds, Rg 103.5 A, potential    -8.84
 39003 / 100001 elapsed  1 system 0.80 temp 104.2 hbonds, Rg  99.5 A, potential   -26.98
 38903 / 100001 elapsed  3 system 0.80 temp 106.1 hbonds, Rg  98.9 A, potential   -27.46
 39303 / 100001 elapsed  2 system 0.80 temp  96.3 hbonds, Rg 142.0 A, potential   -43.94
 38903 / 100001 elapsed  0 system 0.80 temp  98.5 hbonds, Rg 103.2 A, potential     0.12
 39103 / 100001 elapsed  1 system 0.80 temp 107.2 hbonds, Rg 100.2 A, potential   -89.09
 39003 / 100001 elapsed  3 system 0.80 temp 106.2 hbonds, Rg  98.4 A, potential   -19.01
 39403 / 100001 elapsed  2 system 0.80 temp 100.2 hbonds, Rg 140.9 A, potential   -73.36
 39003 / 100001 elapsed  0 system 0.80 temp 107.2 hbonds, Rg 103.3 A, potential   -30.23
 39203 / 100001 elapsed  1 system 0.80 temp 100.3 hbonds, Rg  99.6 A, potential   -31.85
 39103 / 100001 elapsed  3 system 0.80 temp 108.8 hbonds, Rg  96.6 A, potential   -47.10
 39503 / 100001 elapsed  2 system 0.80 temp 102.4 hbonds, Rg 142.4 A, potential   -24.83
 39103 / 100001 elapsed  0 system 0.80 temp 103.4 hbonds, Rg 103.3 A, potential   -63.36
 39303 / 100001 elapsed  1 system 0.80 temp 114.2 hbonds, Rg  98.6 A, potential   -65.69
 39203 / 100001 elapsed  3 system 0.80 temp 100.5 hbonds, Rg  97.0 A, potential     1.03
 39603 / 100001 elapsed  2 system 0.80 temp 104.1 hbonds, Rg 145.3 A, potential   -36.16
 39203 / 100001 elapsed  0 system 0.80 temp 102.4 hbonds, Rg 102.9 A, potential   -32.14
 39403 / 100001 elapsed  1 system 0.80 temp 103.8 hbonds, Rg  97.4 A, potential   -34.11
 39303 / 100001 elapsed  3 system 0.80 temp 103.6 hbonds, Rg  96.7 A, potential   -54.83
 39703 / 100001 elapsed  2 system 0.80 temp  99.1 hbonds, Rg 143.4 A, potential   -19.26
 39303 / 100001 elapsed  0 system 0.80 temp 102.9 hbonds, Rg 101.7 A, potential   -29.15
 39503 / 100001 elapsed  1 system 0.80 temp 109.3 hbonds, Rg  97.6 A, potential   -40.29
 39403 / 100001 elapsed  3 system 0.80 temp 102.8 hbonds, Rg  97.8 A, potential   -31.62
 39803 / 100001 elapsed  2 system 0.80 temp  97.1 hbonds, Rg 143.7 A, potential   -33.92
 39403 / 100001 elapsed  0 system 0.80 temp 107.0 hbonds, Rg 102.3 A, potential   -40.51
 39603 / 100001 elapsed  1 system 0.80 temp 108.2 hbonds, Rg  95.4 A, potential   -66.20
 39503 / 100001 elapsed  3 system 0.80 temp 102.4 hbonds, Rg  97.5 A, potential   -46.31
 39903 / 100001 elapsed  2 system 0.80 temp  99.6 hbonds, Rg 145.0 A, potential   -34.57
 39503 / 100001 elapsed  0 system 0.80 temp 104.3 hbonds, Rg 102.8 A, potential   -52.39
 39703 / 100001 elapsed  1 system 0.80 temp 102.4 hbonds, Rg  95.8 A, potential     6.64
 39603 / 100001 elapsed  3 system 0.80 temp 108.3 hbonds, Rg  98.6 A, potential   -72.49
 40003 / 100001 elapsed  2 system 0.80 temp 102.5 hbonds, Rg 145.9 A, potential   -36.97
 39603 / 100001 elapsed  0 system 0.80 temp 104.5 hbonds, Rg 103.8 A, potential   -37.13
 39803 / 100001 elapsed  1 system 0.80 temp 104.4 hbonds, Rg  96.0 A, potential   -57.68
 40103 / 100001 elapsed  2 system 0.80 temp  98.7 hbonds, Rg 143.9 A, potential   -28.47
 39703 / 100001 elapsed  3 system 0.80 temp 108.1 hbonds, Rg  98.7 A, potential   -72.33
 39703 / 100001 elapsed  0 system 0.80 temp 107.7 hbonds, Rg 103.7 A, potential   -25.47
 39903 / 100001 elapsed  1 system 0.80 temp 101.9 hbonds, Rg  95.1 A, potential   -23.67
 40203 / 100001 elapsed  2 system 0.80 temp  99.8 hbonds, Rg 143.6 A, potential   -40.44
 39803 / 100001 elapsed  3 system 0.80 temp 103.0 hbonds, Rg  97.4 A, potential   -58.03
 39803 / 100001 elapsed  0 system 0.80 temp 108.4 hbonds, Rg 105.2 A, potential   -76.26
 40003 / 100001 elapsed  1 system 0.80 temp 107.1 hbonds, Rg  94.7 A, potential   -13.95
 40303 / 100001 elapsed  2 system 0.80 temp 102.2 hbonds, Rg 143.1 A, potential   -35.64
 39903 / 100001 elapsed  3 system 0.80 temp 102.3 hbonds, Rg  96.3 A, potential   -28.27
 39903 / 100001 elapsed  0 system 0.80 temp 107.4 hbonds, Rg 103.7 A, potential   -73.78
 40103 / 100001 elapsed  1 system 0.80 temp 110.3 hbonds, Rg  94.3 A, potential   -51.56
 40403 / 100001 elapsed  2 system 0.80 temp 103.0 hbonds, Rg 143.6 A, potential   -35.02
 40003 / 100001 elapsed  3 system 0.80 temp 104.2 hbonds, Rg  97.6 A, potential   -78.89
 40003 / 100001 elapsed  0 system 0.80 temp 104.6 hbonds, Rg 103.7 A, potential   -47.61
 40203 / 100001 elapsed  1 system 0.80 temp 106.1 hbonds, Rg  93.1 A, potential     4.97
 40503 / 100001 elapsed  2 system 0.80 temp 102.3 hbonds, Rg 145.9 A, potential   -53.12
 40103 / 100001 elapsed  3 system 0.80 temp 103.4 hbonds, Rg  95.1 A, potential   -41.42
 40103 / 100001 elapsed  0 system 0.80 temp 112.1 hbonds, Rg 105.2 A, potential   -75.14
 40303 / 100001 elapsed  1 system 0.80 temp 103.7 hbonds, Rg  94.4 A, potential   -42.96
 40603 / 100001 elapsed  2 system 0.80 temp 105.5 hbonds, Rg 143.4 A, potential   -59.35
 40203 / 100001 elapsed  3 system 0.80 temp 104.5 hbonds, Rg  95.2 A, potential   -60.75
 40203 / 100001 elapsed  0 system 0.80 temp 100.2 hbonds, Rg 102.9 A, potential   -35.28
 40403 / 100001 elapsed  1 system 0.80 temp 106.1 hbonds, Rg  96.9 A, potential   -19.85
 40703 / 100001 elapsed  2 system 0.80 temp 103.0 hbonds, Rg 140.8 A, potential   -40.71
 40303 / 100001 elapsed  3 system 0.80 temp 102.8 hbonds, Rg  97.1 A, potential   -25.18
 40303 / 100001 elapsed  0 system 0.80 temp 109.5 hbonds, Rg 101.7 A, potential   -66.16
 40503 / 100001 elapsed  1 system 0.80 temp 106.5 hbonds, Rg  94.8 A, potential   -40.63
 40803 / 100001 elapsed  2 system 0.80 temp 102.1 hbonds, Rg 142.9 A, potential   -55.03
 40403 / 100001 elapsed  3 system 0.80 temp 106.0 hbonds, Rg  97.3 A, potential   -30.85
 40403 / 100001 elapsed  0 system 0.80 temp 108.7 hbonds, Rg 101.9 A, potential   -61.42
 40603 / 100001 elapsed  1 system 0.80 temp 109.9 hbonds, Rg  95.3 A, potential   -16.54
 40903 / 100001 elapsed  2 system 0.80 temp 105.3 hbonds, Rg 143.6 A, potential   -19.80
 40503 / 100001 elapsed  3 system 0.80 temp 105.5 hbonds, Rg  99.3 A, potential   -18.45
 40503 / 100001 elapsed  0 system 0.80 temp  98.7 hbonds, Rg 100.8 A, potential    -9.42
 40703 / 100001 elapsed  1 system 0.80 temp 105.4 hbonds, Rg  97.3 A, potential   -58.60
 41003 / 100001 elapsed  2 system 0.80 temp  97.9 hbonds, Rg 142.4 A, potential   -42.71
 40603 / 100001 elapsed  3 system 0.80 temp 102.1 hbonds, Rg  98.9 A, potential   -42.45
 40603 / 100001 elapsed  0 system 0.80 temp 102.8 hbonds, Rg 100.2 A, potential   -41.95
 40803 / 100001 elapsed  1 system 0.80 temp 102.6 hbonds, Rg  97.9 A, potential   -47.64
 41103 / 100001 elapsed  2 system 0.80 temp 102.0 hbonds, Rg 142.0 A, potential   -65.30
 40703 / 100001 elapsed  3 system 0.80 temp 104.3 hbonds, Rg  98.6 A, potential   -62.55
 40703 / 100001 elapsed  0 system 0.80 temp 112.7 hbonds, Rg 101.4 A, potential   -17.65
 40903 / 100001 elapsed  1 system 0.80 temp 111.0 hbonds, Rg  97.5 A, potential   -68.84
 41203 / 100001 elapsed  2 system 0.80 temp 101.0 hbonds, Rg 140.5 A, potential   -34.24
 40803 / 100001 elapsed  3 system 0.80 temp 108.8 hbonds, Rg  99.0 A, potential   -56.14
 40803 / 100001 elapsed  0 system 0.80 temp 110.2 hbonds, Rg 103.8 A, potential   -13.14
 41003 / 100001 elapsed  1 system 0.80 temp 107.7 hbonds, Rg  97.5 A, potential   -38.17
 41303 / 100001 elapsed  2 system 0.80 temp  99.5 hbonds, Rg 139.1 A, potential   -39.28
 40903 / 100001 elapsed  3 system 0.80 temp 106.2 hbonds, Rg 101.1 A, potential   -73.03
 40903 / 100001 elapsed  0 system 0.80 temp 110.7 hbonds, Rg 104.0 A, potential   -58.16
 41103 / 100001 elapsed  1 system 0.80 temp 104.2 hbonds, Rg  97.1 A, potential   -60.02
 41403 / 100001 elapsed  2 system 0.80 temp 100.8 hbonds, Rg 139.1 A, potential   -27.98
 41003 / 100001 elapsed  3 system 0.80 temp 107.9 hbonds, Rg 102.9 A, potential   -43.00
 41003 / 100001 elapsed  0 system 0.80 temp 111.8 hbonds, Rg 102.0 A, potential   -60.53
 41203 / 100001 elapsed  1 system 0.80 temp 103.4 hbonds, Rg  97.1 A, potential   -21.47
 41503 / 100001 elapsed  2 system 0.80 temp  98.0 hbonds, Rg 139.3 A, potential   -29.37
 41103 / 100001 elapsed  3 system 0.80 temp 109.0 hbonds, Rg 103.1 A, potential   -34.99
 41103 / 100001 elapsed  0 system 0.80 temp 116.0 hbonds, Rg 102.1 A, potential   -52.76
 41303 / 100001 elapsed  1 system 0.80 temp 110.2 hbonds, Rg  98.5 A, potential   -56.84
 41603 / 100001 elapsed  2 system 0.80 temp 100.6 hbonds, Rg 137.5 A, potential   -15.45
 41203 / 100001 elapsed  3 system 0.80 temp 104.1 hbonds, Rg 103.4 A, potential   -62.23
 41203 / 100001 elapsed  0 system 0.80 temp 108.5 hbonds, Rg 102.1 A, potential   -60.10
 41703 / 100001 elapsed  2 system 0.80 temp  98.8 hbonds, Rg 136.2 A, potential   -31.07
 41403 / 100001 elapsed  1 system 0.80 temp 103.1 hbonds, Rg  97.7 A, potential   -34.88
 41303 / 100001 elapsed  3 system 0.80 temp 108.1 hbonds, Rg 101.4 A, potential   -58.03
 41303 / 100001 elapsed  0 system 0.80 temp 115.3 hbonds, Rg 100.7 A, potential   -56.50
 41803 / 100001 elapsed  2 system 0.80 temp 102.3 hbonds, Rg 134.7 A, potential    -8.30
 41503 / 100001 elapsed  1 system 0.80 temp 105.0 hbonds, Rg  98.1 A, potential    -6.29
 41403 / 100001 elapsed  3 system 0.80 temp 102.3 hbonds, Rg 102.4 A, potential   -26.10
 41403 / 100001 elapsed  0 system 0.80 temp 114.9 hbonds, Rg 100.9 A, potential   -52.27
 41903 / 100001 elapsed  2 system 0.80 temp 105.4 hbonds, Rg 132.7 A, potential   -56.21
 41603 / 100001 elapsed  1 system 0.80 temp 108.4 hbonds, Rg  96.6 A, potential   -18.08
 41503 / 100001 elapsed  3 system 0.80 temp 105.4 hbonds, Rg 101.2 A, potential   -52.02
 41503 / 100001 elapsed  0 system 0.80 temp 112.7 hbonds, Rg 100.9 A, potential   -73.54
 42003 / 100001 elapsed  2 system 0.80 temp 100.0 hbonds, Rg 133.2 A, potential   -72.34
 41703 / 100001 elapsed  1 system 0.80 temp 107.2 hbonds, Rg  96.4 A, potential   -38.08
 41603 / 100001 elapsed  3 system 0.80 temp 106.4 hbonds, Rg 101.9 A, potential   -37.41
 42103 / 100001 elapsed  2 system 0.80 temp 102.7 hbonds, Rg 133.4 A, potential   -37.91
 41603 / 100001 elapsed  0 system 0.80 temp 109.8 hbonds, Rg 102.3 A, potential   -47.83
 41803 / 100001 elapsed  1 system 0.80 temp 104.8 hbonds, Rg  95.1 A, potential   -36.91
 41703 / 100001 elapsed  3 system 0.80 temp 109.2 hbonds, Rg 102.4 A, potential   -43.26
 42203 / 100001 elapsed  2 system 0.80 temp 100.7 hbonds, Rg 132.7 A, potential   -24.10
 41703 / 100001 elapsed  0 system 0.80 temp 107.1 hbonds, Rg 100.0 A, potential   -63.67
 41903 / 100001 elapsed  1 system 0.80 temp 109.8 hbonds, Rg  94.2 A, potential   -27.49
 41803 / 100001 elapsed  3 system 0.80 temp 107.7 hbonds, Rg 101.1 A, potential   -53.32
 42303 / 100001 elapsed  2 system 0.80 temp 102.1 hbonds, Rg 132.6 A, potential     0.93
 41803 / 100001 elapsed  0 system 0.80 temp 108.3 hbonds, Rg  99.5 A, potential   -73.65
 42003 / 100001 elapsed  1 system 0.80 temp 107.1 hbonds, Rg  94.5 A, potential   -29.22
 41903 / 100001 elapsed  3 system 0.80 temp 106.6 hbonds, Rg  99.7 A, potential   -65.72
 42403 / 100001 elapsed  2 system 0.80 temp 102.8 hbonds, Rg 133.3 A, potential   -22.57
 41903 / 100001 elapsed  0 system 0.80 temp 110.8 hbonds, Rg  99.3 A, potential   -43.82
 42103 / 100001 elapsed  1 system 0.80 temp 104.8 hbonds, Rg  94.6 A, potential   -57.67
 42003 / 100001 elapsed  3 system 0.80 temp 106.4 hbonds, Rg 101.6 A, potential   -56.90
 42503 / 100001 elapsed  2 system 0.80 temp 101.1 hbonds, Rg 135.0 A, potential   -60.78
 42003 / 100001 elapsed  0 system 0.80 temp 102.3 hbonds, Rg  99.2 A, potential   -12.26
 42203 / 100001 elapsed  1 system 0.80 temp 105.3 hbonds, Rg  95.2 A, potential   -52.91
 42103 / 100001 elapsed  3 system 0.80 temp 104.4 hbonds, Rg 102.8 A, potential   -42.90
 42603 / 100001 elapsed  2 system 0.80 temp  99.0 hbonds, Rg 134.4 A, potential   -65.00
 42103 / 100001 elapsed  0 system 0.80 temp 107.2 hbonds, Rg  99.1 A, potential   -24.14
 42303 / 100001 elapsed  1 system 0.80 temp  99.4 hbonds, Rg  95.2 A, potential   -51.99
 42203 / 100001 elapsed  3 system 0.80 temp 103.6 hbonds, Rg 104.0 A, potential   -60.06
 42703 / 100001 elapsed  2 system 0.80 temp 107.8 hbonds, Rg 135.1 A, potential   -34.04
 42203 / 100001 elapsed  0 system 0.80 temp 105.7 hbonds, Rg  98.9 A, potential    -7.65
 42403 / 100001 elapsed  1 system 0.80 temp 101.5 hbonds, Rg  92.7 A, potential   -13.24
 42303 / 100001 elapsed  3 system 0.80 temp  99.8 hbonds, Rg 103.5 A, potential   -22.20
 42803 / 100001 elapsed  2 system 0.80 temp 106.4 hbonds, Rg 132.8 A, potential   -50.16
 42303 / 100001 elapsed  0 system 0.80 temp 109.9 hbonds, Rg  99.3 A, potential   -65.91
 42503 / 100001 elapsed  1 system 0.80 temp 105.1 hbonds, Rg  92.8 A, potential   -43.68
 42403 / 100001 elapsed  3 system 0.80 temp 107.9 hbonds, Rg 104.8 A, potential   -53.52
 42903 / 100001 elapsed  2 system 0.80 temp 109.3 hbonds, Rg 130.4 A, potential   -58.87
 42403 / 100001 elapsed  0 system 0.80 temp 103.7 hbonds, Rg  98.7 A, potential   -12.60
 42603 / 100001 elapsed  1 system 0.80 temp 108.4 hbonds, Rg  93.3 A, potential   -35.62
 42503 / 100001 elapsed  3 system 0.80 temp 111.2 hbonds, Rg 103.7 A, potential   -57.13
 43003 / 100001 elapsed  2 system 0.80 temp 104.5 hbonds, Rg 131.0 A, potential   -31.20
 42503 / 100001 elapsed  0 system 0.80 temp 106.4 hbonds, Rg 101.1 A, potential   -45.91
 42703 / 100001 elapsed  1 system 0.80 temp 103.5 hbonds, Rg  93.0 A, potential   -43.16
 42603 / 100001 elapsed  3 system 0.80 temp 105.7 hbonds, Rg 102.8 A, potential   -45.03
 43103 / 100001 elapsed  2 system 0.80 temp 103.1 hbonds, Rg 130.5 A, potential   -61.96
 42603 / 100001 elapsed  0 system 0.80 temp 105.6 hbonds, Rg  99.6 A, potential   -25.08
 42803 / 100001 elapsed  1 system 0.80 temp 105.8 hbonds, Rg  93.6 A, potential   -41.65
 42703 / 100001 elapsed  3 system 0.80 temp 103.0 hbonds, Rg 101.9 A, potential   -37.03
 43203 / 100001 elapsed  2 system 0.80 temp 105.6 hbonds, Rg 130.1 A, potential    -9.95
 42703 / 100001 elapsed  0 system 0.80 temp 103.1 hbonds, Rg  99.9 A, potential   -20.42
 42903 / 100001 elapsed  1 system 0.80 temp 106.2 hbonds, Rg  93.4 A, potential   -38.65
 42803 / 100001 elapsed  3 system 0.80 temp 105.1 hbonds, Rg 101.5 A, potential   -18.53
 43303 / 100001 elapsed  2 system 0.80 temp 103.1 hbonds, Rg 131.3 A, potential   -31.17
 42803 / 100001 elapsed  0 system 0.80 temp 106.3 hbonds, Rg 100.1 A, potential   -34.83
 43003 / 100001 elapsed  1 system 0.80 temp 104.4 hbonds, Rg  94.1 A, potential   -32.13
 42903 / 100001 elapsed  3 system 0.80 temp 106.5 hbonds, Rg 101.0 A, potential   -49.69
 43403 / 100001 elapsed  2 system 0.80 temp 103.1 hbonds, Rg 131.9 A, potential   -42.01
 42903 / 100001 elapsed  0 system 0.80 temp 104.4 hbonds, Rg 100.4 A, potential   -27.13
 43103 / 100001 elapsed  1 system 0.80 temp 103.6 hbonds, Rg  92.9 A, potential   -22.49
 43003 / 100001 elapsed  3 system 0.80 temp 101.0 hbonds, Rg 101.9 A, potential   -24.07
 43503 / 100001 elapsed  2 system 0.80 temp 105.5 hbonds, Rg 132.9 A, potential   -25.25
 43203 / 100001 elapsed  1 system 0.80 temp 102.0 hbonds, Rg  90.6 A, potential   -35.63
 43003 / 100001 elapsed  0 system 0.80 temp 109.3 hbonds, Rg 101.8 A, potential   -43.99
 43103 / 100001 elapsed  3 system 0.80 temp 101.9 hbonds, Rg 102.8 A, potential    -2.12
 43603 / 100001 elapsed  2 system 0.80 temp 114.4 hbonds, Rg 132.0 A, potential   -78.88
 43303 / 100001 elapsed  1 system 0.80 temp 103.0 hbonds, Rg  90.8 A, potential     1.33
 43103 / 100001 elapsed  0 system 0.80 temp 107.7 hbonds, Rg 103.1 A, potential   -26.98
 43203 / 100001 elapsed  3 system 0.80 temp 103.9 hbonds, Rg 104.3 A, potential   -31.32
 43703 / 100001 elapsed  2 system 0.80 temp 103.2 hbonds, Rg 130.6 A, potential   -19.26
 43403 / 100001 elapsed  1 system 0.80 temp  98.9 hbonds, Rg  91.0 A, potential   -15.92
 43203 / 100001 elapsed  0 system 0.80 temp 109.9 hbonds, Rg 102.3 A, potential   -26.69
 43303 / 100001 elapsed  3 system 0.80 temp 115.5 hbonds, Rg 103.6 A, potential   -51.90
 43804 / 100001 elapsed  2 system 0.80 temp 104.4 hbonds, Rg 130.3 A, potential   -67.07
 43503 / 100001 elapsed  1 system 0.80 temp  99.7 hbonds, Rg  92.2 A, potential     7.11
 43303 / 100001 elapsed  0 system 0.80 temp 109.6 hbonds, Rg 104.1 A, potential   -33.23
 43403 / 100001 elapsed  3 system 0.80 temp 110.2 hbonds, Rg 102.6 A, potential   -48.05
 43904 / 100001 elapsed  2 system 0.80 temp 107.3 hbonds, Rg 128.6 A, potential   -34.54
 43603 / 100001 elapsed  1 system 0.80 temp 101.9 hbonds, Rg  91.4 A, potential   -35.60
 43403 / 100001 elapsed  0 system 0.80 temp 101.1 hbonds, Rg 102.8 A, potential   -36.59
 43503 / 100001 elapsed  3 system 0.80 temp 112.5 hbonds, Rg 102.0 A, potential   -52.39
 44004 / 100001 elapsed  2 system 0.80 temp 103.8 hbonds, Rg 133.2 A, potential   -50.50
 43503 / 100001 elapsed  0 system 0.80 temp 101.5 hbonds, Rg 101.3 A, potential   -58.96
 43703 / 100001 elapsed  1 system 0.80 temp 105.1 hbonds, Rg  90.3 A, potential   -36.62
 43603 / 100001 elapsed  3 system 0.80 temp 115.2 hbonds, Rg 100.6 A, potential   -66.89
 44104 / 100001 elapsed  2 system 0.80 temp 101.6 hbonds, Rg 136.5 A, potential   -25.00
 43603 / 100001 elapsed  0 system 0.80 temp 100.4 hbonds, Rg 100.6 A, potential   -61.95
 43804 / 100001 elapsed  1 system 0.80 temp 104.0 hbonds, Rg  89.1 A, potential   -34.24
 43703 / 100001 elapsed  3 system 0.80 temp 115.1 hbonds, Rg 101.3 A, potential   -60.33
 44204 / 100001 elapsed  2 system 0.80 temp 104.0 hbonds, Rg 137.7 A, potential   -77.08
 43904 / 100001 elapsed  1 system 0.80 temp 101.0 hbonds, Rg  90.8 A, potential   -12.37
 43703 / 100001 elapsed  0 system 0.80 temp 100.2 hbonds, Rg 101.6 A, potential    -5.20
 43804 / 100001 elapsed  3 system 0.80 temp 115.1 hbonds, Rg 103.8 A, potential   -58.05
 44304 / 100001 elapsed  2 system 0.80 temp 101.3 hbonds, Rg 137.0 A, potential   -39.99
 44004 / 100001 elapsed  1 system 0.80 temp 103.7 hbonds, Rg  89.1 A, potential   -44.79
 43804 / 100001 elapsed  0 system 0.80 temp 100.2 hbonds, Rg 102.2 A, potential   -22.41
 44404 / 100001 elapsed  2 system 0.80 temp 100.5 hbonds, Rg 135.4 A, potential   -52.29
 43904 / 100001 elapsed  3 system 0.80 temp 109.1 hbonds, Rg 104.5 A, potential   -52.20
 44104 / 100001 elapsed  1 system 0.80 temp 105.7 hbonds, Rg  90.2 A, potential   -31.04
 43904 / 100001 elapsed  0 system 0.80 temp 103.9 hbonds, Rg 102.1 A, potential    -2.48
 44504 / 100001 elapsed  2 system 0.80 temp 101.5 hbonds, Rg 137.1 A, potential   -21.94
 44004 / 100001 elapsed  3 system 0.80 temp 109.9 hbonds, Rg 103.6 A, potential   -50.69
 44204 / 100001 elapsed  1 system 0.80 temp  97.7 hbonds, Rg  89.7 A, potential   -14.18
 44004 / 100001 elapsed  0 system 0.80 temp 107.4 hbonds, Rg 102.3 A, potential   -52.48
 44604 / 100001 elapsed  2 system 0.80 temp 105.8 hbonds, Rg 137.9 A, potential    12.39
 44104 / 100001 elapsed  3 system 0.80 temp 111.7 hbonds, Rg 103.2 A, potential   -53.43
 44304 / 100001 elapsed  1 system 0.80 temp 102.6 hbonds, Rg  88.7 A, potential   -60.55
 44104 / 100001 elapsed  0 system 0.80 temp 106.4 hbonds, Rg 102.6 A, potential   -64.34
 44704 / 100001 elapsed  2 system 0.80 temp 107.0 hbonds, Rg 137.2 A, potential   -64.95
 44204 / 100001 elapsed  3 system 0.80 temp 101.1 hbonds, Rg 101.8 A, potential   -41.09
 44404 / 100001 elapsed  1 system 0.80 temp 103.9 hbonds, Rg  87.2 A, potential   -35.63
 44204 / 100001 elapsed  0 system 0.80 temp 109.4 hbonds, Rg 101.2 A, potential   -40.06
 44804 / 100001 elapsed  2 system 0.80 temp  98.1 hbonds, Rg 137.5 A, potential   -32.37
 44304 / 100001 elapsed  3 system 0.80 temp  98.7 hbonds, Rg 102.3 A, potential   -21.88
 44504 / 100001 elapsed  1 system 0.80 temp 105.6 hbonds, Rg  85.9 A, potential   -61.60
 44304 / 100001 elapsed  0 system 0.80 temp 105.2 hbonds, Rg 103.6 A, potential   -41.34
 44904 / 100001 elapsed  2 system 0.80 temp  99.0 hbonds, Rg 135.8 A, potential   -53.29
 44404 / 100001 elapsed  3 system 0.80 temp 107.2 hbonds, Rg 103.0 A, potential   -35.92
 44604 / 100001 elapsed  1 system 0.80 temp 101.0 hbonds, Rg  85.9 A, potential   -43.58
 44404 / 100001 elapsed  0 system 0.80 temp 109.5 hbonds, Rg 102.9 A, potential   -80.60
 45004 / 100001 elapsed  2 system 0.80 temp  97.2 hbonds, Rg 137.9 A, potential   -27.80
 44504 / 100001 elapsed  3 system 0.80 temp 110.0 hbonds, Rg 103.6 A, potential   -50.84
 44704 / 100001 elapsed  1 system 0.80 temp 106.3 hbonds, Rg  83.5 A, potential   -53.20
 44504 / 100001 elapsed  0 system 0.80 temp 106.5 hbonds, Rg 104.0 A, potential   -46.32
 45104 / 100001 elapsed  2 system 0.80 temp  98.3 hbonds, Rg 137.1 A, potential   -58.16
 44604 / 100001 elapsed  3 system 0.80 temp 101.2 hbonds, Rg 103.0 A, potential   -51.18
 44804 / 100001 elapsed  1 system 0.80 temp 100.3 hbonds, Rg  81.3 A, potential   -49.17
 44604 / 100001 elapsed  0 system 0.80 temp 102.0 hbonds, Rg 103.4 A, potential   -31.11
 45204 / 100001 elapsed  2 system 0.80 temp  98.2 hbonds, Rg 136.0 A, potential   -50.19
 44704 / 100001 elapsed  3 system 0.80 temp 101.7 hbonds, Rg 103.7 A, potential    -6.29
 44904 / 100001 elapsed  1 system 0.80 temp 112.2 hbonds, Rg  81.2 A, potential   -43.61
 44704 / 100001 elapsed  0 system 0.80 temp 103.0 hbonds, Rg 103.3 A, potential   -23.19
 45304 / 100001 elapsed  2 system 0.80 temp 101.7 hbonds, Rg 136.1 A, potential   -73.70
 44804 / 100001 elapsed  3 system 0.80 temp 109.9 hbonds, Rg 102.8 A, potential   -55.34
 45004 / 100001 elapsed  1 system 0.80 temp 101.4 hbonds, Rg  81.9 A, potential   -56.48
 44804 / 100001 elapsed  0 system 0.80 temp  98.3 hbonds, Rg 104.5 A, potential   -35.81
 45404 / 100001 elapsed  2 system 0.80 temp 103.1 hbonds, Rg 136.4 A, potential   -37.86
 44904 / 100001 elapsed  3 system 0.80 temp 105.9 hbonds, Rg 102.8 A, potential   -63.57
 45104 / 100001 elapsed  1 system 0.80 temp 104.3 hbonds, Rg  82.5 A, potential   -77.84
 44904 / 100001 elapsed  0 system 0.80 temp 109.8 hbonds, Rg 103.5 A, potential   -30.75
 45504 / 100001 elapsed  2 system 0.80 temp 101.0 hbonds, Rg 136.8 A, potential   -38.40
 45004 / 100001 elapsed  3 system 0.80 temp 102.1 hbonds, Rg 103.0 A, potential   -25.26
 45204 / 100001 elapsed  1 system 0.80 temp 104.2 hbonds, Rg  82.3 A, potential   -31.36
 45004 / 100001 elapsed  0 system 0.80 temp 104.4 hbonds, Rg 102.8 A, potential     0.44
 45604 / 100001 elapsed  2 system 0.80 temp 100.8 hbonds, Rg 139.2 A, potential   -22.50
 45104 / 100001 elapsed  3 system 0.80 temp 110.9 hbonds, Rg 103.3 A, potential   -50.19
 45304 / 100001 elapsed  1 system 0.80 temp 103.8 hbonds, Rg  84.7 A, potential   -89.41
 45104 / 100001 elapsed  0 system 0.80 temp 106.1 hbonds, Rg 102.4 A, potential   -21.71
 45704 / 100001 elapsed  2 system 0.80 temp 101.9 hbonds, Rg 142.3 A, potential   -28.82
 45204 / 100001 elapsed  3 system 0.80 temp 102.9 hbonds, Rg 102.5 A, potential     1.03
 45404 / 100001 elapsed  1 system 0.80 temp 102.1 hbonds, Rg  84.1 A, potential   -23.30
 45204 / 100001 elapsed  0 system 0.80 temp 100.2 hbonds, Rg 101.8 A, potential    -4.23
 45804 / 100001 elapsed  2 system 0.80 temp 102.8 hbonds, Rg 145.1 A, potential   -39.86
 45304 / 100001 elapsed  3 system 0.80 temp 106.7 hbonds, Rg 102.8 A, potential   -28.43
 45504 / 100001 elapsed  1 system 0.80 temp 103.3 hbonds, Rg  84.7 A, potential   -44.71
 45304 / 100001 elapsed  0 system 0.80 temp 107.4 hbonds, Rg 101.5 A, potential   -41.65
 45904 / 100001 elapsed  2 system 0.80 temp 102.3 hbonds, Rg 147.1 A, potential   -18.92
 45404 / 100001 elapsed  3 system 0.80 temp 110.7 hbonds, Rg 104.4 A, potential   -24.88
 45604 / 100001 elapsed  1 system 0.80 temp 102.9 hbonds, Rg  84.8 A, potential   -38.51
 45404 / 100001 elapsed  0 system 0.80 temp 104.7 hbonds, Rg 103.0 A, potential   -31.82
 46004 / 100001 elapsed  2 system 0.80 temp 102.8 hbonds, Rg 147.0 A, potential   -45.93
 45504 / 100001 elapsed  3 system 0.80 temp 106.1 hbonds, Rg 105.6 A, potential   -44.28
 45704 / 100001 elapsed  1 system 0.80 temp 103.1 hbonds, Rg  85.7 A, potential   -35.80
 45504 / 100001 elapsed  0 system 0.80 temp 103.3 hbonds, Rg 104.3 A, potential   -36.80
 46104 / 100001 elapsed  2 system 0.80 temp 100.3 hbonds, Rg 148.3 A, potential   -20.50
 45604 / 100001 elapsed  3 system 0.80 temp 105.0 hbonds, Rg 106.4 A, potential   -46.33
 45804 / 100001 elapsed  1 system 0.80 temp 100.3 hbonds, Rg  86.3 A, potential   -26.65
 45604 / 100001 elapsed  0 system 0.80 temp 104.2 hbonds, Rg 100.9 A, potential   -47.97
 46204 / 100001 elapsed  2 system 0.80 temp 103.2 hbonds, Rg 147.5 A, potential   -23.93
 45704 / 100001 elapsed  3 system 0.80 temp 103.5 hbonds, Rg 105.4 A, potential   -15.90
 45904 / 100001 elapsed  1 system 0.80 temp 103.2 hbonds, Rg  85.6 A, potential   -63.57
 45704 / 100001 elapsed  0 system 0.80 temp 104.3 hbonds, Rg 101.0 A, potential   -28.72
 46304 / 100001 elapsed  2 system 0.80 temp 106.2 hbonds, Rg 145.5 A, potential   -41.40
 45804 / 100001 elapsed  3 system 0.80 temp  98.4 hbonds, Rg 105.2 A, potential   -32.39
 46004 / 100001 elapsed  1 system 0.80 temp 101.6 hbonds, Rg  86.4 A, potential   -31.48
 45804 / 100001 elapsed  0 system 0.80 temp 107.9 hbonds, Rg 100.3 A, potential   -64.60
 46404 / 100001 elapsed  2 system 0.80 temp 103.6 hbonds, Rg 145.4 A, potential   -20.00
 45904 / 100001 elapsed  3 system 0.80 temp 110.9 hbonds, Rg 104.5 A, potential   -79.46
 46104 / 100001 elapsed  1 system 0.80 temp 101.6 hbonds, Rg  86.7 A, potential   -61.88
 45904 / 100001 elapsed  0 system 0.80 temp 107.4 hbonds, Rg 100.3 A, potential   -64.38
 46504 / 100001 elapsed  2 system 0.80 temp 101.3 hbonds, Rg 146.6 A, potential   -34.31
 46004 / 100001 elapsed  3 system 0.80 temp 104.7 hbonds, Rg 105.1 A, potential   -61.52
 46204 / 100001 elapsed  1 system 0.80 temp  99.4 hbonds, Rg  88.2 A, potential   -28.45
 46004 / 100001 elapsed  0 system 0.80 temp 102.8 hbonds, Rg 100.0 A, potential   -28.36
 46604 / 100001 elapsed  2 system 0.80 temp 101.5 hbonds, Rg 145.4 A, potential     9.93
 46104 / 100001 elapsed  3 system 0.80 temp 112.7 hbonds, Rg 103.7 A, potential   -48.37
 46304 / 100001 elapsed  1 system 0.80 temp  97.6 hbonds, Rg  88.1 A, potential   -40.81
 46104 / 100001 elapsed  0 system 0.80 temp 102.5 hbonds, Rg 102.1 A, potential     7.95
 46704 / 100001 elapsed  2 system 0.80 temp 102.7 hbonds, Rg 143.9 A, potential   -14.79
 46204 / 100001 elapsed  3 system 0.80 temp 104.8 hbonds, Rg 103.5 A, potential   -74.57
 46404 / 100001 elapsed  1 system 0.80 temp  98.9 hbonds, Rg  90.6 A, potential   -24.03
 46204 / 100001 elapsed  0 system 0.80 temp 103.3 hbonds, Rg 103.3 A, potential   -17.87
 46804 / 100001 elapsed  2 system 0.80 temp 102.4 hbonds, Rg 144.2 A, potential   -22.82
 46304 / 100001 elapsed  3 system 0.80 temp 100.2 hbonds, Rg 104.4 A, potential   -37.39
 46504 / 100001 elapsed  1 system 0.80 temp 101.3 hbonds, Rg  90.9 A, potential   -23.95
 46304 / 100001 elapsed  0 system 0.80 temp 101.9 hbonds, Rg 103.2 A, potential   -58.64
 46904 / 100001 elapsed  2 system 0.80 temp  97.8 hbonds, Rg 144.6 A, potential   -45.35
 46404 / 100001 elapsed  3 system 0.80 temp 105.7 hbonds, Rg 103.6 A, potential   -36.25
 46604 / 100001 elapsed  1 system 0.80 temp 100.1 hbonds, Rg  91.5 A, potential   -57.00
 46404 / 100001 elapsed  0 system 0.80 temp 107.2 hbonds, Rg 101.9 A, potential   -65.31
 47004 / 100001 elapsed  2 system 0.80 temp  97.7 hbonds, Rg 144.1 A, potential    -9.06
 46704 / 100001 elapsed  1 system 0.80 temp  94.1 hbonds, Rg  91.1 A, potential   -15.47
 46504 / 100001 elapsed  3 system 0.80 temp 105.9 hbonds, Rg 101.8 A, potential   -35.87
 46504 / 100001 elapsed  0 system 0.80 temp 106.6 hbonds, Rg 102.3 A, potential   -45.10
 47104 / 100001 elapsed  2 system 0.80 temp  99.5 hbonds, Rg 145.3 A, potential   -28.23
 46804 / 100001 elapsed  1 system 0.80 temp 100.2 hbonds, Rg  91.0 A, potential   -19.57
 46604 / 100001 elapsed  3 system 0.80 temp 110.5 hbonds, Rg 102.3 A, potential   -12.15
 46604 / 100001 elapsed  0 system 0.80 temp 108.4 hbonds, Rg 102.0 A, potential   -22.46
 47204 / 100001 elapsed  2 system 0.80 temp  99.1 hbonds, Rg 142.4 A, potential   -28.80
 46904 / 100001 elapsed  1 system 0.80 temp 101.9 hbonds, Rg  92.6 A, potential   -48.19
 46704 / 100001 elapsed  3 system 0.80 temp 106.6 hbonds, Rg 102.4 A, potential   -33.20
 47304 / 100001 elapsed  2 system 0.80 temp 102.7 hbonds, Rg 141.4 A, potential   -34.17
 46704 / 100001 elapsed  0 system 0.80 temp 108.5 hbonds, Rg 100.2 A, potential   -76.79
 47004 / 100001 elapsed  1 system 0.80 temp 104.1 hbonds, Rg  91.7 A, potential   -32.65
 46804 / 100001 elapsed  3 system 0.80 temp 101.2 hbonds, Rg 103.0 A, potential     8.29
 47404 / 100001 elapsed  2 system 0.80 temp 105.9 hbonds, Rg 137.8 A, potential   -40.31
 46804 / 100001 elapsed  0 system 0.80 temp 104.1 hbonds, Rg 101.0 A, potential   -57.17
 47104 / 100001 elapsed  1 system 0.80 temp 100.2 hbonds, Rg  88.5 A, potential   -49.31
 46904 / 100001 elapsed  3 system 0.80 temp  99.7 hbonds, Rg 102.1 A, potential   -33.97
 47504 / 100001 elapsed  2 system 0.80 temp 105.5 hbonds, Rg 137.3 A, potential   -54.68
 46904 / 100001 elapsed  0 system 0.80 temp 105.9 hbonds, Rg 100.4 A, potential   -18.46
 47204 / 100001 elapsed  1 system 0.80 temp  99.9 hbonds, Rg  89.1 A, potential   -34.62
 47004 / 100001 elapsed  3 system 0.80 temp 104.7 hbonds, Rg 102.2 A, potential   -52.17
 47604 / 100001 elapsed  2 system 0.80 temp 101.8 hbonds, Rg 137.9 A, potential   -28.58
 47004 / 100001 elapsed  0 system 0.80 temp 110.9 hbonds, Rg  99.8 A, potential   -35.71
 47304 / 100001 elapsed  1 system 0.80 temp  94.5 hbonds, Rg  89.6 A, potential    -5.82
 47104 / 100001 elapsed  3 system 0.80 temp 106.7 hbonds, Rg 102.8 A, potential   -41.20
 47704 / 100001 elapsed  2 system 0.80 temp 101.1 hbonds, Rg 140.7 A, potential   -23.39
 47104 / 100001 elapsed  0 system 0.80 temp 109.9 hbonds, Rg  98.2 A, potential   -56.15
 47204 / 100001 elapsed  3 system 0.80 temp 103.3 hbonds, Rg 102.7 A, potential   -68.24
 47404 / 100001 elapsed  1 system 0.80 temp  98.8 hbonds, Rg  89.0 A, potential    -9.75
 47804 / 100001 elapsed  2 system 0.80 temp 102.9 hbonds, Rg 140.1 A, potential   -45.18
 47204 / 100001 elapsed  0 system 0.80 temp 103.1 hbonds, Rg  98.8 A, potential   -33.57
 47304 / 100001 elapsed  3 system 0.80 temp 101.2 hbonds, Rg 102.0 A, potential   -46.86
 47504 / 100001 elapsed  1 system 0.80 temp  99.5 hbonds, Rg  87.3 A, potential   -41.19
 47904 / 100001 elapsed  2 system 0.80 temp  94.4 hbonds, Rg 138.7 A, potential   -13.37
 47304 / 100001 elapsed  0 system 0.80 temp 109.4 hbonds, Rg  98.7 A, potential   -32.64
 47604 / 100001 elapsed  1 system 0.80 temp  98.9 hbonds, Rg  86.9 A, potential   -15.22
 47404 / 100001 elapsed  3 system 0.80 temp 105.6 hbonds, Rg 101.1 A, potential   -29.79
 48004 / 100001 elapsed  2 system 0.80 temp  99.6 hbonds, Rg 135.9 A, potential    -9.27
 47404 / 100001 elapsed  0 system 0.80 temp 108.5 hbonds, Rg  99.3 A, potential   -58.40
 47704 / 100001 elapsed  1 system 0.80 temp 105.7 hbonds, Rg  87.4 A, potential   -30.87
 47504 / 100001 elapsed  3 system 0.80 temp 107.2 hbonds, Rg 100.2 A, potential   -30.86
 48104 / 100001 elapsed  2 system 0.80 temp  98.6 hbonds, Rg 136.2 A, potential   -23.88
 47504 / 100001 elapsed  0 system 0.80 temp  97.2 hbonds, Rg 101.0 A, potential   -24.50
 47804 / 100001 elapsed  1 system 0.80 temp 102.3 hbonds, Rg  87.1 A, potential   -48.60
 47604 / 100001 elapsed  3 system 0.80 temp 107.0 hbonds, Rg 100.5 A, potential   -52.03
 48204 / 100001 elapsed  2 system 0.80 temp 105.9 hbonds, Rg 139.0 A, potential   -62.47
 47604 / 100001 elapsed  0 system 0.80 temp 108.9 hbonds, Rg  99.4 A, potential   -41.46
 47904 / 100001 elapsed  1 system 0.80 temp  98.9 hbonds, Rg  87.9 A, potential   -16.21
 47704 / 100001 elapsed  3 system 0.80 temp 110.8 hbonds, Rg 100.2 A, potential   -49.38
 48304 / 100001 elapsed  2 system 0.80 temp 101.2 hbonds, Rg 137.5 A, potential   -31.79
 47704 / 100001 elapsed  0 system 0.80 temp 112.3 hbonds, Rg 100.3 A, potential   -73.40
 48004 / 100001 elapsed  1 system 0.80 temp 102.5 hbonds, Rg  89.4 A, potential   -49.75
 47804 / 100001 elapsed  3 system 0.80 temp 103.6 hbonds, Rg 100.9 A, potential   -13.86
 48404 / 100001 elapsed  2 system 0.80 temp  94.9 hbonds, Rg 139.8 A, potential   -29.43
 47804 / 100001 elapsed  0 system 0.80 temp 105.7 hbonds, Rg  99.0 A, potential   -23.89
 48104 / 100001 elapsed  1 system 0.80 temp 105.4 hbonds, Rg  88.4 A, potential   -39.05
 47904 / 100001 elapsed  3 system 0.80 temp 109.3 hbonds, Rg  99.1 A, potential   -14.06
 48504 / 100001 elapsed  2 system 0.80 temp  99.3 hbonds, Rg 139.3 A, potential   -44.20
 47904 / 100001 elapsed  0 system 0.80 temp 104.1 hbonds, Rg  99.8 A, potential   -21.84
 48204 / 100001 elapsed  1 system 0.80 temp 101.1 hbonds, Rg  86.3 A, potential   -37.45
 48004 / 100001 elapsed  3 system 0.80 temp 111.4 hbonds, Rg 100.0 A, potential   -18.17
 48604 / 100001 elapsed  2 system 0.80 temp 102.9 hbonds, Rg 139.6 A, potential   -42.72
 48304 / 100001 elapsed  1 system 0.80 temp  99.3 hbonds, Rg  86.7 A, potential   -58.95
 48004 / 100001 elapsed  0 system 0.80 temp 103.5 hbonds, Rg 101.0 A, potential   -44.17
 48104 / 100001 elapsed  3 system 0.80 temp 105.9 hbonds, Rg  99.4 A, potential   -37.46
 48704 / 100001 elapsed  2 system 0.80 temp 105.1 hbonds, Rg 139.7 A, potential   -65.38
 48404 / 100001 elapsed  1 system 0.80 temp 101.3 hbonds, Rg  86.7 A, potential   -35.06
 48104 / 100001 elapsed  0 system 0.80 temp 105.6 hbonds, Rg 102.3 A, potential    -7.96
 48204 / 100001 elapsed  3 system 0.80 temp 108.7 hbonds, Rg  97.7 A, potential   -15.66
 48804 / 100001 elapsed  2 system 0.80 temp 109.3 hbonds, Rg 140.6 A, potential   -71.51
 48504 / 100001 elapsed  1 system 0.80 temp  98.1 hbonds, Rg  85.5 A, potential   -46.58
 48204 / 100001 elapsed  0 system 0.80 temp 109.5 hbonds, Rg 101.1 A, potential   -37.95
 48304 / 100001 elapsed  3 system 0.80 temp 104.9 hbonds, Rg  97.9 A, potential    13.94
 48904 / 100001 elapsed  2 system 0.80 temp 104.4 hbonds, Rg 141.3 A, potential   -44.87
 48604 / 100001 elapsed  1 system 0.80 temp 103.9 hbonds, Rg  86.7 A, potential   -45.07
 48304 / 100001 elapsed  0 system 0.80 temp 104.3 hbonds, Rg 100.9 A, potential   -33.64
 48404 / 100001 elapsed  3 system 0.80 temp 106.9 hbonds, Rg  98.5 A, potential    21.49
 49004 / 100001 elapsed  2 system 0.80 temp 100.9 hbonds, Rg 141.0 A, potential   -27.84
 48704 / 100001 elapsed  1 system 0.80 temp 100.3 hbonds, Rg  86.5 A, potential   -29.39
 48404 / 100001 elapsed  0 system 0.80 temp  98.6 hbonds, Rg 100.4 A, potential   -35.02
 48504 / 100001 elapsed  3 system 0.80 temp 107.0 hbonds, Rg  99.4 A, potential   -47.44
 49104 / 100001 elapsed  2 system 0.80 temp 103.0 hbonds, Rg 138.8 A, potential   -28.95
 48804 / 100001 elapsed  1 system 0.80 temp  99.9 hbonds, Rg  84.0 A, potential   -83.62
 48504 / 100001 elapsed  0 system 0.80 temp 107.6 hbonds, Rg 100.8 A, potential   -23.42
 48604 / 100001 elapsed  3 system 0.80 temp 108.2 hbonds, Rg  98.9 A, potential   -23.97
 49204 / 100001 elapsed  2 system 0.80 temp 103.3 hbonds, Rg 138.2 A, potential   -36.39
 48904 / 100001 elapsed  1 system 0.80 temp 102.8 hbonds, Rg  83.6 A, potential   -17.96
 48604 / 100001 elapsed  0 system 0.80 temp 106.9 hbonds, Rg 100.3 A, potential   -44.42
 48704 / 100001 elapsed  3 system 0.80 temp 107.3 hbonds, Rg 101.4 A, potential   -33.53
 49304 / 100001 elapsed  2 system 0.80 temp 108.3 hbonds, Rg 135.4 A, potential   -51.65
 49004 / 100001 elapsed  1 system 0.80 temp 101.3 hbonds, Rg  81.8 A, potential   -78.69
 48704 / 100001 elapsed  0 system 0.80 temp 106.7 hbonds, Rg 100.8 A, potential   -37.78
 48804 / 100001 elapsed  3 system 0.80 temp 110.8 hbonds, Rg 101.8 A, potential   -46.56
 49404 / 100001 elapsed  2 system 0.80 temp 103.0 hbonds, Rg 134.4 A, potential   -40.16
 49104 / 100001 elapsed  1 system 0.80 temp 100.1 hbonds, Rg  83.3 A, potential   -15.39
 48804 / 100001 elapsed  0 system 0.80 temp 104.1 hbonds, Rg 101.0 A, potential   -37.31
 48904 / 100001 elapsed  3 system 0.80 temp 109.6 hbonds, Rg 101.7 A, potential   -28.84
 49504 / 100001 elapsed  2 system 0.80 temp 101.8 hbonds, Rg 136.7 A, potential    -3.31
 49204 / 100001 elapsed  1 system 0.80 temp 100.4 hbonds, Rg  82.8 A, potential   -48.97
 48904 / 100001 elapsed  0 system 0.80 temp 107.1 hbonds, Rg  99.0 A, potential   -41.46
 49004 / 100001 elapsed  3 system 0.80 temp 108.8 hbonds, Rg 101.5 A, potential   -49.51
 49604 / 100001 elapsed  2 system 0.80 temp 102.7 hbonds, Rg 137.9 A, potential   -36.82
 49304 / 100001 elapsed  1 system 0.80 temp  99.9 hbonds, Rg  83.7 A, potential   -44.54
 49004 / 100001 elapsed  0 system 0.80 temp 114.1 hbonds, Rg  98.2 A, potential   -24.59
 49104 / 100001 elapsed  3 system 0.80 temp 105.5 hbonds, Rg 100.4 A, potential   -37.88
 49704 / 100001 elapsed  2 system 0.80 temp 101.8 hbonds, Rg 138.1 A, potential   -32.50
 49404 / 100001 elapsed  1 system 0.80 temp  99.1 hbonds, Rg  84.0 A, potential   -20.28
 49104 / 100001 elapsed  0 system 0.80 temp 108.2 hbonds, Rg  99.4 A, potential   -38.22
 49804 / 100001 elapsed  2 system 0.80 temp 102.2 hbonds, Rg 139.3 A, potential    -3.38
 49204 / 100001 elapsed  3 system 0.80 temp 107.7 hbonds, Rg 101.8 A, potential   -41.55
 49504 / 100001 elapsed  1 system 0.80 temp  90.5 hbonds, Rg  84.4 A, potential    -3.54
 49204 / 100001 elapsed  0 system 0.80 temp 104.4 hbonds, Rg  99.9 A, potential   -30.17
 49904 / 100001 elapsed  2 system 0.80 temp 100.9 hbonds, Rg 138.3 A, potential   -17.82
 49304 / 100001 elapsed  3 system 0.80 temp 104.5 hbonds, Rg 102.3 A, potential   -52.10
 49604 / 100001 elapsed  1 system 0.80 temp  98.1 hbonds, Rg  85.2 A, potential   -38.12
 49304 / 100001 elapsed  0 system 0.80 temp 107.3 hbonds, Rg 101.5 A, potential   -45.29
 50004 / 100001 elapsed  2 system 0.80 temp 100.7 hbonds, Rg 137.0 A, potential   -23.64
 49404 / 100001 elapsed  3 system 0.80 temp 110.2 hbonds, Rg 101.2 A, potential   -56.18
 49704 / 100001 elapsed  1 system 0.80 temp 104.5 hbonds, Rg  84.1 A, potential   -49.21
 49404 / 100001 elapsed  0 system 0.80 temp 108.2 hbonds, Rg 102.1 A, potential   -41.21
 50104 / 100001 elapsed  2 system 0.80 temp  96.5 hbonds, Rg 138.7 A, potential     3.06
 49504 / 100001 elapsed  3 system 0.80 temp 103.2 hbonds, Rg 101.3 A, potential    -7.25
 49804 / 100001 elapsed  1 system 0.80 temp  98.7 hbonds, Rg  84.3 A, potential   -38.43
 49504 / 100001 elapsed  0 system 0.80 temp 108.9 hbonds, Rg 100.5 A, potential   -20.50
 50204 / 100001 elapsed  2 system 0.80 temp 106.1 hbonds, Rg 141.4 A, potential   -45.17
 49604 / 100001 elapsed  3 system 0.80 temp  99.0 hbonds, Rg 100.0 A, potential    -5.76
 49904 / 100001 elapsed  1 system 0.80 temp 100.3 hbonds, Rg  84.6 A, potential   -23.24
 49604 / 100001 elapsed  0 system 0.80 temp 107.3 hbonds, Rg 101.6 A, potential   -20.87
 50304 / 100001 elapsed  2 system 0.80 temp  98.4 hbonds, Rg 140.4 A, potential   -45.37
 49704 / 100001 elapsed  3 system 0.80 temp 100.7 hbonds, Rg  99.8 A, potential   -36.97
 50004 / 100001 elapsed  1 system 0.80 temp 100.7 hbonds, Rg  85.3 A, potential   -22.68
 49704 / 100001 elapsed  0 system 0.80 temp 105.7 hbonds, Rg  99.1 A, potential   -37.00
 50404 / 100001 elapsed  2 system 0.80 temp 104.6 hbonds, Rg 139.0 A, potential    -5.20
 49804 / 100001 elapsed  3 system 0.80 temp 105.0 hbonds, Rg 100.9 A, potential   -12.66
 50104 / 100001 elapsed  1 system 0.80 temp 103.6 hbonds, Rg  84.6 A, potential   -31.11
 49804 / 100001 elapsed  0 system 0.80 temp 105.5 hbonds, Rg 100.0 A, potential   -54.12
 50504 / 100001 elapsed  2 system 0.80 temp 110.9 hbonds, Rg 137.9 A, potential   -42.04
 49904 / 100001 elapsed  3 system 0.80 temp 104.6 hbonds, Rg 100.1 A, potential   -37.05
 50204 / 100001 elapsed  1 system 0.80 temp  96.7 hbonds, Rg  82.9 A, potential   -39.24
 49904 / 100001 elapsed  0 system 0.80 temp 105.2 hbonds, Rg 102.0 A, potential   -49.16
 50604 / 100001 elapsed  2 system 0.80 temp 103.7 hbonds, Rg 135.7 A, potential   -16.42
 50004 / 100001 elapsed  3 system 0.80 temp 106.3 hbonds, Rg  99.3 A, potential   -48.19
 50304 / 100001 elapsed  1 system 0.80 temp 101.3 hbonds, Rg  81.7 A, potential   -35.21
 50004 / 100001 elapsed  0 system 0.80 temp 105.9 hbonds, Rg 101.7 A, potential   -51.27
 50704 / 100001 elapsed  2 system 0.80 temp  98.8 hbonds, Rg 136.3 A, potential     0.44
 50404 / 100001 elapsed  1 system 0.80 temp  99.9 hbonds, Rg  80.9 A, potential   -45.14
 50104 / 100001 elapsed  3 system 0.80 temp 104.2 hbonds, Rg  99.2 A, potential   -16.95
 50104 / 100001 elapsed  0 system 0.80 temp 102.5 hbonds, Rg 101.6 A, potential   -28.20
 50804 / 100001 elapsed  2 system 0.80 temp  98.8 hbonds, Rg 137.1 A, potential   -55.25
 50504 / 100001 elapsed  1 system 0.80 temp 100.7 hbonds, Rg  79.9 A, potential   -36.44
 50204 / 100001 elapsed  3 system 0.80 temp 103.7 hbonds, Rg  99.2 A, potential   -43.83
 50204 / 100001 elapsed  0 system 0.80 temp 103.7 hbonds, Rg 102.0 A, potential   -58.36
 50904 / 100001 elapsed  2 system 0.80 temp 103.9 hbonds, Rg 136.3 A, potential   -58.82
 50604 / 100001 elapsed  1 system 0.80 temp 103.2 hbonds, Rg  78.1 A, potential    -8.08
 50304 / 100001 elapsed  3 system 0.80 temp 105.8 hbonds, Rg 100.3 A, potential   -24.34
 51004 / 100001 elapsed  2 system 0.80 temp 104.9 hbonds, Rg 134.9 A, potential   -46.34
 50304 / 100001 elapsed  0 system 0.80 temp 101.2 hbonds, Rg 101.3 A, potential   -42.13
 50704 / 100001 elapsed  1 system 0.80 temp 103.5 hbonds, Rg  78.1 A, potential   -36.49
 50404 / 100001 elapsed  3 system 0.80 temp 111.5 hbonds, Rg  97.0 A, potential   -51.98
 51104 / 100001 elapsed  2 system 0.80 temp 102.5 hbonds, Rg 135.4 A, potential    -3.64
 50404 / 100001 elapsed  0 system 0.80 temp 105.8 hbonds, Rg  99.5 A, potential   -37.99
 50804 / 100001 elapsed  1 system 0.80 temp 102.8 hbonds, Rg  76.0 A, potential   -23.34
 50504 / 100001 elapsed  3 system 0.80 temp 110.9 hbonds, Rg  95.7 A, potential   -50.20
 51204 / 100001 elapsed  2 system 0.80 temp  98.4 hbonds, Rg 138.0 A, potential    -9.34
 50504 / 100001 elapsed  0 system 0.80 temp 101.1 hbonds, Rg 100.9 A, potential   -13.45
 50904 / 100001 elapsed  1 system 0.80 temp 102.4 hbonds, Rg  77.0 A, potential   -39.64
 50604 / 100001 elapsed  3 system 0.80 temp 111.8 hbonds, Rg  95.3 A, potential   -56.45
 51304 / 100001 elapsed  2 system 0.80 temp 102.9 hbonds, Rg 138.2 A, potential   -45.55
 50604 / 100001 elapsed  0 system 0.80 temp 105.4 hbonds, Rg 102.7 A, potential   -48.96
 51004 / 100001 elapsed  1 system 0.80 temp 102.6 hbonds, Rg  79.0 A, potential   -67.81
 50704 / 100001 elapsed  3 system 0.80 temp 108.6 hbonds, Rg  95.7 A, potential   -58.77
 51404 / 100001 elapsed  2 system 0.80 temp 101.0 hbonds, Rg 136.1 A, potential   -33.50
 50704 / 100001 elapsed  0 system 0.80 temp 103.6 hbonds, Rg 101.3 A, potential   -54.83
 51104 / 100001 elapsed  1 system 0.80 temp 103.5 hbonds, Rg  77.7 A, potential   -17.28
 50804 / 100001 elapsed  3 system 0.80 temp 110.4 hbonds, Rg  95.3 A, potential   -73.43
 51504 / 100001 elapsed  2 system 0.80 temp  98.0 hbonds, Rg 135.4 A, potential   -25.34
 50804 / 100001 elapsed  0 system 0.80 temp 107.5 hbonds, Rg 100.4 A, potential   -21.27
 51204 / 100001 elapsed  1 system 0.80 temp 100.5 hbonds, Rg  79.0 A, potential    -6.06
 50904 / 100001 elapsed  3 system 0.80 temp 109.9 hbonds, Rg  95.6 A, potential   -34.85
 51604 / 100001 elapsed  2 system 0.80 temp 100.6 hbonds, Rg 137.2 A, potential   -38.62
 50904 / 100001 elapsed  0 system 0.80 temp 101.7 hbonds, Rg 100.7 A, potential   -32.05
 51304 / 100001 elapsed  1 system 0.80 temp 105.0 hbonds, Rg  78.1 A, potential   -37.83
 51004 / 100001 elapsed  3 system 0.80 temp 109.8 hbonds, Rg  94.0 A, potential   -35.52
 51704 / 100001 elapsed  2 system 0.80 temp 105.8 hbonds, Rg 136.5 A, potential   -64.81
 51004 / 100001 elapsed  0 system 0.80 temp 104.8 hbonds, Rg  99.9 A, potential   -34.06
 51404 / 100001 elapsed  1 system 0.80 temp 102.4 hbonds, Rg  81.2 A, potential   -61.77
 51104 / 100001 elapsed  3 system 0.80 temp 111.3 hbonds, Rg  94.1 A, potential   -80.49
 51804 / 100001 elapsed  2 system 0.80 temp 102.9 hbonds, Rg 139.4 A, potential   -30.29
 51104 / 100001 elapsed  0 system 0.80 temp 105.3 hbonds, Rg  99.8 A, potential   -56.82
 51504 / 100001 elapsed  1 system 0.80 temp 101.9 hbonds, Rg  79.9 A, potential   -28.36
 51204 / 100001 elapsed  3 system 0.80 temp 106.3 hbonds, Rg  92.9 A, potential   -28.41
 51904 / 100001 elapsed  2 system 0.80 temp 104.1 hbonds, Rg 138.8 A, potential   -37.61
 51204 / 100001 elapsed  0 system 0.80 temp 100.6 hbonds, Rg  98.8 A, potential   -51.78
 51604 / 100001 elapsed  1 system 0.80 temp 106.4 hbonds, Rg  78.3 A, potential   -51.85
 51304 / 100001 elapsed  3 system 0.80 temp 103.2 hbonds, Rg  94.4 A, potential   -26.70
 52004 / 100001 elapsed  2 system 0.80 temp 103.9 hbonds, Rg 138.0 A, potential   -34.55
 51304 / 100001 elapsed  0 system 0.80 temp 107.0 hbonds, Rg  99.5 A, potential   -31.34
 51704 / 100001 elapsed  1 system 0.80 temp 100.1 hbonds, Rg  79.7 A, potential   -16.16
 51404 / 100001 elapsed  3 system 0.80 temp 108.7 hbonds, Rg  94.0 A, potential   -40.94
 52104 / 100001 elapsed  2 system 0.80 temp 104.0 hbonds, Rg 136.3 A, potential   -52.93
 51404 / 100001 elapsed  0 system 0.80 temp 101.8 hbonds, Rg 100.1 A, potential   -23.63
 51804 / 100001 elapsed  1 system 0.80 temp 104.7 hbonds, Rg  80.2 A, potential   -33.34
 51504 / 100001 elapsed  3 system 0.80 temp 109.9 hbonds, Rg  95.2 A, potential   -60.85
 52204 / 100001 elapsed  2 system 0.80 temp 108.2 hbonds, Rg 135.5 A, potential   -52.19
 51504 / 100001 elapsed  0 system 0.80 temp  98.1 hbonds, Rg 101.8 A, potential   -10.35
 51904 / 100001 elapsed  1 system 0.80 temp 100.2 hbonds, Rg  79.2 A, potential   -37.85
 51604 / 100001 elapsed  3 system 0.80 temp 108.3 hbonds, Rg  92.2 A, potential   -59.55
 52304 / 100001 elapsed  2 system 0.80 temp 102.5 hbonds, Rg 135.2 A, potential   -16.72
 51604 / 100001 elapsed  0 system 0.80 temp 103.6 hbonds, Rg 103.2 A, potential   -39.54
 52004 / 100001 elapsed  1 system 0.80 temp 103.4 hbonds, Rg  79.3 A, potential   -46.96
 51704 / 100001 elapsed  3 system 0.80 temp 108.8 hbonds, Rg  93.0 A, potential   -46.91
 52404 / 100001 elapsed  2 system 0.80 temp 101.9 hbonds, Rg 136.8 A, potential   -27.92
 51704 / 100001 elapsed  0 system 0.80 temp 107.7 hbonds, Rg 103.8 A, potential   -36.01
 52104 / 100001 elapsed  1 system 0.80 temp 105.3 hbonds, Rg  81.4 A, potential   -27.72
 51804 / 100001 elapsed  3 system 0.80 temp 114.9 hbonds, Rg  93.3 A, potential   -82.60
 52504 / 100001 elapsed  2 system 0.80 temp  95.3 hbonds, Rg 136.6 A, potential   -41.51
 51804 / 100001 elapsed  0 system 0.80 temp 101.9 hbonds, Rg 104.8 A, potential     3.04
 52204 / 100001 elapsed  1 system 0.80 temp 106.2 hbonds, Rg  81.1 A, potential   -55.53
 51904 / 100001 elapsed  3 system 0.80 temp 109.7 hbonds, Rg  92.5 A, potential   -52.82
 52604 / 100001 elapsed  2 system 0.80 temp 103.1 hbonds, Rg 134.2 A, potential   -30.90
 51904 / 100001 elapsed  0 system 0.80 temp 108.7 hbonds, Rg 103.4 A, potential   -63.70
 52304 / 100001 elapsed  1 system 0.80 temp 108.2 hbonds, Rg  80.0 A, potential   -47.37
 52004 / 100001 elapsed  3 system 0.80 temp 111.1 hbonds, Rg  92.1 A, potential   -30.92
 52704 / 100001 elapsed  2 system 0.80 temp 105.2 hbonds, Rg 133.1 A, potential   -40.62
 52004 / 100001 elapsed  0 system 0.80 temp  99.3 hbonds, Rg 103.0 A, potential   -67.51
 52404 / 100001 elapsed  1 system 0.80 temp 108.7 hbonds, Rg  78.9 A, potential   -58.89
 52104 / 100001 elapsed  3 system 0.80 temp 108.5 hbonds, Rg  91.9 A, potential   -53.37
 52804 / 100001 elapsed  2 system 0.80 temp 108.7 hbonds, Rg 134.7 A, potential   -28.44
 52104 / 100001 elapsed  0 system 0.80 temp 101.4 hbonds, Rg 102.4 A, potential   -41.86
 52504 / 100001 elapsed  1 system 0.80 temp 110.0 hbonds, Rg  79.9 A, potential   -41.83
 52204 / 100001 elapsed  3 system 0.80 temp 109.5 hbonds, Rg  92.1 A, potential   -74.06
 52904 / 100001 elapsed  2 system 0.80 temp 104.2 hbonds, Rg 135.9 A, potential   -39.85
 52604 / 100001 elapsed  1 system 0.80 temp 107.8 hbonds, Rg  79.9 A, potential   -67.80
 52204 / 100001 elapsed  0 system 0.80 temp 104.6 hbonds, Rg 101.1 A, potential   -29.08
 52304 / 100001 elapsed  3 system 0.80 temp 102.0 hbonds, Rg  92.9 A, potential   -29.90
 53004 / 100001 elapsed  2 system 0.80 temp 100.9 hbonds, Rg 137.1 A, potential   -14.34
 52704 / 100001 elapsed  1 system 0.80 temp 110.7 hbonds, Rg  80.7 A, potential   -68.70
 52304 / 100001 elapsed  0 system 0.80 temp 100.8 hbonds, Rg 100.2 A, potential   -34.54
 52404 / 100001 elapsed  3 system 0.80 temp 109.5 hbonds, Rg  94.3 A, potential   -45.30
 53104 / 100001 elapsed  2 system 0.80 temp 103.0 hbonds, Rg 138.5 A, potential   -51.78
 52404 / 100001 elapsed  0 system 0.80 temp 102.2 hbonds, Rg 102.0 A, potential   -55.41
 52804 / 100001 elapsed  1 system 0.80 temp 105.5 hbonds, Rg  81.6 A, potential   -45.26
 52504 / 100001 elapsed  3 system 0.80 temp 103.1 hbonds, Rg  94.9 A, potential   -65.12
 53204 / 100001 elapsed  2 system 0.80 temp 109.2 hbonds, Rg 139.3 A, potential   -57.92
 52504 / 100001 elapsed  0 system 0.80 temp 105.8 hbonds, Rg 102.6 A, potential   -44.23
 52904 / 100001 elapsed  1 system 0.80 temp 106.3 hbonds, Rg  81.3 A, potential   -41.58
 52604 / 100001 elapsed  3 system 0.80 temp 102.3 hbonds, Rg  94.8 A, potential   -51.36
 53304 / 100001 elapsed  2 system 0.80 temp 106.6 hbonds, Rg 139.6 A, potential   -80.50
 52604 / 100001 elapsed  0 system 0.80 temp 104.3 hbonds, Rg 103.3 A, potential    14.91
 53004 / 100001 elapsed  1 system 0.80 temp 104.5 hbonds, Rg  80.4 A, potential   -59.53
 52704 / 100001 elapsed  3 system 0.80 temp 107.4 hbonds, Rg  94.0 A, potential   -59.68
 53404 / 100001 elapsed  2 system 0.80 temp 109.3 hbonds, Rg 141.3 A, potential   -20.93
 52704 / 100001 elapsed  0 system 0.80 temp 104.3 hbonds, Rg 104.7 A, potential   -22.68
 53104 / 100001 elapsed  1 system 0.80 temp 103.6 hbonds, Rg  80.5 A, potential   -32.56
 52804 / 100001 elapsed  3 system 0.80 temp 102.2 hbonds, Rg  93.1 A, potential   -48.73
 53504 / 100001 elapsed  2 system 0.80 temp 111.7 hbonds, Rg 142.4 A, potential   -18.31
 52804 / 100001 elapsed  0 system 0.80 temp 104.3 hbonds, Rg 104.8 A, potential   -49.11
 53204 / 100001 elapsed  1 system 0.80 temp 105.4 hbonds, Rg  80.1 A, potential   -41.12
 52904 / 100001 elapsed  3 system 0.80 temp 110.1 hbonds, Rg  92.5 A, potential   -37.94
 53604 / 100001 elapsed  2 system 0.80 temp 110.9 hbonds, Rg 143.1 A, potential   -57.51
 52904 / 100001 elapsed  0 system 0.80 temp 101.0 hbonds, Rg 103.9 A, potential   -53.59
 53304 / 100001 elapsed  1 system 0.80 temp 105.4 hbonds, Rg  78.6 A, potential   -40.00
 53004 / 100001 elapsed  3 system 0.80 temp 106.9 hbonds, Rg  94.9 A, potential   -44.74
 53704 / 100001 elapsed  2 system 0.80 temp 113.4 hbonds, Rg 141.9 A, potential   -76.49
 53004 / 100001 elapsed  0 system 0.80 temp 102.4 hbonds, Rg 104.8 A, potential   -27.72
 53404 / 100001 elapsed  1 system 0.80 temp 101.5 hbonds, Rg  78.0 A, potential   -25.96
 53104 / 100001 elapsed  3 system 0.80 temp 101.8 hbonds, Rg  94.5 A, potential   -18.49
 53804 / 100001 elapsed  2 system 0.80 temp 108.6 hbonds, Rg 141.1 A, potential   -67.84
 53104 / 100001 elapsed  0 system 0.80 temp 106.9 hbonds, Rg 103.9 A, potential   -59.52
 53504 / 100001 elapsed  1 system 0.80 temp 106.0 hbonds, Rg  77.0 A, potential   -10.74
 53204 / 100001 elapsed  3 system 0.80 temp 103.7 hbonds, Rg  94.4 A, potential   -16.30
 53904 / 100001 elapsed  2 system 0.80 temp 110.4 hbonds, Rg 141.3 A, potential   -41.65
 53204 / 100001 elapsed  0 system 0.80 temp 100.7 hbonds, Rg 103.9 A, potential   -30.91
 53604 / 100001 elapsed  1 system 0.80 temp 101.8 hbonds, Rg  79.1 A, potential   -54.21
 53304 / 100001 elapsed  3 system 0.80 temp 107.5 hbonds, Rg  93.1 A, potential   -58.50
 54004 / 100001 elapsed  2 system 0.80 temp 106.7 hbonds, Rg 140.7 A, potential   -39.94
 53304 / 100001 elapsed  0 system 0.80 temp 105.4 hbonds, Rg 104.8 A, potential   -23.34
 53704 / 100001 elapsed  1 system 0.80 temp 103.6 hbonds, Rg  78.6 A, potential   -24.35
 53404 / 100001 elapsed  3 system 0.80 temp 102.1 hbonds, Rg  95.2 A, potential   -30.50
 54104 / 100001 elapsed  2 system 0.80 temp 109.4 hbonds, Rg 142.3 A, potential   -28.53
 53404 / 100001 elapsed  0 system 0.80 temp 107.6 hbonds, Rg 103.6 A, potential   -61.26
 53804 / 100001 elapsed  1 system 0.80 temp 106.7 hbonds, Rg  76.0 A, potential   -54.53
 53504 / 100001 elapsed  3 system 0.80 temp 101.7 hbonds, Rg  94.7 A, potential   -28.20
 54204 / 100001 elapsed  2 system 0.80 temp 106.1 hbonds, Rg 139.8 A, potential     4.26
 53504 / 100001 elapsed  0 system 0.80 temp 104.4 hbonds, Rg 104.5 A, potential   -41.02
 53904 / 100001 elapsed  1 system 0.80 temp 101.6 hbonds, Rg  77.7 A, potential   -34.55
 53604 / 100001 elapsed  3 system 0.80 temp 107.5 hbonds, Rg  92.5 A, potential   -59.98
 54304 / 100001 elapsed  2 system 0.80 temp  98.9 hbonds, Rg 139.1 A, potential   -48.06
 53604 / 100001 elapsed  0 system 0.80 temp 102.3 hbonds, Rg 103.2 A, potential   -43.01
 54004 / 100001 elapsed  1 system 0.80 temp 106.2 hbonds, Rg  79.3 A, potential   -38.05
 53704 / 100001 elapsed  3 system 0.80 temp 110.3 hbonds, Rg  92.9 A, potential   -70.61
 54404 / 100001 elapsed  2 system 0.80 temp  97.2 hbonds, Rg 139.2 A, potential    -9.50
 53704 / 100001 elapsed  0 system 0.80 temp 105.0 hbonds, Rg 102.5 A, potential   -57.44
 54104 / 100001 elapsed  1 system 0.80 temp  98.2 hbonds, Rg  79.5 A, potential   -24.76
 53804 / 100001 elapsed  3 system 0.80 temp 100.5 hbonds, Rg  93.8 A, potential    -6.86
 54504 / 100001 elapsed  2 system 0.80 temp 111.0 hbonds, Rg 138.3 A, potential   -35.03
 53804 / 100001 elapsed  0 system 0.80 temp 107.5 hbonds, Rg 104.6 A, potential   -33.69
 54204 / 100001 elapsed  1 system 0.80 temp 103.8 hbonds, Rg  79.7 A, potential   -20.17
 53904 / 100001 elapsed  3 system 0.80 temp 102.0 hbonds, Rg  93.9 A, potential   -51.61
 54604 / 100001 elapsed  2 system 0.80 temp 105.5 hbonds, Rg 137.4 A, potential   -55.39
 54304 / 100001 elapsed  1 system 0.80 temp 100.6 hbonds, Rg  77.5 A, potential   -21.09
 53904 / 100001 elapsed  0 system 0.80 temp 108.4 hbonds, Rg 104.4 A, potential   -56.50
 54004 / 100001 elapsed  3 system 0.80 temp 101.4 hbonds, Rg  94.0 A, potential    -8.63
 54704 / 100001 elapsed  2 system 0.80 temp 101.5 hbonds, Rg 137.0 A, potential   -25.30
 54404 / 100001 elapsed  1 system 0.80 temp 107.1 hbonds, Rg  77.2 A, potential   -45.92
 54004 / 100001 elapsed  0 system 0.80 temp 110.1 hbonds, Rg 104.8 A, potential   -21.94
 54104 / 100001 elapsed  3 system 0.80 temp  98.7 hbonds, Rg  94.5 A, potential     4.93
 54804 / 100001 elapsed  2 system 0.80 temp 103.8 hbonds, Rg 138.5 A, potential   -62.67
 54504 / 100001 elapsed  1 system 0.80 temp 102.8 hbonds, Rg  76.8 A, potential   -65.00
 54104 / 100001 elapsed  0 system 0.80 temp 104.2 hbonds, Rg 107.3 A, potential   -40.58
 54204 / 100001 elapsed  3 system 0.80 temp 102.1 hbonds, Rg  92.0 A, potential   -40.01
 54904 / 100001 elapsed  2 system 0.80 temp 102.7 hbonds, Rg 136.1 A, potential   -42.87
 54604 / 100001 elapsed  1 system 0.80 temp 110.9 hbonds, Rg  77.3 A, potential   -61.41
 54204 / 100001 elapsed  0 system 0.80 temp 106.6 hbonds, Rg 107.8 A, potential   -25.64
 54304 / 100001 elapsed  3 system 0.80 temp 106.5 hbonds, Rg  91.1 A, potential   -38.42
 55004 / 100001 elapsed  2 system 0.80 temp 105.8 hbonds, Rg 138.9 A, potential   -32.50
 54704 / 100001 elapsed  1 system 0.80 temp 105.1 hbonds, Rg  76.9 A, potential   -41.55
 54304 / 100001 elapsed  0 system 0.80 temp 102.8 hbonds, Rg 108.8 A, potential   -45.97
 54404 / 100001 elapsed  3 system 0.80 temp 100.8 hbonds, Rg  91.5 A, potential   -19.31
 55104 / 100001 elapsed  2 system 0.80 temp 105.1 hbonds, Rg 137.7 A, potential   -20.11
 54804 / 100001 elapsed  1 system 0.80 temp 107.3 hbonds, Rg  76.1 A, potential   -43.60
 54404 / 100001 elapsed  0 system 0.80 temp 104.9 hbonds, Rg 108.8 A, potential   -47.63
 54504 / 100001 elapsed  3 system 0.80 temp 105.3 hbonds, Rg  92.7 A, potential   -58.22
 55204 / 100001 elapsed  2 system 0.80 temp 111.2 hbonds, Rg 137.2 A, potential   -42.05
 54904 / 100001 elapsed  1 system 0.80 temp 108.6 hbonds, Rg  77.0 A, potential   -53.59
 54504 / 100001 elapsed  0 system 0.80 temp 107.7 hbonds, Rg 107.4 A, potential   -43.29
 54604 / 100001 elapsed  3 system 0.80 temp 102.2 hbonds, Rg  92.5 A, potential    -8.05
 55304 / 100001 elapsed  2 system 0.80 temp 110.6 hbonds, Rg 139.3 A, potential    -9.95
 55004 / 100001 elapsed  1 system 0.80 temp 111.6 hbonds, Rg  78.9 A, potential   -54.27
 54604 / 100001 elapsed  0 system 0.80 temp 110.3 hbonds, Rg 107.3 A, potential   -66.26
 54704 / 100001 elapsed  3 system 0.80 temp 108.4 hbonds, Rg  92.2 A, potential     5.54
 55404 / 100001 elapsed  2 system 0.80 temp 110.9 hbonds, Rg 137.5 A, potential   -16.80
 55104 / 100001 elapsed  1 system 0.80 temp 105.9 hbonds, Rg  76.8 A, potential   -47.63
 54704 / 100001 elapsed  0 system 0.80 temp 107.4 hbonds, Rg 105.2 A, potential   -32.76
 54804 / 100001 elapsed  3 system 0.80 temp 111.3 hbonds, Rg  90.6 A, potential   -34.64
 55504 / 100001 elapsed  2 system 0.80 temp 109.3 hbonds, Rg 138.8 A, potential   -35.51
 55204 / 100001 elapsed  1 system 0.80 temp 102.3 hbonds, Rg  76.3 A, potential   -27.12
 54804 / 100001 elapsed  0 system 0.80 temp 102.0 hbonds, Rg 104.2 A, potential   -42.69
 54904 / 100001 elapsed  3 system 0.80 temp 108.2 hbonds, Rg  90.7 A, potential   -48.69
 55604 / 100001 elapsed  2 system 0.80 temp 104.8 hbonds, Rg 140.5 A, potential     1.41
 55304 / 100001 elapsed  1 system 0.80 temp 100.7 hbonds, Rg  77.1 A, potential   -24.42
 54904 / 100001 elapsed  0 system 0.80 temp 103.0 hbonds, Rg 103.3 A, potential   -41.97
 55004 / 100001 elapsed  3 system 0.80 temp 109.3 hbonds, Rg  91.2 A, potential   -36.92
 55704 / 100001 elapsed  2 system 0.80 temp 111.8 hbonds, Rg 140.6 A, potential   -41.04
 55404 / 100001 elapsed  1 system 0.80 temp  99.2 hbonds, Rg  77.1 A, potential   -16.92
 55004 / 100001 elapsed  0 system 0.80 temp 103.3 hbonds, Rg 105.8 A, potential   -40.41
 55804 / 100001 elapsed  2 system 0.80 temp 106.3 hbonds, Rg 138.8 A, potential   -72.49
 55104 / 100001 elapsed  3 system 0.80 temp 100.4 hbonds, Rg  91.3 A, potential   -15.87
 55504 / 100001 elapsed  1 system 0.80 temp 103.0 hbonds, Rg  74.3 A, potential   -41.09
 55104 / 100001 elapsed  0 system 0.80 temp 107.4 hbonds, Rg 104.3 A, potential   -54.21
 55904 / 100001 elapsed  2 system 0.80 temp 108.0 hbonds, Rg 139.1 A, potential   -52.59
 55204 / 100001 elapsed  3 system 0.80 temp  97.1 hbonds, Rg  89.9 A, potential    -6.63
 55604 / 100001 elapsed  1 system 0.80 temp 100.7 hbonds, Rg  75.7 A, potential   -27.15
 55204 / 100001 elapsed  0 system 0.80 temp 110.9 hbonds, Rg 103.5 A, potential   -53.06
 56004 / 100001 elapsed  2 system 0.80 temp 104.7 hbonds, Rg 141.0 A, potential   -47.58
 55304 / 100001 elapsed  3 system 0.80 temp 105.8 hbonds, Rg  90.7 A, potential   -34.54
 55704 / 100001 elapsed  1 system 0.80 temp 105.6 hbonds, Rg  73.9 A, potential   -30.97
 55304 / 100001 elapsed  0 system 0.80 temp 103.6 hbonds, Rg 104.0 A, potential   -75.86
 56104 / 100001 elapsed  2 system 0.80 temp 106.6 hbonds, Rg 138.6 A, potential   -14.30
 55404 / 100001 elapsed  3 system 0.80 temp 105.4 hbonds, Rg  89.9 A, potential   -36.54
 55804 / 100001 elapsed  1 system 0.80 temp 102.8 hbonds, Rg  70.6 A, potential   -68.55
 55404 / 100001 elapsed  0 system 0.80 temp 112.5 hbonds, Rg 104.1 A, potential   -61.70
 56204 / 100001 elapsed  2 system 0.80 temp 105.1 hbonds, Rg 137.8 A, potential   -35.66
 55504 / 100001 elapsed  3 system 0.80 temp 108.7 hbonds, Rg  89.9 A, potential   -57.58
 55904 / 100001 elapsed  1 system 0.80 temp 102.7 hbonds, Rg  69.4 A, potential   -16.36
 55504 / 100001 elapsed  0 system 0.80 temp 104.7 hbonds, Rg 104.7 A, potential   -48.03
 56305 / 100001 elapsed  2 system 0.80 temp 101.9 hbonds, Rg 137.4 A, potential   -37.67
 55604 / 100001 elapsed  3 system 0.80 temp 105.8 hbonds, Rg  90.2 A, potential    -7.61
 56004 / 100001 elapsed  1 system 0.80 temp 102.3 hbonds, Rg  71.3 A, potential   -22.21
 55604 / 100001 elapsed  0 system 0.80 temp 104.6 hbonds, Rg 105.8 A, potential   -58.33
 56405 / 100001 elapsed  2 system 0.80 temp 103.1 hbonds, Rg 137.9 A, potential   -45.29
 55704 / 100001 elapsed  3 system 0.80 temp 106.8 hbonds, Rg  88.5 A, potential     0.08
 56104 / 100001 elapsed  1 system 0.80 temp  99.2 hbonds, Rg  70.5 A, potential   -27.73
 55704 / 100001 elapsed  0 system 0.80 temp 110.7 hbonds, Rg 105.5 A, potential   -21.69
 56505 / 100001 elapsed  2 system 0.80 temp  96.9 hbonds, Rg 136.6 A, potential   -38.44
 55804 / 100001 elapsed  3 system 0.80 temp 103.2 hbonds, Rg  89.8 A, potential    -5.80
 56204 / 100001 elapsed  1 system 0.80 temp 106.0 hbonds, Rg  70.9 A, potential   -60.01
 55804 / 100001 elapsed  0 system 0.80 temp 107.7 hbonds, Rg 105.4 A, potential   -51.91
 56605 / 100001 elapsed  2 system 0.80 temp 112.1 hbonds, Rg 138.8 A, potential   -56.11
 55904 / 100001 elapsed  3 system 0.80 temp 106.8 hbonds, Rg  89.0 A, potential   -56.82
 56305 / 100001 elapsed  1 system 0.80 temp 106.5 hbonds, Rg  68.7 A, potential   -48.87
 55904 / 100001 elapsed  0 system 0.80 temp 108.1 hbonds, Rg 105.2 A, potential    -6.20
 56705 / 100001 elapsed  2 system 0.80 temp 105.7 hbonds, Rg 138.3 A, potential   -16.10
 56004 / 100001 elapsed  3 system 0.80 temp 102.9 hbonds, Rg  90.5 A, potential   -44.74
 56405 / 100001 elapsed  1 system 0.80 temp 103.0 hbonds, Rg  69.7 A, potential   -36.31
 56004 / 100001 elapsed  0 system 0.80 temp 108.5 hbonds, Rg 104.9 A, potential   -61.91
 56805 / 100001 elapsed  2 system 0.80 temp 104.4 hbonds, Rg 137.1 A, potential   -48.29
 56104 / 100001 elapsed  3 system 0.80 temp  98.8 hbonds, Rg  89.8 A, potential   -35.21
 56505 / 100001 elapsed  1 system 0.80 temp 106.3 hbonds, Rg  68.8 A, potential   -53.31
 56104 / 100001 elapsed  0 system 0.80 temp 108.2 hbonds, Rg 103.4 A, potential   -58.37
 56905 / 100001 elapsed  2 system 0.80 temp 111.5 hbonds, Rg 135.8 A, potential   -87.22
 56204 / 100001 elapsed  3 system 0.80 temp 105.5 hbonds, Rg  91.6 A, potential   -32.62
 56605 / 100001 elapsed  1 system 0.80 temp 108.3 hbonds, Rg  67.8 A, potential   -86.78
 56204 / 100001 elapsed  0 system 0.80 temp 100.6 hbonds, Rg 102.5 A, potential   -18.53
 57005 / 100001 elapsed  2 system 0.80 temp 100.6 hbonds, Rg 135.4 A, potential   -21.34
 56305 / 100001 elapsed  3 system 0.80 temp 107.7 hbonds, Rg  90.7 A, potential   -38.46
 56705 / 100001 elapsed  1 system 0.80 temp 105.0 hbonds, Rg  67.3 A, potential   -12.48
 57105 / 100001 elapsed  2 system 0.80 temp 101.8 hbonds, Rg 138.1 A, potential   -62.58
 56305 / 100001 elapsed  0 system 0.80 temp 104.9 hbonds, Rg 103.0 A, potential   -15.44
 56405 / 100001 elapsed  3 system 0.80 temp 109.1 hbonds, Rg  90.0 A, potential   -59.13
 56805 / 100001 elapsed  1 system 0.80 temp 105.0 hbonds, Rg  68.8 A, potential   -20.61
 57205 / 100001 elapsed  2 system 0.80 temp 103.3 hbonds, Rg 138.9 A, potential   -65.99
 56505 / 100001 elapsed  3 system 0.80 temp  99.8 hbonds, Rg  89.5 A, potential   -36.51
 56405 / 100001 elapsed  0 system 0.80 temp 102.3 hbonds, Rg 103.5 A, potential   -32.38
 56905 / 100001 elapsed  1 system 0.80 temp 105.7 hbonds, Rg  68.9 A, potential   -88.27
 56605 / 100001 elapsed  3 system 0.80 temp 110.3 hbonds, Rg  89.5 A, potential   -47.80
 57305 / 100001 elapsed  2 system 0.80 temp 103.9 hbonds, Rg 140.0 A, potential    -7.51
 56505 / 100001 elapsed  0 system 0.80 temp 110.8 hbonds, Rg 102.3 A, potential   -34.83
 57005 / 100001 elapsed  1 system 0.80 temp 103.6 hbonds, Rg  67.1 A, potential   -40.97
 57405 / 100001 elapsed  2 system 0.80 temp 106.1 hbonds, Rg 138.3 A, potential   -37.36
 56705 / 100001 elapsed  3 system 0.80 temp 108.0 hbonds, Rg  89.9 A, potential   -36.05
 56605 / 100001 elapsed  0 system 0.80 temp 109.7 hbonds, Rg 101.6 A, potential   -32.56
 57105 / 100001 elapsed  1 system 0.80 temp 108.5 hbonds, Rg  68.4 A, potential   -62.81
 57505 / 100001 elapsed  2 system 0.80 temp 108.0 hbonds, Rg 139.2 A, potential   -52.52
 56805 / 100001 elapsed  3 system 0.80 temp 100.9 hbonds, Rg  90.4 A, potential   -77.93
 56705 / 100001 elapsed  0 system 0.80 temp 112.5 hbonds, Rg 102.4 A, potential   -62.87
 57205 / 100001 elapsed  1 system 0.80 temp 102.4 hbonds, Rg  69.1 A, potential   -55.90
 57605 / 100001 elapsed  2 system 0.80 temp 112.6 hbonds, Rg 140.6 A, potential   -77.79
 56905 / 100001 elapsed  3 system 0.80 temp 110.1 hbonds, Rg  88.8 A, potential   -55.25
 56805 / 100001 elapsed  0 system 0.80 temp 109.6 hbonds, Rg 103.2 A, potential   -59.57
 57305 / 100001 elapsed  1 system 0.80 temp 106.2 hbonds, Rg  70.9 A, potential   -10.36
 57005 / 100001 elapsed  3 system 0.80 temp 105.7 hbonds, Rg  91.6 A, potential   -56.86
 57705 / 100001 elapsed  2 system 0.80 temp 108.0 hbonds, Rg 140.8 A, potential   -33.62
 56905 / 100001 elapsed  0 system 0.80 temp 108.0 hbonds, Rg 103.7 A, potential   -26.34
 57405 / 100001 elapsed  1 system 0.80 temp 104.0 hbonds, Rg  71.5 A, potential   -28.33
 57805 / 100001 elapsed  2 system 0.80 temp 105.3 hbonds, Rg 140.9 A, potential   -49.42
 57105 / 100001 elapsed  3 system 0.80 temp 100.8 hbonds, Rg  92.2 A, potential   -61.99
 57005 / 100001 elapsed  0 system 0.80 temp 111.1 hbonds, Rg 104.7 A, potential   -30.92
 57505 / 100001 elapsed  1 system 0.80 temp 100.8 hbonds, Rg  71.7 A, potential    -5.61
 57205 / 100001 elapsed  3 system 0.80 temp 109.4 hbonds, Rg  90.0 A, potential   -53.36
 57905 / 100001 elapsed  2 system 0.80 temp 105.4 hbonds, Rg 142.3 A, potential   -44.93
 57105 / 100001 elapsed  0 system 0.80 temp 102.9 hbonds, Rg 103.4 A, potential   -35.62
 57605 / 100001 elapsed  1 system 0.80 temp 105.6 hbonds, Rg  71.5 A, potential   -47.52
 58005 / 100001 elapsed  2 system 0.80 temp  96.9 hbonds, Rg 141.8 A, potential   -22.33
 57305 / 100001 elapsed  3 system 0.80 temp 103.7 hbonds, Rg  91.3 A, potential   -60.50
 57205 / 100001 elapsed  0 system 0.80 temp 109.9 hbonds, Rg 104.6 A, potential   -69.77
 57705 / 100001 elapsed  1 system 0.80 temp 103.3 hbonds, Rg  70.9 A, potential   -31.44
 58105 / 100001 elapsed  2 system 0.80 temp 104.7 hbonds, Rg 144.9 A, potential   -16.25
 57405 / 100001 elapsed  3 system 0.80 temp  98.2 hbonds, Rg  91.8 A, potential   -35.12
 57305 / 100001 elapsed  0 system 0.80 temp 105.9 hbonds, Rg 105.6 A, potential   -25.12
 57505 / 100001 elapsed  3 system 0.80 temp 104.2 hbonds, Rg  90.6 A, potential   -62.81
 58205 / 100001 elapsed  2 system 0.80 temp 110.0 hbonds, Rg 144.9 A, potential   -34.97
 57805 / 100001 elapsed  1 system 0.80 temp 104.4 hbonds, Rg  71.0 A, potential   -23.04
 57405 / 100001 elapsed  0 system 0.80 temp 111.4 hbonds, Rg 105.3 A, potential   -41.73
 57605 / 100001 elapsed  3 system 0.80 temp 108.3 hbonds, Rg  90.4 A, potential   -54.69
 58305 / 100001 elapsed  2 system 0.80 temp 105.8 hbonds, Rg 146.0 A, potential   -42.05
 57905 / 100001 elapsed  1 system 0.80 temp 103.9 hbonds, Rg  71.3 A, potential   -20.78
 57505 / 100001 elapsed  0 system 0.80 temp 109.0 hbonds, Rg 105.4 A, potential   -63.78
 58405 / 100001 elapsed  2 system 0.80 temp 105.8 hbonds, Rg 148.2 A, potential   -40.58
 57705 / 100001 elapsed  3 system 0.80 temp 111.7 hbonds, Rg  90.2 A, potential   -54.73
 58005 / 100001 elapsed  1 system 0.80 temp 105.2 hbonds, Rg  71.6 A, potential   -10.22
 57605 / 100001 elapsed  0 system 0.80 temp 107.5 hbonds, Rg 104.3 A, potential   -19.55
 58505 / 100001 elapsed  2 system 0.80 temp 105.5 hbonds, Rg 147.2 A, potential    17.92
 57805 / 100001 elapsed  3 system 0.80 temp 106.5 hbonds, Rg  90.1 A, potential   -51.76
 58105 / 100001 elapsed  1 system 0.80 temp 104.2 hbonds, Rg  70.4 A, potential   -32.17
 57705 / 100001 elapsed  0 system 0.80 temp 114.6 hbonds, Rg 103.5 A, potential   -52.34
 58605 / 100001 elapsed  2 system 0.80 temp 107.6 hbonds, Rg 148.4 A, potential   -72.10
 57905 / 100001 elapsed  3 system 0.80 temp 101.9 hbonds, Rg  90.9 A, potential   -55.87
 58205 / 100001 elapsed  1 system 0.80 temp 106.8 hbonds, Rg  70.3 A, potential   -21.89
 57805 / 100001 elapsed  0 system 0.80 temp 110.7 hbonds, Rg 103.9 A, potential   -35.55
 58705 / 100001 elapsed  2 system 0.80 temp 101.9 hbonds, Rg 146.8 A, potential   -45.96
 58005 / 100001 elapsed  3 system 0.80 temp 107.3 hbonds, Rg  90.7 A, potential   -49.89
 58305 / 100001 elapsed  1 system 0.80 temp  97.5 hbonds, Rg  69.4 A, potential   -26.94
 57905 / 100001 elapsed  0 system 0.80 temp 107.9 hbonds, Rg 104.7 A, potential   -46.03
 58805 / 100001 elapsed  2 system 0.80 temp 108.4 hbonds, Rg 147.9 A, potential   -48.00
 58105 / 100001 elapsed  3 system 0.80 temp 101.3 hbonds, Rg  90.6 A, potential   -34.68
 58405 / 100001 elapsed  1 system 0.80 temp 107.4 hbonds, Rg  69.8 A, potential   -49.66
 58005 / 100001 elapsed  0 system 0.80 temp 106.2 hbonds, Rg 105.3 A, potential   -39.16
 58905 / 100001 elapsed  2 system 0.80 temp 103.8 hbonds, Rg 149.3 A, potential   -18.32
 58205 / 100001 elapsed  3 system 0.80 temp  97.9 hbonds, Rg  90.7 A, potential   -54.85
 58505 / 100001 elapsed  1 system 0.80 temp 102.8 hbonds, Rg  69.1 A, potential   -33.63
 58105 / 100001 elapsed  0 system 0.80 temp 103.2 hbonds, Rg 106.5 A, potential   -39.86
 59005 / 100001 elapsed  2 system 0.80 temp 111.0 hbonds, Rg 147.8 A, potential   -68.79
 58305 / 100001 elapsed  3 system 0.80 temp 105.3 hbonds, Rg  88.3 A, potential   -30.60
 58605 / 100001 elapsed  1 system 0.80 temp 107.3 hbonds, Rg  66.0 A, potential   -65.60
 58205 / 100001 elapsed  0 system 0.80 temp 106.3 hbonds, Rg 106.0 A, potential   -47.18
 59105 / 100001 elapsed  2 system 0.80 temp 106.6 hbonds, Rg 146.9 A, potential   -47.22
 58405 / 100001 elapsed  3 system 0.80 temp 104.2 hbonds, Rg  89.9 A, potential   -24.55
 58705 / 100001 elapsed  1 system 0.80 temp  97.5 hbonds, Rg  67.2 A, potential   -27.08
 58305 / 100001 elapsed  0 system 0.80 temp 105.8 hbonds, Rg 107.8 A, potential   -54.70
 59205 / 100001 elapsed  2 system 0.80 temp 104.9 hbonds, Rg 146.6 A, potential   -44.48
 58505 / 100001 elapsed  3 system 0.80 temp 101.2 hbonds, Rg  90.4 A, potential    -1.15
 58805 / 100001 elapsed  1 system 0.80 temp 102.7 hbonds, Rg  66.1 A, potential   -44.89
 58405 / 100001 elapsed  0 system 0.80 temp 106.8 hbonds, Rg 106.6 A, potential   -47.60
 59305 / 100001 elapsed  2 system 0.80 temp 101.3 hbonds, Rg 146.4 A, potential   -25.78
 58605 / 100001 elapsed  3 system 0.80 temp  97.8 hbonds, Rg  92.5 A, potential   -29.01
 58905 / 100001 elapsed  1 system 0.80 temp 110.8 hbonds, Rg  64.2 A, potential   -52.92
 58505 / 100001 elapsed  0 system 0.80 temp 102.0 hbonds, Rg 107.0 A, potential   -47.87
 59405 / 100001 elapsed  2 system 0.80 temp 100.4 hbonds, Rg 148.1 A, potential   -22.78
 58705 / 100001 elapsed  3 system 0.80 temp 108.1 hbonds, Rg  92.4 A, potential   -16.97
 59005 / 100001 elapsed  1 system 0.80 temp 105.1 hbonds, Rg  63.0 A, potential   -41.54
 58605 / 100001 elapsed  0 system 0.80 temp 106.1 hbonds, Rg 105.5 A, potential   -32.63
 59505 / 100001 elapsed  2 system 0.80 temp 100.1 hbonds, Rg 148.3 A, potential   -37.04
 58805 / 100001 elapsed  3 system 0.80 temp 101.4 hbonds, Rg  93.1 A, potential   -65.61
 59105 / 100001 elapsed  1 system 0.80 temp  98.4 hbonds, Rg  64.2 A, potential    25.20
 58705 / 100001 elapsed  0 system 0.80 temp 107.4 hbonds, Rg 107.2 A, potential   -58.62
 59605 / 100001 elapsed  2 system 0.80 temp 100.6 hbonds, Rg 146.6 A, potential   -23.06
 58905 / 100001 elapsed  3 system 0.80 temp  99.7 hbonds, Rg  90.0 A, potential   -57.35
 59205 / 100001 elapsed  1 system 0.80 temp 105.9 hbonds, Rg  64.2 A, potential   -81.58
 58805 / 100001 elapsed  0 system 0.80 temp 110.8 hbonds, Rg 106.6 A, potential   -35.52
 59705 / 100001 elapsed  2 system 0.80 temp 104.9 hbonds, Rg 145.5 A, potential   -21.52
 59005 / 100001 elapsed  3 system 0.80 temp 104.7 hbonds, Rg  91.3 A, potential   -24.44
 59305 / 100001 elapsed  1 system 0.80 temp 110.7 hbonds, Rg  64.6 A, potential   -50.21
 58905 / 100001 elapsed  0 system 0.80 temp 105.9 hbonds, Rg 106.5 A, potential   -20.85
 59805 / 100001 elapsed  2 system 0.80 temp 103.4 hbonds, Rg 145.7 A, potential   -43.52
 59105 / 100001 elapsed  3 system 0.80 temp 106.9 hbonds, Rg  93.3 A, potential   -19.18
 59405 / 100001 elapsed  1 system 0.80 temp 102.8 hbonds, Rg  64.8 A, potential    18.10
 59905 / 100001 elapsed  2 system 0.80 temp 105.1 hbonds, Rg 143.6 A, potential   -90.81
 59005 / 100001 elapsed  0 system 0.80 temp 103.0 hbonds, Rg 105.7 A, potential   -33.21
 59205 / 100001 elapsed  3 system 0.80 temp 105.0 hbonds, Rg  92.6 A, potential   -35.51
 59505 / 100001 elapsed  1 system 0.80 temp 100.0 hbonds, Rg  64.4 A, potential   -22.65
 60005 / 100001 elapsed  2 system 0.80 temp  99.6 hbonds, Rg 145.6 A, potential    -7.51
 59105 / 100001 elapsed  0 system 0.80 temp  99.9 hbonds, Rg 108.1 A, potential   -28.69
 59305 / 100001 elapsed  3 system 0.80 temp  97.7 hbonds, Rg  93.1 A, potential   -33.43
 59605 / 100001 elapsed  1 system 0.80 temp 103.3 hbonds, Rg  65.0 A, potential   -19.04
 60105 / 100001 elapsed  2 system 0.80 temp 102.9 hbonds, Rg 145.5 A, potential   -32.31
 59205 / 100001 elapsed  0 system 0.80 temp 101.1 hbonds, Rg 106.7 A, potential   -39.83
 59405 / 100001 elapsed  3 system 0.80 temp 101.9 hbonds, Rg  93.6 A, potential   -20.68
 59705 / 100001 elapsed  1 system 0.80 temp 106.1 hbonds, Rg  65.5 A, potential   -40.37
 59305 / 100001 elapsed  0 system 0.80 temp 104.3 hbonds, Rg 105.6 A, potential   -41.15
 60205 / 100001 elapsed  2 system 0.80 temp  91.7 hbonds, Rg 145.0 A, potential     0.25
 59505 / 100001 elapsed  3 system 0.80 temp 108.0 hbonds, Rg  92.6 A, potential   -43.14
 59805 / 100001 elapsed  1 system 0.80 temp 105.2 hbonds, Rg  65.4 A, potential   -21.14
 60305 / 100001 elapsed  2 system 0.80 temp 100.9 hbonds, Rg 145.5 A, potential   -39.94
 59405 / 100001 elapsed  0 system 0.80 temp 101.0 hbonds, Rg 106.2 A, potential   -23.93
 59605 / 100001 elapsed  3 system 0.80 temp 104.4 hbonds, Rg  91.9 A, potential   -66.17
 59905 / 100001 elapsed  1 system 0.80 temp 107.5 hbonds, Rg  67.3 A, potential   -10.66
 60405 / 100001 elapsed  2 system 0.80 temp 101.4 hbonds, Rg 144.8 A, potential   -15.33
 59505 / 100001 elapsed  0 system 0.80 temp 100.1 hbonds, Rg 107.3 A, potential   -29.44
 59705 / 100001 elapsed  3 system 0.80 temp 105.5 hbonds, Rg  91.3 A, potential   -43.30
 60005 / 100001 elapsed  1 system 0.80 temp 105.5 hbonds, Rg  67.4 A, potential   -54.45
 60505 / 100001 elapsed  2 system 0.80 temp 101.4 hbonds, Rg 142.3 A, potential   -34.71
 59605 / 100001 elapsed  0 system 0.80 temp  97.8 hbonds, Rg 105.7 A, potential   -36.95
 59805 / 100001 elapsed  3 system 0.80 temp 102.2 hbonds, Rg  91.9 A, potential   -27.82
 60105 / 100001 elapsed  1 system 0.80 temp 107.2 hbonds, Rg  65.7 A, potential   -16.04
 60605 / 100001 elapsed  2 system 0.80 temp  98.3 hbonds, Rg 142.0 A, potential   -22.23
 59705 / 100001 elapsed  0 system 0.80 temp 104.9 hbonds, Rg 105.9 A, potential    -8.24
 59905 / 100001 elapsed  3 system 0.80 temp 105.0 hbonds, Rg  89.8 A, potential   -54.24
 60205 / 100001 elapsed  1 system 0.80 temp 108.0 hbonds, Rg  64.1 A, potential   -57.83
 60705 / 100001 elapsed  2 system 0.80 temp  97.0 hbonds, Rg 143.3 A, potential   -14.30
 59805 / 100001 elapsed  0 system 0.80 temp 112.4 hbonds, Rg 106.0 A, potential   -37.87
 60005 / 100001 elapsed  3 system 0.80 temp 113.4 hbonds, Rg  90.2 A, potential   -44.04
 60305 / 100001 elapsed  1 system 0.80 temp 107.6 hbonds, Rg  64.1 A, potential   -29.96
 60805 / 100001 elapsed  2 system 0.80 temp  96.8 hbonds, Rg 140.8 A, potential   -53.70
 59905 / 100001 elapsed  0 system 0.80 temp 104.5 hbonds, Rg 105.6 A, potential   -24.87
 60105 / 100001 elapsed  3 system 0.80 temp 106.7 hbonds, Rg  89.3 A, potential   -49.12
 60405 / 100001 elapsed  1 system 0.80 temp 102.3 hbonds, Rg  66.4 A, potential     6.44
 60905 / 100001 elapsed  2 system 0.80 temp  99.7 hbonds, Rg 141.6 A, potential   -33.78
 60005 / 100001 elapsed  0 system 0.80 temp 105.7 hbonds, Rg 107.2 A, potential   -27.27
 60205 / 100001 elapsed  3 system 0.80 temp  99.9 hbonds, Rg  87.3 A, potential   -56.76
 60505 / 100001 elapsed  1 system 0.80 temp 111.8 hbonds, Rg  65.7 A, potential   -13.89
 61005 / 100001 elapsed  2 system 0.80 temp 103.5 hbonds, Rg 144.6 A, potential   -40.68
 60105 / 100001 elapsed  0 system 0.80 temp 109.8 hbonds, Rg 106.7 A, potential   -63.67
 60305 / 100001 elapsed  3 system 0.80 temp 105.7 hbonds, Rg  86.1 A, potential   -37.01
 60605 / 100001 elapsed  1 system 0.80 temp 103.6 hbonds, Rg  66.6 A, potential   -60.16
 61105 / 100001 elapsed  2 system 0.80 temp  98.7 hbonds, Rg 145.6 A, potential   -15.66
 60205 / 100001 elapsed  0 system 0.80 temp 107.9 hbonds, Rg 107.9 A, potential    -8.31
 60705 / 100001 elapsed  1 system 0.80 temp 108.6 hbonds, Rg  65.7 A, potential   -29.52
 60405 / 100001 elapsed  3 system 0.80 temp 103.9 hbonds, Rg  85.3 A, potential   -24.16
 61205 / 100001 elapsed  2 system 0.80 temp 100.1 hbonds, Rg 144.2 A, potential    12.24
 60305 / 100001 elapsed  0 system 0.80 temp 109.9 hbonds, Rg 106.3 A, potential   -72.23
 60805 / 100001 elapsed  1 system 0.80 temp 106.7 hbonds, Rg  64.7 A, potential   -47.75
 60505 / 100001 elapsed  3 system 0.80 temp 109.2 hbonds, Rg  84.7 A, potential   -10.78
 61305 / 100001 elapsed  2 system 0.80 temp 101.8 hbonds, Rg 144.5 A, potential   -46.16
 60405 / 100001 elapsed  0 system 0.80 temp 107.1 hbonds, Rg 106.3 A, potential   -43.15
 60905 / 100001 elapsed  1 system 0.80 temp 109.8 hbonds, Rg  63.7 A, potential   -38.08
 60605 / 100001 elapsed  3 system 0.80 temp  99.8 hbonds, Rg  85.9 A, potential     8.67
 61405 / 100001 elapsed  2 system 0.80 temp 100.0 hbonds, Rg 145.1 A, potential   -28.69
 60505 / 100001 elapsed  0 system 0.80 temp 106.7 hbonds, Rg 105.4 A, potential   -42.12
 61005 / 100001 elapsed  1 system 0.80 temp 110.8 hbonds, Rg  64.1 A, potential   -70.83
 60705 / 100001 elapsed  3 system 0.80 temp 105.8 hbonds, Rg  86.0 A, potential   -35.49
 61505 / 100001 elapsed  2 system 0.80 temp  99.8 hbonds, Rg 145.0 A, potential   -23.71
 60605 / 100001 elapsed  0 system 0.80 temp 107.9 hbonds, Rg 105.6 A, potential   -40.08
 61105 / 100001 elapsed  1 system 0.80 temp 104.2 hbonds, Rg  64.7 A, potential   -43.23
 60805 / 100001 elapsed  3 system 0.80 temp 117.3 hbonds, Rg  84.9 A, potential   -69.78
 61605 / 100001 elapsed  2 system 0.80 temp 104.3 hbonds, Rg 144.9 A, potential   -41.18
 61205 / 100001 elapsed  1 system 0.80 temp 109.7 hbonds, Rg  63.8 A, potential   -21.71
 60705 / 100001 elapsed  0 system 0.80 temp 106.7 hbonds, Rg 105.5 A, potential   -27.94
 60905 / 100001 elapsed  3 system 0.80 temp 107.8 hbonds, Rg  83.1 A, potential   -37.41
 61705 / 100001 elapsed  2 system 0.80 temp  98.8 hbonds, Rg 145.1 A, potential   -32.84
 61305 / 100001 elapsed  1 system 0.80 temp 104.7 hbonds, Rg  61.1 A, potential   -55.02
 61005 / 100001 elapsed  3 system 0.80 temp  99.4 hbonds, Rg  85.2 A, potential   -19.12
 60805 / 100001 elapsed  0 system 0.80 temp 107.8 hbonds, Rg 105.1 A, potential   -39.14
 61805 / 100001 elapsed  2 system 0.80 temp  98.5 hbonds, Rg 143.4 A, potential   -18.31
 61405 / 100001 elapsed  1 system 0.80 temp 103.5 hbonds, Rg  61.2 A, potential   -41.85
 61105 / 100001 elapsed  3 system 0.80 temp 106.6 hbonds, Rg  82.3 A, potential   -28.29
 60905 / 100001 elapsed  0 system 0.80 temp 104.8 hbonds, Rg 104.5 A, potential   -65.75
 61905 / 100001 elapsed  2 system 0.80 temp  90.6 hbonds, Rg 141.9 A, potential    33.21
 61505 / 100001 elapsed  1 system 0.80 temp 109.9 hbonds, Rg  64.4 A, potential   -66.78
 61205 / 100001 elapsed  3 system 0.80 temp 109.4 hbonds, Rg  82.2 A, potential   -58.70
 61005 / 100001 elapsed  0 system 0.80 temp 105.2 hbonds, Rg 104.5 A, potential   -22.23
 62005 / 100001 elapsed  2 system 0.80 temp  98.8 hbonds, Rg 142.3 A, potential     1.41
 61605 / 100001 elapsed  1 system 0.80 temp 103.9 hbonds, Rg  64.6 A, potential   -29.61
 61305 / 100001 elapsed  3 system 0.80 temp 106.1 hbonds, Rg  84.0 A, potential   -63.02
 61105 / 100001 elapsed  0 system 0.80 temp 104.9 hbonds, Rg 105.7 A, potential   -17.42
 62105 / 100001 elapsed  2 system 0.80 temp 101.5 hbonds, Rg 141.6 A, potential    -6.81
 61705 / 100001 elapsed  1 system 0.80 temp 106.1 hbonds, Rg  64.4 A, potential   -64.73
 61405 / 100001 elapsed  3 system 0.80 temp 108.9 hbonds, Rg  82.8 A, potential   -19.81
 61205 / 100001 elapsed  0 system 0.80 temp 108.4 hbonds, Rg 106.1 A, potential   -68.26
 62205 / 100001 elapsed  2 system 0.80 temp 104.5 hbonds, Rg 142.3 A, potential   -14.57
 61805 / 100001 elapsed  1 system 0.80 temp 102.5 hbonds, Rg  63.6 A, potential   -39.67
 61505 / 100001 elapsed  3 system 0.80 temp 104.5 hbonds, Rg  82.9 A, potential    -8.63
 61305 / 100001 elapsed  0 system 0.80 temp 107.7 hbonds, Rg 103.8 A, potential   -37.85
 62305 / 100001 elapsed  2 system 0.80 temp 104.7 hbonds, Rg 139.8 A, potential   -30.28
 61905 / 100001 elapsed  1 system 0.80 temp 102.6 hbonds, Rg  61.5 A, potential   -22.66
 61605 / 100001 elapsed  3 system 0.80 temp 105.2 hbonds, Rg  84.8 A, potential   -23.79
 61405 / 100001 elapsed  0 system 0.80 temp 105.4 hbonds, Rg 104.2 A, potential   -32.70
 62405 / 100001 elapsed  2 system 0.80 temp 104.4 hbonds, Rg 141.6 A, potential   -21.42
 62005 / 100001 elapsed  1 system 0.80 temp 107.5 hbonds, Rg  59.7 A, potential   -33.63
 61705 / 100001 elapsed  3 system 0.80 temp  98.9 hbonds, Rg  83.2 A, potential   -42.09
 61505 / 100001 elapsed  0 system 0.80 temp 105.1 hbonds, Rg 105.0 A, potential   -58.33
 62505 / 100001 elapsed  2 system 0.80 temp 105.5 hbonds, Rg 142.2 A, potential    -7.55
 62105 / 100001 elapsed  1 system 0.80 temp 103.5 hbonds, Rg  59.1 A, potential   -57.71
 61805 / 100001 elapsed  3 system 0.80 temp 101.7 hbonds, Rg  84.6 A, potential   -33.68
 61605 / 100001 elapsed  0 system 0.80 temp 107.0 hbonds, Rg 105.1 A, potential   -47.31
 62605 / 100001 elapsed  2 system 0.80 temp 106.7 hbonds, Rg 143.1 A, potential   -24.69
 62205 / 100001 elapsed  1 system 0.80 temp 109.1 hbonds, Rg  59.0 A, potential   -42.68
 61905 / 100001 elapsed  3 system 0.80 temp 102.5 hbonds, Rg  84.5 A, potential   -47.29
 61705 / 100001 elapsed  0 system 0.80 temp 106.4 hbonds, Rg 104.0 A, potential   -28.95
 62705 / 100001 elapsed  2 system 0.80 temp  97.8 hbonds, Rg 141.7 A, potential   -32.35
 62305 / 100001 elapsed  1 system 0.80 temp 106.6 hbonds, Rg  60.3 A, potential   -49.97
 62005 / 100001 elapsed  3 system 0.80 temp  99.5 hbonds, Rg  81.7 A, potential   -24.49
 61805 / 100001 elapsed  0 system 0.80 temp 113.6 hbonds, Rg 104.3 A, potential   -54.86
 62805 / 100001 elapsed  2 system 0.80 temp 105.9 hbonds, Rg 142.6 A, potential   -78.98
 62405 / 100001 elapsed  1 system 0.80 temp  99.5 hbonds, Rg  60.5 A, potential    13.00
 62105 / 100001 elapsed  3 system 0.80 temp 101.6 hbonds, Rg  81.9 A, potential   -61.70
 61905 / 100001 elapsed  0 system 0.80 temp 104.6 hbonds, Rg 105.2 A, potential   -42.02
 62905 / 100001 elapsed  2 system 0.80 temp 107.0 hbonds, Rg 142.3 A, potential   -34.98
 62505 / 100001 elapsed  1 system 0.80 temp  99.4 hbonds, Rg  59.8 A, potential   -21.67
 62205 / 100001 elapsed  3 system 0.80 temp 111.9 hbonds, Rg  80.5 A, potential   -99.46
 62005 / 100001 elapsed  0 system 0.80 temp 103.8 hbonds, Rg 106.2 A, potential   -33.42
 63005 / 100001 elapsed  2 system 0.80 temp 106.3 hbonds, Rg 140.2 A, potential   -66.57
 62605 / 100001 elapsed  1 system 0.80 temp 101.3 hbonds, Rg  59.9 A, potential   -43.99
 62305 / 100001 elapsed  3 system 0.80 temp  96.5 hbonds, Rg  81.5 A, potential   -43.81
 62105 / 100001 elapsed  0 system 0.80 temp 107.5 hbonds, Rg 105.1 A, potential   -72.77
 63105 / 100001 elapsed  2 system 0.80 temp 106.2 hbonds, Rg 139.7 A, potential   -32.61
 62705 / 100001 elapsed  1 system 0.80 temp 105.5 hbonds, Rg  59.9 A, potential   -77.33
 62405 / 100001 elapsed  3 system 0.80 temp 101.5 hbonds, Rg  83.9 A, potential    -7.23
 62205 / 100001 elapsed  0 system 0.80 temp 103.0 hbonds, Rg 103.8 A, potential   -30.73
 63205 / 100001 elapsed  2 system 0.80 temp 102.3 hbonds, Rg 140.4 A, potential   -31.58
 62805 / 100001 elapsed  1 system 0.80 temp  99.0 hbonds, Rg  63.9 A, potential   -31.64
 62505 / 100001 elapsed  3 system 0.80 temp 104.7 hbonds, Rg  85.0 A, potential   -46.77
 62305 / 100001 elapsed  0 system 0.80 temp 100.6 hbonds, Rg 104.3 A, potential    -9.71
 63305 / 100001 elapsed  2 system 0.80 temp 108.3 hbonds, Rg 141.4 A, potential   -50.77
 62905 / 100001 elapsed  1 system 0.80 temp 101.4 hbonds, Rg  61.9 A, potential   -34.54
 62605 / 100001 elapsed  3 system 0.80 temp 103.7 hbonds, Rg  84.5 A, potential   -74.02
 62405 / 100001 elapsed  0 system 0.80 temp 108.0 hbonds, Rg 104.7 A, potential   -48.62
 63405 / 100001 elapsed  2 system 0.80 temp 112.0 hbonds, Rg 143.9 A, potential   -35.97
 63005 / 100001 elapsed  1 system 0.80 temp 103.5 hbonds, Rg  60.5 A, potential   -76.30
 62705 / 100001 elapsed  3 system 0.80 temp 102.9 hbonds, Rg  81.2 A, potential   -31.01
 62505 / 100001 elapsed  0 system 0.80 temp 105.8 hbonds, Rg 102.8 A, potential   -68.46
 63505 / 100001 elapsed  2 system 0.80 temp 104.7 hbonds, Rg 140.9 A, potential   -41.99
 63105 / 100001 elapsed  1 system 0.80 temp 101.7 hbonds, Rg  60.5 A, potential   -57.40
 62805 / 100001 elapsed  3 system 0.80 temp 107.8 hbonds, Rg  79.0 A, potential   -41.07
 62605 / 100001 elapsed  0 system 0.80 temp 111.7 hbonds, Rg 104.1 A, potential   -48.35
 63605 / 100001 elapsed  2 system 0.80 temp 108.1 hbonds, Rg 140.3 A, potential   -29.39
 63205 / 100001 elapsed  1 system 0.80 temp  99.9 hbonds, Rg  61.9 A, potential   -45.74
 62905 / 100001 elapsed  3 system 0.80 temp 103.9 hbonds, Rg  79.0 A, potential   -41.86
 62705 / 100001 elapsed  0 system 0.80 temp 104.1 hbonds, Rg 101.2 A, potential   -75.14
 63705 / 100001 elapsed  2 system 0.80 temp 101.2 hbonds, Rg 141.0 A, potential   -40.34
 63305 / 100001 elapsed  1 system 0.80 temp 102.9 hbonds, Rg  62.5 A, potential   -32.83
 63005 / 100001 elapsed  3 system 0.80 temp 107.0 hbonds, Rg  79.3 A, potential   -58.13
 62805 / 100001 elapsed  0 system 0.80 temp 106.1 hbonds, Rg 100.7 A, potential   -68.62
 63805 / 100001 elapsed  2 system 0.80 temp 107.0 hbonds, Rg 138.0 A, potential   -52.33
 63405 / 100001 elapsed  1 system 0.80 temp 107.1 hbonds, Rg  65.5 A, potential   -41.50
 63105 / 100001 elapsed  3 system 0.80 temp 104.8 hbonds, Rg  80.2 A, potential   -23.25
 63905 / 100001 elapsed  2 system 0.80 temp 106.0 hbonds, Rg 137.5 A, potential   -41.64
 62905 / 100001 elapsed  0 system 0.80 temp 100.9 hbonds, Rg  98.3 A, potential   -17.36
 63505 / 100001 elapsed  1 system 0.80 temp 101.3 hbonds, Rg  63.1 A, potential   -34.62
 63205 / 100001 elapsed  3 system 0.80 temp 106.1 hbonds, Rg  79.8 A, potential   -38.09
 64005 / 100001 elapsed  2 system 0.80 temp 107.7 hbonds, Rg 136.5 A, potential   -53.02
 63005 / 100001 elapsed  0 system 0.80 temp 104.1 hbonds, Rg  99.2 A, potential   -21.76
 63605 / 100001 elapsed  1 system 0.80 temp  99.9 hbonds, Rg  61.9 A, potential   -14.70
 63305 / 100001 elapsed  3 system 0.80 temp 101.4 hbonds, Rg  80.6 A, potential   -43.29
 64105 / 100001 elapsed  2 system 0.80 temp 102.5 hbonds, Rg 136.2 A, potential   -42.24
 63105 / 100001 elapsed  0 system 0.80 temp 105.0 hbonds, Rg  99.2 A, potential   -46.69
 63705 / 100001 elapsed  1 system 0.80 temp  97.0 hbonds, Rg  65.2 A, potential    -8.67
 63405 / 100001 elapsed  3 system 0.80 temp  99.1 hbonds, Rg  80.0 A, potential   -44.55
 64205 / 100001 elapsed  2 system 0.80 temp 108.9 hbonds, Rg 137.7 A, potential   -38.96
 63205 / 100001 elapsed  0 system 0.80 temp 105.0 hbonds, Rg  97.9 A, potential   -51.42
 63805 / 100001 elapsed  1 system 0.80 temp 104.8 hbonds, Rg  65.1 A, potential   -60.45
 63505 / 100001 elapsed  3 system 0.80 temp 100.9 hbonds, Rg  79.7 A, potential    -3.41
 64305 / 100001 elapsed  2 system 0.80 temp 104.5 hbonds, Rg 137.7 A, potential   -45.90
 63305 / 100001 elapsed  0 system 0.80 temp 103.3 hbonds, Rg  99.7 A, potential   -24.61
 63905 / 100001 elapsed  1 system 0.80 temp 107.6 hbonds, Rg  62.7 A, potential   -53.24
 63605 / 100001 elapsed  3 system 0.80 temp 101.4 hbonds, Rg  80.3 A, potential   -59.16
 64405 / 100001 elapsed  2 system 0.80 temp 106.4 hbonds, Rg 135.7 A, potential   -47.31
 63405 / 100001 elapsed  0 system 0.80 temp 103.8 hbonds, Rg  99.0 A, potential   -29.85
 64005 / 100001 elapsed  1 system 0.80 temp 108.5 hbonds, Rg  64.6 A, potential   -55.05
 63705 / 100001 elapsed  3 system 0.80 temp  96.6 hbonds, Rg  79.9 A, potential   -46.68
 64505 / 100001 elapsed  2 system 0.80 temp 103.4 hbonds, Rg 132.3 A, potential   -51.09
 63505 / 100001 elapsed  0 system 0.80 temp 105.2 hbonds, Rg  99.3 A, potential   -27.91
 64105 / 100001 elapsed  1 system 0.80 temp 106.6 hbonds, Rg  63.6 A, potential   -67.32
 63805 / 100001 elapsed  3 system 0.80 temp 102.9 hbonds, Rg  79.9 A, potential   -29.99
 64605 / 100001 elapsed  2 system 0.80 temp 110.6 hbonds, Rg 132.7 A, potential   -54.98
 64205 / 100001 elapsed  1 system 0.80 temp 107.6 hbonds, Rg  61.2 A, potential   -48.42
 63605 / 100001 elapsed  0 system 0.80 temp 106.3 hbonds, Rg  98.1 A, potential   -39.51
 63905 / 100001 elapsed  3 system 0.80 temp 100.2 hbonds, Rg  77.0 A, potential   -45.22
 64705 / 100001 elapsed  2 system 0.80 temp 102.7 hbonds, Rg 131.7 A, potential   -25.46
 64305 / 100001 elapsed  1 system 0.80 temp 109.1 hbonds, Rg  61.2 A, potential   -44.70
 63705 / 100001 elapsed  0 system 0.80 temp 103.4 hbonds, Rg  97.9 A, potential   -39.40
 64005 / 100001 elapsed  3 system 0.80 temp 105.2 hbonds, Rg  78.1 A, potential   -23.88
 64805 / 100001 elapsed  2 system 0.80 temp 103.6 hbonds, Rg 134.2 A, potential    -4.36
 64405 / 100001 elapsed  1 system 0.80 temp 107.5 hbonds, Rg  62.1 A, potential   -32.98
 63805 / 100001 elapsed  0 system 0.80 temp 108.3 hbonds, Rg  99.0 A, potential   -60.79
 64105 / 100001 elapsed  3 system 0.80 temp  99.9 hbonds, Rg  76.6 A, potential   -16.97
 64905 / 100001 elapsed  2 system 0.80 temp 108.9 hbonds, Rg 134.6 A, potential   -52.29
 63905 / 100001 elapsed  0 system 0.80 temp 106.3 hbonds, Rg  98.1 A, potential     6.11
 64505 / 100001 elapsed  1 system 0.80 temp 105.1 hbonds, Rg  60.3 A, potential   -34.41
 64205 / 100001 elapsed  3 system 0.80 temp 103.6 hbonds, Rg  76.9 A, potential   -25.75
 65005 / 100001 elapsed  2 system 0.80 temp 105.2 hbonds, Rg 131.9 A, potential   -19.45
 64005 / 100001 elapsed  0 system 0.80 temp 101.7 hbonds, Rg  98.4 A, potential   -34.18
 64605 / 100001 elapsed  1 system 0.80 temp 109.2 hbonds, Rg  59.1 A, potential   -43.19
 64305 / 100001 elapsed  3 system 0.80 temp 101.6 hbonds, Rg  78.2 A, potential   -51.82
 65105 / 100001 elapsed  2 system 0.80 temp 107.7 hbonds, Rg 133.2 A, potential   -41.27
 64105 / 100001 elapsed  0 system 0.80 temp 103.8 hbonds, Rg  99.2 A, potential    -8.84
 64705 / 100001 elapsed  1 system 0.80 temp 103.7 hbonds, Rg  60.7 A, potential   -35.43
 64405 / 100001 elapsed  3 system 0.80 temp 102.0 hbonds, Rg  78.1 A, potential   -13.01
 65205 / 100001 elapsed  2 system 0.80 temp 105.6 hbonds, Rg 133.0 A, potential   -70.75
 64205 / 100001 elapsed  0 system 0.80 temp 101.5 hbonds, Rg  96.7 A, potential   -47.51
 64805 / 100001 elapsed  1 system 0.80 temp 105.2 hbonds, Rg  61.5 A, potential   -42.35
 64505 / 100001 elapsed  3 system 0.80 temp 104.1 hbonds, Rg  78.5 A, potential   -56.93
 65305 / 100001 elapsed  2 system 0.80 temp 101.9 hbonds, Rg 135.9 A, potential   -10.61
 64305 / 100001 elapsed  0 system 0.80 temp 105.2 hbonds, Rg  96.2 A, potential   -19.60
 64905 / 100001 elapsed  1 system 0.80 temp 103.3 hbonds, Rg  61.5 A, potential   -61.76
 64605 / 100001 elapsed  3 system 0.80 temp 103.9 hbonds, Rg  78.1 A, potential   -54.70
 64405 / 100001 elapsed  0 system 0.80 temp 100.7 hbonds, Rg  96.1 A, potential   -23.52
 65405 / 100001 elapsed  2 system 0.80 temp 102.5 hbonds, Rg 134.2 A, potential   -48.10
 65005 / 100001 elapsed  1 system 0.80 temp 104.7 hbonds, Rg  62.2 A, potential   -28.38
 64705 / 100001 elapsed  3 system 0.80 temp 102.1 hbonds, Rg  78.2 A, potential   -12.27
 64505 / 100001 elapsed  0 system 0.80 temp 104.7 hbonds, Rg  96.1 A, potential   -58.57
 65505 / 100001 elapsed  2 system 0.80 temp  98.2 hbonds, Rg 135.5 A, potential    -0.80
 65105 / 100001 elapsed  1 system 0.80 temp 105.4 hbonds, Rg  61.9 A, potential   -26.87
 64805 / 100001 elapsed  3 system 0.80 temp 105.0 hbonds, Rg  77.4 A, potential   -34.76
 65605 / 100001 elapsed  2 system 0.80 temp 103.8 hbonds, Rg 135.7 A, potential   -29.51
 64605 / 100001 elapsed  0 system 0.80 temp 107.5 hbonds, Rg  95.9 A, potential   -55.41
 65205 / 100001 elapsed  1 system 0.80 temp 112.2 hbonds, Rg  62.4 A, potential   -63.50
 64905 / 100001 elapsed  3 system 0.80 temp 101.1 hbonds, Rg  74.8 A, potential   -23.00
 65705 / 100001 elapsed  2 system 0.80 temp 103.4 hbonds, Rg 137.1 A, potential   -68.16
 64705 / 100001 elapsed  0 system 0.80 temp 111.6 hbonds, Rg  96.1 A, potential   -34.25
 65305 / 100001 elapsed  1 system 0.80 temp 106.4 hbonds, Rg  62.8 A, potential   -13.01
 65005 / 100001 elapsed  3 system 0.80 temp 103.3 hbonds, Rg  76.8 A, potential   -22.34
 65805 / 100001 elapsed  2 system 0.80 temp 103.4 hbonds, Rg 136.5 A, potential   -30.49
 64805 / 100001 elapsed  0 system 0.80 temp 102.7 hbonds, Rg  96.6 A, potential   -20.66
 65405 / 100001 elapsed  1 system 0.80 temp 106.2 hbonds, Rg  60.4 A, potential   -17.87
 65105 / 100001 elapsed  3 system 0.80 temp 104.2 hbonds, Rg  77.2 A, potential   -43.20
 65905 / 100001 elapsed  2 system 0.80 temp 103.2 hbonds, Rg 134.6 A, potential   -27.35
 64905 / 100001 elapsed  0 system 0.80 temp 105.1 hbonds, Rg  95.9 A, potential   -34.20
 65505 / 100001 elapsed  1 system 0.80 temp 107.4 hbonds, Rg  60.1 A, potential   -81.08
 65205 / 100001 elapsed  3 system 0.80 temp 102.5 hbonds, Rg  77.3 A, potential   -15.85
 66005 / 100001 elapsed  2 system 0.80 temp 102.1 hbonds, Rg 132.8 A, potential   -46.48
 65005 / 100001 elapsed  0 system 0.80 temp 107.2 hbonds, Rg  96.8 A, potential   -59.21
 65605 / 100001 elapsed  1 system 0.80 temp 111.0 hbonds, Rg  60.6 A, potential   -40.20
 65305 / 100001 elapsed  3 system 0.80 temp 106.2 hbonds, Rg  77.4 A, potential   -27.54
 66105 / 100001 elapsed  2 system 0.80 temp 104.4 hbonds, Rg 131.2 A, potential   -38.43
 65105 / 100001 elapsed  0 system 0.80 temp 111.4 hbonds, Rg  96.8 A, potential   -53.80
 65705 / 100001 elapsed  1 system 0.80 temp 103.1 hbonds, Rg  58.6 A, potential   -58.39
 65405 / 100001 elapsed  3 system 0.80 temp 101.6 hbonds, Rg  77.6 A, potential    -7.43
 66205 / 100001 elapsed  2 system 0.80 temp 104.2 hbonds, Rg 132.7 A, potential   -28.58
 65205 / 100001 elapsed  0 system 0.80 temp 105.8 hbonds, Rg  96.0 A, potential   -36.61
 65805 / 100001 elapsed  1 system 0.80 temp 112.4 hbonds, Rg  59.1 A, potential   -78.65
 65505 / 100001 elapsed  3 system 0.80 temp 103.4 hbonds, Rg  78.8 A, potential   -17.41
 66305 / 100001 elapsed  2 system 0.80 temp 105.7 hbonds, Rg 130.3 A, potential   -47.19
 65305 / 100001 elapsed  0 system 0.80 temp 105.1 hbonds, Rg  95.4 A, potential   -19.84
 65905 / 100001 elapsed  1 system 0.80 temp 107.8 hbonds, Rg  61.1 A, potential   -24.19
 65605 / 100001 elapsed  3 system 0.80 temp 101.8 hbonds, Rg  79.3 A, potential   -31.37
 66405 / 100001 elapsed  2 system 0.80 temp 101.8 hbonds, Rg 130.9 A, potential    -9.99
 65405 / 100001 elapsed  0 system 0.80 temp 105.8 hbonds, Rg  96.8 A, potential   -41.28
 66005 / 100001 elapsed  1 system 0.80 temp 107.3 hbonds, Rg  59.9 A, potential   -17.54
 65705 / 100001 elapsed  3 system 0.80 temp 100.3 hbonds, Rg  79.7 A, potential   -30.14
 66505 / 100001 elapsed  2 system 0.80 temp 103.1 hbonds, Rg 129.6 A, potential   -60.20
 65505 / 100001 elapsed  0 system 0.80 temp 102.8 hbonds, Rg  96.9 A, potential   -31.20
 66105 / 100001 elapsed  1 system 0.80 temp 103.9 hbonds, Rg  60.1 A, potential   -28.97
 65805 / 100001 elapsed  3 system 0.80 temp 107.6 hbonds, Rg  80.2 A, potential   -25.37
 66605 / 100001 elapsed  2 system 0.80 temp 102.7 hbonds, Rg 129.6 A, potential   -31.78
 65605 / 100001 elapsed  0 system 0.80 temp 105.1 hbonds, Rg  98.2 A, potential   -21.48
 66205 / 100001 elapsed  1 system 0.80 temp 103.3 hbonds, Rg  59.6 A, potential   -53.09
 65905 / 100001 elapsed  3 system 0.80 temp 105.7 hbonds, Rg  79.8 A, potential   -41.47
 66705 / 100001 elapsed  2 system 0.80 temp 102.9 hbonds, Rg 128.2 A, potential   -24.91
 65705 / 100001 elapsed  0 system 0.80 temp 112.6 hbonds, Rg  98.6 A, potential   -60.81
 66305 / 100001 elapsed  1 system 0.80 temp 103.6 hbonds, Rg  58.7 A, potential   -61.68
 66005 / 100001 elapsed  3 system 0.80 temp 106.1 hbonds, Rg  80.9 A, potential   -71.70
 66805 / 100001 elapsed  2 system 0.80 temp 102.8 hbonds, Rg 128.8 A, potential   -39.34
 65805 / 100001 elapsed  0 system 0.80 temp 106.9 hbonds, Rg  99.3 A, potential   -52.97
 66405 / 100001 elapsed  1 system 0.80 temp 101.1 hbonds, Rg  58.9 A, potential   -21.93
 66105 / 100001 elapsed  3 system 0.80 temp 107.0 hbonds, Rg  81.8 A, potential   -78.07
 66905 / 100001 elapsed  2 system 0.80 temp 106.5 hbonds, Rg 128.4 A, potential   -58.13
 66505 / 100001 elapsed  1 system 0.80 temp 104.7 hbonds, Rg  60.2 A, potential   -47.32
 65905 / 100001 elapsed  0 system 0.80 temp 107.0 hbonds, Rg  98.2 A, potential   -25.27
 66205 / 100001 elapsed  3 system 0.80 temp 104.6 hbonds, Rg  82.7 A, potential   -39.34
 67005 / 100001 elapsed  2 system 0.80 temp 102.3 hbonds, Rg 129.2 A, potential   -39.28
 66605 / 100001 elapsed  1 system 0.80 temp 104.4 hbonds, Rg  58.6 A, potential   -36.21
 66005 / 100001 elapsed  0 system 0.80 temp 103.0 hbonds, Rg  98.0 A, potential   -23.06
 66305 / 100001 elapsed  3 system 0.80 temp 102.1 hbonds, Rg  82.7 A, potential   -16.82
 67105 / 100001 elapsed  2 system 0.80 temp 105.3 hbonds, Rg 130.0 A, potential   -38.22
 66705 / 100001 elapsed  1 system 0.80 temp 100.1 hbonds, Rg  58.2 A, potential   -19.91
 66105 / 100001 elapsed  0 system 0.80 temp 107.7 hbonds, Rg  98.7 A, potential   -64.82
 66405 / 100001 elapsed  3 system 0.80 temp 101.7 hbonds, Rg  85.4 A, potential   -58.16
 67205 / 100001 elapsed  2 system 0.80 temp 105.1 hbonds, Rg 129.1 A, potential   -69.55
 66805 / 100001 elapsed  1 system 0.80 temp 101.2 hbonds, Rg  57.6 A, potential   -14.08
 66205 / 100001 elapsed  0 system 0.80 temp 104.9 hbonds, Rg  98.6 A, potential   -32.92
 66505 / 100001 elapsed  3 system 0.80 temp 100.0 hbonds, Rg  85.2 A, potential   -17.18
 67305 / 100001 elapsed  2 system 0.80 temp  99.8 hbonds, Rg 129.7 A, potential   -39.29
 66905 / 100001 elapsed  1 system 0.80 temp 102.5 hbonds, Rg  56.1 A, potential     6.92
 66305 / 100001 elapsed  0 system 0.80 temp 110.0 hbonds, Rg 100.0 A, potential   -19.77
 66605 / 100001 elapsed  3 system 0.80 temp  97.4 hbonds, Rg  86.9 A, potential     3.55
 67405 / 100001 elapsed  2 system 0.80 temp 102.0 hbonds, Rg 130.8 A, potential   -11.92
 67005 / 100001 elapsed  1 system 0.80 temp 104.1 hbonds, Rg  57.2 A, potential   -39.11
 66405 / 100001 elapsed  0 system 0.80 temp 104.0 hbonds, Rg 100.3 A, potential   -33.75
 66705 / 100001 elapsed  3 system 0.80 temp 104.3 hbonds, Rg  87.0 A, potential   -23.20
 67505 / 100001 elapsed  2 system 0.80 temp 105.6 hbonds, Rg 131.9 A, potential   -45.78
 67105 / 100001 elapsed  1 system 0.80 temp 101.4 hbonds, Rg  55.2 A, potential    -9.02
 66505 / 100001 elapsed  0 system 0.80 temp 108.8 hbonds, Rg 100.5 A, potential   -34.83
 66805 / 100001 elapsed  3 system 0.80 temp 101.6 hbonds, Rg  86.7 A, potential   -31.60
 67605 / 100001 elapsed  2 system 0.80 temp 102.8 hbonds, Rg 133.1 A, potential   -33.47
 67205 / 100001 elapsed  1 system 0.80 temp 102.3 hbonds, Rg  52.4 A, potential   -45.89
 66905 / 100001 elapsed  3 system 0.80 temp  98.3 hbonds, Rg  88.5 A, potential    -2.83
 66605 / 100001 elapsed  0 system 0.80 temp 104.7 hbonds, Rg 102.2 A, potential   -10.93
 67705 / 100001 elapsed  2 system 0.80 temp  99.2 hbonds, Rg 135.4 A, potential   -58.92
 67305 / 100001 elapsed  1 system 0.80 temp 103.0 hbonds, Rg  52.5 A, potential   -44.48
 67005 / 100001 elapsed  3 system 0.80 temp  96.1 hbonds, Rg  89.2 A, potential    -6.29
 66705 / 100001 elapsed  0 system 0.80 temp 102.9 hbonds, Rg 102.9 A, potential   -26.37
 67805 / 100001 elapsed  2 system 0.80 temp 102.9 hbonds, Rg 133.6 A, potential   -58.82
 67405 / 100001 elapsed  1 system 0.80 temp 101.7 hbonds, Rg  50.7 A, potential   -45.29
 67105 / 100001 elapsed  3 system 0.80 temp 103.5 hbonds, Rg  91.2 A, potential   -34.75
 66805 / 100001 elapsed  0 system 0.80 temp 105.2 hbonds, Rg 101.4 A, potential   -50.79
 67905 / 100001 elapsed  2 system 0.80 temp 101.8 hbonds, Rg 130.9 A, potential   -11.96
 67505 / 100001 elapsed  1 system 0.80 temp 101.3 hbonds, Rg  50.7 A, potential   -29.98
 67205 / 100001 elapsed  3 system 0.80 temp 101.5 hbonds, Rg  91.6 A, potential   -59.59
 66905 / 100001 elapsed  0 system 0.80 temp 109.2 hbonds, Rg 101.9 A, potential   -74.97
 68005 / 100001 elapsed  2 system 0.80 temp 102.1 hbonds, Rg 133.3 A, potential   -42.37
 67605 / 100001 elapsed  1 system 0.80 temp 104.2 hbonds, Rg  50.4 A, potential   -28.02
 67305 / 100001 elapsed  3 system 0.80 temp 103.4 hbonds, Rg  92.5 A, potential   -57.19
 67005 / 100001 elapsed  0 system 0.80 temp 103.9 hbonds, Rg 102.3 A, potential   -40.81
 68105 / 100001 elapsed  2 system 0.80 temp 103.9 hbonds, Rg 131.9 A, potential   -43.40
 67705 / 100001 elapsed  1 system 0.80 temp 101.3 hbonds, Rg  48.6 A, potential     6.60
 67405 / 100001 elapsed  3 system 0.80 temp 103.5 hbonds, Rg  91.0 A, potential   -37.66
 67105 / 100001 elapsed  0 system 0.80 temp 104.4 hbonds, Rg 102.0 A, potential   -68.07
 68205 / 100001 elapsed  2 system 0.80 temp  96.2 hbonds, Rg 130.2 A, potential   -39.52
 67805 / 100001 elapsed  1 system 0.80 temp 101.5 hbonds, Rg  48.7 A, potential   -25.83
 67505 / 100001 elapsed  3 system 0.80 temp 100.4 hbonds, Rg  88.4 A, potential   -24.87
 67205 / 100001 elapsed  0 system 0.80 temp 107.9 hbonds, Rg 102.3 A, potential   -44.94
 68305 / 100001 elapsed  2 system 0.80 temp  99.9 hbonds, Rg 131.3 A, potential   -14.56
 67905 / 100001 elapsed  1 system 0.80 temp 106.1 hbonds, Rg  47.8 A, potential   -34.83
 67605 / 100001 elapsed  3 system 0.80 temp 100.6 hbonds, Rg  89.4 A, potential    -9.10
 67305 / 100001 elapsed  0 system 0.80 temp 100.9 hbonds, Rg 103.0 A, potential   -54.78
 68405 / 100001 elapsed  2 system 0.80 temp  96.2 hbonds, Rg 133.6 A, potential   -37.67
 68005 / 100001 elapsed  1 system 0.80 temp 103.3 hbonds, Rg  48.6 A, potential   -34.13
 67705 / 100001 elapsed  3 system 0.80 temp 103.3 hbonds, Rg  91.6 A, potential   -43.62
 67405 / 100001 elapsed  0 system 0.80 temp  98.5 hbonds, Rg 101.3 A, potential    -1.34
 68505 / 100001 elapsed  2 system 0.80 temp 105.7 hbonds, Rg 131.7 A, potential   -34.44
 68105 / 100001 elapsed  1 system 0.80 temp 103.2 hbonds, Rg  48.9 A, potential   -53.59
 67805 / 100001 elapsed  3 system 0.80 temp 101.6 hbonds, Rg  90.5 A, potential   -46.76
 67505 / 100001 elapsed  0 system 0.80 temp 102.5 hbonds, Rg 102.3 A, potential   -32.67
 68605 / 100001 elapsed  2 system 0.80 temp 107.9 hbonds, Rg 130.3 A, potential   -42.54
 67905 / 100001 elapsed  3 system 0.80 temp 100.9 hbonds, Rg  90.6 A, potential   -27.45
 68205 / 100001 elapsed  1 system 0.80 temp  98.6 hbonds, Rg  48.4 A, potential   -46.30
 67605 / 100001 elapsed  0 system 0.80 temp  99.7 hbonds, Rg 102.4 A, potential   -39.27
 68705 / 100001 elapsed  2 system 0.80 temp 104.6 hbonds, Rg 128.4 A, potential   -32.65
 68005 / 100001 elapsed  3 system 0.80 temp 103.3 hbonds, Rg  89.9 A, potential   -43.89
 68305 / 100001 elapsed  1 system 0.80 temp 100.7 hbonds, Rg  49.3 A, potential   -26.24
 67705 / 100001 elapsed  0 system 0.80 temp 107.1 hbonds, Rg 101.0 A, potential   -57.17
 68806 / 100001 elapsed  2 system 0.80 temp 102.7 hbonds, Rg 129.6 A, potential   -30.00
 68105 / 100001 elapsed  3 system 0.80 temp 103.4 hbonds, Rg  89.1 A, potential   -49.40
 68405 / 100001 elapsed  1 system 0.80 temp 107.6 hbonds, Rg  49.3 A, potential   -29.87
 67805 / 100001 elapsed  0 system 0.80 temp 101.9 hbonds, Rg  99.9 A, potential   -43.73
 68906 / 100001 elapsed  2 system 0.80 temp 104.1 hbonds, Rg 130.7 A, potential   -45.18
 68205 / 100001 elapsed  3 system 0.80 temp 102.3 hbonds, Rg  89.8 A, potential   -52.65
 68505 / 100001 elapsed  1 system 0.80 temp 102.2 hbonds, Rg  48.6 A, potential   -66.61
 67905 / 100001 elapsed  0 system 0.80 temp  99.4 hbonds, Rg  98.5 A, potential    35.04
 69006 / 100001 elapsed  2 system 0.80 temp  99.3 hbonds, Rg 130.6 A, potential   -44.34
 68305 / 100001 elapsed  3 system 0.80 temp 100.2 hbonds, Rg  88.2 A, potential     8.49
 68605 / 100001 elapsed  1 system 0.80 temp 106.5 hbonds, Rg  48.9 A, potential   -31.52
 68005 / 100001 elapsed  0 system 0.80 temp 103.7 hbonds, Rg  97.6 A, potential   -56.39
 69106 / 100001 elapsed  2 system 0.80 temp 105.5 hbonds, Rg 130.7 A, potential   -59.31
 68405 / 100001 elapsed  3 system 0.80 temp 102.6 hbonds, Rg  88.4 A, potential   -36.55
 68705 / 100001 elapsed  1 system 0.80 temp  99.0 hbonds, Rg  48.3 A, potential   -22.36
 68105 / 100001 elapsed  0 system 0.80 temp 106.5 hbonds, Rg  98.3 A, potential   -19.09
 69206 / 100001 elapsed  2 system 0.80 temp  97.4 hbonds, Rg 129.8 A, potential   -38.23
 68505 / 100001 elapsed  3 system 0.80 temp 103.5 hbonds, Rg  88.4 A, potential   -46.96
 68806 / 100001 elapsed  1 system 0.80 temp 102.1 hbonds, Rg  50.7 A, potential   -48.87
 68205 / 100001 elapsed  0 system 0.80 temp  98.9 hbonds, Rg  98.2 A, potential    -3.97
 69306 / 100001 elapsed  2 system 0.80 temp 105.4 hbonds, Rg 130.2 A, potential   -86.17
 68605 / 100001 elapsed  3 system 0.80 temp  97.9 hbonds, Rg  86.3 A, potential   -12.30
 68906 / 100001 elapsed  1 system 0.80 temp 105.8 hbonds, Rg  49.0 A, potential   -44.18
 68305 / 100001 elapsed  0 system 0.80 temp  96.2 hbonds, Rg  99.3 A, potential    -8.47
 69406 / 100001 elapsed  2 system 0.80 temp 104.0 hbonds, Rg 128.9 A, potential   -40.93
 68705 / 100001 elapsed  3 system 0.80 temp 103.5 hbonds, Rg  86.7 A, potential   -61.77
 69006 / 100001 elapsed  1 system 0.80 temp 104.5 hbonds, Rg  48.4 A, potential   -32.54
 68405 / 100001 elapsed  0 system 0.80 temp  98.1 hbonds, Rg  99.5 A, potential   -25.90
 69506 / 100001 elapsed  2 system 0.80 temp 100.1 hbonds, Rg 128.8 A, potential   -35.26
 68806 / 100001 elapsed  3 system 0.80 temp 102.8 hbonds, Rg  85.7 A, potential   -59.17
 69106 / 100001 elapsed  1 system 0.80 temp  98.6 hbonds, Rg  47.6 A, potential   -55.33
 68505 / 100001 elapsed  0 system 0.80 temp  99.8 hbonds, Rg  97.4 A, potential   -52.01
 69606 / 100001 elapsed  2 system 0.80 temp 100.3 hbonds, Rg 129.8 A, potential    -4.33
 68906 / 100001 elapsed  3 system 0.80 temp 102.5 hbonds, Rg  86.5 A, potential   -53.37
 69206 / 100001 elapsed  1 system 0.80 temp 107.3 hbonds, Rg  46.5 A, potential   -74.49
 68605 / 100001 elapsed  0 system 0.80 temp 100.8 hbonds, Rg  97.7 A, potential   -24.46
 69706 / 100001 elapsed  2 system 0.80 temp 106.0 hbonds, Rg 128.3 A, potential   -38.30
 69006 / 100001 elapsed  3 system 0.80 temp 106.0 hbonds, Rg  85.5 A, potential   -62.44
 69306 / 100001 elapsed  1 system 0.80 temp 106.2 hbonds, Rg  46.3 A, potential   -35.34
 68705 / 100001 elapsed  0 system 0.80 temp  98.1 hbonds, Rg  96.1 A, potential   -33.35
 69806 / 100001 elapsed  2 system 0.80 temp 106.8 hbonds, Rg 130.2 A, potential   -78.12
 69106 / 100001 elapsed  3 system 0.80 temp 106.0 hbonds, Rg  85.6 A, potential   -27.48
 69406 / 100001 elapsed  1 system 0.80 temp 100.0 hbonds, Rg  45.3 A, potential   -55.93
 68806 / 100001 elapsed  0 system 0.80 temp 102.1 hbonds, Rg  95.7 A, potential   -53.37
 69906 / 100001 elapsed  2 system 0.80 temp 104.4 hbonds, Rg 130.5 A, potential    -6.02
 69206 / 100001 elapsed  3 system 0.80 temp  99.8 hbonds, Rg  85.3 A, potential   -24.63
 69506 / 100001 elapsed  1 system 0.80 temp 103.1 hbonds, Rg  47.4 A, potential   -18.34
 68906 / 100001 elapsed  0 system 0.80 temp  99.6 hbonds, Rg  96.3 A, potential   -24.89
 70006 / 100001 elapsed  2 system 0.80 temp 106.2 hbonds, Rg 129.7 A, potential   -26.24
 69306 / 100001 elapsed  3 system 0.80 temp  97.5 hbonds, Rg  85.7 A, potential   -32.51
 69606 / 100001 elapsed  1 system 0.80 temp 107.2 hbonds, Rg  49.2 A, potential   -48.81
 69006 / 100001 elapsed  0 system 0.80 temp 101.3 hbonds, Rg  95.4 A, potential   -45.90
 70106 / 100001 elapsed  2 system 0.80 temp 102.3 hbonds, Rg 128.0 A, potential   -37.78
 69406 / 100001 elapsed  3 system 0.80 temp 103.5 hbonds, Rg  85.9 A, potential   -49.03
 69706 / 100001 elapsed  1 system 0.80 temp 101.5 hbonds, Rg  48.1 A, potential     7.16
 69106 / 100001 elapsed  0 system 0.80 temp 101.1 hbonds, Rg  96.8 A, potential   -28.80
 70206 / 100001 elapsed  2 system 0.80 temp 101.0 hbonds, Rg 128.6 A, potential   -22.13
 69506 / 100001 elapsed  3 system 0.80 temp 104.9 hbonds, Rg  86.3 A, potential   -13.07
 69806 / 100001 elapsed  1 system 0.80 temp 102.4 hbonds, Rg  48.9 A, potential   -35.35
 69206 / 100001 elapsed  0 system 0.80 temp 106.1 hbonds, Rg  97.3 A, potential   -54.15
 70306 / 100001 elapsed  2 system 0.80 temp  98.6 hbonds, Rg 126.5 A, potential   -39.56
 69606 / 100001 elapsed  3 system 0.80 temp 106.7 hbonds, Rg  84.8 A, potential   -35.05
 69906 / 100001 elapsed  1 system 0.80 temp 100.8 hbonds, Rg  50.9 A, potential   -22.44
 69306 / 100001 elapsed  0 system 0.80 temp 107.4 hbonds, Rg  98.4 A, potential   -34.25
 70406 / 100001 elapsed  2 system 0.80 temp 100.5 hbonds, Rg 125.7 A, potential   -40.15
 69706 / 100001 elapsed  3 system 0.80 temp 103.3 hbonds, Rg  86.6 A, potential   -57.54
 70006 / 100001 elapsed  1 system 0.80 temp 101.4 hbonds, Rg  50.0 A, potential   -10.03
 69406 / 100001 elapsed  0 system 0.80 temp 108.1 hbonds, Rg 100.8 A, potential   -56.52
 70506 / 100001 elapsed  2 system 0.80 temp 102.8 hbonds, Rg 125.5 A, potential   -48.17
 69806 / 100001 elapsed  3 system 0.80 temp  99.6 hbonds, Rg  85.7 A, potential    -3.11
 70106 / 100001 elapsed  1 system 0.80 temp 102.2 hbonds, Rg  51.2 A, potential   -22.01
 69506 / 100001 elapsed  0 system 0.80 temp 104.8 hbonds, Rg 103.2 A, potential   -50.39
 70606 / 100001 elapsed  2 system 0.80 temp  97.5 hbonds, Rg 123.6 A, potential   -44.86
 69906 / 100001 elapsed  3 system 0.80 temp 101.1 hbonds, Rg  86.6 A, potential   -41.43
 70206 / 100001 elapsed  1 system 0.80 temp 100.9 hbonds, Rg  49.6 A, potential   -40.59
 69606 / 100001 elapsed  0 system 0.80 temp 105.2 hbonds, Rg 102.4 A, potential   -19.60
 70706 / 100001 elapsed  2 system 0.80 temp 101.5 hbonds, Rg 121.7 A, potential   -23.43
 70006 / 100001 elapsed  3 system 0.80 temp 102.2 hbonds, Rg  84.1 A, potential   -24.74
 70306 / 100001 elapsed  1 system 0.80 temp 105.2 hbonds, Rg  51.0 A, potential   -48.05
 69706 / 100001 elapsed  0 system 0.80 temp 103.6 hbonds, Rg 102.4 A, potential   -32.74
 70806 / 100001 elapsed  2 system 0.80 temp  99.7 hbonds, Rg 119.6 A, potential    -7.71
 70106 / 100001 elapsed  3 system 0.80 temp 103.2 hbonds, Rg  83.4 A, potential   -54.08
 70406 / 100001 elapsed  1 system 0.80 temp 104.3 hbonds, Rg  53.0 A, potential   -44.75
 69806 / 100001 elapsed  0 system 0.80 temp 101.8 hbonds, Rg 101.8 A, potential   -14.90
 70906 / 100001 elapsed  2 system 0.80 temp 103.0 hbonds, Rg 120.0 A, potential   -94.93
 70206 / 100001 elapsed  3 system 0.80 temp 102.4 hbonds, Rg  83.0 A, potential    -8.80
 70506 / 100001 elapsed  1 system 0.80 temp 109.0 hbonds, Rg  51.8 A, potential   -50.49
 69906 / 100001 elapsed  0 system 0.80 temp 105.2 hbonds, Rg 102.2 A, potential   -22.48
 71006 / 100001 elapsed  2 system 0.80 temp 102.8 hbonds, Rg 121.0 A, potential   -37.38
 70306 / 100001 elapsed  3 system 0.80 temp 103.7 hbonds, Rg  83.2 A, potential   -66.91
 70606 / 100001 elapsed  1 system 0.80 temp 103.2 hbonds, Rg  53.1 A, potential    11.65
 70006 / 100001 elapsed  0 system 0.80 temp 104.3 hbonds, Rg 101.8 A, potential   -58.42
 71106 / 100001 elapsed  2 system 0.80 temp 100.3 hbonds, Rg 121.0 A, potential    -4.91
 70406 / 100001 elapsed  3 system 0.80 temp 104.2 hbonds, Rg  83.5 A, potential    -4.08
 70706 / 100001 elapsed  1 system 0.80 temp 102.7 hbonds, Rg  53.2 A, potential   -63.25
 70106 / 100001 elapsed  0 system 0.80 temp 104.2 hbonds, Rg 100.7 A, potential   -28.26
 71206 / 100001 elapsed  2 system 0.80 temp 102.3 hbonds, Rg 122.2 A, potential   -38.71
 70506 / 100001 elapsed  3 system 0.80 temp 104.1 hbonds, Rg  85.1 A, potential   -42.23
 70806 / 100001 elapsed  1 system 0.80 temp 106.6 hbonds, Rg  53.9 A, potential   -70.81
 70206 / 100001 elapsed  0 system 0.80 temp 103.7 hbonds, Rg 101.4 A, potential    -1.84
 71306 / 100001 elapsed  2 system 0.80 temp  98.7 hbonds, Rg 118.0 A, potential   -19.00
 70606 / 100001 elapsed  3 system 0.80 temp 102.3 hbonds, Rg  84.4 A, potential   -48.43
 70906 / 100001 elapsed  1 system 0.80 temp 104.5 hbonds, Rg  55.5 A, potential   -56.15
 70306 / 100001 elapsed  0 system 0.80 temp 104.5 hbonds, Rg 100.6 A, potential   -26.13
 71406 / 100001 elapsed  2 system 0.80 temp  96.0 hbonds, Rg 117.6 A, potential   -33.82
 70706 / 100001 elapsed  3 system 0.80 temp  98.4 hbonds, Rg  84.2 A, potential   -34.40
 71006 / 100001 elapsed  1 system 0.80 temp 105.8 hbonds, Rg  53.6 A, potential   -73.72
 71506 / 100001 elapsed  2 system 0.80 temp  96.6 hbonds, Rg 118.0 A, potential   -42.97
 70406 / 100001 elapsed  0 system 0.80 temp 102.3 hbonds, Rg 102.4 A, potential   -44.57
 70806 / 100001 elapsed  3 system 0.80 temp 100.8 hbonds, Rg  82.2 A, potential   -29.15
 71106 / 100001 elapsed  1 system 0.80 temp 102.7 hbonds, Rg  54.9 A, potential   -30.14
 71606 / 100001 elapsed  2 system 0.80 temp  99.6 hbonds, Rg 122.2 A, potential   -29.06
 70506 / 100001 elapsed  0 system 0.80 temp 102.8 hbonds, Rg 101.7 A, potential    -6.14
 70906 / 100001 elapsed  3 system 0.80 temp  98.3 hbonds, Rg  83.1 A, potential   -19.74
 71206 / 100001 elapsed  1 system 0.80 temp 104.9 hbonds, Rg  54.2 A, potential   -90.90
 71706 / 100001 elapsed  2 system 0.80 temp 100.0 hbonds, Rg 122.8 A, potential   -28.73
 70606 / 100001 elapsed  0 system 0.80 temp 104.7 hbonds, Rg 102.5 A, potential   -31.45
 71006 / 100001 elapsed  3 system 0.80 temp 101.9 hbonds, Rg  82.2 A, potential   -27.58
 71306 / 100001 elapsed  1 system 0.80 temp 101.0 hbonds, Rg  55.1 A, potential   -62.36
 71806 / 100001 elapsed  2 system 0.80 temp 103.2 hbonds, Rg 125.0 A, potential   -45.53
 70706 / 100001 elapsed  0 system 0.80 temp 108.9 hbonds, Rg 101.5 A, potential   -70.20
 71106 / 100001 elapsed  3 system 0.80 temp 103.1 hbonds, Rg  83.9 A, potential   -30.55
 71406 / 100001 elapsed  1 system 0.80 temp 105.1 hbonds, Rg  56.4 A, potential   -44.46
 71906 / 100001 elapsed  2 system 0.80 temp 102.2 hbonds, Rg 123.1 A, potential   -39.74
 70806 / 100001 elapsed  0 system 0.80 temp 105.7 hbonds, Rg 101.4 A, potential   -44.65
 71206 / 100001 elapsed  3 system 0.80 temp 101.6 hbonds, Rg  83.7 A, potential   -49.47
 71506 / 100001 elapsed  1 system 0.80 temp 102.3 hbonds, Rg  55.9 A, potential   -43.42
 72006 / 100001 elapsed  2 system 0.80 temp 104.5 hbonds, Rg 121.4 A, potential   -67.01
 70906 / 100001 elapsed  0 system 0.80 temp 105.3 hbonds, Rg 101.2 A, potential   -58.84
 71306 / 100001 elapsed  3 system 0.80 temp  99.5 hbonds, Rg  84.3 A, potential   -31.13
 71606 / 100001 elapsed  1 system 0.80 temp 106.8 hbonds, Rg  53.6 A, potential   -44.91
 72106 / 100001 elapsed  2 system 0.80 temp 104.6 hbonds, Rg 123.0 A, potential   -28.25
 71006 / 100001 elapsed  0 system 0.80 temp 100.8 hbonds, Rg 101.5 A, potential   -16.92
 71406 / 100001 elapsed  3 system 0.80 temp 101.2 hbonds, Rg  82.6 A, potential    -7.85
 71706 / 100001 elapsed  1 system 0.80 temp  98.1 hbonds, Rg  53.7 A, potential    17.10
 72206 / 100001 elapsed  2 system 0.80 temp  99.8 hbonds, Rg 121.6 A, potential   -20.45
 71106 / 100001 elapsed  0 system 0.80 temp 103.1 hbonds, Rg 101.4 A, potential   -36.41
 71506 / 100001 elapsed  3 system 0.80 temp 105.0 hbonds, Rg  83.2 A, potential   -46.44
 71806 / 100001 elapsed  1 system 0.80 temp 100.8 hbonds, Rg  53.3 A, potential   -12.37
 72306 / 100001 elapsed  2 system 0.80 temp 100.9 hbonds, Rg 122.8 A, potential   -78.84
 71206 / 100001 elapsed  0 system 0.80 temp 101.3 hbonds, Rg 102.8 A, potential   -55.74
 71606 / 100001 elapsed  3 system 0.80 temp 109.5 hbonds, Rg  81.8 A, potential   -60.60
 71906 / 100001 elapsed  1 system 0.80 temp 105.8 hbonds, Rg  54.8 A, potential   -52.95
 72406 / 100001 elapsed  2 system 0.80 temp 103.1 hbonds, Rg 123.0 A, potential   -68.33
 71306 / 100001 elapsed  0 system 0.80 temp  99.5 hbonds, Rg 104.0 A, potential   -50.87
 71706 / 100001 elapsed  3 system 0.80 temp 106.0 hbonds, Rg  84.1 A, potential   -82.94
 72006 / 100001 elapsed  1 system 0.80 temp  99.7 hbonds, Rg  54.4 A, potential   -32.66
 72506 / 100001 elapsed  2 system 0.80 temp  98.8 hbonds, Rg 121.6 A, potential   -26.97
 71806 / 100001 elapsed  3 system 0.80 temp 105.2 hbonds, Rg  84.1 A, potential   -38.76
 71406 / 100001 elapsed  0 system 0.80 temp 101.7 hbonds, Rg 102.0 A, potential   -59.75
 72106 / 100001 elapsed  1 system 0.80 temp 105.2 hbonds, Rg  56.8 A, potential   -25.66
 72606 / 100001 elapsed  2 system 0.80 temp 103.9 hbonds, Rg 120.2 A, potential   -44.08
 71906 / 100001 elapsed  3 system 0.80 temp 108.4 hbonds, Rg  82.4 A, potential   -52.49
 71506 / 100001 elapsed  0 system 0.80 temp 105.0 hbonds, Rg 102.1 A, potential   -32.70
 72206 / 100001 elapsed  1 system 0.80 temp 103.4 hbonds, Rg  57.3 A, potential   -35.14
 72706 / 100001 elapsed  2 system 0.80 temp 109.3 hbonds, Rg 120.0 A, potential   -56.23
 72006 / 100001 elapsed  3 system 0.80 temp 102.7 hbonds, Rg  81.5 A, potential   -20.96
 71606 / 100001 elapsed  0 system 0.80 temp 103.4 hbonds, Rg 101.8 A, potential   -18.47
 72306 / 100001 elapsed  1 system 0.80 temp 100.8 hbonds, Rg  56.7 A, potential   -24.56
 72806 / 100001 elapsed  2 system 0.80 temp 108.4 hbonds, Rg 118.6 A, potential   -67.32
 72106 / 100001 elapsed  3 system 0.80 temp 103.6 hbonds, Rg  82.5 A, potential   -52.88
 71706 / 100001 elapsed  0 system 0.80 temp 106.0 hbonds, Rg 103.4 A, potential   -39.75
 72406 / 100001 elapsed  1 system 0.80 temp 103.6 hbonds, Rg  58.2 A, potential   -52.95
 72906 / 100001 elapsed  2 system 0.80 temp 107.5 hbonds, Rg 116.7 A, potential   -35.33
 72206 / 100001 elapsed  3 system 0.80 temp 109.4 hbonds, Rg  80.1 A, potential   -27.30
 71806 / 100001 elapsed  0 system 0.80 temp 101.1 hbonds, Rg 102.6 A, potential    -8.03
 72506 / 100001 elapsed  1 system 0.80 temp 107.4 hbonds, Rg  58.0 A, potential   -40.35
 73006 / 100001 elapsed  2 system 0.80 temp 106.1 hbonds, Rg 115.6 A, potential   -32.34
 72306 / 100001 elapsed  3 system 0.80 temp 102.9 hbonds, Rg  81.7 A, potential   -46.96
 71906 / 100001 elapsed  0 system 0.80 temp 109.2 hbonds, Rg 104.7 A, potential   -75.38
 72606 / 100001 elapsed  1 system 0.80 temp 101.3 hbonds, Rg  57.0 A, potential   -44.85
 73106 / 100001 elapsed  2 system 0.80 temp 105.0 hbonds, Rg 114.4 A, potential   -31.80
 72406 / 100001 elapsed  3 system 0.80 temp  99.6 hbonds, Rg  80.5 A, potential    -1.17
 72006 / 100001 elapsed  0 system 0.80 temp 104.6 hbonds, Rg 106.1 A, potential   -70.49
 72706 / 100001 elapsed  1 system 0.80 temp 103.8 hbonds, Rg  58.5 A, potential   -34.24
 73206 / 100001 elapsed  2 system 0.80 temp  97.5 hbonds, Rg 114.9 A, potential   -28.53
 72506 / 100001 elapsed  3 system 0.80 temp 102.2 hbonds, Rg  80.3 A, potential   -26.68
 72106 / 100001 elapsed  0 system 0.80 temp 106.1 hbonds, Rg 105.9 A, potential   -16.56
 72806 / 100001 elapsed  1 system 0.80 temp 103.4 hbonds, Rg  60.4 A, potential   -56.43
 73306 / 100001 elapsed  2 system 0.80 temp 107.7 hbonds, Rg 113.5 A, potential   -34.34
 72606 / 100001 elapsed  3 system 0.80 temp 104.9 hbonds, Rg  78.6 A, potential   -41.27
 72206 / 100001 elapsed  0 system 0.80 temp 109.1 hbonds, Rg 107.2 A, potential   -65.25
 72906 / 100001 elapsed  1 system 0.80 temp 104.6 hbonds, Rg  60.2 A, potential   -67.41
 73406 / 100001 elapsed  2 system 0.80 temp 103.9 hbonds, Rg 109.9 A, potential   -50.55
 72706 / 100001 elapsed  3 system 0.80 temp 106.6 hbonds, Rg  80.3 A, potential   -51.91
 72306 / 100001 elapsed  0 system 0.80 temp 105.6 hbonds, Rg 106.9 A, potential   -34.67
 73006 / 100001 elapsed  1 system 0.80 temp  99.0 hbonds, Rg  62.0 A, potential    -1.87
 73506 / 100001 elapsed  2 system 0.80 temp 106.9 hbonds, Rg 109.8 A, potential   -66.28
 72806 / 100001 elapsed  3 system 0.80 temp 105.4 hbonds, Rg  80.0 A, potential   -27.06
 72406 / 100001 elapsed  0 system 0.80 temp  99.9 hbonds, Rg 105.9 A, potential   -52.13
 73106 / 100001 elapsed  1 system 0.80 temp 104.0 hbonds, Rg  59.5 A, potential   -45.59
 73606 / 100001 elapsed  2 system 0.80 temp 105.1 hbonds, Rg 107.6 A, potential   -44.07
 72906 / 100001 elapsed  3 system 0.80 temp 103.1 hbonds, Rg  78.3 A, potential   -45.31
 72506 / 100001 elapsed  0 system 0.80 temp 103.6 hbonds, Rg 106.4 A, potential   -17.76
 73206 / 100001 elapsed  1 system 0.80 temp 102.8 hbonds, Rg  58.2 A, potential   -23.57
 73706 / 100001 elapsed  2 system 0.80 temp 106.0 hbonds, Rg 107.3 A, potential   -24.28
 73006 / 100001 elapsed  3 system 0.80 temp  99.8 hbonds, Rg  78.9 A, potential   -31.72
 72606 / 100001 elapsed  0 system 0.80 temp 101.5 hbonds, Rg 107.8 A, potential   -42.59
 73306 / 100001 elapsed  1 system 0.80 temp  93.4 hbonds, Rg  59.9 A, potential   -28.11
 73806 / 100001 elapsed  2 system 0.80 temp 103.4 hbonds, Rg 106.3 A, potential   -39.80
 73106 / 100001 elapsed  3 system 0.80 temp  98.7 hbonds, Rg  79.4 A, potential   -40.97
 72706 / 100001 elapsed  0 system 0.80 temp 103.9 hbonds, Rg 107.8 A, potential   -18.81
 73406 / 100001 elapsed  1 system 0.80 temp 102.0 hbonds, Rg  61.0 A, potential   -10.70
 73906 / 100001 elapsed  2 system 0.80 temp 109.1 hbonds, Rg 106.2 A, potential   -40.70
 73206 / 100001 elapsed  3 system 0.80 temp 101.1 hbonds, Rg  79.4 A, potential   -40.34
 72806 / 100001 elapsed  0 system 0.80 temp 105.2 hbonds, Rg 108.9 A, potential   -46.89
 73506 / 100001 elapsed  1 system 0.80 temp 106.2 hbonds, Rg  59.5 A, potential    -5.91
 74006 / 100001 elapsed  2 system 0.80 temp 105.0 hbonds, Rg 106.6 A, potential   -32.49
 73306 / 100001 elapsed  3 system 0.80 temp 102.3 hbonds, Rg  80.7 A, potential   -14.87
 72906 / 100001 elapsed  0 system 0.80 temp 106.6 hbonds, Rg 108.7 A, potential   -33.57
 73606 / 100001 elapsed  1 system 0.80 temp 101.5 hbonds, Rg  60.3 A, potential   -33.10
 73406 / 100001 elapsed  3 system 0.80 temp 101.2 hbonds, Rg  80.0 A, potential   -47.22
 74106 / 100001 elapsed  2 system 0.80 temp 109.1 hbonds, Rg 105.5 A, potential   -51.53
 73006 / 100001 elapsed  0 system 0.80 temp 101.5 hbonds, Rg 107.3 A, potential   -45.41
 73706 / 100001 elapsed  1 system 0.80 temp 103.6 hbonds, Rg  60.4 A, potential   -41.19
 73506 / 100001 elapsed  3 system 0.80 temp  99.9 hbonds, Rg  82.5 A, potential   -18.95
 74206 / 100001 elapsed  2 system 0.80 temp 105.3 hbonds, Rg 106.1 A, potential   -32.42
 73106 / 100001 elapsed  0 system 0.80 temp 106.8 hbonds, Rg 107.6 A, potential   -31.80
 73806 / 100001 elapsed  1 system 0.80 temp 108.3 hbonds, Rg  58.6 A, potential   -53.44
 74306 / 100001 elapsed  2 system 0.80 temp 103.7 hbonds, Rg 107.3 A, potential    -4.95
 73606 / 100001 elapsed  3 system 0.80 temp 101.2 hbonds, Rg  82.9 A, potential   -39.87
 73206 / 100001 elapsed  0 system 0.80 temp 103.0 hbonds, Rg 108.3 A, potential   -34.62
 73906 / 100001 elapsed  1 system 0.80 temp 108.6 hbonds, Rg  58.7 A, potential   -75.81
 74406 / 100001 elapsed  2 system 0.80 temp 110.1 hbonds, Rg 108.7 A, potential   -38.21
 73706 / 100001 elapsed  3 system 0.80 temp  95.2 hbonds, Rg  83.4 A, potential   -31.63
 73306 / 100001 elapsed  0 system 0.80 temp 103.2 hbonds, Rg 108.1 A, potential   -12.04
 74006 / 100001 elapsed  1 system 0.80 temp 100.2 hbonds, Rg  60.1 A, potential   -33.00
 73806 / 100001 elapsed  3 system 0.80 temp 103.4 hbonds, Rg  84.1 A, potential   -56.04
 74506 / 100001 elapsed  2 system 0.80 temp 104.4 hbonds, Rg 108.1 A, potential   -58.49
 73406 / 100001 elapsed  0 system 0.80 temp  99.0 hbonds, Rg 108.2 A, potential   -31.53
 74106 / 100001 elapsed  1 system 0.80 temp 102.7 hbonds, Rg  60.5 A, potential   -82.23
 73906 / 100001 elapsed  3 system 0.80 temp 100.6 hbonds, Rg  82.6 A, potential   -41.66
 74606 / 100001 elapsed  2 system 0.80 temp 100.6 hbonds, Rg 110.6 A, potential   -59.11
 73506 / 100001 elapsed  0 system 0.80 temp 102.8 hbonds, Rg 106.9 A, potential   -57.14
 74206 / 100001 elapsed  1 system 0.80 temp  98.4 hbonds, Rg  62.2 A, potential   -26.99
 74006 / 100001 elapsed  3 system 0.80 temp 101.8 hbonds, Rg  84.1 A, potential   -19.75
 74706 / 100001 elapsed  2 system 0.80 temp 105.0 hbonds, Rg 112.5 A, potential   -37.77
 73606 / 100001 elapsed  0 system 0.80 temp 100.4 hbonds, Rg 107.5 A, potential   -11.22
 74306 / 100001 elapsed  1 system 0.80 temp  99.2 hbonds, Rg  62.3 A, potential   -39.51
 74106 / 100001 elapsed  3 system 0.80 temp 105.4 hbonds, Rg  84.5 A, potential   -14.32
 74806 / 100001 elapsed  2 system 0.80 temp 103.4 hbonds, Rg 115.0 A, potential   -19.40
 73706 / 100001 elapsed  0 system 0.80 temp 103.3 hbonds, Rg 107.0 A, potential   -30.66
 74406 / 100001 elapsed  1 system 0.80 temp 107.6 hbonds, Rg  63.2 A, potential   -38.31
 74206 / 100001 elapsed  3 system 0.80 temp 109.4 hbonds, Rg  86.2 A, potential   -52.01
 73806 / 100001 elapsed  0 system 0.80 temp 102.3 hbonds, Rg 107.7 A, potential   -33.51
 74906 / 100001 elapsed  2 system 0.80 temp 103.9 hbonds, Rg 115.0 A, potential   -48.83
 74506 / 100001 elapsed  1 system 0.80 temp 101.5 hbonds, Rg  62.7 A, potential   -47.26
 74306 / 100001 elapsed  3 system 0.80 temp  98.9 hbonds, Rg  87.9 A, potential    -6.88
 75006 / 100001 elapsed  2 system 0.80 temp  98.2 hbonds, Rg 115.2 A, potential   -20.97
 73906 / 100001 elapsed  0 system 0.80 temp 100.8 hbonds, Rg 106.5 A, potential   -56.15
 74606 / 100001 elapsed  1 system 0.80 temp 107.5 hbonds, Rg  60.9 A, potential   -55.30
 74406 / 100001 elapsed  3 system 0.80 temp 104.6 hbonds, Rg  88.2 A, potential   -58.54
 74006 / 100001 elapsed  0 system 0.80 temp  99.8 hbonds, Rg 106.6 A, potential   -20.82
 75106 / 100001 elapsed  2 system 0.80 temp 106.3 hbonds, Rg 115.0 A, potential   -44.40
 74706 / 100001 elapsed  1 system 0.80 temp 100.9 hbonds, Rg  59.6 A, potential   -44.61
 74506 / 100001 elapsed  3 system 0.80 temp 109.1 hbonds, Rg  88.5 A, potential   -46.45
 75206 / 100001 elapsed  2 system 0.80 temp 104.7 hbonds, Rg 115.1 A, potential   -14.11
 74106 / 100001 elapsed  0 system 0.80 temp 103.9 hbonds, Rg 105.4 A, potential   -44.00
 74806 / 100001 elapsed  1 system 0.80 temp  98.7 hbonds, Rg  59.1 A, potential   -33.68
 74606 / 100001 elapsed  3 system 0.80 temp 108.2 hbonds, Rg  88.8 A, potential   -55.71
 75306 / 100001 elapsed  2 system 0.80 temp 108.4 hbonds, Rg 110.0 A, potential   -57.80
 74206 / 100001 elapsed  0 system 0.80 temp 103.5 hbonds, Rg 103.0 A, potential     6.73
 74906 / 100001 elapsed  1 system 0.80 temp  99.9 hbonds, Rg  60.1 A, potential   -63.62
 74706 / 100001 elapsed  3 system 0.80 temp 100.0 hbonds, Rg  88.6 A, potential   -54.03
 75406 / 100001 elapsed  2 system 0.80 temp 108.0 hbonds, Rg 112.6 A, potential   -43.63
 75006 / 100001 elapsed  1 system 0.80 temp 107.6 hbonds, Rg  59.7 A, potential   -43.49
 74306 / 100001 elapsed  0 system 0.80 temp 103.9 hbonds, Rg 102.7 A, potential   -39.35
 74806 / 100001 elapsed  3 system 0.80 temp 103.2 hbonds, Rg  87.1 A, potential   -33.75
 75506 / 100001 elapsed  2 system 0.80 temp 104.6 hbonds, Rg 111.6 A, potential   -38.98
 75106 / 100001 elapsed  1 system 0.80 temp 109.5 hbonds, Rg  60.4 A, potential   -46.97
 74406 / 100001 elapsed  0 system 0.80 temp 105.6 hbonds, Rg 104.0 A, potential   -37.47
 74906 / 100001 elapsed  3 system 0.80 temp 107.7 hbonds, Rg  87.2 A, potential   -35.74
 75606 / 100001 elapsed  2 system 0.80 temp 107.6 hbonds, Rg 114.1 A, potential   -44.94
 75206 / 100001 elapsed  1 system 0.80 temp 107.1 hbonds, Rg  57.8 A, potential   -63.83
 74506 / 100001 elapsed  0 system 0.80 temp 105.6 hbonds, Rg 104.5 A, potential   -47.37
 75006 / 100001 elapsed  3 system 0.80 temp 104.5 hbonds, Rg  85.2 A, potential   -45.61
 75706 / 100001 elapsed  2 system 0.80 temp 106.5 hbonds, Rg 117.6 A, potential   -41.55
 75306 / 100001 elapsed  1 system 0.80 temp 100.8 hbonds, Rg  58.8 A, potential   -29.79
 74606 / 100001 elapsed  0 system 0.80 temp 105.5 hbonds, Rg 104.1 A, potential   -51.03
 75106 / 100001 elapsed  3 system 0.80 temp 109.4 hbonds, Rg  86.9 A, potential   -64.56
 75806 / 100001 elapsed  2 system 0.80 temp  98.4 hbonds, Rg 116.6 A, potential   -20.00
 74706 / 100001 elapsed  0 system 0.80 temp 107.2 hbonds, Rg 105.3 A, potential   -26.53
 75406 / 100001 elapsed  1 system 0.80 temp 107.0 hbonds, Rg  58.9 A, potential   -48.13
 75206 / 100001 elapsed  3 system 0.80 temp 103.7 hbonds, Rg  85.6 A, potential   -78.31
 75906 / 100001 elapsed  2 system 0.80 temp 101.5 hbonds, Rg 116.7 A, potential   -59.51
 74806 / 100001 elapsed  0 system 0.80 temp 104.8 hbonds, Rg 105.3 A, potential   -59.75
 75506 / 100001 elapsed  1 system 0.80 temp 105.5 hbonds, Rg  58.1 A, potential    -6.18
 75306 / 100001 elapsed  3 system 0.80 temp 109.8 hbonds, Rg  88.0 A, potential   -74.01
 76006 / 100001 elapsed  2 system 0.80 temp 106.7 hbonds, Rg 116.0 A, potential   -39.88
 74906 / 100001 elapsed  0 system 0.80 temp 102.1 hbonds, Rg 104.2 A, potential    -6.70
 75606 / 100001 elapsed  1 system 0.80 temp 109.8 hbonds, Rg  59.0 A, potential   -30.15
 75406 / 100001 elapsed  3 system 0.80 temp 101.5 hbonds, Rg  88.9 A, potential   -38.69
 76106 / 100001 elapsed  2 system 0.80 temp 109.0 hbonds, Rg 115.4 A, potential   -55.85
 75006 / 100001 elapsed  0 system 0.80 temp 101.3 hbonds, Rg 103.9 A, potential   -42.30
 75706 / 100001 elapsed  1 system 0.80 temp 108.3 hbonds, Rg  59.1 A, potential   -62.20
 75506 / 100001 elapsed  3 system 0.80 temp 105.2 hbonds, Rg  88.5 A, potential   -22.37
 76206 / 100001 elapsed  2 system 0.80 temp 109.8 hbonds, Rg 115.9 A, potential   -66.02
 75106 / 100001 elapsed  0 system 0.80 temp 102.6 hbonds, Rg 105.2 A, potential   -13.37
 75806 / 100001 elapsed  1 system 0.80 temp 109.1 hbonds, Rg  59.1 A, potential   -14.63
 75606 / 100001 elapsed  3 system 0.80 temp 106.4 hbonds, Rg  91.0 A, potential   -78.23
 76306 / 100001 elapsed  2 system 0.80 temp 104.6 hbonds, Rg 114.1 A, potential   -50.90
 75206 / 100001 elapsed  0 system 0.80 temp 103.5 hbonds, Rg 105.1 A, potential   -54.07
 75906 / 100001 elapsed  1 system 0.80 temp 105.3 hbonds, Rg  58.6 A, potential   -39.44
 75706 / 100001 elapsed  3 system 0.80 temp 101.3 hbonds, Rg  88.7 A, potential   -27.93
 76406 / 100001 elapsed  2 system 0.80 temp 108.1 hbonds, Rg 113.8 A, potential   -32.54
 75306 / 100001 elapsed  0 system 0.80 temp  99.6 hbonds, Rg 106.8 A, potential   -11.61
 76006 / 100001 elapsed  1 system 0.80 temp 108.1 hbonds, Rg  57.2 A, potential   -17.11
 75806 / 100001 elapsed  3 system 0.80 temp 104.6 hbonds, Rg  88.6 A, potential   -33.79
 76506 / 100001 elapsed  2 system 0.80 temp 104.8 hbonds, Rg 114.7 A, potential   -56.83
 75406 / 100001 elapsed  0 system 0.80 temp 103.7 hbonds, Rg 105.0 A, potential   -58.42
 76106 / 100001 elapsed  1 system 0.80 temp 101.3 hbonds, Rg  59.0 A, potential     1.14
 75906 / 100001 elapsed  3 system 0.80 temp 108.5 hbonds, Rg  88.5 A, potential   -63.20
 76606 / 100001 elapsed  2 system 0.80 temp 107.2 hbonds, Rg 116.2 A, potential   -31.16
 75506 / 100001 elapsed  0 system 0.80 temp 108.9 hbonds, Rg 104.7 A, potential   -28.84
 76206 / 100001 elapsed  1 system 0.80 temp 104.6 hbonds, Rg  59.7 A, potential   -17.17
 76006 / 100001 elapsed  3 system 0.80 temp 107.1 hbonds, Rg  88.4 A, potential   -69.75
 76706 / 100001 elapsed  2 system 0.80 temp 108.4 hbonds, Rg 116.9 A, potential   -44.97
 76306 / 100001 elapsed  1 system 0.80 temp 103.6 hbonds, Rg  61.1 A, potential   -61.46
 75606 / 100001 elapsed  0 system 0.80 temp 103.2 hbonds, Rg 104.9 A, potential   -48.19
 76106 / 100001 elapsed  3 system 0.80 temp 104.9 hbonds, Rg  90.5 A, potential   -52.21
 76806 / 100001 elapsed  2 system 0.80 temp 102.5 hbonds, Rg 118.0 A, potential   -52.89
 76406 / 100001 elapsed  1 system 0.80 temp 107.1 hbonds, Rg  62.2 A, potential   -49.72
 75706 / 100001 elapsed  0 system 0.80 temp 105.7 hbonds, Rg 105.4 A, potential   -55.01
 76206 / 100001 elapsed  3 system 0.80 temp 106.3 hbonds, Rg  89.8 A, potential   -44.81
 76906 / 100001 elapsed  2 system 0.80 temp 106.3 hbonds, Rg 118.0 A, potential   -54.77
 76506 / 100001 elapsed  1 system 0.80 temp 107.7 hbonds, Rg  62.3 A, potential   -21.81
 75806 / 100001 elapsed  0 system 0.80 temp 104.3 hbonds, Rg 104.9 A, potential   -36.91
 76306 / 100001 elapsed  3 system 0.80 temp 100.5 hbonds, Rg  88.5 A, potential   -20.53
 77006 / 100001 elapsed  2 system 0.80 temp 110.4 hbonds, Rg 119.2 A, potential    -7.60
 76606 / 100001 elapsed  1 system 0.80 temp 101.7 hbonds, Rg  63.0 A, potential   -45.14
 75906 / 100001 elapsed  0 system 0.80 temp 101.4 hbonds, Rg 104.0 A, potential   -10.09
 76406 / 100001 elapsed  3 system 0.80 temp 103.1 hbonds, Rg  88.0 A, potential   -71.36
 77106 / 100001 elapsed  2 system 0.80 temp 108.1 hbonds, Rg 119.3 A, potential   -52.85
 76706 / 100001 elapsed  1 system 0.80 temp 102.3 hbonds, Rg  61.7 A, potential   -52.81
 76006 / 100001 elapsed  0 system 0.80 temp  97.9 hbonds, Rg 103.6 A, potential   -33.10
 76506 / 100001 elapsed  3 system 0.80 temp 102.8 hbonds, Rg  87.2 A, potential    -9.99
 77206 / 100001 elapsed  2 system 0.80 temp 108.2 hbonds, Rg 121.2 A, potential   -30.61
 76806 / 100001 elapsed  1 system 0.80 temp 108.5 hbonds, Rg  60.0 A, potential   -41.25
 76106 / 100001 elapsed  0 system 0.80 temp 102.1 hbonds, Rg 103.0 A, potential   -14.80
 76606 / 100001 elapsed  3 system 0.80 temp 106.8 hbonds, Rg  88.7 A, potential   -79.70
 77306 / 100001 elapsed  2 system 0.80 temp 106.0 hbonds, Rg 120.7 A, potential   -38.27
 76906 / 100001 elapsed  1 system 0.80 temp 105.3 hbonds, Rg  58.8 A, potential   -30.90
 76206 / 100001 elapsed  0 system 0.80 temp 106.3 hbonds, Rg 104.5 A, potential   -51.95
 76706 / 100001 elapsed  3 system 0.80 temp 107.8 hbonds, Rg  87.8 A, potential   -67.57
 77406 / 100001 elapsed  2 system 0.80 temp 104.1 hbonds, Rg 120.3 A, potential   -42.50
 77006 / 100001 elapsed  1 system 0.80 temp 102.3 hbonds, Rg  57.9 A, potential   -31.85
 76306 / 100001 elapsed  0 system 0.80 temp 106.4 hbonds, Rg 102.7 A, potential   -42.94
 76806 / 100001 elapsed  3 system 0.80 temp 107.8 hbonds, Rg  88.7 A, potential   -60.34
 77506 / 100001 elapsed  2 system 0.80 temp 106.8 hbonds, Rg 120.4 A, potential   -44.26
 77106 / 100001 elapsed  1 system 0.80 temp 105.7 hbonds, Rg  58.3 A, potential   -85.86
 76406 / 100001 elapsed  0 system 0.80 temp 111.4 hbonds, Rg 104.8 A, potential   -54.95
 76906 / 100001 elapsed  3 system 0.80 temp 108.2 hbonds, Rg  90.6 A, potential   -31.64
 77606 / 100001 elapsed  2 system 0.80 temp 105.5 hbonds, Rg 121.5 A, potential   -56.08
 77206 / 100001 elapsed  1 system 0.80 temp 105.1 hbonds, Rg  59.0 A, potential   -77.95
 76506 / 100001 elapsed  0 system 0.80 temp 105.3 hbonds, Rg 106.5 A, potential   -33.25
 77006 / 100001 elapsed  3 system 0.80 temp 104.3 hbonds, Rg  90.9 A, potential   -63.29
 77706 / 100001 elapsed  2 system 0.80 temp 104.2 hbonds, Rg 120.7 A, potential   -19.26
 77306 / 100001 elapsed  1 system 0.80 temp 102.9 hbonds, Rg  58.7 A, potential   -55.52
 76606 / 100001 elapsed  0 system 0.80 temp 102.7 hbonds, Rg 106.6 A, potential    -8.53
 77106 / 100001 elapsed  3 system 0.80 temp  97.6 hbonds, Rg  89.6 A, potential   -41.19
 77806 / 100001 elapsed  2 system 0.80 temp 110.0 hbonds, Rg 118.8 A, potential   -35.17
 77406 / 100001 elapsed  1 system 0.80 temp 107.7 hbonds, Rg  58.6 A, potential   -52.95
 76706 / 100001 elapsed  0 system 0.80 temp 104.7 hbonds, Rg 106.3 A, potential   -22.46
 77206 / 100001 elapsed  3 system 0.80 temp 105.2 hbonds, Rg  92.6 A, potential   -57.66
 77906 / 100001 elapsed  2 system 0.80 temp 104.5 hbonds, Rg 119.7 A, potential   -45.12
 77506 / 100001 elapsed  1 system 0.80 temp 109.5 hbonds, Rg  57.0 A, potential   -69.53
 76806 / 100001 elapsed  0 system 0.80 temp 101.2 hbonds, Rg 105.7 A, potential   -17.73
 77306 / 100001 elapsed  3 system 0.80 temp 104.2 hbonds, Rg  92.8 A, potential   -12.02
 78006 / 100001 elapsed  2 system 0.80 temp 108.2 hbonds, Rg 117.0 A, potential   -32.01
 77606 / 100001 elapsed  1 system 0.80 temp 108.2 hbonds, Rg  54.0 A, potential   -86.10
 76906 / 100001 elapsed  0 system 0.80 temp 102.7 hbonds, Rg 106.8 A, potential   -22.61
 77406 / 100001 elapsed  3 system 0.80 temp 108.8 hbonds, Rg  94.0 A, potential   -46.61
 78106 / 100001 elapsed  2 system 0.80 temp 103.0 hbonds, Rg 115.6 A, potential   -21.28
 77706 / 100001 elapsed  1 system 0.80 temp 109.6 hbonds, Rg  56.6 A, potential   -90.82
 77006 / 100001 elapsed  0 system 0.80 temp 112.7 hbonds, Rg 107.0 A, potential   -42.07
 77506 / 100001 elapsed  3 system 0.80 temp 108.7 hbonds, Rg  94.2 A, potential   -57.66
 78206 / 100001 elapsed  2 system 0.80 temp 109.8 hbonds, Rg 115.5 A, potential   -88.64
 77806 / 100001 elapsed  1 system 0.80 temp 101.4 hbonds, Rg  58.9 A, potential   -50.64
 77106 / 100001 elapsed  0 system 0.80 temp 105.8 hbonds, Rg 105.8 A, potential   -63.66
 77606 / 100001 elapsed  3 system 0.80 temp 107.1 hbonds, Rg  95.3 A, potential   -65.60
 78306 / 100001 elapsed  2 system 0.80 temp 106.6 hbonds, Rg 117.4 A, potential   -46.30
 77906 / 100001 elapsed  1 system 0.80 temp 101.1 hbonds, Rg  60.2 A, potential   -35.10
 77206 / 100001 elapsed  0 system 0.80 temp 103.8 hbonds, Rg 104.6 A, potential   -41.13
 77706 / 100001 elapsed  3 system 0.80 temp  99.7 hbonds, Rg  95.5 A, potential     8.94
 78406 / 100001 elapsed  2 system 0.80 temp 104.9 hbonds, Rg 117.6 A, potential   -19.62
 78006 / 100001 elapsed  1 system 0.80 temp 101.0 hbonds, Rg  58.8 A, potential   -25.41
 77306 / 100001 elapsed  0 system 0.80 temp 100.2 hbonds, Rg 106.4 A, potential   -25.87
 77806 / 100001 elapsed  3 system 0.80 temp 108.2 hbonds, Rg  93.1 A, potential   -72.40
 78506 / 100001 elapsed  2 system 0.80 temp 109.1 hbonds, Rg 119.5 A, potential   -19.64
 78106 / 100001 elapsed  1 system 0.80 temp 100.9 hbonds, Rg  58.6 A, potential   -12.35
 77406 / 100001 elapsed  0 system 0.80 temp  99.1 hbonds, Rg 104.7 A, potential    -6.12
 77906 / 100001 elapsed  3 system 0.80 temp 102.4 hbonds, Rg  91.9 A, potential   -23.35
 78606 / 100001 elapsed  2 system 0.80 temp 106.0 hbonds, Rg 119.4 A, potential   -62.09
 78206 / 100001 elapsed  1 system 0.80 temp 103.3 hbonds, Rg  58.1 A, potential     7.11
 77506 / 100001 elapsed  0 system 0.80 temp 104.5 hbonds, Rg 103.4 A, potential   -17.60
 78006 / 100001 elapsed  3 system 0.80 temp 105.8 hbonds, Rg  90.9 A, potential   -41.21
 78306 / 100001 elapsed  1 system 0.80 temp 107.6 hbonds, Rg  58.4 A, potential   -65.49
 78706 / 100001 elapsed  2 system 0.80 temp 105.9 hbonds, Rg 118.7 A, potential   -50.75
 77606 / 100001 elapsed  0 system 0.80 temp 109.8 hbonds, Rg 105.4 A, potential   -69.14
 78106 / 100001 elapsed  3 system 0.80 temp 101.7 hbonds, Rg  90.8 A, potential   -55.09
 78806 / 100001 elapsed  2 system 0.80 temp 100.2 hbonds, Rg 118.2 A, potential   -61.41
 78406 / 100001 elapsed  1 system 0.80 temp 111.6 hbonds, Rg  58.2 A, potential   -50.78
 77706 / 100001 elapsed  0 system 0.80 temp 102.1 hbonds, Rg 105.2 A, potential   -41.32
 78206 / 100001 elapsed  3 system 0.80 temp  93.8 hbonds, Rg  90.1 A, potential    -2.07
 78906 / 100001 elapsed  2 system 0.80 temp 104.9 hbonds, Rg 118.8 A, potential   -65.54
 78506 / 100001 elapsed  1 system 0.80 temp 105.9 hbonds, Rg  57.5 A, potential   -43.25
 77806 / 100001 elapsed  0 system 0.80 temp 106.8 hbonds, Rg 104.1 A, potential   -12.62
 78306 / 100001 elapsed  3 system 0.80 temp  97.3 hbonds, Rg  89.5 A, potential   -11.22
 78606 / 100001 elapsed  1 system 0.80 temp 112.7 hbonds, Rg  57.5 A, potential   -52.41
 79006 / 100001 elapsed  2 system 0.80 temp 101.7 hbonds, Rg 121.1 A, potential   -74.91
 77906 / 100001 elapsed  0 system 0.80 temp 100.1 hbonds, Rg 103.4 A, potential     6.37
 78406 / 100001 elapsed  3 system 0.80 temp 100.8 hbonds, Rg  89.9 A, potential   -50.31
 79106 / 100001 elapsed  2 system 0.80 temp 104.6 hbonds, Rg 121.9 A, potential   -46.47
 78706 / 100001 elapsed  1 system 0.80 temp 108.5 hbonds, Rg  57.7 A, potential   -53.82
 78006 / 100001 elapsed  0 system 0.80 temp 101.6 hbonds, Rg 104.1 A, potential   -47.90
 78506 / 100001 elapsed  3 system 0.80 temp 102.8 hbonds, Rg  89.1 A, potential   -30.64
 79206 / 100001 elapsed  2 system 0.80 temp 101.8 hbonds, Rg 120.2 A, potential   -46.53
 78806 / 100001 elapsed  1 system 0.80 temp 104.8 hbonds, Rg  59.4 A, potential   -24.30
 78106 / 100001 elapsed  0 system 0.80 temp 102.5 hbonds, Rg 103.7 A, potential   -30.26
 78606 / 100001 elapsed  3 system 0.80 temp 100.6 hbonds, Rg  89.7 A, potential   -33.58
 79306 / 100001 elapsed  2 system 0.80 temp 100.9 hbonds, Rg 118.5 A, potential    -6.21
 78906 / 100001 elapsed  1 system 0.80 temp 111.6 hbonds, Rg  59.6 A, potential   -46.96
 78206 / 100001 elapsed  0 system 0.80 temp  97.1 hbonds, Rg 102.4 A, potential     5.56
 78706 / 100001 elapsed  3 system 0.80 temp 104.8 hbonds, Rg  90.2 A, potential   -76.34
 79406 / 100001 elapsed  2 system 0.80 temp  96.2 hbonds, Rg 120.4 A, potential   -40.93
 79006 / 100001 elapsed  1 system 0.80 temp 107.3 hbonds, Rg  59.3 A, potential   -60.94
 78306 / 100001 elapsed  0 system 0.80 temp 100.0 hbonds, Rg 103.7 A, potential   -25.65
 78806 / 100001 elapsed  3 system 0.80 temp 104.3 hbonds, Rg  88.8 A, potential   -30.62
 79506 / 100001 elapsed  2 system 0.80 temp 103.2 hbonds, Rg 120.8 A, potential   -59.41
 79106 / 100001 elapsed  1 system 0.80 temp 104.3 hbonds, Rg  59.4 A, potential   -31.39
 78406 / 100001 elapsed  0 system 0.80 temp 101.0 hbonds, Rg 103.3 A, potential    -7.94
 78906 / 100001 elapsed  3 system 0.80 temp  94.0 hbonds, Rg  89.4 A, potential   -25.05
 79606 / 100001 elapsed  2 system 0.80 temp 107.0 hbonds, Rg 122.2 A, potential   -50.44
 79206 / 100001 elapsed  1 system 0.80 temp 104.8 hbonds, Rg  60.8 A, potential    -3.68
 78506 / 100001 elapsed  0 system 0.80 temp 101.3 hbonds, Rg 104.5 A, potential   -42.67
 79006 / 100001 elapsed  3 system 0.80 temp 104.1 hbonds, Rg  91.1 A, potential   -31.95
 79706 / 100001 elapsed  2 system 0.80 temp 109.6 hbonds, Rg 123.4 A, potential   -73.57
 79306 / 100001 elapsed  1 system 0.80 temp 105.4 hbonds, Rg  59.9 A, potential   -66.52
 78606 / 100001 elapsed  0 system 0.80 temp 101.3 hbonds, Rg 104.7 A, potential   -25.78
 79106 / 100001 elapsed  3 system 0.80 temp 101.7 hbonds, Rg  91.4 A, potential   -31.84
 79806 / 100001 elapsed  2 system 0.80 temp 103.2 hbonds, Rg 124.1 A, potential   -19.46
 79406 / 100001 elapsed  1 system 0.80 temp 104.3 hbonds, Rg  62.5 A, potential   -12.16
 78706 / 100001 elapsed  0 system 0.80 temp 104.8 hbonds, Rg 104.1 A, potential   -40.90
 79206 / 100001 elapsed  3 system 0.80 temp 100.5 hbonds, Rg  91.8 A, potential   -24.17
 79906 / 100001 elapsed  2 system 0.80 temp 104.3 hbonds, Rg 120.8 A, potential   -44.78
 79506 / 100001 elapsed  1 system 0.80 temp 101.1 hbonds, Rg  62.6 A, potential    -6.51
 78806 / 100001 elapsed  0 system 0.80 temp 105.3 hbonds, Rg 104.3 A, potential   -46.85
 79306 / 100001 elapsed  3 system 0.80 temp 104.5 hbonds, Rg  91.6 A, potential   -42.15
 80006 / 100001 elapsed  2 system 0.80 temp 106.0 hbonds, Rg 118.3 A, potential   -24.40
 79606 / 100001 elapsed  1 system 0.80 temp 108.8 hbonds, Rg  64.1 A, potential   -65.37
 78906 / 100001 elapsed  0 system 0.80 temp 103.5 hbonds, Rg 103.6 A, potential   -38.46
 79406 / 100001 elapsed  3 system 0.80 temp 105.4 hbonds, Rg  91.1 A, potential   -56.33
 80106 / 100001 elapsed  2 system 0.80 temp 107.2 hbonds, Rg 114.5 A, potential   -73.86
 79706 / 100001 elapsed  1 system 0.80 temp  99.8 hbonds, Rg  66.2 A, potential   -37.82
 79006 / 100001 elapsed  0 system 0.80 temp  99.7 hbonds, Rg 104.6 A, potential   -26.93
 79506 / 100001 elapsed  3 system 0.80 temp 100.8 hbonds, Rg  90.8 A, potential   -42.79
 80206 / 100001 elapsed  2 system 0.80 temp 107.7 hbonds, Rg 114.9 A, potential   -22.62
 79806 / 100001 elapsed  1 system 0.80 temp 101.8 hbonds, Rg  66.0 A, potential   -43.75
 79106 / 100001 elapsed  0 system 0.80 temp 102.1 hbonds, Rg 105.3 A, potential   -59.49
 79606 / 100001 elapsed  3 system 0.80 temp  96.8 hbonds, Rg  90.0 A, potential   -25.54
 80306 / 100001 elapsed  2 system 0.80 temp 104.5 hbonds, Rg 115.3 A, potential   -58.39
 79906 / 100001 elapsed  1 system 0.80 temp 100.1 hbonds, Rg  66.4 A, potential   -36.11
 79206 / 100001 elapsed  0 system 0.80 temp 100.9 hbonds, Rg 106.3 A, potential   -34.93
 79706 / 100001 elapsed  3 system 0.80 temp 102.5 hbonds, Rg  89.2 A, potential   -35.00
 80406 / 100001 elapsed  2 system 0.80 temp 105.0 hbonds, Rg 117.4 A, potential   -50.25
 80006 / 100001 elapsed  1 system 0.80 temp 102.3 hbonds, Rg  67.9 A, potential   -55.06
 79306 / 100001 elapsed  0 system 0.80 temp 103.9 hbonds, Rg 107.0 A, potential   -57.01
 79806 / 100001 elapsed  3 system 0.80 temp  97.6 hbonds, Rg  89.6 A, potential   -39.80
 80506 / 100001 elapsed  2 system 0.80 temp 104.5 hbonds, Rg 116.4 A, potential   -24.00
 80106 / 100001 elapsed  1 system 0.80 temp  96.1 hbonds, Rg  67.3 A, potential   -16.61
 79406 / 100001 elapsed  0 system 0.80 temp 102.2 hbonds, Rg 105.4 A, potential   -31.91
 79906 / 100001 elapsed  3 system 0.80 temp 100.9 hbonds, Rg  90.6 A, potential     3.46
 80606 / 100001 elapsed  2 system 0.80 temp 103.3 hbonds, Rg 116.8 A, potential   -14.62
 80206 / 100001 elapsed  1 system 0.80 temp 103.7 hbonds, Rg  66.5 A, potential   -48.27
 79506 / 100001 elapsed  0 system 0.80 temp  98.6 hbonds, Rg 107.4 A, potential    12.90
 80006 / 100001 elapsed  3 system 0.80 temp 102.3 hbonds, Rg  90.9 A, potential   -29.73
 80706 / 100001 elapsed  2 system 0.80 temp 110.9 hbonds, Rg 117.9 A, potential   -43.12
 80306 / 100001 elapsed  1 system 0.80 temp 102.6 hbonds, Rg  67.1 A, potential   -36.63
 79606 / 100001 elapsed  0 system 0.80 temp 102.0 hbonds, Rg 106.1 A, potential   -56.88
 80106 / 100001 elapsed  3 system 0.80 temp 104.1 hbonds, Rg  90.2 A, potential   -20.07
 80806 / 100001 elapsed  2 system 0.80 temp 102.5 hbonds, Rg 118.6 A, potential   -62.65
 80406 / 100001 elapsed  1 system 0.80 temp 102.7 hbonds, Rg  68.3 A, potential   -29.59
 79706 / 100001 elapsed  0 system 0.80 temp 101.6 hbonds, Rg 107.3 A, potential   -17.38
 80206 / 100001 elapsed  3 system 0.80 temp 102.6 hbonds, Rg  91.2 A, potential    -7.50
 80906 / 100001 elapsed  2 system 0.80 temp 106.2 hbonds, Rg 118.6 A, potential   -29.48
 80506 / 100001 elapsed  1 system 0.80 temp 107.4 hbonds, Rg  68.1 A, potential   -48.46
 79806 / 100001 elapsed  0 system 0.80 temp 101.5 hbonds, Rg 107.1 A, potential   -46.50
 80306 / 100001 elapsed  3 system 0.80 temp 107.4 hbonds, Rg  90.3 A, potential   -67.87
 81006 / 100001 elapsed  2 system 0.80 temp 106.1 hbonds, Rg 121.8 A, potential   -38.15
 80606 / 100001 elapsed  1 system 0.80 temp 104.3 hbonds, Rg  67.6 A, potential   -51.93
 79906 / 100001 elapsed  0 system 0.80 temp  97.6 hbonds, Rg 106.8 A, potential   -47.43
 80406 / 100001 elapsed  3 system 0.80 temp 106.6 hbonds, Rg  89.6 A, potential   -61.76
 81106 / 100001 elapsed  2 system 0.80 temp 103.6 hbonds, Rg 121.9 A, potential   -30.72
 80706 / 100001 elapsed  1 system 0.80 temp 106.8 hbonds, Rg  65.0 A, potential   -48.92
 80006 / 100001 elapsed  0 system 0.80 temp 100.3 hbonds, Rg 107.9 A, potential   -53.91
 80506 / 100001 elapsed  3 system 0.80 temp 104.7 hbonds, Rg  88.7 A, potential   -65.97
 81206 / 100001 elapsed  2 system 0.80 temp 106.6 hbonds, Rg 120.9 A, potential   -41.81
 80806 / 100001 elapsed  1 system 0.80 temp 101.0 hbonds, Rg  65.2 A, potential   -25.65
 80106 / 100001 elapsed  0 system 0.80 temp 100.1 hbonds, Rg 108.8 A, potential    -9.01
 80606 / 100001 elapsed  3 system 0.80 temp 105.9 hbonds, Rg  89.6 A, potential   -39.05
 81307 / 100001 elapsed  2 system 0.80 temp 101.0 hbonds, Rg 118.8 A, potential   -30.51
 80906 / 100001 elapsed  1 system 0.80 temp 103.2 hbonds, Rg  65.3 A, potential   -10.30
 80206 / 100001 elapsed  0 system 0.80 temp 102.6 hbonds, Rg 108.8 A, potential   -27.04
 80706 / 100001 elapsed  3 system 0.80 temp 104.3 hbonds, Rg  88.9 A, potential   -73.15
 81006 / 100001 elapsed  1 system 0.80 temp  99.8 hbonds, Rg  64.8 A, potential   -53.32
 81407 / 100001 elapsed  2 system 0.80 temp 107.4 hbonds, Rg 121.1 A, potential   -59.16
 80306 / 100001 elapsed  0 system 0.80 temp 103.3 hbonds, Rg 109.1 A, potential   -63.95
 80806 / 100001 elapsed  3 system 0.80 temp 104.3 hbonds, Rg  88.4 A, potential   -60.28
 81106 / 100001 elapsed  1 system 0.80 temp 106.5 hbonds, Rg  65.1 A, potential   -47.15
 81507 / 100001 elapsed  2 system 0.80 temp 106.6 hbonds, Rg 121.4 A, potential   -23.60
 80406 / 100001 elapsed  0 system 0.80 temp 103.1 hbonds, Rg 107.3 A, potential   -33.73
 80906 / 100001 elapsed  3 system 0.80 temp 104.7 hbonds, Rg  90.1 A, potential   -34.91
 81206 / 100001 elapsed  1 system 0.80 temp 106.3 hbonds, Rg  67.0 A, potential   -40.32
 81607 / 100001 elapsed  2 system 0.80 temp 101.8 hbonds, Rg 123.5 A, potential   -34.09
 80506 / 100001 elapsed  0 system 0.80 temp 101.9 hbonds, Rg 107.3 A, potential   -52.85
 81006 / 100001 elapsed  3 system 0.80 temp 103.7 hbonds, Rg  91.1 A, potential   -46.55
 81307 / 100001 elapsed  1 system 0.80 temp 103.6 hbonds, Rg  66.0 A, potential   -25.69
 81707 / 100001 elapsed  2 system 0.80 temp  97.1 hbonds, Rg 122.0 A, potential   -15.67
 80606 / 100001 elapsed  0 system 0.80 temp 106.2 hbonds, Rg 107.5 A, potential   -31.84
 81106 / 100001 elapsed  3 system 0.80 temp 102.6 hbonds, Rg  90.7 A, potential   -51.45
 81407 / 100001 elapsed  1 system 0.80 temp 108.3 hbonds, Rg  65.4 A, potential   -41.70
 81807 / 100001 elapsed  2 system 0.80 temp 105.5 hbonds, Rg 125.0 A, potential   -11.00
 80706 / 100001 elapsed  0 system 0.80 temp  97.3 hbonds, Rg 108.9 A, potential   -17.21
 81206 / 100001 elapsed  3 system 0.80 temp 102.0 hbonds, Rg  91.1 A, potential   -43.86
 81507 / 100001 elapsed  1 system 0.80 temp 107.5 hbonds, Rg  65.2 A, potential   -56.02
 81907 / 100001 elapsed  2 system 0.80 temp 105.0 hbonds, Rg 127.1 A, potential   -38.10
 80806 / 100001 elapsed  0 system 0.80 temp 104.0 hbonds, Rg 107.7 A, potential   -52.16
 81307 / 100001 elapsed  3 system 0.80 temp 102.7 hbonds, Rg  89.7 A, potential   -32.67
 81607 / 100001 elapsed  1 system 0.80 temp 104.7 hbonds, Rg  65.5 A, potential   -77.62
 82007 / 100001 elapsed  2 system 0.80 temp 104.6 hbonds, Rg 127.0 A, potential   -39.90
 80906 / 100001 elapsed  0 system 0.80 temp 104.9 hbonds, Rg 106.2 A, potential   -11.84
 81407 / 100001 elapsed  3 system 0.80 temp 102.9 hbonds, Rg  89.6 A, potential   -45.17
 81707 / 100001 elapsed  1 system 0.80 temp 106.0 hbonds, Rg  65.4 A, potential   -43.28
 82107 / 100001 elapsed  2 system 0.80 temp 105.3 hbonds, Rg 128.9 A, potential   -29.39
 81006 / 100001 elapsed  0 system 0.80 temp 102.8 hbonds, Rg 107.9 A, potential   -24.36
 81507 / 100001 elapsed  3 system 0.80 temp 101.9 hbonds, Rg  90.8 A, potential    -4.07
 81807 / 100001 elapsed  1 system 0.80 temp 104.0 hbonds, Rg  66.3 A, potential   -40.67
 82207 / 100001 elapsed  2 system 0.80 temp 100.3 hbonds, Rg 129.7 A, potential   -45.50
 81106 / 100001 elapsed  0 system 0.80 temp 100.2 hbonds, Rg 108.2 A, potential   -23.14
 81607 / 100001 elapsed  3 system 0.80 temp  99.2 hbonds, Rg  90.1 A, potential   -21.61
 81907 / 100001 elapsed  1 system 0.80 temp  97.3 hbonds, Rg  66.1 A, potential   -23.82
 82307 / 100001 elapsed  2 system 0.80 temp 104.6 hbonds, Rg 129.2 A, potential   -37.92
 81206 / 100001 elapsed  0 system 0.80 temp 101.6 hbonds, Rg 108.4 A, potential   -27.07
 81707 / 100001 elapsed  3 system 0.80 temp 106.9 hbonds, Rg  90.1 A, potential   -33.65
 82007 / 100001 elapsed  1 system 0.80 temp 106.0 hbonds, Rg  66.1 A, potential   -65.56
 82407 / 100001 elapsed  2 system 0.80 temp 104.6 hbonds, Rg 127.3 A, potential   -51.56
 81307 / 100001 elapsed  0 system 0.80 temp 100.4 hbonds, Rg 108.8 A, potential   -20.27
 81807 / 100001 elapsed  3 system 0.80 temp  95.7 hbonds, Rg  89.6 A, potential   -30.16
 82107 / 100001 elapsed  1 system 0.80 temp 107.4 hbonds, Rg  64.7 A, potential   -60.09
 82507 / 100001 elapsed  2 system 0.80 temp 109.3 hbonds, Rg 126.9 A, potential   -54.47
 81407 / 100001 elapsed  0 system 0.80 temp 103.3 hbonds, Rg 107.8 A, potential   -92.34
 81907 / 100001 elapsed  3 system 0.80 temp  95.7 hbonds, Rg  90.6 A, potential   -47.01
 82207 / 100001 elapsed  1 system 0.80 temp 105.9 hbonds, Rg  64.8 A, potential   -30.29
 82607 / 100001 elapsed  2 system 0.80 temp 112.1 hbonds, Rg 129.8 A, potential   -54.73
 81507 / 100001 elapsed  0 system 0.80 temp  98.2 hbonds, Rg 108.2 A, potential   -64.53
 82007 / 100001 elapsed  3 system 0.80 temp 103.8 hbonds, Rg  88.9 A, potential   -41.01
 82307 / 100001 elapsed  1 system 0.80 temp 101.7 hbonds, Rg  65.8 A, potential   -40.91
 82707 / 100001 elapsed  2 system 0.80 temp 102.5 hbonds, Rg 129.0 A, potential   -27.08
 81607 / 100001 elapsed  0 system 0.80 temp  99.5 hbonds, Rg 108.8 A, potential   -33.86
 82107 / 100001 elapsed  3 system 0.80 temp 105.5 hbonds, Rg  89.1 A, potential   -37.74
 82407 / 100001 elapsed  1 system 0.80 temp 101.3 hbonds, Rg  66.1 A, potential   -21.84
 82807 / 100001 elapsed  2 system 0.80 temp  98.3 hbonds, Rg 130.6 A, potential   -34.17
 81707 / 100001 elapsed  0 system 0.80 temp 102.6 hbonds, Rg 108.9 A, potential   -87.47
 82507 / 100001 elapsed  1 system 0.80 temp 103.5 hbonds, Rg  65.5 A, potential   -26.09
 82207 / 100001 elapsed  3 system 0.80 temp 101.2 hbonds, Rg  90.5 A, potential   -76.69
 82907 / 100001 elapsed  2 system 0.80 temp  98.9 hbonds, Rg 130.1 A, potential   -46.96
 81807 / 100001 elapsed  0 system 0.80 temp  95.6 hbonds, Rg 108.5 A, potential   -45.45
 82607 / 100001 elapsed  1 system 0.80 temp 105.7 hbonds, Rg  65.5 A, potential   -75.63
 82307 / 100001 elapsed  3 system 0.80 temp 100.3 hbonds, Rg  89.8 A, potential    10.62
 83007 / 100001 elapsed  2 system 0.80 temp 101.9 hbonds, Rg 132.0 A, potential   -36.70
 81907 / 100001 elapsed  0 system 0.80 temp  95.7 hbonds, Rg 109.3 A, potential   -35.01
 82707 / 100001 elapsed  1 system 0.80 temp 103.4 hbonds, Rg  65.1 A, potential   -62.25
 82407 / 100001 elapsed  3 system 0.80 temp 104.7 hbonds, Rg  88.8 A, potential   -10.34
 83107 / 100001 elapsed  2 system 0.80 temp  96.6 hbonds, Rg 132.4 A, potential   -26.65
 82007 / 100001 elapsed  0 system 0.80 temp  96.0 hbonds, Rg 110.2 A, potential   -10.15
 82807 / 100001 elapsed  1 system 0.80 temp 108.4 hbonds, Rg  65.2 A, potential   -49.64
 82507 / 100001 elapsed  3 system 0.80 temp 105.8 hbonds, Rg  88.3 A, potential   -22.70
 83207 / 100001 elapsed  2 system 0.80 temp 100.2 hbonds, Rg 133.1 A, potential    -1.08
 82107 / 100001 elapsed  0 system 0.80 temp  98.1 hbonds, Rg 109.2 A, potential    -5.33
 82907 / 100001 elapsed  1 system 0.80 temp 105.8 hbonds, Rg  63.4 A, potential   -33.72
 82607 / 100001 elapsed  3 system 0.80 temp 103.1 hbonds, Rg  89.4 A, potential   -36.65
 83307 / 100001 elapsed  2 system 0.80 temp 105.4 hbonds, Rg 133.1 A, potential   -59.47
 82207 / 100001 elapsed  0 system 0.80 temp  97.3 hbonds, Rg 108.6 A, potential   -16.57
 83007 / 100001 elapsed  1 system 0.80 temp 106.1 hbonds, Rg  63.5 A, potential   -58.00
 82707 / 100001 elapsed  3 system 0.80 temp 104.3 hbonds, Rg  91.3 A, potential   -26.99
 83407 / 100001 elapsed  2 system 0.80 temp 104.9 hbonds, Rg 135.2 A, potential   -39.73
 82307 / 100001 elapsed  0 system 0.80 temp 101.9 hbonds, Rg 108.5 A, potential   -58.36
 83107 / 100001 elapsed  1 system 0.80 temp 100.1 hbonds, Rg  61.4 A, potential   -39.26
 83507 / 100001 elapsed  2 system 0.80 temp 105.5 hbonds, Rg 134.1 A, potential   -50.91
 82807 / 100001 elapsed  3 system 0.80 temp 102.7 hbonds, Rg  93.1 A, potential   -44.12
 82407 / 100001 elapsed  0 system 0.80 temp 101.2 hbonds, Rg 108.9 A, potential    -6.29
 83207 / 100001 elapsed  1 system 0.80 temp 103.3 hbonds, Rg  61.2 A, potential   -36.09
 83607 / 100001 elapsed  2 system 0.80 temp 102.0 hbonds, Rg 133.2 A, potential   -69.75
 82907 / 100001 elapsed  3 system 0.80 temp 103.6 hbonds, Rg  91.6 A, potential    -2.96
 82507 / 100001 elapsed  0 system 0.80 temp 101.3 hbonds, Rg 108.6 A, potential   -37.64
 83307 / 100001 elapsed  1 system 0.80 temp 100.1 hbonds, Rg  60.2 A, potential    -9.38
 83707 / 100001 elapsed  2 system 0.80 temp  98.7 hbonds, Rg 134.2 A, potential   -41.21
 83007 / 100001 elapsed  3 system 0.80 temp 110.8 hbonds, Rg  92.8 A, potential   -45.73
 82607 / 100001 elapsed  0 system 0.80 temp  96.6 hbonds, Rg 107.9 A, potential   -13.09
 83407 / 100001 elapsed  1 system 0.80 temp 104.8 hbonds, Rg  60.0 A, potential   -18.79
 83807 / 100001 elapsed  2 system 0.80 temp 100.7 hbonds, Rg 133.7 A, potential   -45.89
 83107 / 100001 elapsed  3 system 0.80 temp 104.1 hbonds, Rg  92.7 A, potential   -23.35
 82707 / 100001 elapsed  0 system 0.80 temp 100.3 hbonds, Rg 108.8 A, potential   -44.64
 83507 / 100001 elapsed  1 system 0.80 temp 109.1 hbonds, Rg  60.2 A, potential   -32.68
 83907 / 100001 elapsed  2 system 0.80 temp  97.8 hbonds, Rg 133.5 A, potential    31.87
 83207 / 100001 elapsed  3 system 0.80 temp 103.4 hbonds, Rg  90.4 A, potential   -23.95
 82807 / 100001 elapsed  0 system 0.80 temp 101.2 hbonds, Rg 109.0 A, potential   -55.77
 83607 / 100001 elapsed  1 system 0.80 temp 102.5 hbonds, Rg  60.8 A, potential     5.66
 84007 / 100001 elapsed  2 system 0.80 temp  99.3 hbonds, Rg 134.9 A, potential   -47.71
 83307 / 100001 elapsed  3 system 0.80 temp 102.3 hbonds, Rg  90.5 A, potential   -45.58
 82907 / 100001 elapsed  0 system 0.80 temp  96.0 hbonds, Rg 109.1 A, potential   -10.17
 83707 / 100001 elapsed  1 system 0.80 temp 102.9 hbonds, Rg  59.1 A, potential   -41.64
 84107 / 100001 elapsed  2 system 0.80 temp 103.1 hbonds, Rg 136.2 A, potential   -28.12
 83407 / 100001 elapsed  3 system 0.80 temp  98.5 hbonds, Rg  91.3 A, potential   -60.30
 83007 / 100001 elapsed  0 system 0.80 temp  98.6 hbonds, Rg 108.9 A, potential   -44.61
 83807 / 100001 elapsed  1 system 0.80 temp 101.1 hbonds, Rg  59.2 A, potential    12.99
 84207 / 100001 elapsed  2 system 0.80 temp 104.2 hbonds, Rg 135.4 A, potential   -48.69
 83507 / 100001 elapsed  3 system 0.80 temp  98.0 hbonds, Rg  88.7 A, potential   -12.50
 83107 / 100001 elapsed  0 system 0.80 temp  97.9 hbonds, Rg 109.9 A, potential    -3.87
 83907 / 100001 elapsed  1 system 0.80 temp  98.4 hbonds, Rg  57.0 A, potential    -3.38
 84307 / 100001 elapsed  2 system 0.80 temp 102.8 hbonds, Rg 133.0 A, potential   -36.22
 83607 / 100001 elapsed  3 system 0.80 temp 105.5 hbonds, Rg  89.2 A, potential   -38.87
 83207 / 100001 elapsed  0 system 0.80 temp  99.6 hbonds, Rg 108.1 A, potential   -16.21
 84007 / 100001 elapsed  1 system 0.80 temp 106.4 hbonds, Rg  54.9 A, potential   -62.05
 84407 / 100001 elapsed  2 system 0.80 temp 104.0 hbonds, Rg 135.2 A, potential   -44.60
 83707 / 100001 elapsed  3 system 0.80 temp  96.7 hbonds, Rg  89.5 A, potential   -19.46
 83307 / 100001 elapsed  0 system 0.80 temp 102.2 hbonds, Rg 108.1 A, potential   -46.87
 84107 / 100001 elapsed  1 system 0.80 temp 108.6 hbonds, Rg  55.6 A, potential   -57.29
 84507 / 100001 elapsed  2 system 0.80 temp 105.0 hbonds, Rg 134.3 A, potential   -19.75
 83407 / 100001 elapsed  0 system 0.80 temp 100.6 hbonds, Rg 106.6 A, potential   -26.88
 83807 / 100001 elapsed  3 system 0.80 temp 107.4 hbonds, Rg  92.1 A, potential   -39.55
 84607 / 100001 elapsed  2 system 0.80 temp 102.1 hbonds, Rg 136.5 A, potential   -22.65
 84207 / 100001 elapsed  1 system 0.80 temp 107.1 hbonds, Rg  54.9 A, potential    -8.49
 83507 / 100001 elapsed  0 system 0.80 temp  98.6 hbonds, Rg 108.0 A, potential    11.91
 83907 / 100001 elapsed  3 system 0.80 temp 103.0 hbonds, Rg  91.6 A, potential   -82.61
 84707 / 100001 elapsed  2 system 0.80 temp 105.8 hbonds, Rg 137.3 A, potential   -26.13
 84307 / 100001 elapsed  1 system 0.80 temp 111.1 hbonds, Rg  56.7 A, potential   -45.49
 83607 / 100001 elapsed  0 system 0.80 temp 107.7 hbonds, Rg 107.0 A, potential   -20.14
 84007 / 100001 elapsed  3 system 0.80 temp 102.4 hbonds, Rg  91.7 A, potential   -27.22
 84807 / 100001 elapsed  2 system 0.80 temp  99.3 hbonds, Rg 135.0 A, potential   -28.15
 84407 / 100001 elapsed  1 system 0.80 temp 104.6 hbonds, Rg  57.2 A, potential   -50.23
 83707 / 100001 elapsed  0 system 0.80 temp 104.1 hbonds, Rg 105.2 A, potential   -41.97
 84107 / 100001 elapsed  3 system 0.80 temp 109.3 hbonds, Rg  92.2 A, potential   -41.05
 84907 / 100001 elapsed  2 system 0.80 temp 106.5 hbonds, Rg 134.8 A, potential   -43.58
 84507 / 100001 elapsed  1 system 0.80 temp 111.1 hbonds, Rg  57.0 A, potential   -65.24
 83807 / 100001 elapsed  0 system 0.80 temp  99.9 hbonds, Rg 105.0 A, potential   -32.23
 84207 / 100001 elapsed  3 system 0.80 temp 100.3 hbonds, Rg  91.5 A, potential   -28.49
 85007 / 100001 elapsed  2 system 0.80 temp 104.5 hbonds, Rg 134.5 A, potential   -50.30
 84607 / 100001 elapsed  1 system 0.80 temp 106.0 hbonds, Rg  57.5 A, potential   -23.15
 83907 / 100001 elapsed  0 system 0.80 temp 102.7 hbonds, Rg 106.8 A, potential   -56.34
 84307 / 100001 elapsed  3 system 0.80 temp 108.7 hbonds, Rg  91.7 A, potential   -52.21
 85107 / 100001 elapsed  2 system 0.80 temp 105.3 hbonds, Rg 131.9 A, potential   -17.27
 84707 / 100001 elapsed  1 system 0.80 temp 110.1 hbonds, Rg  55.3 A, potential   -40.20
 84007 / 100001 elapsed  0 system 0.80 temp 101.7 hbonds, Rg 105.6 A, potential   -31.27
 84407 / 100001 elapsed  3 system 0.80 temp 107.8 hbonds, Rg  91.5 A, potential   -72.06
 84807 / 100001 elapsed  1 system 0.80 temp 107.6 hbonds, Rg  55.1 A, potential   -25.22
 85207 / 100001 elapsed  2 system 0.80 temp 103.6 hbonds, Rg 133.9 A, potential   -12.37
 84107 / 100001 elapsed  0 system 0.80 temp  94.5 hbonds, Rg 106.3 A, potential     5.50
 84507 / 100001 elapsed  3 system 0.80 temp 107.8 hbonds, Rg  93.0 A, potential   -40.46
 84907 / 100001 elapsed  1 system 0.80 temp 104.7 hbonds, Rg  54.5 A, potential   -42.60
 85307 / 100001 elapsed  2 system 0.80 temp  99.5 hbonds, Rg 133.1 A, potential   -72.15
 84207 / 100001 elapsed  0 system 0.80 temp  99.0 hbonds, Rg 107.1 A, potential   -13.06
 84607 / 100001 elapsed  3 system 0.80 temp 105.4 hbonds, Rg  93.3 A, potential   -12.48
 85007 / 100001 elapsed  1 system 0.80 temp  99.2 hbonds, Rg  53.9 A, potential   -22.26
 85407 / 100001 elapsed  2 system 0.80 temp 107.5 hbonds, Rg 131.4 A, potential   -69.97
 84307 / 100001 elapsed  0 system 0.80 temp  99.3 hbonds, Rg 106.8 A, potential   -14.28
 84707 / 100001 elapsed  3 system 0.80 temp 105.4 hbonds, Rg  93.8 A, potential   -36.55
 85107 / 100001 elapsed  1 system 0.80 temp 103.6 hbonds, Rg  54.1 A, potential   -31.21
 85507 / 100001 elapsed  2 system 0.80 temp  98.6 hbonds, Rg 132.1 A, potential   -25.47
 84407 / 100001 elapsed  0 system 0.80 temp 101.0 hbonds, Rg 107.5 A, potential   -56.10
 84807 / 100001 elapsed  3 system 0.80 temp 106.4 hbonds, Rg  92.6 A, potential   -49.32
 85207 / 100001 elapsed  1 system 0.80 temp 108.2 hbonds, Rg  54.8 A, potential   -50.31
 85607 / 100001 elapsed  2 system 0.80 temp 108.6 hbonds, Rg 135.5 A, potential   -36.86
 84507 / 100001 elapsed  0 system 0.80 temp 103.9 hbonds, Rg 107.4 A, potential   -52.05
 84907 / 100001 elapsed  3 system 0.80 temp 106.3 hbonds, Rg  91.9 A, potential   -57.92
 85307 / 100001 elapsed  1 system 0.80 temp 108.5 hbonds, Rg  52.8 A, potential   -52.68
 85707 / 100001 elapsed  2 system 0.80 temp  96.0 hbonds, Rg 134.3 A, potential    -8.56
 84607 / 100001 elapsed  0 system 0.80 temp 103.3 hbonds, Rg 108.2 A, potential   -26.94
 85007 / 100001 elapsed  3 system 0.80 temp 101.9 hbonds, Rg  90.0 A, potential    -1.44
 85407 / 100001 elapsed  1 system 0.80 temp  99.4 hbonds, Rg  53.6 A, potential     9.42
 85807 / 100001 elapsed  2 system 0.80 temp 102.6 hbonds, Rg 133.1 A, potential   -27.79
 84707 / 100001 elapsed  0 system 0.80 temp 101.4 hbonds, Rg 107.6 A, potential   -37.02
 85107 / 100001 elapsed  3 system 0.80 temp 102.2 hbonds, Rg  88.6 A, potential   -38.62
 85507 / 100001 elapsed  1 system 0.80 temp 105.4 hbonds, Rg  50.7 A, potential   -27.31
 85907 / 100001 elapsed  2 system 0.80 temp 105.1 hbonds, Rg 134.8 A, potential   -68.64
 84807 / 100001 elapsed  0 system 0.80 temp 100.6 hbonds, Rg 108.8 A, potential   -38.09
 85207 / 100001 elapsed  3 system 0.80 temp 105.9 hbonds, Rg  89.7 A, potential   -36.38
 85607 / 100001 elapsed  1 system 0.80 temp 104.3 hbonds, Rg  47.5 A, potential   -55.37
 86007 / 100001 elapsed  2 system 0.80 temp 104.2 hbonds, Rg 135.4 A, potential   -55.58
 84907 / 100001 elapsed  0 system 0.80 temp 104.7 hbonds, Rg 107.7 A, potential   -37.60
 85307 / 100001 elapsed  3 system 0.80 temp 109.7 hbonds, Rg  89.3 A, potential   -31.06
 85707 / 100001 elapsed  1 system 0.80 temp 110.1 hbonds, Rg  50.4 A, potential   -54.65
 86107 / 100001 elapsed  2 system 0.80 temp 109.9 hbonds, Rg 135.6 A, potential   -82.50
 85007 / 100001 elapsed  0 system 0.80 temp 102.1 hbonds, Rg 107.2 A, potential   -33.87
 85407 / 100001 elapsed  3 system 0.80 temp 103.9 hbonds, Rg  89.4 A, potential   -39.66
 85807 / 100001 elapsed  1 system 0.80 temp  96.8 hbonds, Rg  51.2 A, potential    15.57
 86207 / 100001 elapsed  2 system 0.80 temp 101.6 hbonds, Rg 137.6 A, potential   -39.59
 85107 / 100001 elapsed  0 system 0.80 temp 100.7 hbonds, Rg 107.8 A, potential   -35.86
 85507 / 100001 elapsed  3 system 0.80 temp 101.0 hbonds, Rg  88.3 A, potential   -54.75
 85907 / 100001 elapsed  1 system 0.80 temp 108.4 hbonds, Rg  51.8 A, potential   -27.57
 86307 / 100001 elapsed  2 system 0.80 temp 103.3 hbonds, Rg 137.8 A, potential   -46.19
 85207 / 100001 elapsed  0 system 0.80 temp 106.2 hbonds, Rg 107.7 A, potential   -19.12
 85607 / 100001 elapsed  3 system 0.80 temp 100.9 hbonds, Rg  90.9 A, potential     3.10
 86007 / 100001 elapsed  1 system 0.80 temp  98.6 hbonds, Rg  50.8 A, potential   -31.80
 86407 / 100001 elapsed  2 system 0.80 temp 100.1 hbonds, Rg 140.4 A, potential   -35.96
 85307 / 100001 elapsed  0 system 0.80 temp 103.9 hbonds, Rg 107.5 A, potential   -54.93
 85707 / 100001 elapsed  3 system 0.80 temp 108.5 hbonds, Rg  91.6 A, potential   -53.91
 86507 / 100001 elapsed  2 system 0.80 temp 109.6 hbonds, Rg 140.2 A, potential   -18.95
 86107 / 100001 elapsed  1 system 0.80 temp 104.0 hbonds, Rg  50.1 A, potential   -24.37
 85407 / 100001 elapsed  0 system 0.80 temp 109.1 hbonds, Rg 107.3 A, potential    -1.49
 85807 / 100001 elapsed  3 system 0.80 temp 103.7 hbonds, Rg  91.7 A, potential   -38.38
 86207 / 100001 elapsed  1 system 0.80 temp 104.2 hbonds, Rg  47.9 A, potential   -41.98
 86607 / 100001 elapsed  2 system 0.80 temp 105.7 hbonds, Rg 137.8 A, potential   -48.53
 85507 / 100001 elapsed  0 system 0.80 temp 104.9 hbonds, Rg 106.9 A, potential   -31.87
 85907 / 100001 elapsed  3 system 0.80 temp 102.8 hbonds, Rg  91.5 A, potential   -42.15
 86307 / 100001 elapsed  1 system 0.80 temp 100.8 hbonds, Rg  46.0 A, potential    -1.72
 86707 / 100001 elapsed  2 system 0.80 temp 108.8 hbonds, Rg 135.7 A, potential   -48.00
 85607 / 100001 elapsed  0 system 0.80 temp  98.2 hbonds, Rg 108.5 A, potential   -28.18
 86007 / 100001 elapsed  3 system 0.80 temp 102.6 hbonds, Rg  88.6 A, potential    -5.90
 86407 / 100001 elapsed  1 system 0.80 temp 106.8 hbonds, Rg  45.1 A, potential   -62.85
 86807 / 100001 elapsed  2 system 0.80 temp 103.8 hbonds, Rg 135.3 A, potential    -3.96
 85707 / 100001 elapsed  0 system 0.80 temp 104.7 hbonds, Rg 107.1 A, potential   -62.00
 86107 / 100001 elapsed  3 system 0.80 temp 103.1 hbonds, Rg  88.3 A, potential   -34.00
 86507 / 100001 elapsed  1 system 0.80 temp  95.3 hbonds, Rg  43.6 A, potential   -40.35
 86907 / 100001 elapsed  2 system 0.80 temp 101.1 hbonds, Rg 133.3 A, potential   -47.48
 85807 / 100001 elapsed  0 system 0.80 temp 110.5 hbonds, Rg 106.5 A, potential   -54.51
 86207 / 100001 elapsed  3 system 0.80 temp  98.7 hbonds, Rg  89.2 A, potential   -46.00
 86607 / 100001 elapsed  1 system 0.80 temp 104.3 hbonds, Rg  43.6 A, potential   -23.90
 85907 / 100001 elapsed  0 system 0.80 temp 102.2 hbonds, Rg 106.7 A, potential   -34.64
 87007 / 100001 elapsed  2 system 0.80 temp 106.1 hbonds, Rg 132.6 A, potential   -44.52
 86307 / 100001 elapsed  3 system 0.80 temp 103.6 hbonds, Rg  88.5 A, potential   -52.32
 86707 / 100001 elapsed  1 system 0.80 temp 106.4 hbonds, Rg  43.0 A, potential   -28.53
 86007 / 100001 elapsed  0 system 0.80 temp 100.5 hbonds, Rg 107.4 A, potential   -55.71
 87107 / 100001 elapsed  2 system 0.80 temp 108.0 hbonds, Rg 133.6 A, potential   -30.63
 86407 / 100001 elapsed  3 system 0.80 temp 102.5 hbonds, Rg  86.8 A, potential   -80.48
 86807 / 100001 elapsed  1 system 0.80 temp 104.3 hbonds, Rg  43.2 A, potential   -42.92
 86107 / 100001 elapsed  0 system 0.80 temp 107.4 hbonds, Rg 105.4 A, potential   -70.82
 87207 / 100001 elapsed  2 system 0.80 temp 106.6 hbonds, Rg 133.3 A, potential   -37.47
 86507 / 100001 elapsed  3 system 0.80 temp 102.3 hbonds, Rg  88.9 A, potential   -48.27
 86907 / 100001 elapsed  1 system 0.80 temp 102.7 hbonds, Rg  44.1 A, potential   -29.95
 86207 / 100001 elapsed  0 system 0.80 temp 104.6 hbonds, Rg 103.5 A, potential   -32.91
 87307 / 100001 elapsed  2 system 0.80 temp 104.6 hbonds, Rg 135.0 A, potential   -30.72
 86607 / 100001 elapsed  3 system 0.80 temp 102.5 hbonds, Rg  90.0 A, potential   -31.97
 87007 / 100001 elapsed  1 system 0.80 temp 103.8 hbonds, Rg  41.8 A, potential   -18.43
 86307 / 100001 elapsed  0 system 0.80 temp 108.6 hbonds, Rg 103.7 A, potential   -40.02
 87407 / 100001 elapsed  2 system 0.80 temp 103.2 hbonds, Rg 136.4 A, potential   -23.57
 86707 / 100001 elapsed  3 system 0.80 temp 103.8 hbonds, Rg  90.2 A, potential   -18.76
 87107 / 100001 elapsed  1 system 0.80 temp 106.3 hbonds, Rg  40.7 A, potential   -44.76
 86407 / 100001 elapsed  0 system 0.80 temp 101.3 hbonds, Rg 104.5 A, potential   -32.24
 87507 / 100001 elapsed  2 system 0.80 temp 102.4 hbonds, Rg 137.1 A, potential   -27.71
 86807 / 100001 elapsed  3 system 0.80 temp 103.1 hbonds, Rg  90.3 A, potential   -34.89
 87207 / 100001 elapsed  1 system 0.80 temp 103.4 hbonds, Rg  41.1 A, potential   -21.12
 86507 / 100001 elapsed  0 system 0.80 temp 109.3 hbonds, Rg 104.0 A, potential   -46.99
 87607 / 100001 elapsed  2 system 0.80 temp  93.5 hbonds, Rg 138.3 A, potential   -29.42
 86907 / 100001 elapsed  3 system 0.80 temp  99.0 hbonds, Rg  88.1 A, potential   -34.06
 87307 / 100001 elapsed  1 system 0.80 temp 101.7 hbonds, Rg  40.0 A, potential   -66.75
 86607 / 100001 elapsed  0 system 0.80 temp 107.2 hbonds, Rg 105.0 A, potential   -30.47
 87707 / 100001 elapsed  2 system 0.80 temp 102.6 hbonds, Rg 139.7 A, potential   -22.66
 87007 / 100001 elapsed  3 system 0.80 temp 102.1 hbonds, Rg  89.2 A, potential   -45.67
 87407 / 100001 elapsed  1 system 0.80 temp 102.4 hbonds, Rg  39.9 A, potential   -10.45
 86707 / 100001 elapsed  0 system 0.80 temp 107.9 hbonds, Rg 103.3 A, potential   -63.58
 87807 / 100001 elapsed  2 system 0.80 temp 103.9 hbonds, Rg 139.4 A, potential   -38.92
 87107 / 100001 elapsed  3 system 0.80 temp 107.5 hbonds, Rg  90.8 A, potential   -68.42
 87507 / 100001 elapsed  1 system 0.80 temp 104.0 hbonds, Rg  39.5 A, potential   -59.16
 86807 / 100001 elapsed  0 system 0.80 temp 107.7 hbonds, Rg 104.8 A, potential   -54.38
 87907 / 100001 elapsed  2 system 0.80 temp 102.1 hbonds, Rg 139.9 A, potential   -51.30
 87207 / 100001 elapsed  3 system 0.80 temp  98.3 hbonds, Rg  90.7 A, potential   -48.42
 87607 / 100001 elapsed  1 system 0.80 temp 104.5 hbonds, Rg  42.3 A, potential   -15.04
 86907 / 100001 elapsed  0 system 0.80 temp 112.0 hbonds, Rg 104.5 A, potential   -28.98
 88007 / 100001 elapsed  2 system 0.80 temp 103.1 hbonds, Rg 139.3 A, potential   -66.16
 87307 / 100001 elapsed  3 system 0.80 temp 103.7 hbonds, Rg  90.2 A, potential   -53.77
 87707 / 100001 elapsed  1 system 0.80 temp 102.9 hbonds, Rg  44.3 A, potential   -45.40
 87007 / 100001 elapsed  0 system 0.80 temp 109.7 hbonds, Rg 106.1 A, potential   -42.55
 88107 / 100001 elapsed  2 system 0.80 temp 103.7 hbonds, Rg 140.6 A, potential   -32.84
 87407 / 100001 elapsed  3 system 0.80 temp 107.5 hbonds, Rg  89.5 A, potential   -41.17
 87807 / 100001 elapsed  1 system 0.80 temp 106.4 hbonds, Rg  43.5 A, potential   -51.72
 87107 / 100001 elapsed  0 system 0.80 temp 114.1 hbonds, Rg 108.0 A, potential   -34.99
 88207 / 100001 elapsed  2 system 0.80 temp  99.7 hbonds, Rg 142.0 A, potential   -47.42
 87507 / 100001 elapsed  3 system 0.80 temp  99.5 hbonds, Rg  90.7 A, potential   -14.46
 87907 / 100001 elapsed  1 system 0.80 temp 104.3 hbonds, Rg  43.2 A, potential   -90.84
 87207 / 100001 elapsed  0 system 0.80 temp 106.4 hbonds, Rg 105.9 A, potential   -34.04
 88307 / 100001 elapsed  2 system 0.80 temp 101.1 hbonds, Rg 144.1 A, potential   -58.55
 87607 / 100001 elapsed  3 system 0.80 temp 110.9 hbonds, Rg  90.5 A, potential   -37.92
 88007 / 100001 elapsed  1 system 0.80 temp 101.3 hbonds, Rg  43.3 A, potential   -49.63
 88407 / 100001 elapsed  2 system 0.80 temp 103.2 hbonds, Rg 142.7 A, potential   -42.98
 87307 / 100001 elapsed  0 system 0.80 temp 104.0 hbonds, Rg 105.9 A, potential   -30.45
 87707 / 100001 elapsed  3 system 0.80 temp 109.1 hbonds, Rg  89.8 A, potential   -31.75
 88107 / 100001 elapsed  1 system 0.80 temp 101.4 hbonds, Rg  43.0 A, potential   -35.59
 88507 / 100001 elapsed  2 system 0.80 temp 100.8 hbonds, Rg 141.4 A, potential   -33.19
 87407 / 100001 elapsed  0 system 0.80 temp 112.8 hbonds, Rg 105.9 A, potential   -48.45
 87807 / 100001 elapsed  3 system 0.80 temp 107.7 hbonds, Rg  88.5 A, potential   -34.34
 88207 / 100001 elapsed  1 system 0.80 temp 105.6 hbonds, Rg  39.8 A, potential   -56.09
 88607 / 100001 elapsed  2 system 0.80 temp  99.6 hbonds, Rg 143.2 A, potential   -23.37
 87507 / 100001 elapsed  0 system 0.80 temp 109.9 hbonds, Rg 105.9 A, potential   -20.28
 87907 / 100001 elapsed  3 system 0.80 temp 116.3 hbonds, Rg  88.0 A, potential   -70.51
 88307 / 100001 elapsed  1 system 0.80 temp 108.7 hbonds, Rg  39.3 A, potential   -83.46
 88707 / 100001 elapsed  2 system 0.80 temp 101.7 hbonds, Rg 142.3 A, potential   -24.19
 87607 / 100001 elapsed  0 system 0.80 temp 108.2 hbonds, Rg 108.6 A, potential   -32.67
 88007 / 100001 elapsed  3 system 0.80 temp 103.0 hbonds, Rg  88.6 A, potential   -15.38
 88407 / 100001 elapsed  1 system 0.80 temp 108.4 hbonds, Rg  40.5 A, potential   -28.60
 88807 / 100001 elapsed  2 system 0.80 temp 100.5 hbonds, Rg 142.5 A, potential   -33.50
 87707 / 100001 elapsed  0 system 0.80 temp 104.2 hbonds, Rg 110.2 A, potential   -12.62
 88107 / 100001 elapsed  3 system 0.80 temp 100.1 hbonds, Rg  89.4 A, potential     5.44
 88507 / 100001 elapsed  1 system 0.80 temp 106.1 hbonds, Rg  41.8 A, potential   -47.53
 88907 / 100001 elapsed  2 system 0.80 temp  97.9 hbonds, Rg 141.7 A, potential   -30.66
 87807 / 100001 elapsed  0 system 0.80 temp 111.1 hbonds, Rg 109.2 A, potential   -42.81
 88207 / 100001 elapsed  3 system 0.80 temp 103.2 hbonds, Rg  89.6 A, potential   -22.05
 88607 / 100001 elapsed  1 system 0.80 temp  99.3 hbonds, Rg  42.9 A, potential   -11.16
 89007 / 100001 elapsed  2 system 0.80 temp 107.6 hbonds, Rg 142.4 A, potential   -60.46
 87907 / 100001 elapsed  0 system 0.80 temp 106.4 hbonds, Rg 110.1 A, potential   -43.02
 88307 / 100001 elapsed  3 system 0.80 temp 101.8 hbonds, Rg  88.6 A, potential   -45.81
 88707 / 100001 elapsed  1 system 0.80 temp 107.1 hbonds, Rg  43.9 A, potential   -39.66
 89107 / 100001 elapsed  2 system 0.80 temp 104.6 hbonds, Rg 140.5 A, potential   -61.84
 88007 / 100001 elapsed  0 system 0.80 temp 107.5 hbonds, Rg 107.9 A, potential   -84.57
 88407 / 100001 elapsed  3 system 0.80 temp 102.0 hbonds, Rg  89.3 A, potential   -12.95
 88807 / 100001 elapsed  1 system 0.80 temp  99.3 hbonds, Rg  42.4 A, potential   -26.09
 89207 / 100001 elapsed  2 system 0.80 temp  98.1 hbonds, Rg 140.6 A, potential   -50.36
 88107 / 100001 elapsed  0 system 0.80 temp 105.9 hbonds, Rg 106.1 A, potential   -40.76
 88507 / 100001 elapsed  3 system 0.80 temp  96.6 hbonds, Rg  90.2 A, potential     5.58
 88907 / 100001 elapsed  1 system 0.80 temp  98.6 hbonds, Rg  42.0 A, potential     9.27
 89307 / 100001 elapsed  2 system 0.80 temp  97.9 hbonds, Rg 139.2 A, potential   -34.42
 88207 / 100001 elapsed  0 system 0.80 temp 104.7 hbonds, Rg 104.6 A, potential   -46.18
 88607 / 100001 elapsed  3 system 0.80 temp 100.0 hbonds, Rg  92.0 A, potential   -21.80
 89007 / 100001 elapsed  1 system 0.80 temp 101.2 hbonds, Rg  40.0 A, potential   -44.07
 89407 / 100001 elapsed  2 system 0.80 temp 102.1 hbonds, Rg 137.3 A, potential   -33.46
 88307 / 100001 elapsed  0 system 0.80 temp 112.5 hbonds, Rg 105.6 A, potential   -44.10
 88707 / 100001 elapsed  3 system 0.80 temp 102.7 hbonds, Rg  92.9 A, potential   -22.09
 89107 / 100001 elapsed  1 system 0.80 temp 104.7 hbonds, Rg  40.8 A, potential   -37.34
 89507 / 100001 elapsed  2 system 0.80 temp 104.6 hbonds, Rg 139.1 A, potential   -73.45
 88407 / 100001 elapsed  0 system 0.80 temp 106.4 hbonds, Rg 104.6 A, potential   -71.74
 88807 / 100001 elapsed  3 system 0.80 temp 104.5 hbonds, Rg  94.4 A, potential   -22.46
 89207 / 100001 elapsed  1 system 0.80 temp 105.4 hbonds, Rg  40.9 A, potential   -37.09
 89607 / 100001 elapsed  2 system 0.80 temp 101.9 hbonds, Rg 140.2 A, potential   -27.72
 88507 / 100001 elapsed  0 system 0.80 temp 111.7 hbonds, Rg 104.6 A, potential   -74.18
 88907 / 100001 elapsed  3 system 0.80 temp 103.3 hbonds, Rg  91.1 A, potential   -31.65
 89307 / 100001 elapsed  1 system 0.80 temp 100.1 hbonds, Rg  41.4 A, potential   -49.99
 89707 / 100001 elapsed  2 system 0.80 temp 101.2 hbonds, Rg 140.1 A, potential   -78.18
 88607 / 100001 elapsed  0 system 0.80 temp 107.7 hbonds, Rg 104.9 A, potential   -72.00
 89007 / 100001 elapsed  3 system 0.80 temp  99.9 hbonds, Rg  92.6 A, potential   -36.92
 89807 / 100001 elapsed  2 system 0.80 temp 103.9 hbonds, Rg 143.5 A, potential   -37.30
 89407 / 100001 elapsed  1 system 0.80 temp 103.4 hbonds, Rg  41.2 A, potential   -41.32
 88707 / 100001 elapsed  0 system 0.80 temp 110.5 hbonds, Rg 105.5 A, potential   -43.48
 89107 / 100001 elapsed  3 system 0.80 temp 105.9 hbonds, Rg  93.0 A, potential   -43.59
 89507 / 100001 elapsed  1 system 0.80 temp 102.5 hbonds, Rg  42.0 A, potential   -37.94
 89907 / 100001 elapsed  2 system 0.80 temp 102.9 hbonds, Rg 143.4 A, potential   -54.95
 88807 / 100001 elapsed  0 system 0.80 temp 106.4 hbonds, Rg 105.2 A, potential   -44.06
 89207 / 100001 elapsed  3 system 0.80 temp 106.1 hbonds, Rg  91.9 A, potential   -33.92
 89607 / 100001 elapsed  1 system 0.80 temp 101.3 hbonds, Rg  41.0 A, potential   -29.91
 90007 / 100001 elapsed  2 system 0.80 temp 101.5 hbonds, Rg 142.7 A, potential   -28.38
 88907 / 100001 elapsed  0 system 0.80 temp  99.0 hbonds, Rg 104.5 A, potential   -33.98
 89307 / 100001 elapsed  3 system 0.80 temp 102.1 hbonds, Rg  92.8 A, potential   -75.40
 89707 / 100001 elapsed  1 system 0.80 temp 109.5 hbonds, Rg  41.8 A, potential   -32.29
 90107 / 100001 elapsed  2 system 0.80 temp 103.0 hbonds, Rg 143.1 A, potential   -32.89
 89007 / 100001 elapsed  0 system 0.80 temp 107.4 hbonds, Rg 105.0 A, potential   -35.61
 89407 / 100001 elapsed  3 system 0.80 temp 105.5 hbonds, Rg  93.8 A, potential   -32.49
 90207 / 100001 elapsed  2 system 0.80 temp  99.7 hbonds, Rg 145.1 A, potential   -47.08
 89807 / 100001 elapsed  1 system 0.80 temp 104.6 hbonds, Rg  41.8 A, potential   -64.53
 89107 / 100001 elapsed  0 system 0.80 temp 106.3 hbonds, Rg 104.9 A, potential   -40.77
 89507 / 100001 elapsed  3 system 0.80 temp 103.1 hbonds, Rg  91.8 A, potential   -54.08
 90307 / 100001 elapsed  2 system 0.80 temp 103.8 hbonds, Rg 146.8 A, potential   -20.86
 89907 / 100001 elapsed  1 system 0.80 temp 102.0 hbonds, Rg  42.2 A, potential     1.88
 89207 / 100001 elapsed  0 system 0.80 temp 108.2 hbonds, Rg 105.3 A, potential   -34.53
 89607 / 100001 elapsed  3 system 0.80 temp 101.1 hbonds, Rg  90.8 A, potential   -13.85
 90407 / 100001 elapsed  2 system 0.80 temp 103.7 hbonds, Rg 146.5 A, potential    16.48
 90007 / 100001 elapsed  1 system 0.80 temp 106.1 hbonds, Rg  45.0 A, potential   -18.18
 89307 / 100001 elapsed  0 system 0.80 temp 109.8 hbonds, Rg 106.2 A, potential   -27.15
 89707 / 100001 elapsed  3 system 0.80 temp 106.6 hbonds, Rg  93.4 A, potential   -66.81
 90507 / 100001 elapsed  2 system 0.80 temp 102.0 hbonds, Rg 147.3 A, potential   -15.32
 90107 / 100001 elapsed  1 system 0.80 temp 102.0 hbonds, Rg  44.8 A, potential    -9.39
 89407 / 100001 elapsed  0 system 0.80 temp 105.5 hbonds, Rg 103.9 A, potential   -43.01
 89807 / 100001 elapsed  3 system 0.80 temp 106.4 hbonds, Rg  91.7 A, potential   -50.84
 90607 / 100001 elapsed  2 system 0.80 temp 109.2 hbonds, Rg 148.3 A, potential   -12.53
 90207 / 100001 elapsed  1 system 0.80 temp 103.7 hbonds, Rg  44.1 A, potential   -52.58
 89507 / 100001 elapsed  0 system 0.80 temp 104.5 hbonds, Rg 105.2 A, potential    -9.87
 89907 / 100001 elapsed  3 system 0.80 temp  97.3 hbonds, Rg  89.2 A, potential   -39.27
 90707 / 100001 elapsed  2 system 0.80 temp 114.0 hbonds, Rg 150.1 A, potential   -32.80
 90307 / 100001 elapsed  1 system 0.80 temp 103.6 hbonds, Rg  43.2 A, potential   -32.46
 89607 / 100001 elapsed  0 system 0.80 temp 104.1 hbonds, Rg 104.7 A, potential   -78.25
 90007 / 100001 elapsed  3 system 0.80 temp 102.7 hbonds, Rg  88.5 A, potential   -65.08
 90407 / 100001 elapsed  1 system 0.80 temp 101.2 hbonds, Rg  43.2 A, potential   -22.82
 90807 / 100001 elapsed  2 system 0.80 temp 106.4 hbonds, Rg 149.0 A, potential   -69.35
 89707 / 100001 elapsed  0 system 0.80 temp 106.5 hbonds, Rg 105.1 A, potential   -69.15
 90107 / 100001 elapsed  3 system 0.80 temp 106.5 hbonds, Rg  87.8 A, potential   -38.64
 90507 / 100001 elapsed  1 system 0.80 temp 104.7 hbonds, Rg  43.9 A, potential   -47.71
 90907 / 100001 elapsed  2 system 0.80 temp 103.8 hbonds, Rg 149.6 A, potential   -36.28
 89807 / 100001 elapsed  0 system 0.80 temp 107.4 hbonds, Rg 101.2 A, potential   -76.49
 90207 / 100001 elapsed  3 system 0.80 temp 110.5 hbonds, Rg  86.6 A, potential   -55.69
 90607 / 100001 elapsed  1 system 0.80 temp 100.4 hbonds, Rg  43.2 A, potential   -27.78
 91007 / 100001 elapsed  2 system 0.80 temp 101.1 hbonds, Rg 148.9 A, potential    -9.76
 89907 / 100001 elapsed  0 system 0.80 temp 107.5 hbonds, Rg 101.2 A, potential   -13.19
 90307 / 100001 elapsed  3 system 0.80 temp  99.8 hbonds, Rg  88.7 A, potential   -52.04
 90707 / 100001 elapsed  1 system 0.80 temp 105.5 hbonds, Rg  44.2 A, potential   -51.63
 91107 / 100001 elapsed  2 system 0.80 temp 109.8 hbonds, Rg 148.8 A, potential   -41.55
 90007 / 100001 elapsed  0 system 0.80 temp 104.1 hbonds, Rg 101.3 A, potential   -40.67
 90407 / 100001 elapsed  3 system 0.80 temp 103.2 hbonds, Rg  88.3 A, potential   -34.51
 90807 / 100001 elapsed  1 system 0.80 temp 107.5 hbonds, Rg  43.8 A, potential   -58.87
 91207 / 100001 elapsed  2 system 0.80 temp 102.1 hbonds, Rg 147.0 A, potential   -32.49
 90107 / 100001 elapsed  0 system 0.80 temp 109.7 hbonds, Rg 100.9 A, potential   -55.48
 90507 / 100001 elapsed  3 system 0.80 temp 105.3 hbonds, Rg  87.6 A, potential   -63.29
 90907 / 100001 elapsed  1 system 0.80 temp 104.1 hbonds, Rg  44.9 A, potential   -19.82
 91307 / 100001 elapsed  2 system 0.80 temp 106.5 hbonds, Rg 148.8 A, potential   -78.40
 90207 / 100001 elapsed  0 system 0.80 temp 107.6 hbonds, Rg 100.8 A, potential   -73.21
 90607 / 100001 elapsed  3 system 0.80 temp 102.7 hbonds, Rg  91.6 A, potential   -30.46
 91007 / 100001 elapsed  1 system 0.80 temp 106.0 hbonds, Rg  45.1 A, potential   -72.35
 91407 / 100001 elapsed  2 system 0.80 temp 104.2 hbonds, Rg 148.5 A, potential   -29.64
 90307 / 100001 elapsed  0 system 0.80 temp 107.2 hbonds, Rg  99.4 A, potential   -60.63
 90707 / 100001 elapsed  3 system 0.80 temp 103.3 hbonds, Rg  91.5 A, potential    18.16
 91107 / 100001 elapsed  1 system 0.80 temp 105.3 hbonds, Rg  43.6 A, potential   -40.56
 91507 / 100001 elapsed  2 system 0.80 temp 105.1 hbonds, Rg 147.8 A, potential   -31.97
 90407 / 100001 elapsed  0 system 0.80 temp 109.9 hbonds, Rg 100.9 A, potential   -46.68
 90807 / 100001 elapsed  3 system 0.80 temp 104.6 hbonds, Rg  90.6 A, potential   -50.22
 91207 / 100001 elapsed  1 system 0.80 temp 102.1 hbonds, Rg  42.6 A, potential    11.49
 91607 / 100001 elapsed  2 system 0.80 temp 105.2 hbonds, Rg 146.9 A, potential   -32.44
 90507 / 100001 elapsed  0 system 0.80 temp 109.6 hbonds, Rg 102.6 A, potential   -49.90
 90907 / 100001 elapsed  3 system 0.80 temp 100.9 hbonds, Rg  90.8 A, potential   -22.79
 91307 / 100001 elapsed  1 system 0.80 temp 103.1 hbonds, Rg  42.5 A, potential   -70.72
 91707 / 100001 elapsed  2 system 0.80 temp 101.6 hbonds, Rg 146.4 A, potential   -70.54
 90607 / 100001 elapsed  0 system 0.80 temp 109.4 hbonds, Rg 101.8 A, potential   -48.07
 91007 / 100001 elapsed  3 system 0.80 temp 101.7 hbonds, Rg  89.0 A, potential   -22.25
 91407 / 100001 elapsed  1 system 0.80 temp 106.2 hbonds, Rg  40.8 A, potential   -37.53
 91807 / 100001 elapsed  2 system 0.80 temp 101.3 hbonds, Rg 144.5 A, potential   -38.09
 90707 / 100001 elapsed  0 system 0.80 temp 106.5 hbonds, Rg  99.7 A, potential   -52.42
 91107 / 100001 elapsed  3 system 0.80 temp  99.6 hbonds, Rg  89.3 A, potential    -2.11
 91907 / 100001 elapsed  2 system 0.80 temp 100.9 hbonds, Rg 144.3 A, potential   -52.32
 91507 / 100001 elapsed  1 system 0.80 temp  99.0 hbonds, Rg  41.2 A, potential   -57.23
 90807 / 100001 elapsed  0 system 0.80 temp 103.6 hbonds, Rg 100.4 A, potential   -26.58
 91207 / 100001 elapsed  3 system 0.80 temp  95.9 hbonds, Rg  91.1 A, potential   -32.98
 91607 / 100001 elapsed  1 system 0.80 temp 108.4 hbonds, Rg  42.3 A, potential   -69.87
 92007 / 100001 elapsed  2 system 0.80 temp 100.4 hbonds, Rg 145.2 A, potential   -45.77
 90907 / 100001 elapsed  0 system 0.80 temp 109.1 hbonds, Rg  99.9 A, potential   -24.51
 91307 / 100001 elapsed  3 system 0.80 temp  98.5 hbonds, Rg  92.2 A, potential   -28.44
 91707 / 100001 elapsed  1 system 0.80 temp 101.4 hbonds, Rg  42.6 A, potential   -28.35
 92107 / 100001 elapsed  2 system 0.80 temp 102.3 hbonds, Rg 145.1 A, potential     2.46
 91007 / 100001 elapsed  0 system 0.80 temp 106.8 hbonds, Rg 101.4 A, potential   -43.64
 91407 / 100001 elapsed  3 system 0.80 temp  98.9 hbonds, Rg  91.3 A, potential    -5.73
 91807 / 100001 elapsed  1 system 0.80 temp 101.1 hbonds, Rg  41.6 A, potential   -35.62
 92207 / 100001 elapsed  2 system 0.80 temp 109.9 hbonds, Rg 147.8 A, potential   -26.62
 91107 / 100001 elapsed  0 system 0.80 temp 105.4 hbonds, Rg 104.0 A, potential   -65.77
 91507 / 100001 elapsed  3 system 0.80 temp 100.7 hbonds, Rg  92.1 A, potential   -44.24
 91907 / 100001 elapsed  1 system 0.80 temp 103.8 hbonds, Rg  41.6 A, potential   -35.57
 92307 / 100001 elapsed  2 system 0.80 temp 104.1 hbonds, Rg 148.2 A, potential   -35.36
 91207 / 100001 elapsed  0 system 0.80 temp 109.5 hbonds, Rg 104.1 A, potential   -54.63
 91607 / 100001 elapsed  3 system 0.80 temp  97.8 hbonds, Rg  91.7 A, potential    -5.39
 92007 / 100001 elapsed  1 system 0.80 temp 105.3 hbonds, Rg  39.9 A, potential   -72.44
 92407 / 100001 elapsed  2 system 0.80 temp 104.1 hbonds, Rg 149.6 A, potential   -51.21
 91307 / 100001 elapsed  0 system 0.80 temp 108.6 hbonds, Rg 103.9 A, potential   -34.86
 91707 / 100001 elapsed  3 system 0.80 temp  99.1 hbonds, Rg  91.7 A, potential   -31.25
 92107 / 100001 elapsed  1 system 0.80 temp 104.0 hbonds, Rg  39.6 A, potential   -36.68
 92507 / 100001 elapsed  2 system 0.80 temp 101.4 hbonds, Rg 148.8 A, potential   -61.46
 91407 / 100001 elapsed  0 system 0.80 temp 101.0 hbonds, Rg 102.9 A, potential     2.55
 91807 / 100001 elapsed  3 system 0.80 temp 103.1 hbonds, Rg  91.2 A, potential   -17.36
 92207 / 100001 elapsed  1 system 0.80 temp 100.6 hbonds, Rg  39.0 A, potential   -22.81
 92607 / 100001 elapsed  2 system 0.80 temp 107.6 hbonds, Rg 144.3 A, potential   -65.37
 91507 / 100001 elapsed  0 system 0.80 temp 105.7 hbonds, Rg 103.2 A, potential   -51.08
 91907 / 100001 elapsed  3 system 0.80 temp 104.0 hbonds, Rg  92.5 A, potential   -39.46
 92307 / 100001 elapsed  1 system 0.80 temp 101.3 hbonds, Rg  38.1 A, potential   -44.88
 92707 / 100001 elapsed  2 system 0.80 temp 100.9 hbonds, Rg 142.0 A, potential   -25.68
 92007 / 100001 elapsed  3 system 0.80 temp  97.5 hbonds, Rg  89.3 A, potential   -34.91
 91607 / 100001 elapsed  0 system 0.80 temp 106.5 hbonds, Rg 103.0 A, potential   -40.14
 92407 / 100001 elapsed  1 system 0.80 temp 102.9 hbonds, Rg  38.5 A, potential   -33.04
 92807 / 100001 elapsed  2 system 0.80 temp 103.4 hbonds, Rg 142.4 A, potential   -26.31
 92107 / 100001 elapsed  3 system 0.80 temp  97.8 hbonds, Rg  92.3 A, potential   -69.64
 91707 / 100001 elapsed  0 system 0.80 temp 105.7 hbonds, Rg 103.5 A, potential   -53.76
 92507 / 100001 elapsed  1 system 0.80 temp 105.7 hbonds, Rg  39.4 A, potential    -8.45
 92907 / 100001 elapsed  2 system 0.80 temp 104.4 hbonds, Rg 144.0 A, potential   -45.46
 91807 / 100001 elapsed  0 system 0.80 temp 108.8 hbonds, Rg 104.5 A, potential   -46.25
 92207 / 100001 elapsed  3 system 0.80 temp 102.7 hbonds, Rg  92.6 A, potential   -62.74
 92607 / 100001 elapsed  1 system 0.80 temp 101.2 hbonds, Rg  39.3 A, potential   -59.24
 93007 / 100001 elapsed  2 system 0.80 temp  98.8 hbonds, Rg 142.8 A, potential   -55.57
 91907 / 100001 elapsed  0 system 0.80 temp 108.1 hbonds, Rg 104.5 A, potential   -51.86
 92307 / 100001 elapsed  3 system 0.80 temp  99.9 hbonds, Rg  91.4 A, potential   -41.19
 92707 / 100001 elapsed  1 system 0.80 temp 106.0 hbonds, Rg  37.9 A, potential   -87.16
 93107 / 100001 elapsed  2 system 0.80 temp 103.1 hbonds, Rg 142.2 A, potential   -39.05
 92407 / 100001 elapsed  3 system 0.80 temp 102.6 hbonds, Rg  88.6 A, potential   -68.92
 92007 / 100001 elapsed  0 system 0.80 temp  99.4 hbonds, Rg 103.4 A, potential     9.85
 92807 / 100001 elapsed  1 system 0.80 temp 103.1 hbonds, Rg  38.1 A, potential   -23.98
 93207 / 100001 elapsed  2 system 0.80 temp  96.1 hbonds, Rg 140.3 A, potential   -15.01
 92507 / 100001 elapsed  3 system 0.80 temp  98.9 hbonds, Rg  87.2 A, potential   -17.56
 92107 / 100001 elapsed  0 system 0.80 temp 101.0 hbonds, Rg 104.2 A, potential   -36.37
 92907 / 100001 elapsed  1 system 0.80 temp 107.2 hbonds, Rg  35.2 A, potential   -55.21
 93307 / 100001 elapsed  2 system 0.80 temp 103.1 hbonds, Rg 141.5 A, potential   -31.89
 92607 / 100001 elapsed  3 system 0.80 temp 106.0 hbonds, Rg  88.6 A, potential    -8.41
 92207 / 100001 elapsed  0 system 0.80 temp 103.8 hbonds, Rg 103.9 A, potential   -39.43
 93407 / 100001 elapsed  2 system 0.80 temp 101.6 hbonds, Rg 140.1 A, potential   -39.49
 93007 / 100001 elapsed  1 system 0.80 temp 101.3 hbonds, Rg  36.0 A, potential   -53.46
 92707 / 100001 elapsed  3 system 0.80 temp 105.2 hbonds, Rg  88.4 A, potential   -55.65
 92307 / 100001 elapsed  0 system 0.80 temp 109.0 hbonds, Rg 105.3 A, potential   -28.98
 93507 / 100001 elapsed  2 system 0.80 temp 105.1 hbonds, Rg 143.4 A, potential    -6.42
 93107 / 100001 elapsed  1 system 0.80 temp  98.2 hbonds, Rg  35.4 A, potential   -27.77
 92807 / 100001 elapsed  3 system 0.80 temp 101.9 hbonds, Rg  85.5 A, potential   -27.35
 92407 / 100001 elapsed  0 system 0.80 temp 108.4 hbonds, Rg 105.0 A, potential   -47.40
 93607 / 100001 elapsed  2 system 0.80 temp 101.2 hbonds, Rg 144.5 A, potential   -28.39
 93207 / 100001 elapsed  1 system 0.80 temp 105.0 hbonds, Rg  38.0 A, potential   -51.80
 92907 / 100001 elapsed  3 system 0.80 temp 102.3 hbonds, Rg  86.9 A, potential   -58.70
 92507 / 100001 elapsed  0 system 0.80 temp 102.4 hbonds, Rg 105.5 A, potential   -43.69
 93707 / 100001 elapsed  2 system 0.80 temp 104.0 hbonds, Rg 145.8 A, potential   -51.95
 93307 / 100001 elapsed  1 system 0.80 temp 100.0 hbonds, Rg  38.4 A, potential    -7.31
 93007 / 100001 elapsed  3 system 0.80 temp 106.0 hbonds, Rg  86.6 A, potential   -65.64
 92607 / 100001 elapsed  0 system 0.80 temp 110.1 hbonds, Rg 106.1 A, potential   -47.61
 93807 / 100001 elapsed  2 system 0.80 temp 100.0 hbonds, Rg 145.9 A, potential   -38.11
 93407 / 100001 elapsed  1 system 0.80 temp 103.9 hbonds, Rg  37.3 A, potential   -33.32
 93107 / 100001 elapsed  3 system 0.80 temp 103.6 hbonds, Rg  85.1 A, potential   -13.08
 92707 / 100001 elapsed  0 system 0.80 temp 115.0 hbonds, Rg 106.0 A, potential   -54.11
 93908 / 100001 elapsed  2 system 0.80 temp 104.2 hbonds, Rg 144.7 A, potential   -41.77
 93507 / 100001 elapsed  1 system 0.80 temp 104.7 hbonds, Rg  38.3 A, potential   -27.55
 93207 / 100001 elapsed  3 system 0.80 temp 104.6 hbonds, Rg  84.8 A, potential   -45.81
 92807 / 100001 elapsed  0 system 0.80 temp 106.1 hbonds, Rg 106.1 A, potential   -39.41
 94008 / 100001 elapsed  2 system 0.80 temp 100.7 hbonds, Rg 141.3 A, potential   -22.73
 93307 / 100001 elapsed  3 system 0.80 temp 102.0 hbonds, Rg  84.5 A, potential   -27.93
 93607 / 100001 elapsed  1 system 0.80 temp 101.1 hbonds, Rg  37.1 A, potential    -4.16
 92907 / 100001 elapsed  0 system 0.80 temp 108.5 hbonds, Rg 106.9 A, potential   -31.00
 94108 / 100001 elapsed  2 system 0.80 temp 103.1 hbonds, Rg 140.8 A, potential   -35.81
 93407 / 100001 elapsed  3 system 0.80 temp  99.9 hbonds, Rg  85.6 A, potential   -42.77
 93707 / 100001 elapsed  1 system 0.80 temp 103.0 hbonds, Rg  37.9 A, potential   -27.61
 93007 / 100001 elapsed  0 system 0.80 temp 106.1 hbonds, Rg 107.3 A, potential   -73.93
 94208 / 100001 elapsed  2 system 0.80 temp 103.3 hbonds, Rg 139.5 A, potential   -33.58
 93507 / 100001 elapsed  3 system 0.80 temp 100.2 hbonds, Rg  85.7 A, potential   -54.60
 93807 / 100001 elapsed  1 system 0.80 temp 102.5 hbonds, Rg  37.5 A, potential   -73.25
 93107 / 100001 elapsed  0 system 0.80 temp 101.0 hbonds, Rg 106.7 A, potential   -50.75
 94308 / 100001 elapsed  2 system 0.80 temp 106.1 hbonds, Rg 139.7 A, potential   -41.17
 93607 / 100001 elapsed  3 system 0.80 temp 100.4 hbonds, Rg  85.2 A, potential   -21.98
 93207 / 100001 elapsed  0 system 0.80 temp 109.3 hbonds, Rg 105.8 A, potential   -57.06
 93908 / 100001 elapsed  1 system 0.80 temp 100.6 hbonds, Rg  38.7 A, potential    -3.13
 94408 / 100001 elapsed  2 system 0.80 temp 103.0 hbonds, Rg 139.0 A, potential   -48.91
 93707 / 100001 elapsed  3 system 0.80 temp 100.2 hbonds, Rg  82.9 A, potential   -55.17
 93307 / 100001 elapsed  0 system 0.80 temp 108.8 hbonds, Rg 106.0 A, potential   -57.31
 94008 / 100001 elapsed  1 system 0.80 temp 105.0 hbonds, Rg  35.5 A, potential   -48.00
 94508 / 100001 elapsed  2 system 0.80 temp 108.1 hbonds, Rg 139.0 A, potential   -57.05
 93807 / 100001 elapsed  3 system 0.80 temp  98.8 hbonds, Rg  83.0 A, potential   -65.48
 93407 / 100001 elapsed  0 system 0.80 temp 104.6 hbonds, Rg 107.6 A, potential   -36.04
 94108 / 100001 elapsed  1 system 0.80 temp 107.2 hbonds, Rg  35.9 A, potential   -79.59
 94608 / 100001 elapsed  2 system 0.80 temp 107.8 hbonds, Rg 140.7 A, potential   -57.67
 93908 / 100001 elapsed  3 system 0.80 temp 100.3 hbonds, Rg  85.3 A, potential   -60.12
 93507 / 100001 elapsed  0 system 0.80 temp 108.0 hbonds, Rg 107.8 A, potential   -37.18
 94208 / 100001 elapsed  1 system 0.80 temp 104.8 hbonds, Rg  35.7 A, potential   -37.30
 94708 / 100001 elapsed  2 system 0.80 temp  98.6 hbonds, Rg 138.4 A, potential   -18.79
 94008 / 100001 elapsed  3 system 0.80 temp 103.0 hbonds, Rg  84.0 A, potential   -37.47
 93607 / 100001 elapsed  0 system 0.80 temp  99.6 hbonds, Rg 107.2 A, potential    -1.05
 94308 / 100001 elapsed  1 system 0.80 temp 108.0 hbonds, Rg  36.8 A, potential   -37.99
 94808 / 100001 elapsed  2 system 0.80 temp 106.5 hbonds, Rg 135.4 A, potential   -57.18
 94108 / 100001 elapsed  3 system 0.80 temp  96.6 hbonds, Rg  86.5 A, potential   -36.18
 93707 / 100001 elapsed  0 system 0.80 temp 110.2 hbonds, Rg 106.8 A, potential   -65.07
 94408 / 100001 elapsed  1 system 0.80 temp 105.4 hbonds, Rg  37.4 A, potential   -61.17
 94908 / 100001 elapsed  2 system 0.80 temp 102.6 hbonds, Rg 135.9 A, potential   -59.77
 94208 / 100001 elapsed  3 system 0.80 temp 100.8 hbonds, Rg  86.6 A, potential   -65.89
 93807 / 100001 elapsed  0 system 0.80 temp 107.4 hbonds, Rg 108.3 A, potential   -63.59
 94508 / 100001 elapsed  1 system 0.80 temp 103.1 hbonds, Rg  37.7 A, potential   -26.30
 95008 / 100001 elapsed  2 system 0.80 temp  94.6 hbonds, Rg 132.9 A, potential     3.44
 94308 / 100001 elapsed  3 system 0.80 temp 105.6 hbonds, Rg  87.8 A, potential   -53.44
 93908 / 100001 elapsed  0 system 0.80 temp 102.8 hbonds, Rg 107.9 A, potential   -23.24
 95108 / 100001 elapsed  2 system 0.80 temp  99.4 hbonds, Rg 133.4 A, potential    -9.31
 94608 / 100001 elapsed  1 system 0.80 temp 107.0 hbonds, Rg  37.7 A, potential   -79.94
 94408 / 100001 elapsed  3 system 0.80 temp 102.4 hbonds, Rg  88.2 A, potential    -8.98
 94008 / 100001 elapsed  0 system 0.80 temp 104.4 hbonds, Rg 105.9 A, potential   -22.18
 95208 / 100001 elapsed  2 system 0.80 temp 101.2 hbonds, Rg 132.7 A, potential   -16.26
 94508 / 100001 elapsed  3 system 0.80 temp  98.5 hbonds, Rg  90.8 A, potential   -28.96
 94708 / 100001 elapsed  1 system 0.80 temp 101.4 hbonds, Rg  40.2 A, potential   -68.71
 94108 / 100001 elapsed  0 system 0.80 temp 107.0 hbonds, Rg 104.0 A, potential   -69.76
 95308 / 100001 elapsed  2 system 0.80 temp 100.3 hbonds, Rg 134.9 A, potential   -43.10
 94608 / 100001 elapsed  3 system 0.80 temp  99.7 hbonds, Rg  88.8 A, potential   -17.60
 94808 / 100001 elapsed  1 system 0.80 temp 101.7 hbonds, Rg  41.1 A, potential   -67.06
 94208 / 100001 elapsed  0 system 0.80 temp 109.9 hbonds, Rg 105.9 A, potential   -77.79
 95408 / 100001 elapsed  2 system 0.80 temp 100.8 hbonds, Rg 136.6 A, potential   -26.25
 94708 / 100001 elapsed  3 system 0.80 temp 101.1 hbonds, Rg  89.1 A, potential   -63.38
 94908 / 100001 elapsed  1 system 0.80 temp  99.0 hbonds, Rg  43.1 A, potential   -48.45
 94308 / 100001 elapsed  0 system 0.80 temp 110.3 hbonds, Rg 105.9 A, potential   -28.41
 95508 / 100001 elapsed  2 system 0.80 temp  99.7 hbonds, Rg 137.4 A, potential   -20.87
 94808 / 100001 elapsed  3 system 0.80 temp 102.1 hbonds, Rg  90.6 A, potential   -21.27
 94408 / 100001 elapsed  0 system 0.80 temp 107.9 hbonds, Rg 107.5 A, potential   -47.05
 95008 / 100001 elapsed  1 system 0.80 temp 107.6 hbonds, Rg  40.3 A, potential   -53.73
 95608 / 100001 elapsed  2 system 0.80 temp 100.7 hbonds, Rg 137.7 A, potential   -29.13
 94908 / 100001 elapsed  3 system 0.80 temp 103.7 hbonds, Rg  88.3 A, potential   -18.16
 94508 / 100001 elapsed  0 system 0.80 temp 103.6 hbonds, Rg 107.4 A, potential   -66.00
 95108 / 100001 elapsed  1 system 0.80 temp 106.8 hbonds, Rg  36.8 A, potential   -55.94
 95708 / 100001 elapsed  2 system 0.80 temp  99.0 hbonds, Rg 141.1 A, potential    -9.27
 95008 / 100001 elapsed  3 system 0.80 temp 106.5 hbonds, Rg  87.5 A, potential   -67.12
 94608 / 100001 elapsed  0 system 0.80 temp 105.3 hbonds, Rg 107.2 A, potential   -49.43
 95208 / 100001 elapsed  1 system 0.80 temp  97.8 hbonds, Rg  34.9 A, potential   -47.18
 95808 / 100001 elapsed  2 system 0.80 temp 109.4 hbonds, Rg 141.6 A, potential   -42.55
 95108 / 100001 elapsed  3 system 0.80 temp  99.4 hbonds, Rg  86.2 A, potential   -17.92
 94708 / 100001 elapsed  0 system 0.80 temp 104.8 hbonds, Rg 106.7 A, potential   -21.92
 95308 / 100001 elapsed  1 system 0.80 temp 109.9 hbonds, Rg  35.9 A, potential   -67.25
 95908 / 100001 elapsed  2 system 0.80 temp 110.1 hbonds, Rg 139.6 A, potential   -64.03
 95208 / 100001 elapsed  3 system 0.80 temp 105.3 hbonds, Rg  87.7 A, potential   -29.10
 94808 / 100001 elapsed  0 system 0.80 temp 105.4 hbonds, Rg 106.0 A, potential   -65.49
 95408 / 100001 elapsed  1 system 0.80 temp  97.1 hbonds, Rg  36.8 A, potential   -68.38
 96008 / 100001 elapsed  2 system 0.80 temp 103.7 hbonds, Rg 138.9 A, potential    -2.81
 95308 / 100001 elapsed  3 system 0.80 temp  99.6 hbonds, Rg  87.4 A, potential   -14.45
 94908 / 100001 elapsed  0 system 0.80 temp 109.3 hbonds, Rg 105.9 A, potential   -41.36
 95508 / 100001 elapsed  1 system 0.80 temp 102.2 hbonds, Rg  39.1 A, potential   -20.41
 96108 / 100001 elapsed  2 system 0.80 temp 103.9 hbonds, Rg 137.3 A, potential   -45.20
 95408 / 100001 elapsed  3 system 0.80 temp 105.7 hbonds, Rg  86.3 A, potential   -47.39
 95008 / 100001 elapsed  0 system 0.80 temp 106.0 hbonds, Rg 107.1 A, potential   -48.06
 95608 / 100001 elapsed  1 system 0.80 temp 103.7 hbonds, Rg  39.0 A, potential   -54.54
 96208 / 100001 elapsed  2 system 0.80 temp 103.8 hbonds, Rg 139.2 A, potential   -35.29
 95508 / 100001 elapsed  3 system 0.80 temp 100.2 hbonds, Rg  85.8 A, potential   -48.40
 95108 / 100001 elapsed  0 system 0.80 temp 109.2 hbonds, Rg 105.0 A, potential   -69.83
 95708 / 100001 elapsed  1 system 0.80 temp 103.1 hbonds, Rg  39.0 A, potential    -1.65
 95608 / 100001 elapsed  3 system 0.80 temp 103.7 hbonds, Rg  86.2 A, potential   -23.30
 96308 / 100001 elapsed  2 system 0.80 temp  97.9 hbonds, Rg 141.2 A, potential   -53.24
 95208 / 100001 elapsed  0 system 0.80 temp 108.2 hbonds, Rg 107.3 A, potential   -33.80
 95808 / 100001 elapsed  1 system 0.80 temp 100.8 hbonds, Rg  38.0 A, potential   -27.31
 95708 / 100001 elapsed  3 system 0.80 temp 104.9 hbonds, Rg  87.8 A, potential   -49.17
 96408 / 100001 elapsed  2 system 0.80 temp 104.9 hbonds, Rg 140.1 A, potential   -18.95
 95308 / 100001 elapsed  0 system 0.80 temp 107.9 hbonds, Rg 106.2 A, potential   -42.51
 95908 / 100001 elapsed  1 system 0.80 temp 109.2 hbonds, Rg  38.5 A, potential   -51.60
 95808 / 100001 elapsed  3 system 0.80 temp 100.8 hbonds, Rg  88.5 A, potential   -26.42
 96508 / 100001 elapsed  2 system 0.80 temp 106.9 hbonds, Rg 140.2 A, potential   -66.38
 95408 / 100001 elapsed  0 system 0.80 temp 104.1 hbonds, Rg 105.3 A, potential   -11.56
 96008 / 100001 elapsed  1 system 0.80 temp 110.6 hbonds, Rg  38.6 A, potential   -45.23
 95908 / 100001 elapsed  3 system 0.80 temp 104.5 hbonds, Rg  87.1 A, potential   -37.59
 96608 / 100001 elapsed  2 system 0.80 temp 111.3 hbonds, Rg 141.5 A, potential   -74.75
 95508 / 100001 elapsed  0 system 0.80 temp 108.3 hbonds, Rg 104.9 A, potential   -56.95
 96008 / 100001 elapsed  3 system 0.80 temp 102.6 hbonds, Rg  86.6 A, potential   -74.26
 96108 / 100001 elapsed  1 system 0.80 temp 112.4 hbonds, Rg  36.5 A, potential   -70.73
 96708 / 100001 elapsed  2 system 0.80 temp 106.5 hbonds, Rg 142.5 A, potential   -52.91
 95608 / 100001 elapsed  0 system 0.80 temp 103.0 hbonds, Rg 103.3 A, potential   -40.38
 96108 / 100001 elapsed  3 system 0.80 temp  99.0 hbonds, Rg  87.4 A, potential    -1.56
 96208 / 100001 elapsed  1 system 0.80 temp 110.0 hbonds, Rg  36.6 A, potential   -46.35
 96808 / 100001 elapsed  2 system 0.80 temp 109.7 hbonds, Rg 143.8 A, potential   -40.03
 95708 / 100001 elapsed  0 system 0.80 temp 110.4 hbonds, Rg 103.8 A, potential   -35.18
 96208 / 100001 elapsed  3 system 0.80 temp 103.2 hbonds, Rg  87.5 A, potential   -30.24
 96308 / 100001 elapsed  1 system 0.80 temp 112.9 hbonds, Rg  35.1 A, potential   -46.49
 96908 / 100001 elapsed  2 system 0.80 temp 106.0 hbonds, Rg 144.3 A, potential   -80.81
 95808 / 100001 elapsed  0 system 0.80 temp 102.4 hbonds, Rg 103.2 A, potential   -37.47
 96308 / 100001 elapsed  3 system 0.80 temp 103.3 hbonds, Rg  87.1 A, potential   -38.48
 96408 / 100001 elapsed  1 system 0.80 temp 104.1 hbonds, Rg  33.9 A, potential   -24.46
 97008 / 100001 elapsed  2 system 0.80 temp 107.4 hbonds, Rg 144.0 A, potential   -15.70
 95908 / 100001 elapsed  0 system 0.80 temp 109.8 hbonds, Rg 102.1 A, potential   -33.18
 96408 / 100001 elapsed  3 system 0.80 temp  99.5 hbonds, Rg  86.2 A, potential   -37.91
 96508 / 100001 elapsed  1 system 0.80 temp 103.6 hbonds, Rg  33.2 A, potential   -27.64
 97108 / 100001 elapsed  2 system 0.80 temp 104.6 hbonds, Rg 144.2 A, potential   -67.38
 96008 / 100001 elapsed  0 system 0.80 temp 103.6 hbonds, Rg 104.1 A, potential   -51.56
 96508 / 100001 elapsed  3 system 0.80 temp 102.7 hbonds, Rg  88.8 A, potential   -27.56
 96608 / 100001 elapsed  1 system 0.80 temp 105.2 hbonds, Rg  35.2 A, potential   -29.35
 97208 / 100001 elapsed  2 system 0.80 temp 106.0 hbonds, Rg 142.8 A, potential   -41.37
 96108 / 100001 elapsed  0 system 0.80 temp 107.9 hbonds, Rg 104.0 A, potential   -52.87
 96608 / 100001 elapsed  3 system 0.80 temp 101.1 hbonds, Rg  87.8 A, potential   -17.57
 96708 / 100001 elapsed  1 system 0.80 temp 104.3 hbonds, Rg  37.5 A, potential   -32.78
 97308 / 100001 elapsed  2 system 0.80 temp 106.4 hbonds, Rg 142.4 A, potential   -66.88
 96208 / 100001 elapsed  0 system 0.80 temp 110.7 hbonds, Rg 103.9 A, potential   -50.15
 96708 / 100001 elapsed  3 system 0.80 temp 100.3 hbonds, Rg  84.7 A, potential   -56.35
 96808 / 100001 elapsed  1 system 0.80 temp 105.2 hbonds, Rg  35.8 A, potential   -30.62
 97408 / 100001 elapsed  2 system 0.80 temp 106.2 hbonds, Rg 140.6 A, potential   -41.50
 96308 / 100001 elapsed  0 system 0.80 temp 115.1 hbonds, Rg 103.3 A, potential   -72.97
 96808 / 100001 elapsed  3 system 0.80 temp 103.1 hbonds, Rg  85.4 A, potential   -62.32
 96908 / 100001 elapsed  1 system 0.80 temp 108.8 hbonds, Rg  36.1 A, potential   -56.29
 97508 / 100001 elapsed  2 system 0.80 temp 106.9 hbonds, Rg 140.7 A, potential   -36.25
 96408 / 100001 elapsed  0 system 0.80 temp 110.1 hbonds, Rg 103.6 A, potential   -28.22
 96908 / 100001 elapsed  3 system 0.80 temp  98.8 hbonds, Rg  83.2 A, potential   -34.74
 97008 / 100001 elapsed  1 system 0.80 temp  99.1 hbonds, Rg  35.1 A, potential   -20.17
 97608 / 100001 elapsed  2 system 0.80 temp 104.7 hbonds, Rg 143.0 A, potential   -27.81
 96508 / 100001 elapsed  0 system 0.80 temp 111.9 hbonds, Rg 103.6 A, potential   -51.41
 97008 / 100001 elapsed  3 system 0.80 temp 106.5 hbonds, Rg  82.9 A, potential   -29.83
 97108 / 100001 elapsed  1 system 0.80 temp 100.6 hbonds, Rg  34.0 A, potential   -47.72
 97708 / 100001 elapsed  2 system 0.80 temp 102.8 hbonds, Rg 143.8 A, potential   -50.39
 96608 / 100001 elapsed  0 system 0.80 temp 109.1 hbonds, Rg 103.1 A, potential   -30.32
 97108 / 100001 elapsed  3 system 0.80 temp 101.9 hbonds, Rg  79.9 A, potential   -64.52
 97208 / 100001 elapsed  1 system 0.80 temp 104.3 hbonds, Rg  34.6 A, potential   -37.91
 97808 / 100001 elapsed  2 system 0.80 temp 107.4 hbonds, Rg 144.1 A, potential   -49.96
 96708 / 100001 elapsed  0 system 0.80 temp 107.4 hbonds, Rg 102.1 A, potential   -29.66
 97208 / 100001 elapsed  3 system 0.80 temp 107.6 hbonds, Rg  77.7 A, potential   -85.33
 97308 / 100001 elapsed  1 system 0.80 temp 106.5 hbonds, Rg  35.0 A, potential   -36.48
 97908 / 100001 elapsed  2 system 0.80 temp 102.6 hbonds, Rg 143.3 A, potential   -10.09
 96808 / 100001 elapsed  0 system 0.80 temp 109.2 hbonds, Rg 103.0 A, potential   -23.81
 97308 / 100001 elapsed  3 system 0.80 temp 102.1 hbonds, Rg  80.7 A, potential   -37.24
 98008 / 100001 elapsed  2 system 0.80 temp 104.8 hbonds, Rg 141.2 A, potential   -33.00
 97408 / 100001 elapsed  1 system 0.80 temp 103.3 hbonds, Rg  35.8 A, potential   -58.39
 96908 / 100001 elapsed  0 system 0.80 temp 104.9 hbonds, Rg 103.5 A, potential    -0.95
 97408 / 100001 elapsed  3 system 0.80 temp 105.4 hbonds, Rg  82.1 A, potential   -62.23
 98108 / 100001 elapsed  2 system 0.80 temp 106.3 hbonds, Rg 143.2 A, potential   -40.94
 97508 / 100001 elapsed  1 system 0.80 temp 102.1 hbonds, Rg  34.4 A, potential   -43.78
 97008 / 100001 elapsed  0 system 0.80 temp 110.6 hbonds, Rg 105.3 A, potential   -39.19
 97508 / 100001 elapsed  3 system 0.80 temp 100.9 hbonds, Rg  81.8 A, potential   -40.95
 98208 / 100001 elapsed  2 system 0.80 temp 103.5 hbonds, Rg 142.5 A, potential   -33.15
 97608 / 100001 elapsed  1 system 0.80 temp 104.0 hbonds, Rg  35.4 A, potential   -49.63
 97108 / 100001 elapsed  0 system 0.80 temp 112.9 hbonds, Rg 106.4 A, potential   -46.46
 97608 / 100001 elapsed  3 system 0.80 temp 103.8 hbonds, Rg  84.4 A, potential   -73.06
 98308 / 100001 elapsed  2 system 0.80 temp 106.4 hbonds, Rg 142.0 A, potential   -57.61
 97208 / 100001 elapsed  0 system 0.80 temp 100.0 hbonds, Rg 105.5 A, potential   -14.82
 97708 / 100001 elapsed  3 system 0.80 temp  99.9 hbonds, Rg  82.2 A, potential   -30.25
 97708 / 100001 elapsed  1 system 0.80 temp  97.0 hbonds, Rg  38.4 A, potential   -34.14
 98408 / 100001 elapsed  2 system 0.80 temp 100.3 hbonds, Rg 140.0 A, potential   -34.69
 97808 / 100001 elapsed  3 system 0.80 temp 103.2 hbonds, Rg  83.0 A, potential    -3.96
 97308 / 100001 elapsed  0 system 0.80 temp 103.5 hbonds, Rg 106.0 A, potential     6.28
 97808 / 100001 elapsed  1 system 0.80 temp 100.0 hbonds, Rg  35.6 A, potential   -32.09
 98508 / 100001 elapsed  2 system 0.80 temp 103.9 hbonds, Rg 139.9 A, potential    -4.78
 97908 / 100001 elapsed  3 system 0.80 temp 104.9 hbonds, Rg  82.6 A, potential   -74.24
 97408 / 100001 elapsed  0 system 0.80 temp 102.8 hbonds, Rg 105.6 A, potential   -30.32
 97908 / 100001 elapsed  1 system 0.80 temp  99.8 hbonds, Rg  35.1 A, potential   -43.98
 98608 / 100001 elapsed  2 system 0.80 temp  99.4 hbonds, Rg 139.4 A, potential   -58.29
 98008 / 100001 elapsed  3 system 0.80 temp 105.2 hbonds, Rg  82.8 A, potential   -58.67
 97508 / 100001 elapsed  0 system 0.80 temp 108.0 hbonds, Rg 106.2 A, potential   -48.73
 98008 / 100001 elapsed  1 system 0.80 temp  99.0 hbonds, Rg  32.2 A, potential   -27.92
 98708 / 100001 elapsed  2 system 0.80 temp 102.2 hbonds, Rg 137.2 A, potential   -60.66
 98108 / 100001 elapsed  3 system 0.80 temp  98.5 hbonds, Rg  83.4 A, potential   -56.46
 97608 / 100001 elapsed  0 system 0.80 temp 112.2 hbonds, Rg 106.5 A, potential   -58.69
 98108 / 100001 elapsed  1 system 0.80 temp 103.1 hbonds, Rg  31.2 A, potential   -52.34
 98808 / 100001 elapsed  2 system 0.80 temp 104.5 hbonds, Rg 135.1 A, potential   -22.57
 98208 / 100001 elapsed  3 system 0.80 temp 103.7 hbonds, Rg  80.8 A, potential   -38.10
 97708 / 100001 elapsed  0 system 0.80 temp 103.0 hbonds, Rg 106.3 A, potential   -40.03
 98208 / 100001 elapsed  1 system 0.80 temp 102.4 hbonds, Rg  33.1 A, potential   -29.33
 98908 / 100001 elapsed  2 system 0.80 temp 107.4 hbonds, Rg 133.6 A, potential   -69.60
 98308 / 100001 elapsed  3 system 0.80 temp 102.8 hbonds, Rg  82.6 A, potential   -93.57
 97808 / 100001 elapsed  0 system 0.80 temp 114.0 hbonds, Rg 106.6 A, potential   -34.37
 99008 / 100001 elapsed  2 system 0.80 temp 108.1 hbonds, Rg 133.0 A, potential   -62.67
 98308 / 100001 elapsed  1 system 0.80 temp 101.4 hbonds, Rg  32.5 A, potential   -43.78
 98408 / 100001 elapsed  3 system 0.80 temp 105.2 hbonds, Rg  83.6 A, potential   -40.64
 97908 / 100001 elapsed  0 system 0.80 temp 104.2 hbonds, Rg 109.0 A, potential   -35.63
 99108 / 100001 elapsed  2 system 0.80 temp 105.4 hbonds, Rg 134.6 A, potential   -70.93
 98408 / 100001 elapsed  1 system 0.80 temp  97.3 hbonds, Rg  33.6 A, potential    -8.36
 98508 / 100001 elapsed  3 system 0.80 temp 105.5 hbonds, Rg  83.4 A, potential   -35.16
 98008 / 100001 elapsed  0 system 0.80 temp 109.3 hbonds, Rg 109.8 A, potential   -39.33
 99208 / 100001 elapsed  2 system 0.80 temp 104.4 hbonds, Rg 134.2 A, potential   -40.20
 98508 / 100001 elapsed  1 system 0.80 temp 109.3 hbonds, Rg  34.1 A, potential   -49.26
 98608 / 100001 elapsed  3 system 0.80 temp 108.3 hbonds, Rg  82.3 A, potential   -30.06
 98108 / 100001 elapsed  0 system 0.80 temp 112.7 hbonds, Rg 109.9 A, potential   -45.99
 99308 / 100001 elapsed  2 system 0.80 temp 104.7 hbonds, Rg 136.0 A, potential   -51.81
 98608 / 100001 elapsed  1 system 0.80 temp  98.2 hbonds, Rg  34.4 A, potential   -44.11
 98708 / 100001 elapsed  3 system 0.80 temp 103.8 hbonds, Rg  80.5 A, potential   -43.02
 98208 / 100001 elapsed  0 system 0.80 temp 108.4 hbonds, Rg 110.7 A, potential   -41.81
 99408 / 100001 elapsed  2 system 0.80 temp 108.7 hbonds, Rg 137.8 A, potential   -52.79
 98708 / 100001 elapsed  1 system 0.80 temp 101.1 hbonds, Rg  33.8 A, potential   -71.81
 98808 / 100001 elapsed  3 system 0.80 temp 105.3 hbonds, Rg  82.4 A, potential   -72.68
 98308 / 100001 elapsed  0 system 0.80 temp 105.4 hbonds, Rg 111.0 A, potential   -26.93
 99508 / 100001 elapsed  2 system 0.80 temp 110.0 hbonds, Rg 137.5 A, potential   -52.88
 98908 / 100001 elapsed  3 system 0.80 temp 101.3 hbonds, Rg  82.8 A, potential   -46.31
 98808 / 100001 elapsed  1 system 0.80 temp 103.7 hbonds, Rg  33.2 A, potential   -54.14
 98408 / 100001 elapsed  0 system 0.80 temp 104.6 hbonds, Rg 111.5 A, potential   -17.22
 99608 / 100001 elapsed  2 system 0.80 temp 104.5 hbonds, Rg 138.6 A, potential   -35.42
 99008 / 100001 elapsed  3 system 0.80 temp 106.4 hbonds, Rg  84.6 A, potential   -43.11
 98908 / 100001 elapsed  1 system 0.80 temp 101.0 hbonds, Rg  32.3 A, potential   -34.26
 98508 / 100001 elapsed  0 system 0.80 temp 100.4 hbonds, Rg 111.6 A, potential   -25.30
 99708 / 100001 elapsed  2 system 0.80 temp 101.8 hbonds, Rg 138.9 A, potential   -48.41
 99108 / 100001 elapsed  3 system 0.80 temp 100.1 hbonds, Rg  86.2 A, potential   -38.43
 98608 / 100001 elapsed  0 system 0.80 temp 106.6 hbonds, Rg 111.6 A, potential   -24.95
 99008 / 100001 elapsed  1 system 0.80 temp 103.5 hbonds, Rg  32.3 A, potential   -50.04
 99808 / 100001 elapsed  2 system 0.80 temp 104.4 hbonds, Rg 139.6 A, potential   -33.53
 99208 / 100001 elapsed  3 system 0.80 temp 103.9 hbonds, Rg  85.1 A, potential   -60.54
 98708 / 100001 elapsed  0 system 0.80 temp 107.7 hbonds, Rg 111.0 A, potential   -41.99
 99108 / 100001 elapsed  1 system 0.80 temp  98.8 hbonds, Rg  31.5 A, potential    -0.66
 99908 / 100001 elapsed  2 system 0.80 temp 103.3 hbonds, Rg 140.5 A, potential   -37.82
 99308 / 100001 elapsed  3 system 0.80 temp 100.1 hbonds, Rg  84.5 A, potential   -32.71
 98808 / 100001 elapsed  0 system 0.80 temp 106.3 hbonds, Rg 110.4 A, potential   -34.49
 99208 / 100001 elapsed  1 system 0.80 temp 104.1 hbonds, Rg  31.2 A, potential   -63.34
 99408 / 100001 elapsed  3 system 0.80 temp 101.8 hbonds, Rg  85.0 A, potential   -33.39
 98908 / 100001 elapsed  0 system 0.80 temp 101.6 hbonds, Rg 110.3 A, potential   -41.94
 99308 / 100001 elapsed  1 system 0.80 temp 108.9 hbonds, Rg  30.4 A, potential   -58.17
 99508 / 100001 elapsed  3 system 0.80 temp  99.0 hbonds, Rg  80.6 A, potential   -28.84
 99008 / 100001 elapsed  0 system 0.80 temp 100.3 hbonds, Rg 109.5 A, potential   -28.93
 99408 / 100001 elapsed  1 system 0.80 temp  99.7 hbonds, Rg  32.5 A, potential   -57.70
 99608 / 100001 elapsed  3 system 0.80 temp 101.9 hbonds, Rg  78.7 A, potential   -29.12
 99108 / 100001 elapsed  0 system 0.80 temp 106.5 hbonds, Rg 107.3 A, potential   -47.52
 99508 / 100001 elapsed  1 system 0.80 temp 102.2 hbonds, Rg  31.3 A, potential   -66.67
 99708 / 100001 elapsed  3 system 0.80 temp 110.4 hbonds, Rg  78.8 A, potential   -26.39
 99208 / 100001 elapsed  0 system 0.80 temp 110.6 hbonds, Rg 108.2 A, potential   -27.34
 99608 / 100001 elapsed  1 system 0.80 temp 104.6 hbonds, Rg  31.1 A, potential   -41.71
 99808 / 100001 elapsed  3 system 0.80 temp 103.3 hbonds, Rg  77.3 A, potential   -28.19
 99308 / 100001 elapsed  0 system 0.80 temp 105.7 hbonds, Rg 107.6 A, potential   -39.09
 99708 / 100001 elapsed  1 system 0.80 temp 104.9 hbonds, Rg  30.4 A, potential   -48.56
 99908 / 100001 elapsed  3 system 0.80 temp 100.4 hbonds, Rg  76.3 A, potential   -37.87
 99408 / 100001 elapsed  0 system 0.80 temp 106.4 hbonds, Rg 107.9 A, potential   -26.04
 99808 / 100001 elapsed  1 system 0.80 temp 110.6 hbonds, Rg  29.5 A, potential   -51.24
 99508 / 100001 elapsed  0 system 0.80 temp 100.4 hbonds, Rg 109.0 A, potential   -44.36
 99908 / 100001 elapsed  1 system 0.80 temp 106.4 hbonds, Rg  28.9 A, potential   -24.56
 99608 / 100001 elapsed  0 system 0.80 temp 102.6 hbonds, Rg 108.3 A, potential   -46.02
 99708 / 100001 elapsed  0 system 0.80 temp 108.0 hbonds, Rg 109.8 A, potential   -58.22
 99808 / 100001 elapsed  0 system 0.80 temp 111.7 hbonds, Rg 110.6 A, potential   -54.41
 99908 / 100001 elapsed  0 system 0.80 temp 106.6 hbonds, Rg 114.1 A, potential   -31.80


finished in 9311.9 seconds (209.52 us/systems/step, 3.9e+04 simulation_time_unit/hour)

avg_kinetic_energy/1.5kT  1.052  1.049  1.047  1.050
Initial structure gen...
python /home/nithin/data2/nithin/codex_work/resilient_interface/Upside_Desktop/py/PDB_to_initial_structure.py ./pdb/three_1rkl_b.pdb .//inputs/three_1rkl_b --record-chain-breaks --disable-recentering 
Configuring...
Config commandline options:
/home/nithin/data2/nithin/codex_work/resilient_interface/Upside_Desktop/py/upside_config.py --fasta=.//inputs/three_1rkl_b.fasta --output=.//inputs/three_1rkl_b.up --initial-structure=.//inputs/three_1rkl_b.initial.npy --rama-library=/home/nithin/data2/nithin/codex_work/resilient_interface/Upside_Desktop/parameters/common/rama.dat --rama-sheet-mixing-energy=/home/nithin/data2/nithin/codex_work/resilient_interface/Upside_Desktop/parameters/ff_2.1/sheet --hbond-energy=/home/nithin/data2/nithin/codex_work/resilient_interface/Upside_Desktop/parameters/ff_2.1/hbond.h5 --reference-state-rama=/home/nithin/data2/nithin/codex_work/resilient_interface/Upside_Desktop/parameters/common/rama_reference.pkl --rotamer-placement=/home/nithin/data2/nithin/codex_work/resilient_interface/Upside_Desktop/parameters/ff_2.1/sidechain.h5 --dynamic-rotamer-1body --rotamer-interaction=/home/nithin/data2/nithin/codex_work/resilient_interface/Upside_Desktop/parameters/ff_2.1/sidechain.h5 --environment-potential=/home/nithin/data2/nithin/codex_work/resilient_interface/Upside_Desktop/parameters/ff_2.1/environment.h5 --bb-environment-potential=/home/nithin/data2/nithin/codex_work/resilient_interface/Upside_Desktop/parameters/ff_2.1/bb_env.dat --chain-break-from-file=.//inputs/three_1rkl_b.chain_breaks --membrane-potential=/home/nithin/data2/nithin/codex_work/resilient_interface/Upside_Desktop/parameters/ff_2.1/membrane.h5 --membrane-thickness=24.800000 --use-curvature --curvature-radius=140.000000 --curvature-sign=1
chain_first_residue: [31 62]
chain_counts: [1 1 1]

n_chains: 3

hbond_exclude_residues
[30 31 61 62]

hbond, 87 donors, 88 acceptors in sequence
Checking infer_H_O

1 140.0 1

Editing rama_coord (6 rows)

jump atom_range:
[[  0  93]
 [ 93 186]
 [186 279]]
sigma_trans:
[5. 5. 5.]
sigma_rot:
[0.5235988 0.5235988 0.5235988]



Advanced Config commandline options:
/home/nithin/data2/nithin/codex_work/resilient_interface/Upside_Desktop/py/advanced_config.py --config=.//inputs/three_1rkl_b.up --nail=nail-y.dat

Running...
"/home/nithin/data2/nithin/codex_work/resilient_interface/Upside_Desktop/obj/upside" --duration 100001 --frame-interval 100 --temperature 0.7999999999999999,0.7999999999999999,0.7999999999999999,0.7999999999999999 --seed -1 --disable-recentering --integrator mv --curvature-changer-interval 10  .//outputs/curv_dy2/three_1rkl_b.run.0.up .//outputs/curv_dy2/three_1rkl_b.run.1.up .//outputs/curv_dy2/three_1rkl_b.run.2.up .//outputs/curv_dy2/three_1rkl_b.run.3.up
