@> 660 atoms and 1 coordinate set(s) were parsed in 0.01s.
/home/nithin/data2/nithin/codex_work/resilient_interface/Upside_Desktop/py/upside_config.py:2403: VisibleDeprecationWarning: dtype(): align should be passed as Python or NumPy boolean but got `align=0`. Did you mean to pass a tuple to create a subarray type? (Deprecated NumPy 2.4)
  ref_state_cor =  np.log(cPickle.load(open(args.reference_state_rama, 'rb'), encoding='latin1'))
invocation: /home/nithin/data2/nithin/codex_work/resilient_interface/Upside_Desktop/obj/upside --duration 50000 --frame-interval 100 --temperature 0.7999999999999999,0.8272066590203876,0.8548682412244555,0.8829847466122037,0.9115561751836322,0.9405825269387411,0.9700638018775304,1.0 --seed 1 .//outputs/SARW/1ubq.run.0.up .//outputs/SARW/1ubq.run.1.up .//outputs/SARW/1ubq.run.2.up .//outputs/SARW/1ubq.run.3.up .//outputs/SARW/1ubq.run.4.up .//outputs/SARW/1ubq.run.5.up .//outputs/SARW/1ubq.run.6.up .//outputs/SARW/1ubq.run.7.up
random seed: 1
.//outputs/SARW/1ubq.run.0.up
n_atom 228

.//outputs/SARW/1ubq.run.1.up
n_atom 228

.//outputs/SARW/1ubq.run.2.up
n_atom 228

.//outputs/SARW/1ubq.run.3.up
n_atom 228

.//outputs/SARW/1ubq.run.4.up
n_atom 228

.//outputs/SARW/1ubq.run.5.up
n_atom 228

.//outputs/SARW/1ubq.run.6.up
n_atom 228

.//outputs/SARW/1ubq.run.7.up
n_atom 228


0 0.80
1 0.83
2 0.85
3 0.88
4 0.91
5 0.94
6 0.97
7 1.00

Initial potential energy: 66.38 66.38 66.38 66.38 66.38 66.38 66.38 66.38
    0 / 50000 elapsed  0 system 0.80 temp  -1.0 hbonds, Rg  11.4 A, potential    66.38
    0 / 50000 elapsed  6 system 0.97 temp  -1.0 hbonds, Rg  11.4 A, potential    66.38
    0 / 50000 elapsed  4 system 0.91 temp  -1.0 hbonds, Rg  11.4 A, potential    66.38
    0 / 50000 elapsed  2 system 0.85 temp  -1.0 hbonds, Rg  11.4 A, potential    66.38
    0 / 50000 elapsed  1 system 0.83 temp  -1.0 hbonds, Rg  11.4 A, potential    66.38
    0 / 50000 elapsed  7 system 1.00 temp  -1.0 hbonds, Rg  11.4 A, potential    66.38
    0 / 50000 elapsed  5 system 0.94 temp  -1.0 hbonds, Rg  11.4 A, potential    66.38
    0 / 50000 elapsed  3 system 0.88 temp  -1.0 hbonds, Rg  11.4 A, potential    66.38
  100 / 50000 elapsed  4 system 0.91 temp  -1.0 hbonds, Rg  15.1 A, potential   223.32
  100 / 50000 elapsed  1 system 0.83 temp  -1.0 hbonds, Rg  15.9 A, potential   224.18
  100 / 50000 elapsed  2 system 0.85 temp  -1.0 hbonds, Rg  15.1 A, potential   226.32
  100 / 50000 elapsed  3 system 0.88 temp  -1.0 hbonds, Rg  14.3 A, potential   217.63
  100 / 50000 elapsed  6 system 0.97 temp  -1.0 hbonds, Rg  15.2 A, potential   270.46
  100 / 50000 elapsed  7 system 1.00 temp  -1.0 hbonds, Rg  16.5 A, potential   293.92
  100 / 50000 elapsed  0 system 0.80 temp  -1.0 hbonds, Rg  14.0 A, potential   216.71
  100 / 50000 elapsed  5 system 0.94 temp  -1.0 hbonds, Rg  15.6 A, potential   264.01
  200 / 50000 elapsed  1 system 0.83 temp  -1.0 hbonds, Rg  16.3 A, potential   226.41
  200 / 50000 elapsed  4 system 0.91 temp  -1.0 hbonds, Rg  16.3 A, potential   269.67
  200 / 50000 elapsed  3 system 0.88 temp  -1.0 hbonds, Rg  15.5 A, potential   267.15
  200 / 50000 elapsed  2 system 0.85 temp  -1.0 hbonds, Rg  15.8 A, potential   241.38
  200 / 50000 elapsed  6 system 0.97 temp  -1.0 hbonds, Rg  15.5 A, potential   298.23
  200 / 50000 elapsed  7 system 1.00 temp  -1.0 hbonds, Rg  17.8 A, potential   283.33
  200 / 50000 elapsed  0 system 0.80 temp  -1.0 hbonds, Rg  15.1 A, potential   244.38
  200 / 50000 elapsed  5 system 0.94 temp  -1.0 hbonds, Rg  19.2 A, potential   297.34
  300 / 50000 elapsed  4 system 0.91 temp  -1.0 hbonds, Rg  18.4 A, potential   261.69
  300 / 50000 elapsed  3 system 0.88 temp  -1.0 hbonds, Rg  18.0 A, potential   237.32
  300 / 50000 elapsed  2 system 0.85 temp  -1.0 hbonds, Rg  16.9 A, potential   230.93
  300 / 50000 elapsed  1 system 0.83 temp  -1.0 hbonds, Rg  17.8 A, potential   234.54
  300 / 50000 elapsed  6 system 0.97 temp  -1.0 hbonds, Rg  15.8 A, potential   267.36
  300 / 50000 elapsed  7 system 1.00 temp  -1.0 hbonds, Rg  17.7 A, potential   285.09
  400 / 50000 elapsed  4 system 0.91 temp  -1.0 hbonds, Rg  16.4 A, potential   261.99
  300 / 50000 elapsed  0 system 0.80 temp  -1.0 hbonds, Rg  16.3 A, potential   210.11
  300 / 50000 elapsed  5 system 0.94 temp  -1.0 hbonds, Rg  17.7 A, potential   270.74
  400 / 50000 elapsed  3 system 0.88 temp  -1.0 hbonds, Rg  16.7 A, potential   262.80
  400 / 50000 elapsed  2 system 0.85 temp  -1.0 hbonds, Rg  16.5 A, potential   233.38
  400 / 50000 elapsed  6 system 0.97 temp  -1.0 hbonds, Rg  20.2 A, potential   271.60
  400 / 50000 elapsed  1 system 0.83 temp  -1.0 hbonds, Rg  18.7 A, potential   257.14
  500 / 50000 elapsed  4 system 0.91 temp  -1.0 hbonds, Rg  19.1 A, potential   259.59
  500 / 50000 elapsed  3 system 0.88 temp  -1.0 hbonds, Rg  17.9 A, potential   223.80
  500 / 50000 elapsed  2 system 0.85 temp  -1.0 hbonds, Rg  17.8 A, potential   220.17
  400 / 50000 elapsed  7 system 1.00 temp  -1.0 hbonds, Rg  17.9 A, potential   269.02
  400 / 50000 elapsed  5 system 0.94 temp  -1.0 hbonds, Rg  17.3 A, potential   273.82
  400 / 50000 elapsed  0 system 0.80 temp  -1.0 hbonds, Rg  17.1 A, potential   210.42
  500 / 50000 elapsed  6 system 0.97 temp  -1.0 hbonds, Rg  20.6 A, potential   294.47
  500 / 50000 elapsed  1 system 0.83 temp  -1.0 hbonds, Rg  21.6 A, potential   223.46
  600 / 50000 elapsed  4 system 0.91 temp  -1.0 hbonds, Rg  17.2 A, potential   245.16
  500 / 50000 elapsed  7 system 1.00 temp  -1.0 hbonds, Rg  18.1 A, potential   306.42
  600 / 50000 elapsed  3 system 0.88 temp  -1.0 hbonds, Rg  18.9 A, potential   213.03
  600 / 50000 elapsed  2 system 0.85 temp  -1.0 hbonds, Rg  17.7 A, potential   233.70
  500 / 50000 elapsed  5 system 0.94 temp  -1.0 hbonds, Rg  19.0 A, potential   269.90
  500 / 50000 elapsed  0 system 0.80 temp  -1.0 hbonds, Rg  17.4 A, potential   215.34
  600 / 50000 elapsed  6 system 0.97 temp  -1.0 hbonds, Rg  19.2 A, potential   265.48
  600 / 50000 elapsed  1 system 0.83 temp  -1.0 hbonds, Rg  24.2 A, potential   210.98
  700 / 50000 elapsed  4 system 0.91 temp  -1.0 hbonds, Rg  15.4 A, potential   267.23
  600 / 50000 elapsed  7 system 1.00 temp  -1.0 hbonds, Rg  20.5 A, potential   261.36
  700 / 50000 elapsed  2 system 0.85 temp  -1.0 hbonds, Rg  20.0 A, potential   252.00
  600 / 50000 elapsed  0 system 0.80 temp  -1.0 hbonds, Rg  17.7 A, potential   201.98
  700 / 50000 elapsed  3 system 0.88 temp  -1.0 hbonds, Rg  20.6 A, potential   246.83
  600 / 50000 elapsed  5 system 0.94 temp  -1.0 hbonds, Rg  20.7 A, potential   269.00
  700 / 50000 elapsed  6 system 0.97 temp  -1.0 hbonds, Rg  19.7 A, potential   257.26
  800 / 50000 elapsed  4 system 0.91 temp  -1.0 hbonds, Rg  16.5 A, potential   260.76
  700 / 50000 elapsed  1 system 0.83 temp  -1.0 hbonds, Rg  22.5 A, potential   219.21
  700 / 50000 elapsed  7 system 1.00 temp  -1.0 hbonds, Rg  21.8 A, potential   301.82
  800 / 50000 elapsed  2 system 0.85 temp  -1.0 hbonds, Rg  19.3 A, potential   217.39
  700 / 50000 elapsed  0 system 0.80 temp  -1.0 hbonds, Rg  18.8 A, potential   213.44
  700 / 50000 elapsed  5 system 0.94 temp  -1.0 hbonds, Rg  21.8 A, potential   262.96
  800 / 50000 elapsed  3 system 0.88 temp  -1.0 hbonds, Rg  22.1 A, potential   230.33
  800 / 50000 elapsed  6 system 0.97 temp  -1.0 hbonds, Rg  20.4 A, potential   261.08
  900 / 50000 elapsed  4 system 0.91 temp  -1.0 hbonds, Rg  16.8 A, potential   255.83
  800 / 50000 elapsed  1 system 0.83 temp  -1.0 hbonds, Rg  21.3 A, potential   218.94
  900 / 50000 elapsed  2 system 0.85 temp  -1.0 hbonds, Rg  19.3 A, potential   252.31
  800 / 50000 elapsed  7 system 1.00 temp  -1.0 hbonds, Rg  22.6 A, potential   301.76
  800 / 50000 elapsed  0 system 0.80 temp  -1.0 hbonds, Rg  18.9 A, potential   204.87
  800 / 50000 elapsed  5 system 0.94 temp  -1.0 hbonds, Rg  23.6 A, potential   271.88
  900 / 50000 elapsed  3 system 0.88 temp  -1.0 hbonds, Rg  20.6 A, potential   208.42
  900 / 50000 elapsed  6 system 0.97 temp  -1.0 hbonds, Rg  17.2 A, potential   279.34
 1000 / 50000 elapsed  4 system 0.91 temp  -1.0 hbonds, Rg  19.3 A, potential   283.93
 1000 / 50000 elapsed  2 system 0.85 temp  -1.0 hbonds, Rg  20.1 A, potential   210.63
  900 / 50000 elapsed  7 system 1.00 temp  -1.0 hbonds, Rg  23.7 A, potential   290.12
  900 / 50000 elapsed  0 system 0.80 temp  -1.0 hbonds, Rg  18.2 A, potential   199.31
  900 / 50000 elapsed  1 system 0.83 temp  -1.0 hbonds, Rg  20.0 A, potential   203.95
  900 / 50000 elapsed  5 system 0.94 temp  -1.0 hbonds, Rg  25.5 A, potential   260.46
 1000 / 50000 elapsed  3 system 0.88 temp  -1.0 hbonds, Rg  18.4 A, potential   258.91
 1000 / 50000 elapsed  6 system 0.97 temp  -1.0 hbonds, Rg  16.4 A, potential   239.62
 1100 / 50000 elapsed  2 system 0.85 temp  -1.0 hbonds, Rg  20.9 A, potential   254.92
 1100 / 50000 elapsed  4 system 0.91 temp  -1.0 hbonds, Rg  20.9 A, potential   263.95
 1000 / 50000 elapsed  0 system 0.80 temp  -1.0 hbonds, Rg  20.9 A, potential   228.08
 1000 / 50000 elapsed  5 system 0.94 temp  -1.0 hbonds, Rg  27.3 A, potential   250.75
 1000 / 50000 elapsed  7 system 1.00 temp  -1.0 hbonds, Rg  23.2 A, potential   285.35
 1000 / 50000 elapsed  1 system 0.83 temp  -1.0 hbonds, Rg  18.9 A, potential   226.39
 1100 / 50000 elapsed  3 system 0.88 temp  -1.0 hbonds, Rg  19.4 A, potential   246.15
 1200 / 50000 elapsed  2 system 0.85 temp  -1.0 hbonds, Rg  20.5 A, potential   192.59
 1100 / 50000 elapsed  6 system 0.97 temp  -1.0 hbonds, Rg  18.4 A, potential   272.98
 1100 / 50000 elapsed  0 system 0.80 temp  -1.0 hbonds, Rg  22.9 A, potential   229.83
 1100 / 50000 elapsed  5 system 0.94 temp  -1.0 hbonds, Rg  27.8 A, potential   226.82
 1200 / 50000 elapsed  4 system 0.91 temp  -1.0 hbonds, Rg  18.6 A, potential   248.29
 1100 / 50000 elapsed  7 system 1.00 temp  -1.0 hbonds, Rg  26.6 A, potential   303.12
 1100 / 50000 elapsed  1 system 0.83 temp  -1.0 hbonds, Rg  19.9 A, potential   229.35
 1200 / 50000 elapsed  3 system 0.88 temp  -1.0 hbonds, Rg  19.7 A, potential   250.53
 1300 / 50000 elapsed  2 system 0.85 temp  -1.0 hbonds, Rg  19.3 A, potential   215.06
 1200 / 50000 elapsed  6 system 0.97 temp  -1.0 hbonds, Rg  18.1 A, potential   305.18
 1200 / 50000 elapsed  0 system 0.80 temp  -1.0 hbonds, Rg  24.6 A, potential   191.07
 1300 / 50000 elapsed  4 system 0.91 temp  -1.0 hbonds, Rg  18.0 A, potential   242.33
 1200 / 50000 elapsed  7 system 1.00 temp  -1.0 hbonds, Rg  29.3 A, potential   288.00
 1200 / 50000 elapsed  5 system 0.94 temp  -1.0 hbonds, Rg  28.6 A, potential   291.34
 1300 / 50000 elapsed  3 system 0.88 temp  -1.0 hbonds, Rg  20.3 A, potential   244.22
 1200 / 50000 elapsed  1 system 0.83 temp  -1.0 hbonds, Rg  20.5 A, potential   192.33
 1400 / 50000 elapsed  2 system 0.85 temp  -1.0 hbonds, Rg  17.8 A, potential   228.25
 1300 / 50000 elapsed  6 system 0.97 temp  -1.0 hbonds, Rg  17.7 A, potential   258.87
 1400 / 50000 elapsed  4 system 0.91 temp  -1.0 hbonds, Rg  19.0 A, potential   262.48
 1300 / 50000 elapsed  7 system 1.00 temp  -1.0 hbonds, Rg  29.9 A, potential   277.76
 1300 / 50000 elapsed  0 system 0.80 temp  -1.0 hbonds, Rg  24.6 A, potential   202.19
 1300 / 50000 elapsed  5 system 0.94 temp  -1.0 hbonds, Rg  30.3 A, potential   240.56
 1400 / 50000 elapsed  3 system 0.88 temp  -1.0 hbonds, Rg  22.5 A, potential   232.36
 1500 / 50000 elapsed  2 system 0.85 temp  -1.0 hbonds, Rg  17.6 A, potential   225.50
 1500 / 50000 elapsed  4 system 0.91 temp  -1.0 hbonds, Rg  18.6 A, potential   250.23
 1300 / 50000 elapsed  1 system 0.83 temp  -1.0 hbonds, Rg  18.9 A, potential   247.02
 1400 / 50000 elapsed  6 system 0.97 temp  -1.0 hbonds, Rg  18.6 A, potential   274.23
 1400 / 50000 elapsed  0 system 0.80 temp  -1.0 hbonds, Rg  24.8 A, potential   207.75
 1400 / 50000 elapsed  7 system 1.00 temp  -1.0 hbonds, Rg  31.9 A, potential   280.35
 1500 / 50000 elapsed  3 system 0.88 temp  -1.0 hbonds, Rg  20.3 A, potential   250.36
 1400 / 50000 elapsed  5 system 0.94 temp  -1.0 hbonds, Rg  28.7 A, potential   269.28
 1600 / 50000 elapsed  4 system 0.91 temp  -1.0 hbonds, Rg  18.9 A, potential   294.39
 1600 / 50000 elapsed  2 system 0.85 temp  -1.0 hbonds, Rg  18.8 A, potential   249.32
 1500 / 50000 elapsed  6 system 0.97 temp  -1.0 hbonds, Rg  17.7 A, potential   286.71
 1400 / 50000 elapsed  1 system 0.83 temp  -1.0 hbonds, Rg  19.9 A, potential   212.53
 1500 / 50000 elapsed  0 system 0.80 temp  -1.0 hbonds, Rg  24.3 A, potential   218.01
 1600 / 50000 elapsed  3 system 0.88 temp  -1.0 hbonds, Rg  19.3 A, potential   241.37
 1500 / 50000 elapsed  7 system 1.00 temp  -1.0 hbonds, Rg  33.3 A, potential   288.23
 1500 / 50000 elapsed  5 system 0.94 temp  -1.0 hbonds, Rg  25.2 A, potential   258.41
 1700 / 50000 elapsed  4 system 0.91 temp  -1.0 hbonds, Rg  17.3 A, potential   236.94
 1700 / 50000 elapsed  2 system 0.85 temp  -1.0 hbonds, Rg  20.4 A, potential   219.55
 1600 / 50000 elapsed  0 system 0.80 temp  -1.0 hbonds, Rg  24.9 A, potential   216.61
 1500 / 50000 elapsed  1 system 0.83 temp  -1.0 hbonds, Rg  21.4 A, potential   236.40
 1600 / 50000 elapsed  6 system 0.97 temp  -1.0 hbonds, Rg  19.9 A, potential   248.69
 1700 / 50000 elapsed  3 system 0.88 temp  -1.0 hbonds, Rg  20.8 A, potential   245.37
 1600 / 50000 elapsed  7 system 1.00 temp  -1.0 hbonds, Rg  34.1 A, potential   286.12
 1800 / 50000 elapsed  4 system 0.91 temp  -1.0 hbonds, Rg  19.8 A, potential   230.53
 1600 / 50000 elapsed  5 system 0.94 temp  -1.0 hbonds, Rg  26.0 A, potential   237.29
 1800 / 50000 elapsed  2 system 0.85 temp  -1.0 hbonds, Rg  20.5 A, potential   206.89
 1600 / 50000 elapsed  1 system 0.83 temp  -1.0 hbonds, Rg  20.6 A, potential   210.29
 1700 / 50000 elapsed  0 system 0.80 temp  -1.0 hbonds, Rg  25.3 A, potential   200.70
 1700 / 50000 elapsed  6 system 0.97 temp  -1.0 hbonds, Rg  21.4 A, potential   276.55
 1800 / 50000 elapsed  3 system 0.88 temp  -1.0 hbonds, Rg  18.7 A, potential   237.06
 1700 / 50000 elapsed  7 system 1.00 temp  -1.0 hbonds, Rg  33.2 A, potential   237.32
 1900 / 50000 elapsed  4 system 0.91 temp  -1.0 hbonds, Rg  23.5 A, potential   238.25
 1900 / 50000 elapsed  2 system 0.85 temp  -1.0 hbonds, Rg  22.7 A, potential   262.77
 1700 / 50000 elapsed  5 system 0.94 temp  -1.0 hbonds, Rg  25.9 A, potential   244.31
 1700 / 50000 elapsed  1 system 0.83 temp  -1.0 hbonds, Rg  20.3 A, potential   196.39
 1800 / 50000 elapsed  6 system 0.97 temp  -1.0 hbonds, Rg  19.4 A, potential   267.46
 1800 / 50000 elapsed  0 system 0.80 temp  -1.0 hbonds, Rg  24.3 A, potential   200.46
 1800 / 50000 elapsed  7 system 1.00 temp  -1.0 hbonds, Rg  34.6 A, potential   279.00
 1900 / 50000 elapsed  3 system 0.88 temp  -1.0 hbonds, Rg  16.7 A, potential   258.75
 2000 / 50000 elapsed  4 system 0.91 temp  -1.0 hbonds, Rg  24.5 A, potential   281.03
 2000 / 50000 elapsed  2 system 0.85 temp  -1.0 hbonds, Rg  22.9 A, potential   216.12
 1800 / 50000 elapsed  1 system 0.83 temp  -1.0 hbonds, Rg  20.7 A, potential   234.89
 1800 / 50000 elapsed  5 system 0.94 temp  -1.0 hbonds, Rg  26.8 A, potential   259.43
 1900 / 50000 elapsed  7 system 1.00 temp  -1.0 hbonds, Rg  33.1 A, potential   317.16
 1900 / 50000 elapsed  0 system 0.80 temp  -1.0 hbonds, Rg  27.4 A, potential   198.69
 1900 / 50000 elapsed  6 system 0.97 temp  -1.0 hbonds, Rg  19.1 A, potential   293.15
 2100 / 50000 elapsed  2 system 0.85 temp  -1.0 hbonds, Rg  24.6 A, potential   226.84
 2100 / 50000 elapsed  4 system 0.91 temp  -1.0 hbonds, Rg  26.3 A, potential   232.67
 1900 / 50000 elapsed  1 system 0.83 temp  -1.0 hbonds, Rg  23.5 A, potential   206.41
 2000 / 50000 elapsed  3 system 0.88 temp  -1.0 hbonds, Rg  19.7 A, potential   254.91
 1900 / 50000 elapsed  5 system 0.94 temp  -1.0 hbonds, Rg  27.6 A, potential   260.86
 2000 / 50000 elapsed  7 system 1.00 temp  -1.0 hbonds, Rg  31.6 A, potential   253.01
 2000 / 50000 elapsed  0 system 0.80 temp  -1.0 hbonds, Rg  27.5 A, potential   221.47
 2200 / 50000 elapsed  2 system 0.85 temp  -1.0 hbonds, Rg  23.3 A, potential   225.17
 2200 / 50000 elapsed  4 system 0.91 temp  -1.0 hbonds, Rg  28.4 A, potential   255.40
 2000 / 50000 elapsed  6 system 0.97 temp  -1.0 hbonds, Rg  20.7 A, potential   259.20
 2000 / 50000 elapsed  1 system 0.83 temp  -1.0 hbonds, Rg  20.8 A, potential   213.63
 2100 / 50000 elapsed  3 system 0.88 temp  -1.0 hbonds, Rg  22.2 A, potential   236.10
 2000 / 50000 elapsed  5 system 0.94 temp  -1.0 hbonds, Rg  26.3 A, potential   277.88
 2100 / 50000 elapsed  7 system 1.00 temp  -1.0 hbonds, Rg  30.2 A, potential   294.09
 2300 / 50000 elapsed  2 system 0.85 temp  -1.0 hbonds, Rg  22.2 A, potential   213.01
 2100 / 50000 elapsed  0 system 0.80 temp  -1.0 hbonds, Rg  26.8 A, potential   242.85
 2200 / 50000 elapsed  3 system 0.88 temp  -1.0 hbonds, Rg  21.0 A, potential   234.17
 2300 / 50000 elapsed  4 system 0.91 temp  -1.0 hbonds, Rg  27.9 A, potential   290.22
 2100 / 50000 elapsed  6 system 0.97 temp  -1.0 hbonds, Rg  22.1 A, potential   259.88
 2100 / 50000 elapsed  1 system 0.83 temp  -1.0 hbonds, Rg  20.9 A, potential   225.89
 2100 / 50000 elapsed  5 system 0.94 temp  -1.0 hbonds, Rg  26.5 A, potential   288.18
 2200 / 50000 elapsed  7 system 1.00 temp  -1.0 hbonds, Rg  27.9 A, potential   280.98
 2400 / 50000 elapsed  2 system 0.85 temp  -1.0 hbonds, Rg  23.7 A, potential   240.06
 2200 / 50000 elapsed  0 system 0.80 temp  -1.0 hbonds, Rg  27.6 A, potential   201.62
 2300 / 50000 elapsed  3 system 0.88 temp  -1.0 hbonds, Rg  19.0 A, potential   235.47
 2400 / 50000 elapsed  4 system 0.91 temp  -1.0 hbonds, Rg  26.6 A, potential   252.42
 2200 / 50000 elapsed  6 system 0.97 temp  -1.0 hbonds, Rg  22.5 A, potential   245.11
 2200 / 50000 elapsed  5 system 0.94 temp  -1.0 hbonds, Rg  24.4 A, potential   218.70
 2200 / 50000 elapsed  1 system 0.83 temp  -1.0 hbonds, Rg  22.2 A, potential   214.14
 2300 / 50000 elapsed  7 system 1.00 temp  -1.0 hbonds, Rg  28.2 A, potential   293.68
 2500 / 50000 elapsed  2 system 0.85 temp  -1.0 hbonds, Rg  24.4 A, potential   243.54
 2300 / 50000 elapsed  0 system 0.80 temp  -1.0 hbonds, Rg  26.7 A, potential   198.61
 2400 / 50000 elapsed  3 system 0.88 temp  -1.0 hbonds, Rg  19.0 A, potential   241.68
 2300 / 50000 elapsed  6 system 0.97 temp  -1.0 hbonds, Rg  24.8 A, potential   272.42
 2300 / 50000 elapsed  5 system 0.94 temp  -1.0 hbonds, Rg  24.7 A, potential   279.36
 2500 / 50000 elapsed  4 system 0.91 temp  -1.0 hbonds, Rg  27.3 A, potential   263.35
 2300 / 50000 elapsed  1 system 0.83 temp  -1.0 hbonds, Rg  23.1 A, potential   214.60
 2400 / 50000 elapsed  7 system 1.00 temp  -1.0 hbonds, Rg  25.7 A, potential   313.32
 2400 / 50000 elapsed  0 system 0.80 temp  -1.0 hbonds, Rg  25.2 A, potential   204.94
 2600 / 50000 elapsed  2 system 0.85 temp  -1.0 hbonds, Rg  23.7 A, potential   191.64
 2500 / 50000 elapsed  3 system 0.88 temp  -1.0 hbonds, Rg  18.7 A, potential   235.65
 2400 / 50000 elapsed  5 system 0.94 temp  -1.0 hbonds, Rg  25.2 A, potential   285.99
 2400 / 50000 elapsed  6 system 0.97 temp  -1.0 hbonds, Rg  26.6 A, potential   298.14
 2600 / 50000 elapsed  4 system 0.91 temp  -1.0 hbonds, Rg  29.1 A, potential   245.75
 2500 / 50000 elapsed  7 system 1.00 temp  -1.0 hbonds, Rg  26.5 A, potential   267.66
 2400 / 50000 elapsed  1 system 0.83 temp  -1.0 hbonds, Rg  22.6 A, potential   221.52
 2500 / 50000 elapsed  0 system 0.80 temp  -1.0 hbonds, Rg  27.0 A, potential   212.49
 2600 / 50000 elapsed  3 system 0.88 temp  -1.0 hbonds, Rg  19.4 A, potential   250.45
 2700 / 50000 elapsed  2 system 0.85 temp  -1.0 hbonds, Rg  25.1 A, potential   212.86
 2500 / 50000 elapsed  5 system 0.94 temp  -1.0 hbonds, Rg  23.7 A, potential   250.97
 2500 / 50000 elapsed  6 system 0.97 temp  -1.0 hbonds, Rg  26.9 A, potential   264.26
 2600 / 50000 elapsed  7 system 1.00 temp  -1.0 hbonds, Rg  25.2 A, potential   271.96
 2700 / 50000 elapsed  4 system 0.91 temp  -1.0 hbonds, Rg  30.5 A, potential   237.18
 2700 / 50000 elapsed  3 system 0.88 temp  -1.0 hbonds, Rg  20.1 A, potential   221.38
 2500 / 50000 elapsed  1 system 0.83 temp  -1.0 hbonds, Rg  22.5 A, potential   220.85
 2600 / 50000 elapsed  0 system 0.80 temp  -1.0 hbonds, Rg  29.0 A, potential   214.82
 2600 / 50000 elapsed  5 system 0.94 temp  -1.0 hbonds, Rg  25.5 A, potential   250.66
 2600 / 50000 elapsed  6 system 0.97 temp  -1.0 hbonds, Rg  25.4 A, potential   270.67
 2800 / 50000 elapsed  2 system 0.85 temp  -1.0 hbonds, Rg  22.3 A, potential   211.00
 2700 / 50000 elapsed  7 system 1.00 temp  -1.0 hbonds, Rg  27.2 A, potential   284.91
 2800 / 50000 elapsed  4 system 0.91 temp  -1.0 hbonds, Rg  36.6 A, potential   238.90
 2800 / 50000 elapsed  3 system 0.88 temp  -1.0 hbonds, Rg  20.3 A, potential   221.37
 2600 / 50000 elapsed  1 system 0.83 temp  -1.0 hbonds, Rg  21.9 A, potential   246.94
 2700 / 50000 elapsed  0 system 0.80 temp  -1.0 hbonds, Rg  29.0 A, potential   210.68
 2900 / 50000 elapsed  2 system 0.85 temp  -1.0 hbonds, Rg  23.0 A, potential   220.76
 2700 / 50000 elapsed  6 system 0.97 temp  -1.0 hbonds, Rg  24.5 A, potential   270.56
 2700 / 50000 elapsed  5 system 0.94 temp  -1.0 hbonds, Rg  25.3 A, potential   276.08
 2900 / 50000 elapsed  4 system 0.91 temp  -1.0 hbonds, Rg  36.2 A, potential   229.65
 2800 / 50000 elapsed  7 system 1.00 temp  -1.0 hbonds, Rg  25.4 A, potential   303.67
 2900 / 50000 elapsed  3 system 0.88 temp  -1.0 hbonds, Rg  19.1 A, potential   253.77
 2800 / 50000 elapsed  0 system 0.80 temp  -1.0 hbonds, Rg  30.1 A, potential   214.76
 2700 / 50000 elapsed  1 system 0.83 temp  -1.0 hbonds, Rg  20.8 A, potential   217.36
 2800 / 50000 elapsed  5 system 0.94 temp  -1.0 hbonds, Rg  25.4 A, potential   266.05
 3000 / 50000 elapsed  2 system 0.85 temp  -1.0 hbonds, Rg  25.9 A, potential   220.86
 2900 / 50000 elapsed  7 system 1.00 temp  -1.0 hbonds, Rg  27.2 A, potential   271.06
 2800 / 50000 elapsed  6 system 0.97 temp  -1.0 hbonds, Rg  23.4 A, potential   258.21
 3000 / 50000 elapsed  3 system 0.88 temp  -1.0 hbonds, Rg  19.9 A, potential   244.16
 3000 / 50000 elapsed  4 system 0.91 temp  -1.0 hbonds, Rg  37.2 A, potential   244.64
 2900 / 50000 elapsed  0 system 0.80 temp  -1.0 hbonds, Rg  28.4 A, potential   216.50
 2900 / 50000 elapsed  5 system 0.94 temp  -1.0 hbonds, Rg  24.2 A, potential   283.02
 2800 / 50000 elapsed  1 system 0.83 temp  -1.0 hbonds, Rg  19.1 A, potential   216.90
 3000 / 50000 elapsed  7 system 1.00 temp  -1.0 hbonds, Rg  28.9 A, potential   256.22
 3100 / 50000 elapsed  3 system 0.88 temp  -1.0 hbonds, Rg  19.2 A, potential   245.24
 3100 / 50000 elapsed  2 system 0.85 temp  -1.0 hbonds, Rg  26.3 A, potential   221.37
 2900 / 50000 elapsed  6 system 0.97 temp  -1.0 hbonds, Rg  24.1 A, potential   290.07
 3000 / 50000 elapsed  0 system 0.80 temp  -1.0 hbonds, Rg  29.6 A, potential   205.31
 3100 / 50000 elapsed  4 system 0.91 temp  -1.0 hbonds, Rg  39.6 A, potential   255.99
 3000 / 50000 elapsed  5 system 0.94 temp  -1.0 hbonds, Rg  23.9 A, potential   291.09
 2900 / 50000 elapsed  1 system 0.83 temp  -1.0 hbonds, Rg  20.0 A, potential   209.15
 3200 / 50000 elapsed  2 system 0.85 temp  -1.0 hbonds, Rg  29.3 A, potential   229.82
 3100 / 50000 elapsed  7 system 1.00 temp  -1.0 hbonds, Rg  32.1 A, potential   290.81
 3200 / 50000 elapsed  3 system 0.88 temp  -1.0 hbonds, Rg  19.6 A, potential   239.15
 3000 / 50000 elapsed  6 system 0.97 temp  -1.0 hbonds, Rg  23.6 A, potential   258.29
 3100 / 50000 elapsed  0 system 0.80 temp  -1.0 hbonds, Rg  29.7 A, potential   212.31
 3200 / 50000 elapsed  4 system 0.91 temp  -1.0 hbonds, Rg  39.4 A, potential   242.10
 3000 / 50000 elapsed  1 system 0.83 temp  -1.0 hbonds, Rg  22.6 A, potential   260.75
 3100 / 50000 elapsed  5 system 0.94 temp  -1.0 hbonds, Rg  23.2 A, potential   291.19
 3200 / 50000 elapsed  7 system 1.00 temp  -1.0 hbonds, Rg  32.8 A, potential   274.42
 3300 / 50000 elapsed  3 system 0.88 temp  -1.0 hbonds, Rg  20.0 A, potential   220.45
 3300 / 50000 elapsed  2 system 0.85 temp  -1.0 hbonds, Rg  29.3 A, potential   220.05
 3200 / 50000 elapsed  0 system 0.80 temp  -1.0 hbonds, Rg  25.4 A, potential   191.86
 3100 / 50000 elapsed  6 system 0.97 temp  -1.0 hbonds, Rg  24.1 A, potential   287.66
 3300 / 50000 elapsed  4 system 0.91 temp  -1.0 hbonds, Rg  35.4 A, potential   242.66
 3100 / 50000 elapsed  1 system 0.83 temp  -1.0 hbonds, Rg  26.4 A, potential   215.06
 3300 / 50000 elapsed  7 system 1.00 temp  -1.0 hbonds, Rg  32.5 A, potential   282.75
 3300 / 50000 elapsed  0 system 0.80 temp  -1.0 hbonds, Rg  23.2 A, potential   205.35
 3400 / 50000 elapsed  3 system 0.88 temp  -1.0 hbonds, Rg  20.0 A, potential   274.97
 3200 / 50000 elapsed  5 system 0.94 temp  -1.0 hbonds, Rg  24.1 A, potential   266.75
 3200 / 50000 elapsed  6 system 0.97 temp  -1.0 hbonds, Rg  24.5 A, potential   285.86
 3400 / 50000 elapsed  2 system 0.85 temp  -1.0 hbonds, Rg  29.2 A, potential   226.75
 3200 / 50000 elapsed  1 system 0.83 temp  -1.0 hbonds, Rg  26.4 A, potential   236.18
 3400 / 50000 elapsed  7 system 1.00 temp  -1.0 hbonds, Rg  36.9 A, potential   281.88
 3400 / 50000 elapsed  4 system 0.91 temp  -1.0 hbonds, Rg  37.3 A, potential   228.71
 3400 / 50000 elapsed  0 system 0.80 temp  -1.0 hbonds, Rg  22.5 A, potential   221.88
 3500 / 50000 elapsed  3 system 0.88 temp  -1.0 hbonds, Rg  20.2 A, potential   248.65
 3300 / 50000 elapsed  5 system 0.94 temp  -1.0 hbonds, Rg  23.9 A, potential   263.26
 3500 / 50000 elapsed  2 system 0.85 temp  -1.0 hbonds, Rg  30.2 A, potential   204.65
 3300 / 50000 elapsed  6 system 0.97 temp  -1.0 hbonds, Rg  23.4 A, potential   273.33
 3300 / 50000 elapsed  1 system 0.83 temp  -1.0 hbonds, Rg  24.4 A, potential   212.00
 3500 / 50000 elapsed  7 system 1.00 temp  -1.0 hbonds, Rg  38.9 A, potential   299.04
 3500 / 50000 elapsed  0 system 0.80 temp  -1.0 hbonds, Rg  24.3 A, potential   247.60
 3500 / 50000 elapsed  4 system 0.91 temp  -1.0 hbonds, Rg  38.0 A, potential   267.30
 3600 / 50000 elapsed  2 system 0.85 temp  -1.0 hbonds, Rg  30.3 A, potential   224.08
 3600 / 50000 elapsed  3 system 0.88 temp  -1.0 hbonds, Rg  21.8 A, potential   226.28
 3400 / 50000 elapsed  5 system 0.94 temp  -1.0 hbonds, Rg  21.6 A, potential   279.73
 3400 / 50000 elapsed  1 system 0.83 temp  -1.0 hbonds, Rg  22.0 A, potential   229.63
 3400 / 50000 elapsed  6 system 0.97 temp  -1.0 hbonds, Rg  24.6 A, potential   290.41
 3600 / 50000 elapsed  0 system 0.80 temp  -1.0 hbonds, Rg  23.8 A, potential   239.38
 3600 / 50000 elapsed  7 system 1.00 temp  -1.0 hbonds, Rg  37.1 A, potential   291.09
 3600 / 50000 elapsed  4 system 0.91 temp  -1.0 hbonds, Rg  37.1 A, potential   229.34
 3700 / 50000 elapsed  2 system 0.85 temp  -1.0 hbonds, Rg  29.9 A, potential   214.41
 3700 / 50000 elapsed  3 system 0.88 temp  -1.0 hbonds, Rg  24.5 A, potential   224.82
 3500 / 50000 elapsed  5 system 0.94 temp  -1.0 hbonds, Rg  22.3 A, potential   233.81
 3700 / 50000 elapsed  0 system 0.80 temp  -1.0 hbonds, Rg  24.4 A, potential   207.15
 3500 / 50000 elapsed  1 system 0.83 temp  -1.0 hbonds, Rg  22.5 A, potential   222.17
 3500 / 50000 elapsed  6 system 0.97 temp  -1.0 hbonds, Rg  22.8 A, potential   268.27
 3700 / 50000 elapsed  7 system 1.00 temp  -1.0 hbonds, Rg  36.1 A, potential   275.99
 3700 / 50000 elapsed  4 system 0.91 temp  -1.0 hbonds, Rg  37.4 A, potential   271.19
 3800 / 50000 elapsed  3 system 0.88 temp  -1.0 hbonds, Rg  24.8 A, potential   205.86
 3800 / 50000 elapsed  2 system 0.85 temp  -1.0 hbonds, Rg  30.4 A, potential   256.67
 3600 / 50000 elapsed  5 system 0.94 temp  -1.0 hbonds, Rg  20.8 A, potential   284.83
 3800 / 50000 elapsed  0 system 0.80 temp  -1.0 hbonds, Rg  24.6 A, potential   193.83
 3600 / 50000 elapsed  1 system 0.83 temp  -1.0 hbonds, Rg  24.3 A, potential   189.58
 3600 / 50000 elapsed  6 system 0.97 temp  -1.0 hbonds, Rg  21.6 A, potential   265.25
 3800 / 50000 elapsed  7 system 1.00 temp  -1.0 hbonds, Rg  33.1 A, potential   281.60
 3800 / 50000 elapsed  4 system 0.91 temp  -1.0 hbonds, Rg  38.0 A, potential   219.55
 3900 / 50000 elapsed  3 system 0.88 temp  -1.0 hbonds, Rg  24.9 A, potential   238.93
 3900 / 50000 elapsed  2 system 0.85 temp  -1.0 hbonds, Rg  31.5 A, potential   233.46
 3700 / 50000 elapsed  5 system 0.94 temp  -1.0 hbonds, Rg  21.6 A, potential   265.79
 3900 / 50000 elapsed  0 system 0.80 temp  -1.0 hbonds, Rg  24.9 A, potential   181.07
 3700 / 50000 elapsed  1 system 0.83 temp  -1.0 hbonds, Rg  25.8 A, potential   213.47
 3700 / 50000 elapsed  6 system 0.97 temp  -1.0 hbonds, Rg  21.0 A, potential   309.69
 3900 / 50000 elapsed  4 system 0.91 temp  -1.0 hbonds, Rg  39.7 A, potential   218.32
 3900 / 50000 elapsed  7 system 1.00 temp  -1.0 hbonds, Rg  31.3 A, potential   336.87
 4000 / 50000 elapsed  3 system 0.88 temp  -1.0 hbonds, Rg  26.4 A, potential   214.92
 4000 / 50000 elapsed  2 system 0.85 temp  -1.0 hbonds, Rg  30.9 A, potential   228.41
 3800 / 50000 elapsed  5 system 0.94 temp  -1.0 hbonds, Rg  23.9 A, potential   246.63
 3800 / 50000 elapsed  1 system 0.83 temp  -1.0 hbonds, Rg  24.2 A, potential   236.68
 4000 / 50000 elapsed  0 system 0.80 temp  -1.0 hbonds, Rg  26.2 A, potential   222.81
 4000 / 50000 elapsed  4 system 0.91 temp  -1.0 hbonds, Rg  37.8 A, potential   227.85
 3800 / 50000 elapsed  6 system 0.97 temp  -1.0 hbonds, Rg  21.0 A, potential   279.95
 4000 / 50000 elapsed  7 system 1.00 temp  -1.0 hbonds, Rg  30.6 A, potential   327.93
 4100 / 50000 elapsed  3 system 0.88 temp  -1.0 hbonds, Rg  25.4 A, potential   252.14
 3900 / 50000 elapsed  5 system 0.94 temp  -1.0 hbonds, Rg  22.5 A, potential   249.64
 4100 / 50000 elapsed  2 system 0.85 temp  -1.0 hbonds, Rg  31.2 A, potential   242.59
 4100 / 50000 elapsed  4 system 0.91 temp  -1.0 hbonds, Rg  33.5 A, potential   270.32
 4100 / 50000 elapsed  0 system 0.80 temp  -1.0 hbonds, Rg  25.1 A, potential   193.63
 3900 / 50000 elapsed  1 system 0.83 temp  -1.0 hbonds, Rg  25.1 A, potential   227.10
 4100 / 50000 elapsed  7 system 1.00 temp  -1.0 hbonds, Rg  35.1 A, potential   315.29
 3900 / 50000 elapsed  6 system 0.97 temp  -1.0 hbonds, Rg  20.3 A, potential   270.44
 4200 / 50000 elapsed  3 system 0.88 temp  -1.0 hbonds, Rg  27.2 A, potential   255.59
 4000 / 50000 elapsed  5 system 0.94 temp  -1.0 hbonds, Rg  24.3 A, potential   220.57
 4200 / 50000 elapsed  4 system 0.91 temp  -1.0 hbonds, Rg  30.1 A, potential   267.91
 4200 / 50000 elapsed  2 system 0.85 temp  -1.0 hbonds, Rg  30.2 A, potential   231.09
 4000 / 50000 elapsed  1 system 0.83 temp  -1.0 hbonds, Rg  24.4 A, potential   197.89
 4200 / 50000 elapsed  0 system 0.80 temp  -1.0 hbonds, Rg  25.6 A, potential   198.25
 4200 / 50000 elapsed  7 system 1.00 temp  -1.0 hbonds, Rg  31.9 A, potential   256.37
 4000 / 50000 elapsed  6 system 0.97 temp  -1.0 hbonds, Rg  21.6 A, potential   262.68
 4300 / 50000 elapsed  3 system 0.88 temp  -1.0 hbonds, Rg  26.7 A, potential   218.81
 4100 / 50000 elapsed  5 system 0.94 temp  -1.0 hbonds, Rg  24.3 A, potential   247.10
 4300 / 50000 elapsed  4 system 0.91 temp  -1.0 hbonds, Rg  32.4 A, potential   276.14
 4100 / 50000 elapsed  1 system 0.83 temp  -1.0 hbonds, Rg  24.3 A, potential   216.65
 4300 / 50000 elapsed  2 system 0.85 temp  -1.0 hbonds, Rg  29.5 A, potential   237.75
 4300 / 50000 elapsed  0 system 0.80 temp  -1.0 hbonds, Rg  24.5 A, potential   189.26
 4300 / 50000 elapsed  7 system 1.00 temp  -1.0 hbonds, Rg  28.8 A, potential   290.59
 4100 / 50000 elapsed  6 system 0.97 temp  -1.0 hbonds, Rg  21.8 A, potential   237.00
 4200 / 50000 elapsed  5 system 0.94 temp  -1.0 hbonds, Rg  20.6 A, potential   261.99
 4400 / 50000 elapsed  3 system 0.88 temp  -1.0 hbonds, Rg  28.3 A, potential   243.14
 4200 / 50000 elapsed  1 system 0.83 temp  -1.0 hbonds, Rg  27.3 A, potential   197.79
 4400 / 50000 elapsed  4 system 0.91 temp  -1.0 hbonds, Rg  31.0 A, potential   246.27
 4400 / 50000 elapsed  0 system 0.80 temp  -1.0 hbonds, Rg  25.2 A, potential   211.41
 4400 / 50000 elapsed  2 system 0.85 temp  -1.0 hbonds, Rg  28.4 A, potential   229.51
 4400 / 50000 elapsed  7 system 1.00 temp  -1.0 hbonds, Rg  28.9 A, potential   306.63
 4200 / 50000 elapsed  6 system 0.97 temp  -1.0 hbonds, Rg  21.9 A, potential   327.42
 4500 / 50000 elapsed  3 system 0.88 temp  -1.0 hbonds, Rg  29.1 A, potential   248.18
 4300 / 50000 elapsed  5 system 0.94 temp  -1.0 hbonds, Rg  21.4 A, potential   246.98
 4300 / 50000 elapsed  1 system 0.83 temp  -1.0 hbonds, Rg  26.7 A, potential   206.32
 4500 / 50000 elapsed  2 system 0.85 temp  -1.0 hbonds, Rg  28.9 A, potential   220.20
 4500 / 50000 elapsed  0 system 0.80 temp  -1.0 hbonds, Rg  27.4 A, potential   213.48
 4500 / 50000 elapsed  4 system 0.91 temp  -1.0 hbonds, Rg  31.3 A, potential   260.45
 4500 / 50000 elapsed  7 system 1.00 temp  -1.0 hbonds, Rg  30.1 A, potential   331.50
 4300 / 50000 elapsed  6 system 0.97 temp  -1.0 hbonds, Rg  20.9 A, potential   294.33
 4600 / 50000 elapsed  3 system 0.88 temp  -1.0 hbonds, Rg  31.0 A, potential   230.75
 4400 / 50000 elapsed  5 system 0.94 temp  -1.0 hbonds, Rg  20.6 A, potential   253.00
 4400 / 50000 elapsed  1 system 0.83 temp  -1.0 hbonds, Rg  26.6 A, potential   218.31
 4600 / 50000 elapsed  2 system 0.85 temp  -1.0 hbonds, Rg  28.5 A, potential   204.12
 4400 / 50000 elapsed  6 system 0.97 temp  -1.0 hbonds, Rg  20.4 A, potential   263.60
 4600 / 50000 elapsed  0 system 0.80 temp  -1.0 hbonds, Rg  25.9 A, potential   211.73
 4600 / 50000 elapsed  4 system 0.91 temp  -1.0 hbonds, Rg  33.0 A, potential   258.82
 4600 / 50000 elapsed  7 system 1.00 temp  -1.0 hbonds, Rg  30.5 A, potential   260.03
 4700 / 50000 elapsed  3 system 0.88 temp  -1.0 hbonds, Rg  31.2 A, potential   221.93
 4500 / 50000 elapsed  5 system 0.94 temp  -1.0 hbonds, Rg  20.8 A, potential   258.29
 4500 / 50000 elapsed  1 system 0.83 temp  -1.0 hbonds, Rg  29.2 A, potential   231.01
 4700 / 50000 elapsed  2 system 0.85 temp  -1.0 hbonds, Rg  30.4 A, potential   213.54
 4500 / 50000 elapsed  6 system 0.97 temp  -1.0 hbonds, Rg  24.0 A, potential   252.52
 4700 / 50000 elapsed  4 system 0.91 temp  -1.0 hbonds, Rg  31.7 A, potential   262.58
 4700 / 50000 elapsed  7 system 1.00 temp  -1.0 hbonds, Rg  30.5 A, potential   269.09
 4700 / 50000 elapsed  0 system 0.80 temp  -1.0 hbonds, Rg  23.4 A, potential   204.38
 4800 / 50000 elapsed  3 system 0.88 temp  -1.0 hbonds, Rg  32.8 A, potential   238.31
 4600 / 50000 elapsed  5 system 0.94 temp  -1.0 hbonds, Rg  21.7 A, potential   291.19
 4600 / 50000 elapsed  1 system 0.83 temp  -1.0 hbonds, Rg  28.0 A, potential   223.93
 4600 / 50000 elapsed  6 system 0.97 temp  -1.0 hbonds, Rg  24.2 A, potential   304.79
 4800 / 50000 elapsed  4 system 0.91 temp  -1.0 hbonds, Rg  31.8 A, potential   269.63
 4800 / 50000 elapsed  2 system 0.85 temp  -1.0 hbonds, Rg  28.9 A, potential   218.00
 4800 / 50000 elapsed  7 system 1.00 temp  -1.0 hbonds, Rg  30.1 A, potential   299.42
 4800 / 50000 elapsed  0 system 0.80 temp  -1.0 hbonds, Rg  24.1 A, potential   221.72
 4900 / 50000 elapsed  3 system 0.88 temp  -1.0 hbonds, Rg  29.7 A, potential   221.67
 4700 / 50000 elapsed  1 system 0.83 temp  -1.0 hbonds, Rg  27.3 A, potential   200.02
 4900 / 50000 elapsed  2 system 0.85 temp  -1.0 hbonds, Rg  29.3 A, potential   241.12
 4900 / 50000 elapsed  4 system 0.91 temp  -1.0 hbonds, Rg  31.2 A, potential   258.26
 4700 / 50000 elapsed  5 system 0.94 temp  -1.0 hbonds, Rg  21.8 A, potential   259.12
 4700 / 50000 elapsed  6 system 0.97 temp  -1.0 hbonds, Rg  22.7 A, potential   298.16
 5000 / 50000 elapsed  3 system 0.88 temp  -1.0 hbonds, Rg  29.4 A, potential   242.56
 4900 / 50000 elapsed  7 system 1.00 temp  -1.0 hbonds, Rg  29.8 A, potential   294.00
 4900 / 50000 elapsed  0 system 0.80 temp  -1.0 hbonds, Rg  22.7 A, potential   239.64
 5000 / 50000 elapsed  2 system 0.85 temp  -1.0 hbonds, Rg  30.8 A, potential   237.74
 4800 / 50000 elapsed  1 system 0.83 temp  -1.0 hbonds, Rg  27.3 A, potential   189.73
 5000 / 50000 elapsed  4 system 0.91 temp  -1.0 hbonds, Rg  30.3 A, potential   241.82
 4800 / 50000 elapsed  5 system 0.94 temp  -1.0 hbonds, Rg  22.6 A, potential   247.51
 5000 / 50000 elapsed  7 system 1.00 temp  -1.0 hbonds, Rg  31.4 A, potential   272.75
 4800 / 50000 elapsed  6 system 0.97 temp  -1.0 hbonds, Rg  21.7 A, potential   307.71
 5100 / 50000 elapsed  3 system 0.88 temp  -1.0 hbonds, Rg  29.3 A, potential   227.50
 5000 / 50000 elapsed  0 system 0.80 temp  -1.0 hbonds, Rg  20.9 A, potential   211.59
 5100 / 50000 elapsed  2 system 0.85 temp  -1.0 hbonds, Rg  31.1 A, potential   249.68
 4900 / 50000 elapsed  1 system 0.83 temp  -1.0 hbonds, Rg  28.6 A, potential   223.83
 5100 / 50000 elapsed  4 system 0.91 temp  -1.0 hbonds, Rg  30.4 A, potential   243.23
 4900 / 50000 elapsed  5 system 0.94 temp  -1.0 hbonds, Rg  21.9 A, potential   259.33
 5100 / 50000 elapsed  7 system 1.00 temp  -1.0 hbonds, Rg  35.4 A, potential   287.25
 5100 / 50000 elapsed  0 system 0.80 temp  -1.0 hbonds, Rg  22.3 A, potential   230.77
 5200 / 50000 elapsed  3 system 0.88 temp  -1.0 hbonds, Rg  30.0 A, potential   241.13
 4900 / 50000 elapsed  6 system 0.97 temp  -1.0 hbonds, Rg  23.5 A, potential   274.00
 5200 / 50000 elapsed  2 system 0.85 temp  -1.0 hbonds, Rg  35.4 A, potential   252.90
 5200 / 50000 elapsed  4 system 0.91 temp  -1.0 hbonds, Rg  29.1 A, potential   255.63
 5000 / 50000 elapsed  5 system 0.94 temp  -1.0 hbonds, Rg  22.1 A, potential   261.53
 5200 / 50000 elapsed  7 system 1.00 temp  -1.0 hbonds, Rg  36.3 A, potential   297.14
 5000 / 50000 elapsed  1 system 0.83 temp  -1.0 hbonds, Rg  30.0 A, potential   201.20
 5200 / 50000 elapsed  0 system 0.80 temp  -1.0 hbonds, Rg  21.4 A, potential   227.06
 5300 / 50000 elapsed  3 system 0.88 temp  -1.0 hbonds, Rg  29.4 A, potential   259.69
 5000 / 50000 elapsed  6 system 0.97 temp  -1.0 hbonds, Rg  26.1 A, potential   273.39
 5300 / 50000 elapsed  2 system 0.85 temp  -1.0 hbonds, Rg  36.2 A, potential   218.21
 5100 / 50000 elapsed  5 system 0.94 temp  -1.0 hbonds, Rg  22.1 A, potential   246.57
 5300 / 50000 elapsed  7 system 1.00 temp  -1.0 hbonds, Rg  35.8 A, potential   302.35
 5300 / 50000 elapsed  4 system 0.91 temp  -1.0 hbonds, Rg  30.2 A, potential   246.36
 5100 / 50000 elapsed  1 system 0.83 temp  -1.0 hbonds, Rg  29.7 A, potential   237.51
 5400 / 50000 elapsed  3 system 0.88 temp  -1.0 hbonds, Rg  26.7 A, potential   234.64
 5300 / 50000 elapsed  0 system 0.80 temp  -1.0 hbonds, Rg  22.4 A, potential   206.88
 5100 / 50000 elapsed  6 system 0.97 temp  -1.0 hbonds, Rg  26.8 A, potential   268.99
 5400 / 50000 elapsed  4 system 0.91 temp  -1.0 hbonds, Rg  29.1 A, potential   216.18
 5200 / 50000 elapsed  5 system 0.94 temp  -1.0 hbonds, Rg  24.3 A, potential   269.91
 5400 / 50000 elapsed  2 system 0.85 temp  -1.0 hbonds, Rg  35.5 A, potential   223.83
 5500 / 50000 elapsed  3 system 0.88 temp  -1.0 hbonds, Rg  29.1 A, potential   272.68
 5400 / 50000 elapsed  7 system 1.00 temp  -1.0 hbonds, Rg  35.8 A, potential   287.84
 5200 / 50000 elapsed  1 system 0.83 temp  -1.0 hbonds, Rg  28.8 A, potential   206.10
 5200 / 50000 elapsed  6 system 0.97 temp  -1.0 hbonds, Rg  27.6 A, potential   282.73
 5400 / 50000 elapsed  0 system 0.80 temp  -1.0 hbonds, Rg  23.3 A, potential   229.91
 5500 / 50000 elapsed  4 system 0.91 temp  -1.0 hbonds, Rg  26.7 A, potential   249.91
 5300 / 50000 elapsed  5 system 0.94 temp  -1.0 hbonds, Rg  26.4 A, potential   252.58
 5500 / 50000 elapsed  7 system 1.00 temp  -1.0 hbonds, Rg  36.5 A, potential   295.21
 5600 / 50000 elapsed  3 system 0.88 temp  -1.0 hbonds, Rg  28.9 A, potential   246.09
 5500 / 50000 elapsed  2 system 0.85 temp  -1.0 hbonds, Rg  32.5 A, potential   239.52
 5300 / 50000 elapsed  6 system 0.97 temp  -1.0 hbonds, Rg  30.7 A, potential   284.92
 5300 / 50000 elapsed  1 system 0.83 temp  -1.0 hbonds, Rg  28.8 A, potential   224.57
 5500 / 50000 elapsed  0 system 0.80 temp  -1.0 hbonds, Rg  23.4 A, potential   199.39
 5600 / 50000 elapsed  4 system 0.91 temp  -1.0 hbonds, Rg  30.4 A, potential   289.16
 5400 / 50000 elapsed  5 system 0.94 temp  -1.0 hbonds, Rg  26.6 A, potential   286.15
 5600 / 50000 elapsed  7 system 1.00 temp  -1.0 hbonds, Rg  35.8 A, potential   256.64
 5700 / 50000 elapsed  3 system 0.88 temp  -1.0 hbonds, Rg  30.3 A, potential   222.55
 5600 / 50000 elapsed  2 system 0.85 temp  -1.0 hbonds, Rg  32.3 A, potential   232.25
 5600 / 50000 elapsed  0 system 0.80 temp  -1.0 hbonds, Rg  24.5 A, potential   239.78
 5400 / 50000 elapsed  6 system 0.97 temp  -1.0 hbonds, Rg  29.3 A, potential   268.36
 5400 / 50000 elapsed  1 system 0.83 temp  -1.0 hbonds, Rg  30.2 A, potential   216.02
 5700 / 50000 elapsed  4 system 0.91 temp  -1.0 hbonds, Rg  29.2 A, potential   283.24
 5500 / 50000 elapsed  5 system 0.94 temp  -1.0 hbonds, Rg  26.5 A, potential   243.03
 5700 / 50000 elapsed  7 system 1.00 temp  -1.0 hbonds, Rg  37.5 A, potential   302.68
 5800 / 50000 elapsed  3 system 0.88 temp  -1.0 hbonds, Rg  30.7 A, potential   271.29
 5500 / 50000 elapsed  6 system 0.97 temp  -1.0 hbonds, Rg  29.9 A, potential   288.90
 5700 / 50000 elapsed  0 system 0.80 temp  -1.0 hbonds, Rg  24.0 A, potential   235.89
 5700 / 50000 elapsed  2 system 0.85 temp  -1.0 hbonds, Rg  33.3 A, potential   222.45
 5500 / 50000 elapsed  1 system 0.83 temp  -1.0 hbonds, Rg  33.9 A, potential   237.87
 5600 / 50000 elapsed  5 system 0.94 temp  -1.0 hbonds, Rg  27.9 A, potential   272.39
 5800 / 50000 elapsed  7 system 1.00 temp  -1.0 hbonds, Rg  41.3 A, potential   242.29
 5800 / 50000 elapsed  4 system 0.91 temp  -1.0 hbonds, Rg  29.5 A, potential   250.80
 5800 / 50000 elapsed  2 system 0.85 temp  -1.0 hbonds, Rg  32.5 A, potential   257.52
 5900 / 50000 elapsed  3 system 0.88 temp  -1.0 hbonds, Rg  26.5 A, potential   227.66
 5600 / 50000 elapsed  1 system 0.83 temp  -1.0 hbonds, Rg  30.6 A, potential   223.04
 5600 / 50000 elapsed  6 system 0.97 temp  -1.0 hbonds, Rg  29.5 A, potential   275.26
 5800 / 50000 elapsed  0 system 0.80 temp  -1.0 hbonds, Rg  19.9 A, potential   229.97
 5700 / 50000 elapsed  5 system 0.94 temp  -1.0 hbonds, Rg  24.0 A, potential   266.46
 5900 / 50000 elapsed  7 system 1.00 temp  -1.0 hbonds, Rg  40.0 A, potential   331.86
 5900 / 50000 elapsed  4 system 0.91 temp  -1.0 hbonds, Rg  30.5 A, potential   279.51
 5900 / 50000 elapsed  2 system 0.85 temp  -1.0 hbonds, Rg  33.6 A, potential   233.93
 6000 / 50000 elapsed  3 system 0.88 temp  -1.0 hbonds, Rg  26.1 A, potential   238.75
 5700 / 50000 elapsed  1 system 0.83 temp  -1.0 hbonds, Rg  29.5 A, potential   227.95
 5700 / 50000 elapsed  6 system 0.97 temp  -1.0 hbonds, Rg  29.7 A, potential   263.73
 5900 / 50000 elapsed  0 system 0.80 temp  -1.0 hbonds, Rg  20.6 A, potential   236.81
 5800 / 50000 elapsed  5 system 0.94 temp  -1.0 hbonds, Rg  25.2 A, potential   289.18
 6000 / 50000 elapsed  7 system 1.00 temp  -1.0 hbonds, Rg  36.4 A, potential   293.78
 6000 / 50000 elapsed  2 system 0.85 temp  -1.0 hbonds, Rg  34.7 A, potential   234.55
 6000 / 50000 elapsed  4 system 0.91 temp  -1.0 hbonds, Rg  28.8 A, potential   244.43
 6100 / 50000 elapsed  3 system 0.88 temp  -1.0 hbonds, Rg  27.5 A, potential   253.54
 5800 / 50000 elapsed  1 system 0.83 temp  -1.0 hbonds, Rg  31.5 A, potential   251.60
 5900 / 50000 elapsed  5 system 0.94 temp  -1.0 hbonds, Rg  26.6 A, potential   268.51
 6000 / 50000 elapsed  0 system 0.80 temp  -1.0 hbonds, Rg  23.7 A, potential   240.84
 5800 / 50000 elapsed  6 system 0.97 temp  -1.0 hbonds, Rg  31.6 A, potential   256.51
 6100 / 50000 elapsed  7 system 1.00 temp  -1.0 hbonds, Rg  36.1 A, potential   295.83
 6200 / 50000 elapsed  3 system 0.88 temp  -1.0 hbonds, Rg  28.1 A, potential   243.44
 5900 / 50000 elapsed  1 system 0.83 temp  -1.0 hbonds, Rg  30.8 A, potential   239.02
 6100 / 50000 elapsed  2 system 0.85 temp  -1.0 hbonds, Rg  33.7 A, potential   217.68
 6000 / 50000 elapsed  5 system 0.94 temp  -1.0 hbonds, Rg  26.3 A, potential   253.58
 6100 / 50000 elapsed  4 system 0.91 temp  -1.0 hbonds, Rg  30.7 A, potential   257.40
 6200 / 50000 elapsed  7 system 1.00 temp  -1.0 hbonds, Rg  35.1 A, potential   273.86
 6100 / 50000 elapsed  0 system 0.80 temp  -1.0 hbonds, Rg  23.1 A, potential   185.02
 5900 / 50000 elapsed  6 system 0.97 temp  -1.0 hbonds, Rg  32.4 A, potential   271.67
 6000 / 50000 elapsed  1 system 0.83 temp  -1.0 hbonds, Rg  29.6 A, potential   212.11
 6200 / 50000 elapsed  2 system 0.85 temp  -1.0 hbonds, Rg  31.8 A, potential   259.95
 6301 / 50000 elapsed  3 system 0.88 temp  -1.0 hbonds, Rg  24.6 A, potential   235.13
 6100 / 50000 elapsed  5 system 0.94 temp  -1.0 hbonds, Rg  26.6 A, potential   234.59
 6200 / 50000 elapsed  4 system 0.91 temp  -1.0 hbonds, Rg  33.9 A, potential   235.40
 6301 / 50000 elapsed  7 system 1.00 temp  -1.0 hbonds, Rg  36.6 A, potential   288.76
 6200 / 50000 elapsed  0 system 0.80 temp  -1.0 hbonds, Rg  22.3 A, potential   220.85
 6000 / 50000 elapsed  6 system 0.97 temp  -1.0 hbonds, Rg  33.9 A, potential   306.47
 6301 / 50000 elapsed  2 system 0.85 temp  -1.0 hbonds, Rg  31.1 A, potential   247.01
 6100 / 50000 elapsed  1 system 0.83 temp  -1.0 hbonds, Rg  27.2 A, potential   212.33
 6401 / 50000 elapsed  3 system 0.88 temp  -1.0 hbonds, Rg  26.9 A, potential   252.07
 6200 / 50000 elapsed  5 system 0.94 temp  -1.0 hbonds, Rg  25.5 A, potential   277.73
 6301 / 50000 elapsed  0 system 0.80 temp  -1.0 hbonds, Rg  24.2 A, potential   209.74
 6401 / 50000 elapsed  7 system 1.00 temp  -1.0 hbonds, Rg  35.5 A, potential   295.19
 6301 / 50000 elapsed  4 system 0.91 temp  -1.0 hbonds, Rg  35.4 A, potential   269.78
 6401 / 50000 elapsed  2 system 0.85 temp  -1.0 hbonds, Rg  27.0 A, potential   222.23
 6100 / 50000 elapsed  6 system 0.97 temp  -1.0 hbonds, Rg  32.0 A, potential   273.47
 6200 / 50000 elapsed  1 system 0.83 temp  -1.0 hbonds, Rg  28.1 A, potential   232.07
 6501 / 50000 elapsed  7 system 1.00 temp  -1.0 hbonds, Rg  31.0 A, potential   240.97
 6401 / 50000 elapsed  0 system 0.80 temp  -1.0 hbonds, Rg  25.4 A, potential   228.03
 6501 / 50000 elapsed  3 system 0.88 temp  -1.0 hbonds, Rg  28.3 A, potential   243.78
 6301 / 50000 elapsed  5 system 0.94 temp  -1.0 hbonds, Rg  24.4 A, potential   284.28
 6401 / 50000 elapsed  4 system 0.91 temp  -1.0 hbonds, Rg  36.6 A, potential   293.06
 6501 / 50000 elapsed  2 system 0.85 temp  -1.0 hbonds, Rg  26.1 A, potential   213.96
 6301 / 50000 elapsed  1 system 0.83 temp  -1.0 hbonds, Rg  29.1 A, potential   233.44
 6200 / 50000 elapsed  6 system 0.97 temp  -1.0 hbonds, Rg  30.3 A, potential   271.62
 6401 / 50000 elapsed  5 system 0.94 temp  -1.0 hbonds, Rg  22.7 A, potential   279.85
 6501 / 50000 elapsed  0 system 0.80 temp  -1.0 hbonds, Rg  25.1 A, potential   232.59
 6601 / 50000 elapsed  7 system 1.00 temp  -1.0 hbonds, Rg  31.1 A, potential   272.25
 6601 / 50000 elapsed  3 system 0.88 temp  -1.0 hbonds, Rg  29.9 A, potential   242.02
 6501 / 50000 elapsed  4 system 0.91 temp  -1.0 hbonds, Rg  37.5 A, potential   264.61
 6601 / 50000 elapsed  2 system 0.85 temp  -1.0 hbonds, Rg  26.6 A, potential   240.96
 6401 / 50000 elapsed  1 system 0.83 temp  -1.0 hbonds, Rg  28.1 A, potential   242.23
 6301 / 50000 elapsed  6 system 0.97 temp  -1.0 hbonds, Rg  30.5 A, potential   330.75
 6501 / 50000 elapsed  5 system 0.94 temp  -1.0 hbonds, Rg  20.2 A, potential   289.08
 6601 / 50000 elapsed  0 system 0.80 temp  -1.0 hbonds, Rg  24.8 A, potential   208.79
 6701 / 50000 elapsed  3 system 0.88 temp  -1.0 hbonds, Rg  27.6 A, potential   283.39
 6601 / 50000 elapsed  4 system 0.91 temp  -1.0 hbonds, Rg  36.9 A, potential   258.62
 6701 / 50000 elapsed  7 system 1.00 temp  -1.0 hbonds, Rg  30.5 A, potential   302.74
 6501 / 50000 elapsed  1 system 0.83 temp  -1.0 hbonds, Rg  28.5 A, potential   217.07
 6701 / 50000 elapsed  2 system 0.85 temp  -1.0 hbonds, Rg  25.4 A, potential   234.16
 6601 / 50000 elapsed  5 system 0.94 temp  -1.0 hbonds, Rg  22.0 A, potential   240.17
 6701 / 50000 elapsed  0 system 0.80 temp  -1.0 hbonds, Rg  23.6 A, potential   210.97
 6801 / 50000 elapsed  3 system 0.88 temp  -1.0 hbonds, Rg  27.4 A, potential   261.86
 6401 / 50000 elapsed  6 system 0.97 temp  -1.0 hbonds, Rg  31.8 A, potential   268.62
 6701 / 50000 elapsed  4 system 0.91 temp  -1.0 hbonds, Rg  36.5 A, potential   268.73
 6601 / 50000 elapsed  1 system 0.83 temp  -1.0 hbonds, Rg  28.7 A, potential   233.86
 6801 / 50000 elapsed  7 system 1.00 temp  -1.0 hbonds, Rg  29.0 A, potential   311.22
 6801 / 50000 elapsed  2 system 0.85 temp  -1.0 hbonds, Rg  27.4 A, potential   235.10
 6701 / 50000 elapsed  5 system 0.94 temp  -1.0 hbonds, Rg  23.8 A, potential   278.06
 6901 / 50000 elapsed  3 system 0.88 temp  -1.0 hbonds, Rg  27.7 A, potential   244.03
 6801 / 50000 elapsed  0 system 0.80 temp  -1.0 hbonds, Rg  24.6 A, potential   203.72
 6501 / 50000 elapsed  6 system 0.97 temp  -1.0 hbonds, Rg  30.9 A, potential   275.59
 6801 / 50000 elapsed  4 system 0.91 temp  -1.0 hbonds, Rg  33.1 A, potential   219.13
 6901 / 50000 elapsed  7 system 1.00 temp  -1.0 hbonds, Rg  25.4 A, potential   275.15
 6701 / 50000 elapsed  1 system 0.83 temp  -1.0 hbonds, Rg  27.5 A, potential   222.66
 6901 / 50000 elapsed  2 system 0.85 temp  -1.0 hbonds, Rg  28.2 A, potential   237.67
 6801 / 50000 elapsed  5 system 0.94 temp  -1.0 hbonds, Rg  22.0 A, potential   274.65
 6601 / 50000 elapsed  6 system 0.97 temp  -1.0 hbonds, Rg  33.1 A, potential   250.12
 7001 / 50000 elapsed  3 system 0.88 temp  -1.0 hbonds, Rg  28.0 A, potential   241.03
 6901 / 50000 elapsed  0 system 0.80 temp  -1.0 hbonds, Rg  26.0 A, potential   234.63
 6901 / 50000 elapsed  4 system 0.91 temp  -1.0 hbonds, Rg  33.8 A, potential   245.14
 7001 / 50000 elapsed  7 system 1.00 temp  -1.0 hbonds, Rg  25.5 A, potential   296.45
 6801 / 50000 elapsed  1 system 0.83 temp  -1.0 hbonds, Rg  28.2 A, potential   220.14
 7001 / 50000 elapsed  2 system 0.85 temp  -1.0 hbonds, Rg  27.3 A, potential   228.77
 6701 / 50000 elapsed  6 system 0.97 temp  -1.0 hbonds, Rg  33.2 A, potential   267.85
 7101 / 50000 elapsed  3 system 0.88 temp  -1.0 hbonds, Rg  25.7 A, potential   269.12
 6901 / 50000 elapsed  5 system 0.94 temp  -1.0 hbonds, Rg  21.3 A, potential   235.60
 7101 / 50000 elapsed  7 system 1.00 temp  -1.0 hbonds, Rg  23.9 A, potential   314.04
 7001 / 50000 elapsed  0 system 0.80 temp  -1.0 hbonds, Rg  26.2 A, potential   231.24
 7001 / 50000 elapsed  4 system 0.91 temp  -1.0 hbonds, Rg  33.8 A, potential   255.14
 7101 / 50000 elapsed  2 system 0.85 temp  -1.0 hbonds, Rg  27.8 A, potential   217.06
 6901 / 50000 elapsed  1 system 0.83 temp  -1.0 hbonds, Rg  27.8 A, potential   203.09
 6801 / 50000 elapsed  6 system 0.97 temp  -1.0 hbonds, Rg  31.5 A, potential   267.98
 7201 / 50000 elapsed  3 system 0.88 temp  -1.0 hbonds, Rg  22.9 A, potential   223.90
 7001 / 50000 elapsed  5 system 0.94 temp  -1.0 hbonds, Rg  20.4 A, potential   300.89
 7201 / 50000 elapsed  7 system 1.00 temp  -1.0 hbonds, Rg  23.7 A, potential   298.97
 7101 / 50000 elapsed  4 system 0.91 temp  -1.0 hbonds, Rg  34.8 A, potential   243.01
 7101 / 50000 elapsed  0 system 0.80 temp  -1.0 hbonds, Rg  27.4 A, potential   226.70
 7201 / 50000 elapsed  2 system 0.85 temp  -1.0 hbonds, Rg  27.3 A, potential   239.60
 6901 / 50000 elapsed  6 system 0.97 temp  -1.0 hbonds, Rg  31.2 A, potential   285.56
 7001 / 50000 elapsed  1 system 0.83 temp  -1.0 hbonds, Rg  29.1 A, potential   216.35
 7301 / 50000 elapsed  3 system 0.88 temp  -1.0 hbonds, Rg  21.8 A, potential   227.89
 7101 / 50000 elapsed  5 system 0.94 temp  -1.0 hbonds, Rg  20.1 A, potential   267.72
 7301 / 50000 elapsed  7 system 1.00 temp  -1.0 hbonds, Rg  23.7 A, potential   266.79
 7301 / 50000 elapsed  2 system 0.85 temp  -1.0 hbonds, Rg  28.2 A, potential   223.00
 7201 / 50000 elapsed  4 system 0.91 temp  -1.0 hbonds, Rg  36.3 A, potential   253.26
 7201 / 50000 elapsed  0 system 0.80 temp  -1.0 hbonds, Rg  27.6 A, potential   190.75
 7001 / 50000 elapsed  6 system 0.97 temp  -1.0 hbonds, Rg  29.2 A, potential   285.75
 7401 / 50000 elapsed  3 system 0.88 temp  -1.0 hbonds, Rg  23.5 A, potential   220.93
 7101 / 50000 elapsed  1 system 0.83 temp  -1.0 hbonds, Rg  27.7 A, potential   228.32
 7201 / 50000 elapsed  5 system 0.94 temp  -1.0 hbonds, Rg  19.3 A, potential   259.29
 7401 / 50000 elapsed  2 system 0.85 temp  -1.0 hbonds, Rg  26.9 A, potential   218.61
 7401 / 50000 elapsed  7 system 1.00 temp  -1.0 hbonds, Rg  22.4 A, potential   287.24
 7101 / 50000 elapsed  6 system 0.97 temp  -1.0 hbonds, Rg  30.7 A, potential   278.83
 7301 / 50000 elapsed  4 system 0.91 temp  -1.0 hbonds, Rg  36.6 A, potential   243.94
 7501 / 50000 elapsed  3 system 0.88 temp  -1.0 hbonds, Rg  26.7 A, potential   226.22
 7301 / 50000 elapsed  0 system 0.80 temp  -1.0 hbonds, Rg  28.4 A, potential   238.49
 7201 / 50000 elapsed  1 system 0.83 temp  -1.0 hbonds, Rg  30.2 A, potential   240.62
 7301 / 50000 elapsed  5 system 0.94 temp  -1.0 hbonds, Rg  19.3 A, potential   265.19
 7501 / 50000 elapsed  2 system 0.85 temp  -1.0 hbonds, Rg  27.3 A, potential   223.96
 7601 / 50000 elapsed  3 system 0.88 temp  -1.0 hbonds, Rg  23.2 A, potential   235.98
 7501 / 50000 elapsed  7 system 1.00 temp  -1.0 hbonds, Rg  20.5 A, potential   282.06
 7201 / 50000 elapsed  6 system 0.97 temp  -1.0 hbonds, Rg  33.4 A, potential   294.82
 7301 / 50000 elapsed  1 system 0.83 temp  -1.0 hbonds, Rg  27.9 A, potential   206.18
 7401 / 50000 elapsed  4 system 0.91 temp  -1.0 hbonds, Rg  35.6 A, potential   260.20
 7401 / 50000 elapsed  5 system 0.94 temp  -1.0 hbonds, Rg  20.1 A, potential   251.86
 7401 / 50000 elapsed  0 system 0.80 temp  -1.0 hbonds, Rg  28.7 A, potential   215.76
 7601 / 50000 elapsed  2 system 0.85 temp  -1.0 hbonds, Rg  26.7 A, potential   232.97
 7701 / 50000 elapsed  3 system 0.88 temp  -1.0 hbonds, Rg  25.8 A, potential   247.54
 7601 / 50000 elapsed  7 system 1.00 temp  -1.0 hbonds, Rg  23.7 A, potential   267.00
 7301 / 50000 elapsed  6 system 0.97 temp  -1.0 hbonds, Rg  33.7 A, potential   268.63
 7501 / 50000 elapsed  5 system 0.94 temp  -1.0 hbonds, Rg  20.0 A, potential   270.51
 7501 / 50000 elapsed  4 system 0.91 temp  -1.0 hbonds, Rg  32.8 A, potential   246.09
 7401 / 50000 elapsed  1 system 0.83 temp  -1.0 hbonds, Rg  28.7 A, potential   223.28
 7501 / 50000 elapsed  0 system 0.80 temp  -1.0 hbonds, Rg  29.8 A, potential   203.86
 7701 / 50000 elapsed  2 system 0.85 temp  -1.0 hbonds, Rg  25.9 A, potential   206.96
 7801 / 50000 elapsed  3 system 0.88 temp  -1.0 hbonds, Rg  25.5 A, potential   258.75
 7701 / 50000 elapsed  7 system 1.00 temp  -1.0 hbonds, Rg  26.9 A, potential   303.11
 7401 / 50000 elapsed  6 system 0.97 temp  -1.0 hbonds, Rg  32.0 A, potential   273.86
 7601 / 50000 elapsed  5 system 0.94 temp  -1.0 hbonds, Rg  20.7 A, potential   268.68
 7601 / 50000 elapsed  4 system 0.91 temp  -1.0 hbonds, Rg  32.2 A, potential   253.69
 7501 / 50000 elapsed  1 system 0.83 temp  -1.0 hbonds, Rg  29.5 A, potential   253.73
 7601 / 50000 elapsed  0 system 0.80 temp  -1.0 hbonds, Rg  30.4 A, potential   218.99
 7901 / 50000 elapsed  3 system 0.88 temp  -1.0 hbonds, Rg  25.5 A, potential   267.35
 7801 / 50000 elapsed  7 system 1.00 temp  -1.0 hbonds, Rg  28.5 A, potential   309.77
 7801 / 50000 elapsed  2 system 0.85 temp  -1.0 hbonds, Rg  26.5 A, potential   255.59
 7701 / 50000 elapsed  5 system 0.94 temp  -1.0 hbonds, Rg  20.6 A, potential   283.70
 7501 / 50000 elapsed  6 system 0.97 temp  -1.0 hbonds, Rg  32.4 A, potential   258.80
 7701 / 50000 elapsed  4 system 0.91 temp  -1.0 hbonds, Rg  33.1 A, potential   249.47
 7601 / 50000 elapsed  1 system 0.83 temp  -1.0 hbonds, Rg  29.2 A, potential   241.23
 8001 / 50000 elapsed  3 system 0.88 temp  -1.0 hbonds, Rg  25.8 A, potential   245.20
 7701 / 50000 elapsed  0 system 0.80 temp  -1.0 hbonds, Rg  29.9 A, potential   238.39
 7901 / 50000 elapsed  2 system 0.85 temp  -1.0 hbonds, Rg  25.9 A, potential   259.07
 7801 / 50000 elapsed  5 system 0.94 temp  -1.0 hbonds, Rg  20.3 A, potential   310.30
 7901 / 50000 elapsed  7 system 1.00 temp  -1.0 hbonds, Rg  27.3 A, potential   309.41
 7601 / 50000 elapsed  6 system 0.97 temp  -1.0 hbonds, Rg  32.7 A, potential   262.33
 7701 / 50000 elapsed  1 system 0.83 temp  -1.0 hbonds, Rg  29.8 A, potential   199.23
 8101 / 50000 elapsed  3 system 0.88 temp  -1.0 hbonds, Rg  25.4 A, potential   250.03
 7801 / 50000 elapsed  4 system 0.91 temp  -1.0 hbonds, Rg  31.4 A, potential   255.30
 7901 / 50000 elapsed  5 system 0.94 temp  -1.0 hbonds, Rg  20.6 A, potential   240.54
 8001 / 50000 elapsed  2 system 0.85 temp  -1.0 hbonds, Rg  24.1 A, potential   236.36
 7801 / 50000 elapsed  0 system 0.80 temp  -1.0 hbonds, Rg  30.0 A, potential   220.87
 8001 / 50000 elapsed  7 system 1.00 temp  -1.0 hbonds, Rg  26.4 A, potential   285.94
 7701 / 50000 elapsed  6 system 0.97 temp  -1.0 hbonds, Rg  32.3 A, potential   287.22
 7801 / 50000 elapsed  1 system 0.83 temp  -1.0 hbonds, Rg  30.8 A, potential   211.65
 8201 / 50000 elapsed  3 system 0.88 temp  -1.0 hbonds, Rg  26.2 A, potential   230.18
 7901 / 50000 elapsed  4 system 0.91 temp  -1.0 hbonds, Rg  33.5 A, potential   225.80
 8101 / 50000 elapsed  2 system 0.85 temp  -1.0 hbonds, Rg  23.0 A, potential   263.04
 8001 / 50000 elapsed  5 system 0.94 temp  -1.0 hbonds, Rg  20.9 A, potential   272.13
 7901 / 50000 elapsed  0 system 0.80 temp  -1.0 hbonds, Rg  30.1 A, potential   239.24
 7801 / 50000 elapsed  6 system 0.97 temp  -1.0 hbonds, Rg  31.6 A, potential   271.72
 8101 / 50000 elapsed  7 system 1.00 temp  -1.0 hbonds, Rg  26.2 A, potential   321.94
 8301 / 50000 elapsed  3 system 0.88 temp  -1.0 hbonds, Rg  25.5 A, potential   249.60
 7901 / 50000 elapsed  1 system 0.83 temp  -1.0 hbonds, Rg  33.0 A, potential   236.50
 8201 / 50000 elapsed  2 system 0.85 temp  -1.0 hbonds, Rg  24.5 A, potential   205.33
 8001 / 50000 elapsed  4 system 0.91 temp  -1.0 hbonds, Rg  33.8 A, potential   242.10
 8101 / 50000 elapsed  5 system 0.94 temp  -1.0 hbonds, Rg  19.8 A, potential   285.55
 7901 / 50000 elapsed  6 system 0.97 temp  -1.0 hbonds, Rg  31.2 A, potential   247.79
 8001 / 50000 elapsed  0 system 0.80 temp  -1.0 hbonds, Rg  27.8 A, potential   180.36
 8201 / 50000 elapsed  7 system 1.00 temp  -1.0 hbonds, Rg  26.7 A, potential   273.76
 8401 / 50000 elapsed  3 system 0.88 temp  -1.0 hbonds, Rg  25.7 A, potential   253.76
 8001 / 50000 elapsed  1 system 0.83 temp  -1.0 hbonds, Rg  32.8 A, potential   226.22
 8101 / 50000 elapsed  4 system 0.91 temp  -1.0 hbonds, Rg  33.3 A, potential   257.93
 8301 / 50000 elapsed  2 system 0.85 temp  -1.0 hbonds, Rg  25.4 A, potential   259.31
 8301 / 50000 elapsed  7 system 1.00 temp  -1.0 hbonds, Rg  30.1 A, potential   285.22
 8501 / 50000 elapsed  3 system 0.88 temp  -1.0 hbonds, Rg  24.4 A, potential   232.97
 8201 / 50000 elapsed  5 system 0.94 temp  -1.0 hbonds, Rg  22.5 A, potential   258.67
 8001 / 50000 elapsed  6 system 0.97 temp  -1.0 hbonds, Rg  31.0 A, potential   274.51
 8101 / 50000 elapsed  0 system 0.80 temp  -1.0 hbonds, Rg  29.4 A, potential   237.13
 8101 / 50000 elapsed  1 system 0.83 temp  -1.0 hbonds, Rg  30.9 A, potential   229.09
 8201 / 50000 elapsed  4 system 0.91 temp  -1.0 hbonds, Rg  33.2 A, potential   236.81
 8401 / 50000 elapsed  7 system 1.00 temp  -1.0 hbonds, Rg  29.2 A, potential   259.52
 8401 / 50000 elapsed  2 system 0.85 temp  -1.0 hbonds, Rg  23.3 A, potential   192.19
 8601 / 50000 elapsed  3 system 0.88 temp  -1.0 hbonds, Rg  25.2 A, potential   201.49
 8201 / 50000 elapsed  1 system 0.83 temp  -1.0 hbonds, Rg  32.3 A, potential   207.90
 8101 / 50000 elapsed  6 system 0.97 temp  -1.0 hbonds, Rg  34.2 A, potential   287.05
 8301 / 50000 elapsed  5 system 0.94 temp  -1.0 hbonds, Rg  25.0 A, potential   292.58
 8301 / 50000 elapsed  4 system 0.91 temp  -1.0 hbonds, Rg  32.6 A, potential   264.50
 8201 / 50000 elapsed  0 system 0.80 temp  -1.0 hbonds, Rg  30.6 A, potential   234.09
 8501 / 50000 elapsed  7 system 1.00 temp  -1.0 hbonds, Rg  31.9 A, potential   297.88
 8701 / 50000 elapsed  3 system 0.88 temp  -1.0 hbonds, Rg  27.8 A, potential   261.00
 8501 / 50000 elapsed  2 system 0.85 temp  -1.0 hbonds, Rg  26.2 A, potential   234.23
 8301 / 50000 elapsed  1 system 0.83 temp  -1.0 hbonds, Rg  30.2 A, potential   217.45
 8201 / 50000 elapsed  6 system 0.97 temp  -1.0 hbonds, Rg  34.1 A, potential   265.10
 8601 / 50000 elapsed  7 system 1.00 temp  -1.0 hbonds, Rg  30.2 A, potential   268.07
 8401 / 50000 elapsed  5 system 0.94 temp  -1.0 hbonds, Rg  27.1 A, potential   284.18
 8401 / 50000 elapsed  4 system 0.91 temp  -1.0 hbonds, Rg  35.7 A, potential   273.65
 8301 / 50000 elapsed  0 system 0.80 temp  -1.0 hbonds, Rg  30.6 A, potential   200.58
 8801 / 50000 elapsed  3 system 0.88 temp  -1.0 hbonds, Rg  26.6 A, potential   276.16
 8301 / 50000 elapsed  6 system 0.97 temp  -1.0 hbonds, Rg  35.3 A, potential   301.51
 8601 / 50000 elapsed  2 system 0.85 temp  -1.0 hbonds, Rg  22.7 A, potential   232.16
 8401 / 50000 elapsed  1 system 0.83 temp  -1.0 hbonds, Rg  29.2 A, potential   206.17
 8401 / 50000 elapsed  0 system 0.80 temp  -1.0 hbonds, Rg  29.2 A, potential   225.24
 8501 / 50000 elapsed  5 system 0.94 temp  -1.0 hbonds, Rg  25.6 A, potential   242.25
 8501 / 50000 elapsed  4 system 0.91 temp  -1.0 hbonds, Rg  34.8 A, potential   212.45
 8701 / 50000 elapsed  7 system 1.00 temp  -1.0 hbonds, Rg  31.5 A, potential   313.05
 8901 / 50000 elapsed  3 system 0.88 temp  -1.0 hbonds, Rg  27.5 A, potential   228.07
 8401 / 50000 elapsed  6 system 0.97 temp  -1.0 hbonds, Rg  35.4 A, potential   272.58
 8501 / 50000 elapsed  1 system 0.83 temp  -1.0 hbonds, Rg  32.7 A, potential   222.36
 8701 / 50000 elapsed  2 system 0.85 temp  -1.0 hbonds, Rg  23.0 A, potential   220.90
 8601 / 50000 elapsed  5 system 0.94 temp  -1.0 hbonds, Rg  24.5 A, potential   264.62
 8501 / 50000 elapsed  0 system 0.80 temp  -1.0 hbonds, Rg  31.3 A, potential   221.91
 8601 / 50000 elapsed  4 system 0.91 temp  -1.0 hbonds, Rg  39.2 A, potential   268.76
 8801 / 50000 elapsed  7 system 1.00 temp  -1.0 hbonds, Rg  29.0 A, potential   282.69
 8601 / 50000 elapsed  1 system 0.83 temp  -1.0 hbonds, Rg  37.3 A, potential   223.44
 8501 / 50000 elapsed  6 system 0.97 temp  -1.0 hbonds, Rg  34.6 A, potential   284.51
 9001 / 50000 elapsed  3 system 0.88 temp  -1.0 hbonds, Rg  25.6 A, potential   238.43
 8701 / 50000 elapsed  5 system 0.94 temp  -1.0 hbonds, Rg  26.6 A, potential   265.10
 8801 / 50000 elapsed  2 system 0.85 temp  -1.0 hbonds, Rg  21.7 A, potential   223.28
 8601 / 50000 elapsed  0 system 0.80 temp  -1.0 hbonds, Rg  33.6 A, potential   221.34
 8901 / 50000 elapsed  7 system 1.00 temp  -1.0 hbonds, Rg  27.6 A, potential   260.45
 8701 / 50000 elapsed  4 system 0.91 temp  -1.0 hbonds, Rg  39.3 A, potential   244.23
 8701 / 50000 elapsed  1 system 0.83 temp  -1.0 hbonds, Rg  39.5 A, potential   242.42
 8801 / 50000 elapsed  5 system 0.94 temp  -1.0 hbonds, Rg  28.8 A, potential   252.11
 8601 / 50000 elapsed  6 system 0.97 temp  -1.0 hbonds, Rg  31.7 A, potential   259.42
 9101 / 50000 elapsed  3 system 0.88 temp  -1.0 hbonds, Rg  24.4 A, potential   256.09
 8901 / 50000 elapsed  2 system 0.85 temp  -1.0 hbonds, Rg  21.8 A, potential   227.26
 8701 / 50000 elapsed  0 system 0.80 temp  -1.0 hbonds, Rg  36.8 A, potential   217.27
 9001 / 50000 elapsed  7 system 1.00 temp  -1.0 hbonds, Rg  28.7 A, potential   303.54
 8801 / 50000 elapsed  4 system 0.91 temp  -1.0 hbonds, Rg  39.8 A, potential   246.02
 8801 / 50000 elapsed  1 system 0.83 temp  -1.0 hbonds, Rg  38.3 A, potential   223.46
 8901 / 50000 elapsed  5 system 0.94 temp  -1.0 hbonds, Rg  30.8 A, potential   230.07
 9201 / 50000 elapsed  3 system 0.88 temp  -1.0 hbonds, Rg  24.1 A, potential   252.89
 8701 / 50000 elapsed  6 system 0.97 temp  -1.0 hbonds, Rg  33.2 A, potential   267.53
 8901 / 50000 elapsed  4 system 0.91 temp  -1.0 hbonds, Rg  38.7 A, potential   245.73
 9001 / 50000 elapsed  2 system 0.85 temp  -1.0 hbonds, Rg  20.4 A, potential   224.03
 8801 / 50000 elapsed  0 system 0.80 temp  -1.0 hbonds, Rg  36.9 A, potential   204.41
 9101 / 50000 elapsed  7 system 1.00 temp  -1.0 hbonds, Rg  28.2 A, potential   289.77
 8901 / 50000 elapsed  1 system 0.83 temp  -1.0 hbonds, Rg  37.1 A, potential   190.79
 9001 / 50000 elapsed  5 system 0.94 temp  -1.0 hbonds, Rg  32.5 A, potential   257.63
 9301 / 50000 elapsed  3 system 0.88 temp  -1.0 hbonds, Rg  28.3 A, potential   261.12
 9001 / 50000 elapsed  4 system 0.91 temp  -1.0 hbonds, Rg  39.3 A, potential   228.07
 9101 / 50000 elapsed  2 system 0.85 temp  -1.0 hbonds, Rg  20.4 A, potential   261.27
 8801 / 50000 elapsed  6 system 0.97 temp  -1.0 hbonds, Rg  32.8 A, potential   254.80
 9001 / 50000 elapsed  1 system 0.83 temp  -1.0 hbonds, Rg  38.8 A, potential   238.51
 8901 / 50000 elapsed  0 system 0.80 temp  -1.0 hbonds, Rg  34.3 A, potential   209.28
 9201 / 50000 elapsed  7 system 1.00 temp  -1.0 hbonds, Rg  27.2 A, potential   287.31
 9401 / 50000 elapsed  3 system 0.88 temp  -1.0 hbonds, Rg  26.3 A, potential   249.72
 9101 / 50000 elapsed  5 system 0.94 temp  -1.0 hbonds, Rg  32.8 A, potential   268.64
 9101 / 50000 elapsed  4 system 0.91 temp  -1.0 hbonds, Rg  38.1 A, potential   230.82
 9201 / 50000 elapsed  2 system 0.85 temp  -1.0 hbonds, Rg  24.2 A, potential   233.66
 8901 / 50000 elapsed  6 system 0.97 temp  -1.0 hbonds, Rg  34.4 A, potential   270.65
 9101 / 50000 elapsed  1 system 0.83 temp  -1.0 hbonds, Rg  37.4 A, potential   214.44
 9501 / 50000 elapsed  3 system 0.88 temp  -1.0 hbonds, Rg  28.0 A, potential   241.28
 9301 / 50000 elapsed  7 system 1.00 temp  -1.0 hbonds, Rg  27.4 A, potential   258.92
 9001 / 50000 elapsed  0 system 0.80 temp  -1.0 hbonds, Rg  34.3 A, potential   209.40
 9201 / 50000 elapsed  5 system 0.94 temp  -1.0 hbonds, Rg  34.6 A, potential   271.40
 9201 / 50000 elapsed  4 system 0.91 temp  -1.0 hbonds, Rg  36.2 A, potential   254.81
 9001 / 50000 elapsed  6 system 0.97 temp  -1.0 hbonds, Rg  32.6 A, potential   270.12
 9301 / 50000 elapsed  2 system 0.85 temp  -1.0 hbonds, Rg  24.9 A, potential   221.23
 9201 / 50000 elapsed  1 system 0.83 temp  -1.0 hbonds, Rg  36.6 A, potential   215.54
 9301 / 50000 elapsed  5 system 0.94 temp  -1.0 hbonds, Rg  36.7 A, potential   291.06
 9601 / 50000 elapsed  3 system 0.88 temp  -1.0 hbonds, Rg  29.9 A, potential   242.60
 9401 / 50000 elapsed  7 system 1.00 temp  -1.0 hbonds, Rg  29.1 A, potential   268.14
 9101 / 50000 elapsed  0 system 0.80 temp  -1.0 hbonds, Rg  32.5 A, potential   218.43
 9301 / 50000 elapsed  4 system 0.91 temp  -1.0 hbonds, Rg  33.0 A, potential   275.72
 9101 / 50000 elapsed  6 system 0.97 temp  -1.0 hbonds, Rg  29.7 A, potential   246.13
 9401 / 50000 elapsed  2 system 0.85 temp  -1.0 hbonds, Rg  24.9 A, potential   231.54
 9301 / 50000 elapsed  1 system 0.83 temp  -1.0 hbonds, Rg  38.8 A, potential   217.78
 9401 / 50000 elapsed  5 system 0.94 temp  -1.0 hbonds, Rg  37.6 A, potential   293.99
 9201 / 50000 elapsed  0 system 0.80 temp  -1.0 hbonds, Rg  34.2 A, potential   265.07
 9501 / 50000 elapsed  7 system 1.00 temp  -1.0 hbonds, Rg  27.6 A, potential   266.24
 9701 / 50000 elapsed  3 system 0.88 temp  -1.0 hbonds, Rg  29.1 A, potential   224.92
 9401 / 50000 elapsed  4 system 0.91 temp  -1.0 hbonds, Rg  33.0 A, potential   275.31
 9201 / 50000 elapsed  6 system 0.97 temp  -1.0 hbonds, Rg  28.6 A, potential   240.05
 9401 / 50000 elapsed  1 system 0.83 temp  -1.0 hbonds, Rg  38.4 A, potential   215.76
 9501 / 50000 elapsed  2 system 0.85 temp  -1.0 hbonds, Rg  26.5 A, potential   228.35
 9501 / 50000 elapsed  5 system 0.94 temp  -1.0 hbonds, Rg  35.7 A, potential   274.09
 9301 / 50000 elapsed  0 system 0.80 temp  -1.0 hbonds, Rg  34.9 A, potential   221.52
 9601 / 50000 elapsed  7 system 1.00 temp  -1.0 hbonds, Rg  26.6 A, potential   280.90
 9801 / 50000 elapsed  3 system 0.88 temp  -1.0 hbonds, Rg  31.9 A, potential   246.49
 9501 / 50000 elapsed  4 system 0.91 temp  -1.0 hbonds, Rg  33.2 A, potential   282.62
 9601 / 50000 elapsed  2 system 0.85 temp  -1.0 hbonds, Rg  25.0 A, potential   226.97
 9501 / 50000 elapsed  1 system 0.83 temp  -1.0 hbonds, Rg  37.5 A, potential   244.99
 9301 / 50000 elapsed  6 system 0.97 temp  -1.0 hbonds, Rg  29.6 A, potential   268.76
 9601 / 50000 elapsed  5 system 0.94 temp  -1.0 hbonds, Rg  34.9 A, potential   273.35
 9401 / 50000 elapsed  0 system 0.80 temp  -1.0 hbonds, Rg  33.1 A, potential   200.89
 9701 / 50000 elapsed  7 system 1.00 temp  -1.0 hbonds, Rg  26.0 A, potential   246.01
 9601 / 50000 elapsed  4 system 0.91 temp  -1.0 hbonds, Rg  33.0 A, potential   245.82
 9901 / 50000 elapsed  3 system 0.88 temp  -1.0 hbonds, Rg  32.2 A, potential   257.77
 9701 / 50000 elapsed  2 system 0.85 temp  -1.0 hbonds, Rg  23.4 A, potential   240.23
 9601 / 50000 elapsed  1 system 0.83 temp  -1.0 hbonds, Rg  38.6 A, potential   218.89
 9401 / 50000 elapsed  6 system 0.97 temp  -1.0 hbonds, Rg  29.0 A, potential   321.19
 9701 / 50000 elapsed  5 system 0.94 temp  -1.0 hbonds, Rg  33.6 A, potential   267.47
 9801 / 50000 elapsed  7 system 1.00 temp  -1.0 hbonds, Rg  26.7 A, potential   286.27
 9501 / 50000 elapsed  0 system 0.80 temp  -1.0 hbonds, Rg  31.8 A, potential   202.95
 9701 / 50000 elapsed  4 system 0.91 temp  -1.0 hbonds, Rg  33.7 A, potential   274.05
 9801 / 50000 elapsed  2 system 0.85 temp  -1.0 hbonds, Rg  24.6 A, potential   235.34
 9701 / 50000 elapsed  1 system 0.83 temp  -1.0 hbonds, Rg  40.2 A, potential   211.17
10001 / 50000 elapsed  3 system 0.88 temp  -1.0 hbonds, Rg  30.6 A, potential   233.22
 9501 / 50000 elapsed  6 system 0.97 temp  -1.0 hbonds, Rg  28.0 A, potential   266.31
 9801 / 50000 elapsed  5 system 0.94 temp  -1.0 hbonds, Rg  35.7 A, potential   280.67
 9801 / 50000 elapsed  4 system 0.91 temp  -1.0 hbonds, Rg  32.8 A, potential   255.71
 9901 / 50000 elapsed  2 system 0.85 temp  -1.0 hbonds, Rg  27.4 A, potential   237.02
 9901 / 50000 elapsed  7 system 1.00 temp  -1.0 hbonds, Rg  28.5 A, potential   286.31
 9801 / 50000 elapsed  1 system 0.83 temp  -1.0 hbonds, Rg  38.8 A, potential   216.13
 9601 / 50000 elapsed  0 system 0.80 temp  -1.0 hbonds, Rg  30.0 A, potential   212.41
 9601 / 50000 elapsed  6 system 0.97 temp  -1.0 hbonds, Rg  26.3 A, potential   288.59
10101 / 50000 elapsed  3 system 0.88 temp  -1.0 hbonds, Rg  32.0 A, potential   226.10
 9901 / 50000 elapsed  1 system 0.83 temp  -1.0 hbonds, Rg  35.9 A, potential   212.75
10001 / 50000 elapsed  7 system 1.00 temp  -1.0 hbonds, Rg  29.9 A, potential   267.05
 9901 / 50000 elapsed  4 system 0.91 temp  -1.0 hbonds, Rg  32.6 A, potential   228.78
10001 / 50000 elapsed  2 system 0.85 temp  -1.0 hbonds, Rg  28.8 A, potential   252.03
 9901 / 50000 elapsed  5 system 0.94 temp  -1.0 hbonds, Rg  35.3 A, potential   262.18
 9701 / 50000 elapsed  0 system 0.80 temp  -1.0 hbonds, Rg  30.2 A, potential   218.23
 9701 / 50000 elapsed  6 system 0.97 temp  -1.0 hbonds, Rg  24.1 A, potential   268.79
10201 / 50000 elapsed  3 system 0.88 temp  -1.0 hbonds, Rg  31.3 A, potential   235.08
10001 / 50000 elapsed  1 system 0.83 temp  -1.0 hbonds, Rg  34.9 A, potential   204.27
10101 / 50000 elapsed  2 system 0.85 temp  -1.0 hbonds, Rg  24.6 A, potential   232.40
10001 / 50000 elapsed  5 system 0.94 temp  -1.0 hbonds, Rg  33.5 A, potential   266.25
 9801 / 50000 elapsed  6 system 0.97 temp  -1.0 hbonds, Rg  25.4 A, potential   272.49
10101 / 50000 elapsed  7 system 1.00 temp  -1.0 hbonds, Rg  27.9 A, potential   322.98
10001 / 50000 elapsed  4 system 0.91 temp  -1.0 hbonds, Rg  32.6 A, potential   226.96
 9801 / 50000 elapsed  0 system 0.80 temp  -1.0 hbonds, Rg  30.2 A, potential   204.27
10301 / 50000 elapsed  3 system 0.88 temp  -1.0 hbonds, Rg  30.7 A, potential   237.37
10101 / 50000 elapsed  1 system 0.83 temp  -1.0 hbonds, Rg  33.1 A, potential   224.42
10201 / 50000 elapsed  2 system 0.85 temp  -1.0 hbonds, Rg  27.1 A, potential   216.81
 9901 / 50000 elapsed  6 system 0.97 temp  -1.0 hbonds, Rg  28.1 A, potential   278.85
10101 / 50000 elapsed  5 system 0.94 temp  -1.0 hbonds, Rg  31.6 A, potential   237.12
10201 / 50000 elapsed  7 system 1.00 temp  -1.0 hbonds, Rg  28.0 A, potential   256.02
 9901 / 50000 elapsed  0 system 0.80 temp  -1.0 hbonds, Rg  30.1 A, potential   204.67
10101 / 50000 elapsed  4 system 0.91 temp  -1.0 hbonds, Rg  33.5 A, potential   227.58
10201 / 50000 elapsed  1 system 0.83 temp  -1.0 hbonds, Rg  33.5 A, potential   200.61
10401 / 50000 elapsed  3 system 0.88 temp  -1.0 hbonds, Rg  29.4 A, potential   217.34
10301 / 50000 elapsed  2 system 0.85 temp  -1.0 hbonds, Rg  29.1 A, potential   216.98
10001 / 50000 elapsed  6 system 0.97 temp  -1.0 hbonds, Rg  29.4 A, potential   254.65
10201 / 50000 elapsed  5 system 0.94 temp  -1.0 hbonds, Rg  31.2 A, potential   278.05
10001 / 50000 elapsed  0 system 0.80 temp  -1.0 hbonds, Rg  30.6 A, potential   203.60
10201 / 50000 elapsed  4 system 0.91 temp  -1.0 hbonds, Rg  31.6 A, potential   256.56
10301 / 50000 elapsed  7 system 1.00 temp  -1.0 hbonds, Rg  26.7 A, potential   308.76
10301 / 50000 elapsed  1 system 0.83 temp  -1.0 hbonds, Rg  34.9 A, potential   201.83
10501 / 50000 elapsed  3 system 0.88 temp  -1.0 hbonds, Rg  29.7 A, potential   236.50
10101 / 50000 elapsed  6 system 0.97 temp  -1.0 hbonds, Rg  28.2 A, potential   271.79
10401 / 50000 elapsed  2 system 0.85 temp  -1.0 hbonds, Rg  29.4 A, potential   232.63
10101 / 50000 elapsed  0 system 0.80 temp  -1.0 hbonds, Rg  31.5 A, potential   192.19
10301 / 50000 elapsed  4 system 0.91 temp  -1.0 hbonds, Rg  30.5 A, potential   248.10
10301 / 50000 elapsed  5 system 0.94 temp  -1.0 hbonds, Rg  33.8 A, potential   267.78
10401 / 50000 elapsed  1 system 0.83 temp  -1.0 hbonds, Rg  35.3 A, potential   229.58
10401 / 50000 elapsed  7 system 1.00 temp  -1.0 hbonds, Rg  29.5 A, potential   325.80
10201 / 50000 elapsed  6 system 0.97 temp  -1.0 hbonds, Rg  27.7 A, potential   271.44
10501 / 50000 elapsed  2 system 0.85 temp  -1.0 hbonds, Rg  29.4 A, potential   220.97
10601 / 50000 elapsed  3 system 0.88 temp  -1.0 hbonds, Rg  29.7 A, potential   289.75
10201 / 50000 elapsed  0 system 0.80 temp  -1.0 hbonds, Rg  31.1 A, potential   217.14
10401 / 50000 elapsed  4 system 0.91 temp  -1.0 hbonds, Rg  32.1 A, potential   277.04
10401 / 50000 elapsed  5 system 0.94 temp  -1.0 hbonds, Rg  33.6 A, potential   247.76
10501 / 50000 elapsed  1 system 0.83 temp  -1.0 hbonds, Rg  34.0 A, potential   207.10
10501 / 50000 elapsed  7 system 1.00 temp  -1.0 hbonds, Rg  30.0 A, potential   293.36
10301 / 50000 elapsed  6 system 0.97 temp  -1.0 hbonds, Rg  28.1 A, potential   254.10
10701 / 50000 elapsed  3 system 0.88 temp  -1.0 hbonds, Rg  30.0 A, potential   226.92
10601 / 50000 elapsed  2 system 0.85 temp  -1.0 hbonds, Rg  29.8 A, potential   223.68
10301 / 50000 elapsed  0 system 0.80 temp  -1.0 hbonds, Rg  29.8 A, potential   197.40
10501 / 50000 elapsed  4 system 0.91 temp  -1.0 hbonds, Rg  30.0 A, potential   248.11
10501 / 50000 elapsed  5 system 0.94 temp  -1.0 hbonds, Rg  32.9 A, potential   265.06
10601 / 50000 elapsed  1 system 0.83 temp  -1.0 hbonds, Rg  36.5 A, potential   217.35
10601 / 50000 elapsed  7 system 1.00 temp  -1.0 hbonds, Rg  30.5 A, potential   289.38
10401 / 50000 elapsed  6 system 0.97 temp  -1.0 hbonds, Rg  28.6 A, potential   281.06
10801 / 50000 elapsed  3 system 0.88 temp  -1.0 hbonds, Rg  34.0 A, potential   254.51
10701 / 50000 elapsed  2 system 0.85 temp  -1.0 hbonds, Rg  29.7 A, potential   260.24
10401 / 50000 elapsed  0 system 0.80 temp  -1.0 hbonds, Rg  27.6 A, potential   218.97
10601 / 50000 elapsed  4 system 0.91 temp  -1.0 hbonds, Rg  28.9 A, potential   246.22
10601 / 50000 elapsed  5 system 0.94 temp  -1.0 hbonds, Rg  33.8 A, potential   251.31
10701 / 50000 elapsed  1 system 0.83 temp  -1.0 hbonds, Rg  37.5 A, potential   206.06
10701 / 50000 elapsed  7 system 1.00 temp  -1.0 hbonds, Rg  32.4 A, potential   313.40
10501 / 50000 elapsed  6 system 0.97 temp  -1.0 hbonds, Rg  29.8 A, potential   302.10
10901 / 50000 elapsed  3 system 0.88 temp  -1.0 hbonds, Rg  33.9 A, potential   266.50
10801 / 50000 elapsed  2 system 0.85 temp  -1.0 hbonds, Rg  27.9 A, potential   281.19
10701 / 50000 elapsed  5 system 0.94 temp  -1.0 hbonds, Rg  35.7 A, potential   279.70
10501 / 50000 elapsed  0 system 0.80 temp  -1.0 hbonds, Rg  27.6 A, potential   207.53
10701 / 50000 elapsed  4 system 0.91 temp  -1.0 hbonds, Rg  27.1 A, potential   261.53
10801 / 50000 elapsed  1 system 0.83 temp  -1.0 hbonds, Rg  35.4 A, potential   225.64
10801 / 50000 elapsed  7 system 1.00 temp  -1.0 hbonds, Rg  31.2 A, potential   264.23
10601 / 50000 elapsed  6 system 0.97 temp  -1.0 hbonds, Rg  26.6 A, potential   296.73
11001 / 50000 elapsed  3 system 0.88 temp  -1.0 hbonds, Rg  31.0 A, potential   245.62
10901 / 50000 elapsed  2 system 0.85 temp  -1.0 hbonds, Rg  27.7 A, potential   258.66
10801 / 50000 elapsed  5 system 0.94 temp  -1.0 hbonds, Rg  35.3 A, potential   250.54
10601 / 50000 elapsed  0 system 0.80 temp  -1.0 hbonds, Rg  26.0 A, potential   208.24
10801 / 50000 elapsed  4 system 0.91 temp  -1.0 hbonds, Rg  29.3 A, potential   265.34
10901 / 50000 elapsed  1 system 0.83 temp  -1.0 hbonds, Rg  34.4 A, potential   218.61
10901 / 50000 elapsed  7 system 1.00 temp  -1.0 hbonds, Rg  29.7 A, potential   254.84
10701 / 50000 elapsed  6 system 0.97 temp  -1.0 hbonds, Rg  26.3 A, potential   249.42
10901 / 50000 elapsed  5 system 0.94 temp  -1.0 hbonds, Rg  32.1 A, potential   239.29
10901 / 50000 elapsed  4 system 0.91 temp  -1.0 hbonds, Rg  29.6 A, potential   265.71
11001 / 50000 elapsed  2 system 0.85 temp  -1.0 hbonds, Rg  26.8 A, potential   217.19
11101 / 50000 elapsed  3 system 0.88 temp  -1.0 hbonds, Rg  29.7 A, potential   281.71
10701 / 50000 elapsed  0 system 0.80 temp  -1.0 hbonds, Rg  26.5 A, potential   215.74
10801 / 50000 elapsed  6 system 0.97 temp  -1.0 hbonds, Rg  26.2 A, potential   253.27
11001 / 50000 elapsed  1 system 0.83 temp  -1.0 hbonds, Rg  33.1 A, potential   208.47
11001 / 50000 elapsed  7 system 1.00 temp  -1.0 hbonds, Rg  34.4 A, potential   291.44
11001 / 50000 elapsed  5 system 0.94 temp  -1.0 hbonds, Rg  28.9 A, potential   259.88
11001 / 50000 elapsed  4 system 0.91 temp  -1.0 hbonds, Rg  31.3 A, potential   232.88
11101 / 50000 elapsed  2 system 0.85 temp  -1.0 hbonds, Rg  25.8 A, potential   247.74
11201 / 50000 elapsed  3 system 0.88 temp  -1.0 hbonds, Rg  28.3 A, potential   239.50
10801 / 50000 elapsed  0 system 0.80 temp  -1.0 hbonds, Rg  26.0 A, potential   203.23
10901 / 50000 elapsed  6 system 0.97 temp  -1.0 hbonds, Rg  24.2 A, potential   273.12
11101 / 50000 elapsed  7 system 1.00 temp  -1.0 hbonds, Rg  31.4 A, potential   271.07
11101 / 50000 elapsed  1 system 0.83 temp  -1.0 hbonds, Rg  31.6 A, potential   233.50
11101 / 50000 elapsed  5 system 0.94 temp  -1.0 hbonds, Rg  30.5 A, potential   262.24
11101 / 50000 elapsed  4 system 0.91 temp  -1.0 hbonds, Rg  31.6 A, potential   259.30
10901 / 50000 elapsed  0 system 0.80 temp  -1.0 hbonds, Rg  29.0 A, potential   210.16
11201 / 50000 elapsed  2 system 0.85 temp  -1.0 hbonds, Rg  27.6 A, potential   225.52
11301 / 50000 elapsed  3 system 0.88 temp  -1.0 hbonds, Rg  26.7 A, potential   252.00
11001 / 50000 elapsed  6 system 0.97 temp  -1.0 hbonds, Rg  26.1 A, potential   281.97
11201 / 50000 elapsed  5 system 0.94 temp  -1.0 hbonds, Rg  31.2 A, potential   265.25
11201 / 50000 elapsed  1 system 0.83 temp  -1.0 hbonds, Rg  30.7 A, potential   224.92
11201 / 50000 elapsed  7 system 1.00 temp  -1.0 hbonds, Rg  31.2 A, potential   282.86
11201 / 50000 elapsed  4 system 0.91 temp  -1.0 hbonds, Rg  31.7 A, potential   258.66
11401 / 50000 elapsed  3 system 0.88 temp  -1.0 hbonds, Rg  26.0 A, potential   224.37
11001 / 50000 elapsed  0 system 0.80 temp  -1.0 hbonds, Rg  30.0 A, potential   209.76
11101 / 50000 elapsed  6 system 0.97 temp  -1.0 hbonds, Rg  25.3 A, potential   280.38
11301 / 50000 elapsed  2 system 0.85 temp  -1.0 hbonds, Rg  26.1 A, potential   212.81
11301 / 50000 elapsed  1 system 0.83 temp  -1.0 hbonds, Rg  30.4 A, potential   211.24
11301 / 50000 elapsed  5 system 0.94 temp  -1.0 hbonds, Rg  31.9 A, potential   243.26
11301 / 50000 elapsed  7 system 1.00 temp  -1.0 hbonds, Rg  30.2 A, potential   266.50
11301 / 50000 elapsed  4 system 0.91 temp  -1.0 hbonds, Rg  29.6 A, potential   256.36
11201 / 50000 elapsed  6 system 0.97 temp  -1.0 hbonds, Rg  23.5 A, potential   265.44
11501 / 50000 elapsed  3 system 0.88 temp  -1.0 hbonds, Rg  26.2 A, potential   222.29
11101 / 50000 elapsed  0 system 0.80 temp  -1.0 hbonds, Rg  28.4 A, potential   194.82
11401 / 50000 elapsed  2 system 0.85 temp  -1.0 hbonds, Rg  29.2 A, potential   229.91
11401 / 50000 elapsed  1 system 0.83 temp  -1.0 hbonds, Rg  31.9 A, potential   217.37
11401 / 50000 elapsed  7 system 1.00 temp  -1.0 hbonds, Rg  27.8 A, potential   301.25
11401 / 50000 elapsed  5 system 0.94 temp  -1.0 hbonds, Rg  30.0 A, potential   262.28
11401 / 50000 elapsed  4 system 0.91 temp  -1.0 hbonds, Rg  31.5 A, potential   246.67
11301 / 50000 elapsed  6 system 0.97 temp  -1.0 hbonds, Rg  26.2 A, potential   276.87
11201 / 50000 elapsed  0 system 0.80 temp  -1.0 hbonds, Rg  30.2 A, potential   175.68
11601 / 50000 elapsed  3 system 0.88 temp  -1.0 hbonds, Rg  24.7 A, potential   235.51
11501 / 50000 elapsed  1 system 0.83 temp  -1.0 hbonds, Rg  31.4 A, potential   212.94
11501 / 50000 elapsed  2 system 0.85 temp  -1.0 hbonds, Rg  27.2 A, potential   267.75
11501 / 50000 elapsed  4 system 0.91 temp  -1.0 hbonds, Rg  33.3 A, potential   214.43
11501 / 50000 elapsed  5 system 0.94 temp  -1.0 hbonds, Rg  28.6 A, potential   256.18
11501 / 50000 elapsed  7 system 1.00 temp  -1.0 hbonds, Rg  26.7 A, potential   257.39
11401 / 50000 elapsed  6 system 0.97 temp  -1.0 hbonds, Rg  27.7 A, potential   276.95
11301 / 50000 elapsed  0 system 0.80 temp  -1.0 hbonds, Rg  30.4 A, potential   232.16
11701 / 50000 elapsed  3 system 0.88 temp  -1.0 hbonds, Rg  22.4 A, potential   251.13
11601 / 50000 elapsed  5 system 0.94 temp  -1.0 hbonds, Rg  28.3 A, potential   276.08
11601 / 50000 elapsed  2 system 0.85 temp  -1.0 hbonds, Rg  27.2 A, potential   207.45
11601 / 50000 elapsed  1 system 0.83 temp  -1.0 hbonds, Rg  31.5 A, potential   200.50
11601 / 50000 elapsed  4 system 0.91 temp  -1.0 hbonds, Rg  31.5 A, potential   246.83
11601 / 50000 elapsed  7 system 1.00 temp  -1.0 hbonds, Rg  25.4 A, potential   282.40
11501 / 50000 elapsed  6 system 0.97 temp  -1.0 hbonds, Rg  26.5 A, potential   284.34
11401 / 50000 elapsed  0 system 0.80 temp  -1.0 hbonds, Rg  28.4 A, potential   199.07
11701 / 50000 elapsed  5 system 0.94 temp  -1.0 hbonds, Rg  26.7 A, potential   277.19
11801 / 50000 elapsed  3 system 0.88 temp  -1.0 hbonds, Rg  20.2 A, potential   265.93
11701 / 50000 elapsed  2 system 0.85 temp  -1.0 hbonds, Rg  26.6 A, potential   220.38
11701 / 50000 elapsed  4 system 0.91 temp  -1.0 hbonds, Rg  31.5 A, potential   276.50
11601 / 50000 elapsed  6 system 0.97 temp  -1.0 hbonds, Rg  31.8 A, potential   326.29
11701 / 50000 elapsed  1 system 0.83 temp  -1.0 hbonds, Rg  27.9 A, potential   233.46
11701 / 50000 elapsed  7 system 1.00 temp  -1.0 hbonds, Rg  27.1 A, potential   299.85
11501 / 50000 elapsed  0 system 0.80 temp  -1.0 hbonds, Rg  26.7 A, potential   192.25
11801 / 50000 elapsed  5 system 0.94 temp  -1.0 hbonds, Rg  26.7 A, potential   247.63
11801 / 50000 elapsed  4 system 0.91 temp  -1.0 hbonds, Rg  33.5 A, potential   229.72
11801 / 50000 elapsed  1 system 0.83 temp  -1.0 hbonds, Rg  26.1 A, potential   220.40
11801 / 50000 elapsed  2 system 0.85 temp  -1.0 hbonds, Rg  26.0 A, potential   264.54
11901 / 50000 elapsed  3 system 0.88 temp  -1.0 hbonds, Rg  22.6 A, potential   282.93
11701 / 50000 elapsed  6 system 0.97 temp  -1.0 hbonds, Rg  30.0 A, potential   275.66
11801 / 50000 elapsed  7 system 1.00 temp  -1.0 hbonds, Rg  26.5 A, potential   300.15
11601 / 50000 elapsed  0 system 0.80 temp  -1.0 hbonds, Rg  26.8 A, potential   192.40
11901 / 50000 elapsed  1 system 0.83 temp  -1.0 hbonds, Rg  26.5 A, potential   228.00
11801 / 50000 elapsed  6 system 0.97 temp  -1.0 hbonds, Rg  30.5 A, potential   285.57
11901 / 50000 elapsed  5 system 0.94 temp  -1.0 hbonds, Rg  28.1 A, potential   257.31
11901 / 50000 elapsed  4 system 0.91 temp  -1.0 hbonds, Rg  33.6 A, potential   279.67
11901 / 50000 elapsed  2 system 0.85 temp  -1.0 hbonds, Rg  25.4 A, potential   233.22
11901 / 50000 elapsed  7 system 1.00 temp  -1.0 hbonds, Rg  29.0 A, potential   245.98
12001 / 50000 elapsed  3 system 0.88 temp  -1.0 hbonds, Rg  25.4 A, potential   261.80
11701 / 50000 elapsed  0 system 0.80 temp  -1.0 hbonds, Rg  28.9 A, potential   208.18
12001 / 50000 elapsed  1 system 0.83 temp  -1.0 hbonds, Rg  26.0 A, potential   178.51
11901 / 50000 elapsed  6 system 0.97 temp  -1.0 hbonds, Rg  33.2 A, potential   305.02
12001 / 50000 elapsed  5 system 0.94 temp  -1.0 hbonds, Rg  27.6 A, potential   252.96
12001 / 50000 elapsed  4 system 0.91 temp  -1.0 hbonds, Rg  31.2 A, potential   260.89
12001 / 50000 elapsed  2 system 0.85 temp  -1.0 hbonds, Rg  25.7 A, potential   233.60
12101 / 50000 elapsed  3 system 0.88 temp  -1.0 hbonds, Rg  28.3 A, potential   222.75
12001 / 50000 elapsed  7 system 1.00 temp  -1.0 hbonds, Rg  26.5 A, potential   281.18
12101 / 50000 elapsed  1 system 0.83 temp  -1.0 hbonds, Rg  26.8 A, potential   212.62
11801 / 50000 elapsed  0 system 0.80 temp  -1.0 hbonds, Rg  29.4 A, potential   220.02
12101 / 50000 elapsed  5 system 0.94 temp  -1.0 hbonds, Rg  27.0 A, potential   251.47
12001 / 50000 elapsed  6 system 0.97 temp  -1.0 hbonds, Rg  33.9 A, potential   278.27
12101 / 50000 elapsed  4 system 0.91 temp  -1.0 hbonds, Rg  30.6 A, potential   242.44
12201 / 50000 elapsed  3 system 0.88 temp  -1.0 hbonds, Rg  28.8 A, potential   233.14
12101 / 50000 elapsed  2 system 0.85 temp  -1.0 hbonds, Rg  23.5 A, potential   209.34
12101 / 50000 elapsed  7 system 1.00 temp  -1.0 hbonds, Rg  25.0 A, potential   271.50
12201 / 50000 elapsed  1 system 0.83 temp  -1.0 hbonds, Rg  29.2 A, potential   221.99
11901 / 50000 elapsed  0 system 0.80 temp  -1.0 hbonds, Rg  29.8 A, potential   225.60
12201 / 50000 elapsed  5 system 0.94 temp  -1.0 hbonds, Rg  22.8 A, potential   270.57
12201 / 50000 elapsed  4 system 0.91 temp  -1.0 hbonds, Rg  33.1 A, potential   238.62
12101 / 50000 elapsed  6 system 0.97 temp  -1.0 hbonds, Rg  35.6 A, potential   294.47
12301 / 50000 elapsed  3 system 0.88 temp  -1.0 hbonds, Rg  29.8 A, potential   202.32
12201 / 50000 elapsed  2 system 0.85 temp  -1.0 hbonds, Rg  24.2 A, potential   227.41
12001 / 50000 elapsed  0 system 0.80 temp  -1.0 hbonds, Rg  27.7 A, potential   237.92
12201 / 50000 elapsed  7 system 1.00 temp  -1.0 hbonds, Rg  25.2 A, potential   277.46
12301 / 50000 elapsed  4 system 0.91 temp  -1.0 hbonds, Rg  30.6 A, potential   256.55
12301 / 50000 elapsed  1 system 0.83 temp  -1.0 hbonds, Rg  26.9 A, potential   187.83
12201 / 50000 elapsed  6 system 0.97 temp  -1.0 hbonds, Rg  35.1 A, potential   287.26
12301 / 50000 elapsed  5 system 0.94 temp  -1.0 hbonds, Rg  23.6 A, potential   288.77
12401 / 50000 elapsed  3 system 0.88 temp  -1.0 hbonds, Rg  29.4 A, potential   239.27
12301 / 50000 elapsed  2 system 0.85 temp  -1.0 hbonds, Rg  26.0 A, potential   223.23
12101 / 50000 elapsed  0 system 0.80 temp  -1.0 hbonds, Rg  27.2 A, potential   199.11
12301 / 50000 elapsed  7 system 1.00 temp  -1.0 hbonds, Rg  27.0 A, potential   288.23
12401 / 50000 elapsed  1 system 0.83 temp  -1.0 hbonds, Rg  27.4 A, potential   204.86
12401 / 50000 elapsed  4 system 0.91 temp  -1.0 hbonds, Rg  29.8 A, potential   223.84
12301 / 50000 elapsed  6 system 0.97 temp  -1.0 hbonds, Rg  34.9 A, potential   291.97
12401 / 50000 elapsed  5 system 0.94 temp  -1.0 hbonds, Rg  26.9 A, potential   252.31
12501 / 50000 elapsed  3 system 0.88 temp  -1.0 hbonds, Rg  28.2 A, potential   205.95
12401 / 50000 elapsed  2 system 0.85 temp  -1.0 hbonds, Rg  29.2 A, potential   233.68
12201 / 50000 elapsed  0 system 0.80 temp  -1.0 hbonds, Rg  29.5 A, potential   229.59
12401 / 50000 elapsed  7 system 1.00 temp  -1.0 hbonds, Rg  27.5 A, potential   275.01
12501 / 50000 elapsed  1 system 0.83 temp  -1.0 hbonds, Rg  26.2 A, potential   215.13
12501 / 50000 elapsed  4 system 0.91 temp  -1.0 hbonds, Rg  29.1 A, potential   254.93
12401 / 50000 elapsed  6 system 0.97 temp  -1.0 hbonds, Rg  31.6 A, potential   258.70
12601 / 50000 elapsed  3 system 0.88 temp  -1.0 hbonds, Rg  28.0 A, potential   196.51
12501 / 50000 elapsed  2 system 0.85 temp  -1.0 hbonds, Rg  27.8 A, potential   234.89
12501 / 50000 elapsed  5 system 0.94 temp  -1.0 hbonds, Rg  22.6 A, potential   268.42
12301 / 50000 elapsed  0 system 0.80 temp  -1.0 hbonds, Rg  30.3 A, potential   226.71
12601 / 50000 elapsed  4 system 0.91 temp  -1.0 hbonds, Rg  26.1 A, potential   285.97
12501 / 50000 elapsed  6 system 0.97 temp  -1.0 hbonds, Rg  32.1 A, potential   300.22
12601 / 50000 elapsed  1 system 0.83 temp  -1.0 hbonds, Rg  25.3 A, potential   223.30
12501 / 50000 elapsed  7 system 1.00 temp  -1.0 hbonds, Rg  25.6 A, potential   300.96
12601 / 50000 elapsed  2 system 0.85 temp  -1.0 hbonds, Rg  26.7 A, potential   217.77
12701 / 50000 elapsed  3 system 0.88 temp  -1.0 hbonds, Rg  30.7 A, potential   228.71
12401 / 50000 elapsed  0 system 0.80 temp  -1.0 hbonds, Rg  30.8 A, potential   195.78
12601 / 50000 elapsed  5 system 0.94 temp  -1.0 hbonds, Rg  21.8 A, potential   264.29
12601 / 50000 elapsed  6 system 0.97 temp  -1.0 hbonds, Rg  34.2 A, potential   274.04
12701 / 50000 elapsed  4 system 0.91 temp  -1.0 hbonds, Rg  29.5 A, potential   281.27
12701 / 50000 elapsed  1 system 0.83 temp  -1.0 hbonds, Rg  26.5 A, potential   198.68
12601 / 50000 elapsed  7 system 1.00 temp  -1.0 hbonds, Rg  28.0 A, potential   283.01
12501 / 50000 elapsed  0 system 0.80 temp  -1.0 hbonds, Rg  31.7 A, potential   199.20
12801 / 50000 elapsed  3 system 0.88 temp  -1.0 hbonds, Rg  32.7 A, potential   214.61
12701 / 50000 elapsed  2 system 0.85 temp  -1.0 hbonds, Rg  29.5 A, potential   234.65
12701 / 50000 elapsed  5 system 0.94 temp  -1.0 hbonds, Rg  22.4 A, potential   247.57
12801 / 50000 elapsed  1 system 0.83 temp  -1.0 hbonds, Rg  25.3 A, potential   221.01
12801 / 50000 elapsed  4 system 0.91 temp  -1.0 hbonds, Rg  26.9 A, potential   246.98
12701 / 50000 elapsed  6 system 0.97 temp  -1.0 hbonds, Rg  32.2 A, potential   286.92
12901 / 50000 elapsed  3 system 0.88 temp  -1.0 hbonds, Rg  34.0 A, potential   252.55
12601 / 50000 elapsed  0 system 0.80 temp  -1.0 hbonds, Rg  29.3 A, potential   193.99
12701 / 50000 elapsed  7 system 1.00 temp  -1.0 hbonds, Rg  27.6 A, potential   287.77
12801 / 50000 elapsed  5 system 0.94 temp  -1.0 hbonds, Rg  21.9 A, potential   280.10
12801 / 50000 elapsed  2 system 0.85 temp  -1.0 hbonds, Rg  29.4 A, potential   210.02
12901 / 50000 elapsed  4 system 0.91 temp  -1.0 hbonds, Rg  27.5 A, potential   255.99
12901 / 50000 elapsed  1 system 0.83 temp  -1.0 hbonds, Rg  25.7 A, potential   232.28
12801 / 50000 elapsed  6 system 0.97 temp  -1.0 hbonds, Rg  34.2 A, potential   273.17
12701 / 50000 elapsed  0 system 0.80 temp  -1.0 hbonds, Rg  29.9 A, potential   181.67
13001 / 50000 elapsed  3 system 0.88 temp  -1.0 hbonds, Rg  34.6 A, potential   288.94
12801 / 50000 elapsed  7 system 1.00 temp  -1.0 hbonds, Rg  26.4 A, potential   262.84
12901 / 50000 elapsed  5 system 0.94 temp  -1.0 hbonds, Rg  26.1 A, potential   238.07
13001 / 50000 elapsed  4 system 0.91 temp  -1.0 hbonds, Rg  28.6 A, potential   253.82
13001 / 50000 elapsed  1 system 0.83 temp  -1.0 hbonds, Rg  27.9 A, potential   172.59
12901 / 50000 elapsed  2 system 0.85 temp  -1.0 hbonds, Rg  29.5 A, potential   246.27
12901 / 50000 elapsed  6 system 0.97 temp  -1.0 hbonds, Rg  33.8 A, potential   307.91
12801 / 50000 elapsed  0 system 0.80 temp  -1.0 hbonds, Rg  28.4 A, potential   197.48
13101 / 50000 elapsed  3 system 0.88 temp  -1.0 hbonds, Rg  37.6 A, potential   262.85
12901 / 50000 elapsed  7 system 1.00 temp  -1.0 hbonds, Rg  26.1 A, potential   234.95
13101 / 50000 elapsed  4 system 0.91 temp  -1.0 hbonds, Rg  27.9 A, potential   251.85
13101 / 50000 elapsed  1 system 0.83 temp  -1.0 hbonds, Rg  26.1 A, potential   207.63
13001 / 50000 elapsed  5 system 0.94 temp  -1.0 hbonds, Rg  27.2 A, potential   262.30
13001 / 50000 elapsed  6 system 0.97 temp  -1.0 hbonds, Rg  31.3 A, potential   271.98
13001 / 50000 elapsed  2 system 0.85 temp  -1.0 hbonds, Rg  27.6 A, potential   235.20
12901 / 50000 elapsed  0 system 0.80 temp  -1.0 hbonds, Rg  28.7 A, potential   185.79
13201 / 50000 elapsed  3 system 0.88 temp  -1.0 hbonds, Rg  34.5 A, potential   230.65
13201 / 50000 elapsed  4 system 0.91 temp  -1.0 hbonds, Rg  28.8 A, potential   238.77
13201 / 50000 elapsed  1 system 0.83 temp  -1.0 hbonds, Rg  29.3 A, potential   259.94
13001 / 50000 elapsed  7 system 1.00 temp  -1.0 hbonds, Rg  22.9 A, potential   282.30
13101 / 50000 elapsed  6 system 0.97 temp  -1.0 hbonds, Rg  31.5 A, potential   255.82
13101 / 50000 elapsed  5 system 0.94 temp  -1.0 hbonds, Rg  27.3 A, potential   251.23
13101 / 50000 elapsed  2 system 0.85 temp  -1.0 hbonds, Rg  27.1 A, potential   235.07
13001 / 50000 elapsed  0 system 0.80 temp  -1.0 hbonds, Rg  27.1 A, potential   222.12
13301 / 50000 elapsed  3 system 0.88 temp  -1.0 hbonds, Rg  32.6 A, potential   250.39
13301 / 50000 elapsed  1 system 0.83 temp  -1.0 hbonds, Rg  29.1 A, potential   216.71
13101 / 50000 elapsed  7 system 1.00 temp  -1.0 hbonds, Rg  23.2 A, potential   304.03
13301 / 50000 elapsed  4 system 0.91 temp  -1.0 hbonds, Rg  27.4 A, potential   219.31
13101 / 50000 elapsed  0 system 0.80 temp  -1.0 hbonds, Rg  28.8 A, potential   237.41
13201 / 50000 elapsed  6 system 0.97 temp  -1.0 hbonds, Rg  33.8 A, potential   249.47
13201 / 50000 elapsed  5 system 0.94 temp  -1.0 hbonds, Rg  27.4 A, potential   260.57
13201 / 50000 elapsed  2 system 0.85 temp  -1.0 hbonds, Rg  27.1 A, potential   232.87
13401 / 50000 elapsed  3 system 0.88 temp  -1.0 hbonds, Rg  33.0 A, potential   228.22
13401 / 50000 elapsed  1 system 0.83 temp  -1.0 hbonds, Rg  29.4 A, potential   193.37
13201 / 50000 elapsed  0 system 0.80 temp  -1.0 hbonds, Rg  30.3 A, potential   226.42
13201 / 50000 elapsed  7 system 1.00 temp  -1.0 hbonds, Rg  24.5 A, potential   275.13
13401 / 50000 elapsed  4 system 0.91 temp  -1.0 hbonds, Rg  25.3 A, potential   250.61
13301 / 50000 elapsed  6 system 0.97 temp  -1.0 hbonds, Rg  30.9 A, potential   298.38
13501 / 50000 elapsed  3 system 0.88 temp  -1.0 hbonds, Rg  31.4 A, potential   227.79
13301 / 50000 elapsed  2 system 0.85 temp  -1.0 hbonds, Rg  27.6 A, potential   218.17
13301 / 50000 elapsed  5 system 0.94 temp  -1.0 hbonds, Rg  28.7 A, potential   252.39
13501 / 50000 elapsed  1 system 0.83 temp  -1.0 hbonds, Rg  30.6 A, potential   227.36
13301 / 50000 elapsed  0 system 0.80 temp  -1.0 hbonds, Rg  28.3 A, potential   199.89
13301 / 50000 elapsed  7 system 1.00 temp  -1.0 hbonds, Rg  24.9 A, potential   284.05
13401 / 50000 elapsed  6 system 0.97 temp  -1.0 hbonds, Rg  29.7 A, potential   288.83
13501 / 50000 elapsed  4 system 0.91 temp  -1.0 hbonds, Rg  28.1 A, potential   248.76
13601 / 50000 elapsed  3 system 0.88 temp  -1.0 hbonds, Rg  30.5 A, potential   231.08
13401 / 50000 elapsed  5 system 0.94 temp  -1.0 hbonds, Rg  27.4 A, potential   255.37
13401 / 50000 elapsed  2 system 0.85 temp  -1.0 hbonds, Rg  28.4 A, potential   231.99
13601 / 50000 elapsed  1 system 0.83 temp  -1.0 hbonds, Rg  29.6 A, potential   211.72
13401 / 50000 elapsed  0 system 0.80 temp  -1.0 hbonds, Rg  26.6 A, potential   203.55
13401 / 50000 elapsed  7 system 1.00 temp  -1.0 hbonds, Rg  26.6 A, potential   311.24
13501 / 50000 elapsed  6 system 0.97 temp  -1.0 hbonds, Rg  29.6 A, potential   274.27
13601 / 50000 elapsed  4 system 0.91 temp  -1.0 hbonds, Rg  26.3 A, potential   253.46
13501 / 50000 elapsed  2 system 0.85 temp  -1.0 hbonds, Rg  31.0 A, potential   239.35
13701 / 50000 elapsed  3 system 0.88 temp  -1.0 hbonds, Rg  27.8 A, potential   253.34
13501 / 50000 elapsed  5 system 0.94 temp  -1.0 hbonds, Rg  31.6 A, potential   266.63
13701 / 50000 elapsed  1 system 0.83 temp  -1.0 hbonds, Rg  30.3 A, potential   222.68
13501 / 50000 elapsed  0 system 0.80 temp  -1.0 hbonds, Rg  25.4 A, potential   184.94
13501 / 50000 elapsed  7 system 1.00 temp  -1.0 hbonds, Rg  28.9 A, potential   270.83
13601 / 50000 elapsed  6 system 0.97 temp  -1.0 hbonds, Rg  30.9 A, potential   271.65
13601 / 50000 elapsed  2 system 0.85 temp  -1.0 hbonds, Rg  29.8 A, potential   250.57
13701 / 50000 elapsed  4 system 0.91 temp  -1.0 hbonds, Rg  29.9 A, potential   243.89
13601 / 50000 elapsed  0 system 0.80 temp  -1.0 hbonds, Rg  25.1 A, potential   191.12
13801 / 50000 elapsed  3 system 0.88 temp  -1.0 hbonds, Rg  28.9 A, potential   266.13
13601 / 50000 elapsed  5 system 0.94 temp  -1.0 hbonds, Rg  32.3 A, potential   241.99
13601 / 50000 elapsed  7 system 1.00 temp  -1.0 hbonds, Rg  27.6 A, potential   266.52
13801 / 50000 elapsed  1 system 0.83 temp  -1.0 hbonds, Rg  32.9 A, potential   187.68
13701 / 50000 elapsed  6 system 0.97 temp  -1.0 hbonds, Rg  31.3 A, potential   274.94
13701 / 50000 elapsed  2 system 0.85 temp  -1.0 hbonds, Rg  29.6 A, potential   244.42
13901 / 50000 elapsed  3 system 0.88 temp  -1.0 hbonds, Rg  29.9 A, potential   243.81
13801 / 50000 elapsed  4 system 0.91 temp  -1.0 hbonds, Rg  32.1 A, potential   245.45
13701 / 50000 elapsed  5 system 0.94 temp  -1.0 hbonds, Rg  29.0 A, potential   254.12
13701 / 50000 elapsed  0 system 0.80 temp  -1.0 hbonds, Rg  26.7 A, potential   225.97
13801 / 50000 elapsed  6 system 0.97 temp  -1.0 hbonds, Rg  28.3 A, potential   274.45
13701 / 50000 elapsed  7 system 1.00 temp  -1.0 hbonds, Rg  28.3 A, potential   256.28
13801 / 50000 elapsed  2 system 0.85 temp  -1.0 hbonds, Rg  27.1 A, potential   219.94
13901 / 50000 elapsed  1 system 0.83 temp  -1.0 hbonds, Rg  31.5 A, potential   206.30
14001 / 50000 elapsed  3 system 0.88 temp  -1.0 hbonds, Rg  30.7 A, potential   253.24
13901 / 50000 elapsed  4 system 0.91 temp  -1.0 hbonds, Rg  31.1 A, potential   263.81
13801 / 50000 elapsed  5 system 0.94 temp  -1.0 hbonds, Rg  31.6 A, potential   292.63
13801 / 50000 elapsed  0 system 0.80 temp  -1.0 hbonds, Rg  25.5 A, potential   187.93
13901 / 50000 elapsed  2 system 0.85 temp  -1.0 hbonds, Rg  27.8 A, potential   210.52
13801 / 50000 elapsed  7 system 1.00 temp  -1.0 hbonds, Rg  26.4 A, potential   263.64
13901 / 50000 elapsed  6 system 0.97 temp  -1.0 hbonds, Rg  30.0 A, potential   292.26
14001 / 50000 elapsed  1 system 0.83 temp  -1.0 hbonds, Rg  32.8 A, potential   246.21
14101 / 50000 elapsed  3 system 0.88 temp  -1.0 hbonds, Rg  28.1 A, potential   269.30
14001 / 50000 elapsed  4 system 0.91 temp  -1.0 hbonds, Rg  30.6 A, potential   271.82
13901 / 50000 elapsed  5 system 0.94 temp  -1.0 hbonds, Rg  33.9 A, potential   292.27
13901 / 50000 elapsed  0 system 0.80 temp  -1.0 hbonds, Rg  29.2 A, potential   185.39
14001 / 50000 elapsed  2 system 0.85 temp  -1.0 hbonds, Rg  28.6 A, potential   230.13
13901 / 50000 elapsed  7 system 1.00 temp  -1.0 hbonds, Rg  25.4 A, potential   309.90
14101 / 50000 elapsed  1 system 0.83 temp  -1.0 hbonds, Rg  31.5 A, potential   201.46
14001 / 50000 elapsed  6 system 0.97 temp  -1.0 hbonds, Rg  31.0 A, potential   240.55
14201 / 50000 elapsed  3 system 0.88 temp  -1.0 hbonds, Rg  27.2 A, potential   234.49
14001 / 50000 elapsed  5 system 0.94 temp  -1.0 hbonds, Rg  33.1 A, potential   294.83
14001 / 50000 elapsed  0 system 0.80 temp  -1.0 hbonds, Rg  30.0 A, potential   236.36
14101 / 50000 elapsed  4 system 0.91 temp  -1.0 hbonds, Rg  32.4 A, potential   258.22
14201 / 50000 elapsed  1 system 0.83 temp  -1.0 hbonds, Rg  31.8 A, potential   208.29
14101 / 50000 elapsed  2 system 0.85 temp  -1.0 hbonds, Rg  26.4 A, potential   200.19
14001 / 50000 elapsed  7 system 1.00 temp  -1.0 hbonds, Rg  26.1 A, potential   264.95
14101 / 50000 elapsed  6 system 0.97 temp  -1.0 hbonds, Rg  29.2 A, potential   269.40
14301 / 50000 elapsed  3 system 0.88 temp  -1.0 hbonds, Rg  29.8 A, potential   267.23
14101 / 50000 elapsed  5 system 0.94 temp  -1.0 hbonds, Rg  31.4 A, potential   290.03
14201 / 50000 elapsed  4 system 0.91 temp  -1.0 hbonds, Rg  31.0 A, potential   255.51
14101 / 50000 elapsed  0 system 0.80 temp  -1.0 hbonds, Rg  30.6 A, potential   223.88
14301 / 50000 elapsed  1 system 0.83 temp  -1.0 hbonds, Rg  29.8 A, potential   255.54
14201 / 50000 elapsed  2 system 0.85 temp  -1.0 hbonds, Rg  27.0 A, potential   228.96
14201 / 50000 elapsed  6 system 0.97 temp  -1.0 hbonds, Rg  29.7 A, potential   274.26
14101 / 50000 elapsed  7 system 1.00 temp  -1.0 hbonds, Rg  27.9 A, potential   292.63
14201 / 50000 elapsed  5 system 0.94 temp  -1.0 hbonds, Rg  30.4 A, potential   270.10
14401 / 50000 elapsed  3 system 0.88 temp  -1.0 hbonds, Rg  27.1 A, potential   237.89
14301 / 50000 elapsed  4 system 0.91 temp  -1.0 hbonds, Rg  29.3 A, potential   281.46
14201 / 50000 elapsed  0 system 0.80 temp  -1.0 hbonds, Rg  27.1 A, potential   225.38
14401 / 50000 elapsed  1 system 0.83 temp  -1.0 hbonds, Rg  30.6 A, potential   239.08
14301 / 50000 elapsed  2 system 0.85 temp  -1.0 hbonds, Rg  24.9 A, potential   202.83
14301 / 50000 elapsed  6 system 0.97 temp  -1.0 hbonds, Rg  29.1 A, potential   254.15
14301 / 50000 elapsed  5 system 0.94 temp  -1.0 hbonds, Rg  31.6 A, potential   266.45
14201 / 50000 elapsed  7 system 1.00 temp  -1.0 hbonds, Rg  28.4 A, potential   281.12
14401 / 50000 elapsed  4 system 0.91 temp  -1.0 hbonds, Rg  29.5 A, potential   249.32
14501 / 50000 elapsed  3 system 0.88 temp  -1.0 hbonds, Rg  26.5 A, potential   226.91
14301 / 50000 elapsed  0 system 0.80 temp  -1.0 hbonds, Rg  28.0 A, potential   215.46
14401 / 50000 elapsed  6 system 0.97 temp  -1.0 hbonds, Rg  29.6 A, potential   274.98
14401 / 50000 elapsed  2 system 0.85 temp  -1.0 hbonds, Rg  24.8 A, potential   252.96
14501 / 50000 elapsed  1 system 0.83 temp  -1.0 hbonds, Rg  28.1 A, potential   232.48
14401 / 50000 elapsed  5 system 0.94 temp  -1.0 hbonds, Rg  33.4 A, potential   256.18
14301 / 50000 elapsed  7 system 1.00 temp  -1.0 hbonds, Rg  30.1 A, potential   279.60
14501 / 50000 elapsed  4 system 0.91 temp  -1.0 hbonds, Rg  31.7 A, potential   168.79
14601 / 50000 elapsed  3 system 0.88 temp  -1.0 hbonds, Rg  25.1 A, potential   234.80
14401 / 50000 elapsed  0 system 0.80 temp  -1.0 hbonds, Rg  28.1 A, potential   213.74
14601 / 50000 elapsed  1 system 0.83 temp  -1.0 hbonds, Rg  27.4 A, potential   231.90
14501 / 50000 elapsed  6 system 0.97 temp  -1.0 hbonds, Rg  27.9 A, potential   236.11
14501 / 50000 elapsed  2 system 0.85 temp  -1.0 hbonds, Rg  26.0 A, potential   245.68
14401 / 50000 elapsed  7 system 1.00 temp  -1.0 hbonds, Rg  29.6 A, potential   293.19
14501 / 50000 elapsed  5 system 0.94 temp  -1.0 hbonds, Rg  34.5 A, potential   283.91
14701 / 50000 elapsed  3 system 0.88 temp  -1.0 hbonds, Rg  22.7 A, potential   246.26
14601 / 50000 elapsed  4 system 0.91 temp  -1.0 hbonds, Rg  30.1 A, potential   223.34
14701 / 50000 elapsed  1 system 0.83 temp  -1.0 hbonds, Rg  25.6 A, potential   208.10
14501 / 50000 elapsed  0 system 0.80 temp  -1.0 hbonds, Rg  30.0 A, potential   223.10
14601 / 50000 elapsed  2 system 0.85 temp  -1.0 hbonds, Rg  25.7 A, potential   267.44
14501 / 50000 elapsed  7 system 1.00 temp  -1.0 hbonds, Rg  27.2 A, potential   277.35
14601 / 50000 elapsed  6 system 0.97 temp  -1.0 hbonds, Rg  27.0 A, potential   229.31
14601 / 50000 elapsed  5 system 0.94 temp  -1.0 hbonds, Rg  34.0 A, potential   244.66
14801 / 50000 elapsed  3 system 0.88 temp  -1.0 hbonds, Rg  23.9 A, potential   228.07
14801 / 50000 elapsed  1 system 0.83 temp  -1.0 hbonds, Rg  24.6 A, potential   202.18
14601 / 50000 elapsed  0 system 0.80 temp  -1.0 hbonds, Rg  29.1 A, potential   208.38
14701 / 50000 elapsed  4 system 0.91 temp  -1.0 hbonds, Rg  28.7 A, potential   235.21
14701 / 50000 elapsed  2 system 0.85 temp  -1.0 hbonds, Rg  26.5 A, potential   196.64
14701 / 50000 elapsed  5 system 0.94 temp  -1.0 hbonds, Rg  35.7 A, potential   267.77
14601 / 50000 elapsed  7 system 1.00 temp  -1.0 hbonds, Rg  24.0 A, potential   287.15
14901 / 50000 elapsed  3 system 0.88 temp  -1.0 hbonds, Rg  25.6 A, potential   260.19
14701 / 50000 elapsed  6 system 0.97 temp  -1.0 hbonds, Rg  26.1 A, potential   305.21
14801 / 50000 elapsed  4 system 0.91 temp  -1.0 hbonds, Rg  28.4 A, potential   211.16
14901 / 50000 elapsed  1 system 0.83 temp  -1.0 hbonds, Rg  24.5 A, potential   197.70
14801 / 50000 elapsed  2 system 0.85 temp  -1.0 hbonds, Rg  23.9 A, potential   223.92
14701 / 50000 elapsed  0 system 0.80 temp  -1.0 hbonds, Rg  27.8 A, potential   201.80
14801 / 50000 elapsed  5 system 0.94 temp  -1.0 hbonds, Rg  32.8 A, potential   240.78
14801 / 50000 elapsed  6 system 0.97 temp  -1.0 hbonds, Rg  25.1 A, potential   254.74
15001 / 50000 elapsed  3 system 0.88 temp  -1.0 hbonds, Rg  27.1 A, potential   226.85
14701 / 50000 elapsed  7 system 1.00 temp  -1.0 hbonds, Rg  25.6 A, potential   281.67
14901 / 50000 elapsed  4 system 0.91 temp  -1.0 hbonds, Rg  29.7 A, potential   222.78
14901 / 50000 elapsed  2 system 0.85 temp  -1.0 hbonds, Rg  25.2 A, potential   232.87
15001 / 50000 elapsed  1 system 0.83 temp  -1.0 hbonds, Rg  25.3 A, potential   202.61
14801 / 50000 elapsed  0 system 0.80 temp  -1.0 hbonds, Rg  28.7 A, potential   228.70
14901 / 50000 elapsed  5 system 0.94 temp  -1.0 hbonds, Rg  32.6 A, potential   281.89
14901 / 50000 elapsed  6 system 0.97 temp  -1.0 hbonds, Rg  25.2 A, potential   301.25
15101 / 50000 elapsed  3 system 0.88 temp  -1.0 hbonds, Rg  25.6 A, potential   226.88
14801 / 50000 elapsed  7 system 1.00 temp  -1.0 hbonds, Rg  28.4 A, potential   296.43
15001 / 50000 elapsed  4 system 0.91 temp  -1.0 hbonds, Rg  30.6 A, potential   265.36
15001 / 50000 elapsed  2 system 0.85 temp  -1.0 hbonds, Rg  26.6 A, potential   207.82
14901 / 50000 elapsed  0 system 0.80 temp  -1.0 hbonds, Rg  31.2 A, potential   228.83
15101 / 50000 elapsed  1 system 0.83 temp  -1.0 hbonds, Rg  27.8 A, potential   247.02
15001 / 50000 elapsed  6 system 0.97 temp  -1.0 hbonds, Rg  24.6 A, potential   283.21
15201 / 50000 elapsed  3 system 0.88 temp  -1.0 hbonds, Rg  25.8 A, potential   233.72
15001 / 50000 elapsed  5 system 0.94 temp  -1.0 hbonds, Rg  33.0 A, potential   259.73
14901 / 50000 elapsed  7 system 1.00 temp  -1.0 hbonds, Rg  25.9 A, potential   320.30
15101 / 50000 elapsed  4 system 0.91 temp  -1.0 hbonds, Rg  33.1 A, potential   273.39
15101 / 50000 elapsed  2 system 0.85 temp  -1.0 hbonds, Rg  23.5 A, potential   225.89
15201 / 50000 elapsed  1 system 0.83 temp  -1.0 hbonds, Rg  28.1 A, potential   222.40
15001 / 50000 elapsed  0 system 0.80 temp  -1.0 hbonds, Rg  28.6 A, potential   211.77
15101 / 50000 elapsed  6 system 0.97 temp  -1.0 hbonds, Rg  25.6 A, potential   268.19
15101 / 50000 elapsed  5 system 0.94 temp  -1.0 hbonds, Rg  34.8 A, potential   249.34
15301 / 50000 elapsed  3 system 0.88 temp  -1.0 hbonds, Rg  26.6 A, potential   257.05
15001 / 50000 elapsed  7 system 1.00 temp  -1.0 hbonds, Rg  29.4 A, potential   325.02
15201 / 50000 elapsed  4 system 0.91 temp  -1.0 hbonds, Rg  33.1 A, potential   246.00
15201 / 50000 elapsed  2 system 0.85 temp  -1.0 hbonds, Rg  24.0 A, potential   254.64
15301 / 50000 elapsed  1 system 0.83 temp  -1.0 hbonds, Rg  29.2 A, potential   212.08
15101 / 50000 elapsed  0 system 0.80 temp  -1.0 hbonds, Rg  28.9 A, potential   204.94
15201 / 50000 elapsed  6 system 0.97 temp  -1.0 hbonds, Rg  25.7 A, potential   287.98
15401 / 50000 elapsed  3 system 0.88 temp  -1.0 hbonds, Rg  25.3 A, potential   238.02
15101 / 50000 elapsed  7 system 1.00 temp  -1.0 hbonds, Rg  30.7 A, potential   299.49
15201 / 50000 elapsed  5 system 0.94 temp  -1.0 hbonds, Rg  34.5 A, potential   255.87
15301 / 50000 elapsed  4 system 0.91 temp  -1.0 hbonds, Rg  31.6 A, potential   285.20
15401 / 50000 elapsed  1 system 0.83 temp  -1.0 hbonds, Rg  27.6 A, potential   203.70
15301 / 50000 elapsed  2 system 0.85 temp  -1.0 hbonds, Rg  26.3 A, potential   228.33
15501 / 50000 elapsed  3 system 0.88 temp  -1.0 hbonds, Rg  26.4 A, potential   249.87
15201 / 50000 elapsed  7 system 1.00 temp  -1.0 hbonds, Rg  33.4 A, potential   282.08
15301 / 50000 elapsed  5 system 0.94 temp  -1.0 hbonds, Rg  35.8 A, potential   254.59
15201 / 50000 elapsed  0 system 0.80 temp  -1.0 hbonds, Rg  27.4 A, potential   205.17
15301 / 50000 elapsed  6 system 0.97 temp  -1.0 hbonds, Rg  23.3 A, potential   275.79
15501 / 50000 elapsed  1 system 0.83 temp  -1.0 hbonds, Rg  29.4 A, potential   209.16
15401 / 50000 elapsed  4 system 0.91 temp  -1.0 hbonds, Rg  30.9 A, potential   230.30
15401 / 50000 elapsed  2 system 0.85 temp  -1.0 hbonds, Rg  26.1 A, potential   262.19
15601 / 50000 elapsed  3 system 0.88 temp  -1.0 hbonds, Rg  27.2 A, potential   294.25
15301 / 50000 elapsed  7 system 1.00 temp  -1.0 hbonds, Rg  35.3 A, potential   284.14
15401 / 50000 elapsed  5 system 0.94 temp  -1.0 hbonds, Rg  38.2 A, potential   270.86
15301 / 50000 elapsed  0 system 0.80 temp  -1.0 hbonds, Rg  28.5 A, potential   190.24
15601 / 50000 elapsed  1 system 0.83 temp  -1.0 hbonds, Rg  30.4 A, potential   209.88
15401 / 50000 elapsed  6 system 0.97 temp  -1.0 hbonds, Rg  24.0 A, potential   272.74
15501 / 50000 elapsed  4 system 0.91 temp  -1.0 hbonds, Rg  26.8 A, potential   251.22
15401 / 50000 elapsed  7 system 1.00 temp  -1.0 hbonds, Rg  33.1 A, potential   288.55
15701 / 50000 elapsed  3 system 0.88 temp  -1.0 hbonds, Rg  28.7 A, potential   234.47
15501 / 50000 elapsed  2 system 0.85 temp  -1.0 hbonds, Rg  27.4 A, potential   238.41
15501 / 50000 elapsed  5 system 0.94 temp  -1.0 hbonds, Rg  38.9 A, potential   263.47
15701 / 50000 elapsed  1 system 0.83 temp  -1.0 hbonds, Rg  29.2 A, potential   218.19
15401 / 50000 elapsed  0 system 0.80 temp  -1.0 hbonds, Rg  25.7 A, potential   170.07
15501 / 50000 elapsed  6 system 0.97 temp  -1.0 hbonds, Rg  22.3 A, potential   247.44
15601 / 50000 elapsed  4 system 0.91 temp  -1.0 hbonds, Rg  26.5 A, potential   231.92
15601 / 50000 elapsed  2 system 0.85 temp  -1.0 hbonds, Rg  26.3 A, potential   235.11
15801 / 50000 elapsed  3 system 0.88 temp  -1.0 hbonds, Rg  29.4 A, potential   244.80
15501 / 50000 elapsed  7 system 1.00 temp  -1.0 hbonds, Rg  33.1 A, potential   298.70
15601 / 50000 elapsed  5 system 0.94 temp  -1.0 hbonds, Rg  39.2 A, potential   256.41
15801 / 50000 elapsed  1 system 0.83 temp  -1.0 hbonds, Rg  30.2 A, potential   216.59
15501 / 50000 elapsed  0 system 0.80 temp  -1.0 hbonds, Rg  24.8 A, potential   228.87
15701 / 50000 elapsed  4 system 0.91 temp  -1.0 hbonds, Rg  26.2 A, potential   228.14
15701 / 50000 elapsed  2 system 0.85 temp  -1.0 hbonds, Rg  28.2 A, potential   206.91
15601 / 50000 elapsed  7 system 1.00 temp  -1.0 hbonds, Rg  33.8 A, potential   277.74
15601 / 50000 elapsed  6 system 0.97 temp  -1.0 hbonds, Rg  23.0 A, potential   248.11
15901 / 50000 elapsed  3 system 0.88 temp  -1.0 hbonds, Rg  29.3 A, potential   218.22
15901 / 50000 elapsed  1 system 0.83 temp  -1.0 hbonds, Rg  28.1 A, potential   205.72
15701 / 50000 elapsed  5 system 0.94 temp  -1.0 hbonds, Rg  38.7 A, potential   263.78
15601 / 50000 elapsed  0 system 0.80 temp  -1.0 hbonds, Rg  28.1 A, potential   183.53
15801 / 50000 elapsed  2 system 0.85 temp  -1.0 hbonds, Rg  28.9 A, potential   230.53
15801 / 50000 elapsed  4 system 0.91 temp  -1.0 hbonds, Rg  25.3 A, potential   236.59
15701 / 50000 elapsed  7 system 1.00 temp  -1.0 hbonds, Rg  35.2 A, potential   312.76
15701 / 50000 elapsed  6 system 0.97 temp  -1.0 hbonds, Rg  23.7 A, potential   282.58
16001 / 50000 elapsed  3 system 0.88 temp  -1.0 hbonds, Rg  30.0 A, potential   251.90
16001 / 50000 elapsed  1 system 0.83 temp  -1.0 hbonds, Rg  29.9 A, potential   214.34
15701 / 50000 elapsed  0 system 0.80 temp  -1.0 hbonds, Rg  27.7 A, potential   210.00
15801 / 50000 elapsed  5 system 0.94 temp  -1.0 hbonds, Rg  40.5 A, potential   265.56
15901 / 50000 elapsed  2 system 0.85 temp  -1.0 hbonds, Rg  27.2 A, potential   249.16
15801 / 50000 elapsed  7 system 1.00 temp  -1.0 hbonds, Rg  33.1 A, potential   273.25
15901 / 50000 elapsed  4 system 0.91 temp  -1.0 hbonds, Rg  27.8 A, potential   216.25
16101 / 50000 elapsed  1 system 0.83 temp  -1.0 hbonds, Rg  29.3 A, potential   219.48
15801 / 50000 elapsed  0 system 0.80 temp  -1.0 hbonds, Rg  30.0 A, potential   237.84
16101 / 50000 elapsed  3 system 0.88 temp  -1.0 hbonds, Rg  28.1 A, potential   232.45
15801 / 50000 elapsed  6 system 0.97 temp  -1.0 hbonds, Rg  24.7 A, potential   306.72
16001 / 50000 elapsed  2 system 0.85 temp  -1.0 hbonds, Rg  30.2 A, potential   204.10
15901 / 50000 elapsed  7 system 1.00 temp  -1.0 hbonds, Rg  34.1 A, potential   309.72
15901 / 50000 elapsed  5 system 0.94 temp  -1.0 hbonds, Rg  40.9 A, potential   266.70
16201 / 50000 elapsed  1 system 0.83 temp  -1.0 hbonds, Rg  30.8 A, potential   207.69
15901 / 50000 elapsed  0 system 0.80 temp  -1.0 hbonds, Rg  32.0 A, potential   244.78
16001 / 50000 elapsed  4 system 0.91 temp  -1.0 hbonds, Rg  27.2 A, potential   239.66
16201 / 50000 elapsed  3 system 0.88 temp  -1.0 hbonds, Rg  28.9 A, potential   216.31
16101 / 50000 elapsed  2 system 0.85 temp  -1.0 hbonds, Rg  28.5 A, potential   229.80
15901 / 50000 elapsed  6 system 0.97 temp  -1.0 hbonds, Rg  23.3 A, potential   256.82
16001 / 50000 elapsed  5 system 0.94 temp  -1.0 hbonds, Rg  40.3 A, potential   303.64
16001 / 50000 elapsed  7 system 1.00 temp  -1.0 hbonds, Rg  36.6 A, potential   277.05
16001 / 50000 elapsed  0 system 0.80 temp  -1.0 hbonds, Rg  32.4 A, potential   205.80
16301 / 50000 elapsed  1 system 0.83 temp  -1.0 hbonds, Rg  29.2 A, potential   209.39
16101 / 50000 elapsed  4 system 0.91 temp  -1.0 hbonds, Rg  26.1 A, potential   282.12
16201 / 50000 elapsed  2 system 0.85 temp  -1.0 hbonds, Rg  29.9 A, potential   231.73
16101 / 50000 elapsed  5 system 0.94 temp  -1.0 hbonds, Rg  39.8 A, potential   269.16
16301 / 50000 elapsed  3 system 0.88 temp  -1.0 hbonds, Rg  28.6 A, potential   269.29
16001 / 50000 elapsed  6 system 0.97 temp  -1.0 hbonds, Rg  25.5 A, potential   265.65
16101 / 50000 elapsed  0 system 0.80 temp  -1.0 hbonds, Rg  33.4 A, potential   197.67
16101 / 50000 elapsed  7 system 1.00 temp  -1.0 hbonds, Rg  37.5 A, potential   286.08
16201 / 50000 elapsed  4 system 0.91 temp  -1.0 hbonds, Rg  27.2 A, potential   243.01
16401 / 50000 elapsed  1 system 0.83 temp  -1.0 hbonds, Rg  30.6 A, potential   257.63
16301 / 50000 elapsed  2 system 0.85 temp  -1.0 hbonds, Rg  28.5 A, potential   224.55
16201 / 50000 elapsed  5 system 0.94 temp  -1.0 hbonds, Rg  38.8 A, potential   260.53
16101 / 50000 elapsed  6 system 0.97 temp  -1.0 hbonds, Rg  27.9 A, potential   267.35
16401 / 50000 elapsed  3 system 0.88 temp  -1.0 hbonds, Rg  26.1 A, potential   244.13
16201 / 50000 elapsed  0 system 0.80 temp  -1.0 hbonds, Rg  32.9 A, potential   216.20
16201 / 50000 elapsed  7 system 1.00 temp  -1.0 hbonds, Rg  36.7 A, potential   265.66
16301 / 50000 elapsed  4 system 0.91 temp  -1.0 hbonds, Rg  27.5 A, potential   255.75
16501 / 50000 elapsed  1 system 0.83 temp  -1.0 hbonds, Rg  30.1 A, potential   231.97
16401 / 50000 elapsed  2 system 0.85 temp  -1.0 hbonds, Rg  27.2 A, potential   243.07
16201 / 50000 elapsed  6 system 0.97 temp  -1.0 hbonds, Rg  26.6 A, potential   273.13
16301 / 50000 elapsed  5 system 0.94 temp  -1.0 hbonds, Rg  38.3 A, potential   275.25
16301 / 50000 elapsed  7 system 1.00 temp  -1.0 hbonds, Rg  35.8 A, potential   300.78
16301 / 50000 elapsed  0 system 0.80 temp  -1.0 hbonds, Rg  32.0 A, potential   208.04
16501 / 50000 elapsed  3 system 0.88 temp  -1.0 hbonds, Rg  25.4 A, potential   214.16
16401 / 50000 elapsed  4 system 0.91 temp  -1.0 hbonds, Rg  28.6 A, potential   251.03
16601 / 50000 elapsed  1 system 0.83 temp  -1.0 hbonds, Rg  27.2 A, potential   229.79
16501 / 50000 elapsed  2 system 0.85 temp  -1.0 hbonds, Rg  27.7 A, potential   242.02
16301 / 50000 elapsed  6 system 0.97 temp  -1.0 hbonds, Rg  25.7 A, potential   253.87
16401 / 50000 elapsed  5 system 0.94 temp  -1.0 hbonds, Rg  37.3 A, potential   270.49
16401 / 50000 elapsed  7 system 1.00 temp  -1.0 hbonds, Rg  36.8 A, potential   291.63
16401 / 50000 elapsed  0 system 0.80 temp  -1.0 hbonds, Rg  27.9 A, potential   218.21
16601 / 50000 elapsed  3 system 0.88 temp  -1.0 hbonds, Rg  30.0 A, potential   247.65
16501 / 50000 elapsed  4 system 0.91 temp  -1.0 hbonds, Rg  28.0 A, potential   270.27
16601 / 50000 elapsed  2 system 0.85 temp  -1.0 hbonds, Rg  30.3 A, potential   230.09
16701 / 50000 elapsed  1 system 0.83 temp  -1.0 hbonds, Rg  28.1 A, potential   238.93
16501 / 50000 elapsed  5 system 0.94 temp  -1.0 hbonds, Rg  34.2 A, potential   247.76
16401 / 50000 elapsed  6 system 0.97 temp  -1.0 hbonds, Rg  24.2 A, potential   254.46
16501 / 50000 elapsed  7 system 1.00 temp  -1.0 hbonds, Rg  36.3 A, potential   297.39
16701 / 50000 elapsed  3 system 0.88 temp  -1.0 hbonds, Rg  31.2 A, potential   223.25
16501 / 50000 elapsed  0 system 0.80 temp  -1.0 hbonds, Rg  28.4 A, potential   211.00
16601 / 50000 elapsed  4 system 0.91 temp  -1.0 hbonds, Rg  27.0 A, potential   251.40
16801 / 50000 elapsed  1 system 0.83 temp  -1.0 hbonds, Rg  24.5 A, potential   226.03
16601 / 50000 elapsed  5 system 0.94 temp  -1.0 hbonds, Rg  35.0 A, potential   252.85
16701 / 50000 elapsed  2 system 0.85 temp  -1.0 hbonds, Rg  30.8 A, potential   218.22
16601 / 50000 elapsed  0 system 0.80 temp  -1.0 hbonds, Rg  28.5 A, potential   208.67
16501 / 50000 elapsed  6 system 0.97 temp  -1.0 hbonds, Rg  25.3 A, potential   245.68
16701 / 50000 elapsed  4 system 0.91 temp  -1.0 hbonds, Rg  26.5 A, potential   253.31
16801 / 50000 elapsed  3 system 0.88 temp  -1.0 hbonds, Rg  28.5 A, potential   246.72
16601 / 50000 elapsed  7 system 1.00 temp  -1.0 hbonds, Rg  36.8 A, potential   297.65
16901 / 50000 elapsed  1 system 0.83 temp  -1.0 hbonds, Rg  25.3 A, potential   260.62
16701 / 50000 elapsed  5 system 0.94 temp  -1.0 hbonds, Rg  36.3 A, potential   250.63
16701 / 50000 elapsed  0 system 0.80 temp  -1.0 hbonds, Rg  31.5 A, potential   214.37
16601 / 50000 elapsed  6 system 0.97 temp  -1.0 hbonds, Rg  28.1 A, potential   266.36
16801 / 50000 elapsed  4 system 0.91 temp  -1.0 hbonds, Rg  25.4 A, potential   266.14
16801 / 50000 elapsed  2 system 0.85 temp  -1.0 hbonds, Rg  28.0 A, potential   225.44
16901 / 50000 elapsed  3 system 0.88 temp  -1.0 hbonds, Rg  29.3 A, potential   209.14
17001 / 50000 elapsed  1 system 0.83 temp  -1.0 hbonds, Rg  27.8 A, potential   214.76
16701 / 50000 elapsed  7 system 1.00 temp  -1.0 hbonds, Rg  35.4 A, potential   291.18
16801 / 50000 elapsed  5 system 0.94 temp  -1.0 hbonds, Rg  39.4 A, potential   259.83
16701 / 50000 elapsed  6 system 0.97 temp  -1.0 hbonds, Rg  25.9 A, potential   292.30
16901 / 50000 elapsed  4 system 0.91 temp  -1.0 hbonds, Rg  23.3 A, potential   250.95
16901 / 50000 elapsed  2 system 0.85 temp  -1.0 hbonds, Rg  31.6 A, potential   238.34
16801 / 50000 elapsed  0 system 0.80 temp  -1.0 hbonds, Rg  32.0 A, potential   202.34
17001 / 50000 elapsed  3 system 0.88 temp  -1.0 hbonds, Rg  26.9 A, potential   241.80
17101 / 50000 elapsed  1 system 0.83 temp  -1.0 hbonds, Rg  28.9 A, potential   231.79
16801 / 50000 elapsed  7 system 1.00 temp  -1.0 hbonds, Rg  34.4 A, potential   270.86
16901 / 50000 elapsed  5 system 0.94 temp  -1.0 hbonds, Rg  39.5 A, potential   276.61
17001 / 50000 elapsed  4 system 0.91 temp  -1.0 hbonds, Rg  23.9 A, potential   280.41
16801 / 50000 elapsed  6 system 0.97 temp  -1.0 hbonds, Rg  24.9 A, potential   256.99
16901 / 50000 elapsed  0 system 0.80 temp  -1.0 hbonds, Rg  29.1 A, potential   223.18
17001 / 50000 elapsed  2 system 0.85 temp  -1.0 hbonds, Rg  30.9 A, potential   212.35
17101 / 50000 elapsed  3 system 0.88 temp  -1.0 hbonds, Rg  28.0 A, potential   222.29
17201 / 50000 elapsed  1 system 0.83 temp  -1.0 hbonds, Rg  29.4 A, potential   213.88
16901 / 50000 elapsed  7 system 1.00 temp  -1.0 hbonds, Rg  32.9 A, potential   322.80
17001 / 50000 elapsed  5 system 0.94 temp  -1.0 hbonds, Rg  39.1 A, potential   257.47
17101 / 50000 elapsed  4 system 0.91 temp  -1.0 hbonds, Rg  21.8 A, potential   260.11
17001 / 50000 elapsed  0 system 0.80 temp  -1.0 hbonds, Rg  28.8 A, potential   209.79
17101 / 50000 elapsed  2 system 0.85 temp  -1.0 hbonds, Rg  30.0 A, potential   232.68
17301 / 50000 elapsed  1 system 0.83 temp  -1.0 hbonds, Rg  28.5 A, potential   228.79
16901 / 50000 elapsed  6 system 0.97 temp  -1.0 hbonds, Rg  22.8 A, potential   286.79
17201 / 50000 elapsed  3 system 0.88 temp  -1.0 hbonds, Rg  25.0 A, potential   248.51
17201 / 50000 elapsed  4 system 0.91 temp  -1.0 hbonds, Rg  22.0 A, potential   254.96
17201 / 50000 elapsed  2 system 0.85 temp  -1.0 hbonds, Rg  32.1 A, potential   227.13
17101 / 50000 elapsed  0 system 0.80 temp  -1.0 hbonds, Rg  26.8 A, potential   222.69
17001 / 50000 elapsed  7 system 1.00 temp  -1.0 hbonds, Rg  27.4 A, potential   279.01
17101 / 50000 elapsed  5 system 0.94 temp  -1.0 hbonds, Rg  41.1 A, potential   255.06
17401 / 50000 elapsed  1 system 0.83 temp  -1.0 hbonds, Rg  31.6 A, potential   229.21
17001 / 50000 elapsed  6 system 0.97 temp  -1.0 hbonds, Rg  22.1 A, potential   269.07
17301 / 50000 elapsed  3 system 0.88 temp  -1.0 hbonds, Rg  24.6 A, potential   249.38
17301 / 50000 elapsed  4 system 0.91 temp  -1.0 hbonds, Rg  24.7 A, potential   262.36
17301 / 50000 elapsed  2 system 0.85 temp  -1.0 hbonds, Rg  31.9 A, potential   239.75
17501 / 50000 elapsed  1 system 0.83 temp  -1.0 hbonds, Rg  30.4 A, potential   231.44
17101 / 50000 elapsed  6 system 0.97 temp  -1.0 hbonds, Rg  23.5 A, potential   259.36
17201 / 50000 elapsed  0 system 0.80 temp  -1.0 hbonds, Rg  26.7 A, potential   244.43
17101 / 50000 elapsed  7 system 1.00 temp  -1.0 hbonds, Rg  24.9 A, potential   316.26
17201 / 50000 elapsed  5 system 0.94 temp  -1.0 hbonds, Rg  39.5 A, potential   228.69
17401 / 50000 elapsed  3 system 0.88 temp  -1.0 hbonds, Rg  21.3 A, potential   272.30
17401 / 50000 elapsed  2 system 0.85 temp  -1.0 hbonds, Rg  32.3 A, potential   234.23
17401 / 50000 elapsed  4 system 0.91 temp  -1.0 hbonds, Rg  26.7 A, potential   267.04
17201 / 50000 elapsed  6 system 0.97 temp  -1.0 hbonds, Rg  25.1 A, potential   269.27
17601 / 50000 elapsed  1 system 0.83 temp  -1.0 hbonds, Rg  30.4 A, potential   222.08
17301 / 50000 elapsed  0 system 0.80 temp  -1.0 hbonds, Rg  25.2 A, potential   202.49
17501 / 50000 elapsed  3 system 0.88 temp  -1.0 hbonds, Rg  23.2 A, potential   231.87
17201 / 50000 elapsed  7 system 1.00 temp  -1.0 hbonds, Rg  25.6 A, potential   294.40
17301 / 50000 elapsed  5 system 0.94 temp  -1.0 hbonds, Rg  39.5 A, potential   284.63
17501 / 50000 elapsed  2 system 0.85 temp  -1.0 hbonds, Rg  34.6 A, potential   218.07
17501 / 50000 elapsed  4 system 0.91 temp  -1.0 hbonds, Rg  24.4 A, potential   238.11
17301 / 50000 elapsed  6 system 0.97 temp  -1.0 hbonds, Rg  23.8 A, potential   242.87
17701 / 50000 elapsed  1 system 0.83 temp  -1.0 hbonds, Rg  28.1 A, potential   203.95
17401 / 50000 elapsed  0 system 0.80 temp  -1.0 hbonds, Rg  28.1 A, potential   199.58
17301 / 50000 elapsed  7 system 1.00 temp  -1.0 hbonds, Rg  27.2 A, potential   257.89
17601 / 50000 elapsed  3 system 0.88 temp  -1.0 hbonds, Rg  24.0 A, potential   223.88
17401 / 50000 elapsed  5 system 0.94 temp  -1.0 hbonds, Rg  42.6 A, potential   283.13
17401 / 50000 elapsed  6 system 0.97 temp  -1.0 hbonds, Rg  24.0 A, potential   255.37
17801 / 50000 elapsed  1 system 0.83 temp  -1.0 hbonds, Rg  29.4 A, potential   218.99
17501 / 50000 elapsed  0 system 0.80 temp  -1.0 hbonds, Rg  26.5 A, potential   198.69
17601 / 50000 elapsed  2 system 0.85 temp  -1.0 hbonds, Rg  37.6 A, potential   244.25
17601 / 50000 elapsed  4 system 0.91 temp  -1.0 hbonds, Rg  25.4 A, potential   232.09
17401 / 50000 elapsed  7 system 1.00 temp  -1.0 hbonds, Rg  27.3 A, potential   259.42
17501 / 50000 elapsed  5 system 0.94 temp  -1.0 hbonds, Rg  43.3 A, potential   244.33
17701 / 50000 elapsed  3 system 0.88 temp  -1.0 hbonds, Rg  25.0 A, potential   231.63
17901 / 50000 elapsed  1 system 0.83 temp  -1.0 hbonds, Rg  32.0 A, potential   218.59
17501 / 50000 elapsed  6 system 0.97 temp  -1.0 hbonds, Rg  25.3 A, potential   305.32
17701 / 50000 elapsed  4 system 0.91 temp  -1.0 hbonds, Rg  26.1 A, potential   253.34
17601 / 50000 elapsed  0 system 0.80 temp  -1.0 hbonds, Rg  22.1 A, potential   226.95
17501 / 50000 elapsed  7 system 1.00 temp  -1.0 hbonds, Rg  23.0 A, potential   280.24
17701 / 50000 elapsed  2 system 0.85 temp  -1.0 hbonds, Rg  35.8 A, potential   261.11
17601 / 50000 elapsed  5 system 0.94 temp  -1.0 hbonds, Rg  40.0 A, potential   264.74
18001 / 50000 elapsed  1 system 0.83 temp  -1.0 hbonds, Rg  30.3 A, potential   234.25
17801 / 50000 elapsed  3 system 0.88 temp  -1.0 hbonds, Rg  23.9 A, potential   280.46
17601 / 50000 elapsed  6 system 0.97 temp  -1.0 hbonds, Rg  24.6 A, potential   278.86
17801 / 50000 elapsed  4 system 0.91 temp  -1.0 hbonds, Rg  26.6 A, potential   260.71
17701 / 50000 elapsed  0 system 0.80 temp  -1.0 hbonds, Rg  21.1 A, potential   224.34
17701 / 50000 elapsed  5 system 0.94 temp  -1.0 hbonds, Rg  40.9 A, potential   262.64
17601 / 50000 elapsed  7 system 1.00 temp  -1.0 hbonds, Rg  21.7 A, potential   312.14
17801 / 50000 elapsed  2 system 0.85 temp  -1.0 hbonds, Rg  37.3 A, potential   240.65
18101 / 50000 elapsed  1 system 0.83 temp  -1.0 hbonds, Rg  29.6 A, potential   180.34
17701 / 50000 elapsed  6 system 0.97 temp  -1.0 hbonds, Rg  25.7 A, potential   258.04
17901 / 50000 elapsed  4 system 0.91 temp  -1.0 hbonds, Rg  26.2 A, potential   250.64
17901 / 50000 elapsed  3 system 0.88 temp  -1.0 hbonds, Rg  26.2 A, potential   244.99
17801 / 50000 elapsed  5 system 0.94 temp  -1.0 hbonds, Rg  35.1 A, potential   265.11
17801 / 50000 elapsed  0 system 0.80 temp  -1.0 hbonds, Rg  19.7 A, potential   217.97
17701 / 50000 elapsed  7 system 1.00 temp  -1.0 hbonds, Rg  19.6 A, potential   318.08
17901 / 50000 elapsed  2 system 0.85 temp  -1.0 hbonds, Rg  36.4 A, potential   233.05
18201 / 50000 elapsed  1 system 0.83 temp  -1.0 hbonds, Rg  29.8 A, potential   235.23
17801 / 50000 elapsed  6 system 0.97 temp  -1.0 hbonds, Rg  27.0 A, potential   289.24
18001 / 50000 elapsed  4 system 0.91 temp  -1.0 hbonds, Rg  26.7 A, potential   275.54
18001 / 50000 elapsed  3 system 0.88 temp  -1.0 hbonds, Rg  25.0 A, potential   258.30
17901 / 50000 elapsed  5 system 0.94 temp  -1.0 hbonds, Rg  34.0 A, potential   225.37
17901 / 50000 elapsed  0 system 0.80 temp  -1.0 hbonds, Rg  19.8 A, potential   206.82
17801 / 50000 elapsed  7 system 1.00 temp  -1.0 hbonds, Rg  16.6 A, potential   295.65
18001 / 50000 elapsed  2 system 0.85 temp  -1.0 hbonds, Rg  34.0 A, potential   237.80
18301 / 50000 elapsed  1 system 0.83 temp  -1.0 hbonds, Rg  27.5 A, potential   238.99
17901 / 50000 elapsed  6 system 0.97 temp  -1.0 hbonds, Rg  27.4 A, potential   286.52
18101 / 50000 elapsed  4 system 0.91 temp  -1.0 hbonds, Rg  27.2 A, potential   272.39
18101 / 50000 elapsed  3 system 0.88 temp  -1.0 hbonds, Rg  22.8 A, potential   255.02
18001 / 50000 elapsed  5 system 0.94 temp  -1.0 hbonds, Rg  37.5 A, potential   269.35
18001 / 50000 elapsed  0 system 0.80 temp  -1.0 hbonds, Rg  20.2 A, potential   222.83
18101 / 50000 elapsed  2 system 0.85 temp  -1.0 hbonds, Rg  33.0 A, potential   229.28
17901 / 50000 elapsed  7 system 1.00 temp  -1.0 hbonds, Rg  17.4 A, potential   294.42
18401 / 50000 elapsed  1 system 0.83 temp  -1.0 hbonds, Rg  29.6 A, potential   204.08
18201 / 50000 elapsed  3 system 0.88 temp  -1.0 hbonds, Rg  23.4 A, potential   229.24
18001 / 50000 elapsed  6 system 0.97 temp  -1.0 hbonds, Rg  24.3 A, potential   273.07
18201 / 50000 elapsed  4 system 0.91 temp  -1.0 hbonds, Rg  24.4 A, potential   238.87
18101 / 50000 elapsed  0 system 0.80 temp  -1.0 hbonds, Rg  19.2 A, potential   189.11
18201 / 50000 elapsed  2 system 0.85 temp  -1.0 hbonds, Rg  32.0 A, potential   230.46
18001 / 50000 elapsed  7 system 1.00 temp  -1.0 hbonds, Rg  18.2 A, potential   316.67
18101 / 50000 elapsed  5 system 0.94 temp  -1.0 hbonds, Rg  35.9 A, potential   257.69
18501 / 50000 elapsed  1 system 0.83 temp  -1.0 hbonds, Rg  27.3 A, potential   211.10
18301 / 50000 elapsed  3 system 0.88 temp  -1.0 hbonds, Rg  25.6 A, potential   258.20
18201 / 50000 elapsed  0 system 0.80 temp  -1.0 hbonds, Rg  20.8 A, potential   203.43
18101 / 50000 elapsed  6 system 0.97 temp  -1.0 hbonds, Rg  22.2 A, potential   281.34
18301 / 50000 elapsed  4 system 0.91 temp  -1.0 hbonds, Rg  26.9 A, potential   225.69
18101 / 50000 elapsed  7 system 1.00 temp  -1.0 hbonds, Rg  20.3 A, potential   267.92
18201 / 50000 elapsed  5 system 0.94 temp  -1.0 hbonds, Rg  33.3 A, potential   262.62
18301 / 50000 elapsed  2 system 0.85 temp  -1.0 hbonds, Rg  33.8 A, potential   233.02
18601 / 50000 elapsed  1 system 0.83 temp  -1.0 hbonds, Rg  26.7 A, potential   190.12
18401 / 50000 elapsed  3 system 0.88 temp  -1.0 hbonds, Rg  24.2 A, potential   249.02
18201 / 50000 elapsed  7 system 1.00 temp  -1.0 hbonds, Rg  21.9 A, potential   305.71
18201 / 50000 elapsed  6 system 0.97 temp  -1.0 hbonds, Rg  22.1 A, potential   290.02
18301 / 50000 elapsed  5 system 0.94 temp  -1.0 hbonds, Rg  28.2 A, potential   271.07
18301 / 50000 elapsed  0 system 0.80 temp  -1.0 hbonds, Rg  21.9 A, potential   210.49
18401 / 50000 elapsed  4 system 0.91 temp  -1.0 hbonds, Rg  24.2 A, potential   279.14
18701 / 50000 elapsed  1 system 0.83 temp  -1.0 hbonds, Rg  25.5 A, potential   237.94
18401 / 50000 elapsed  2 system 0.85 temp  -1.0 hbonds, Rg  31.8 A, potential   230.54
18301 / 50000 elapsed  7 system 1.00 temp  -1.0 hbonds, Rg  25.0 A, potential   301.39
18501 / 50000 elapsed  3 system 0.88 temp  -1.0 hbonds, Rg  25.4 A, potential   248.79
18301 / 50000 elapsed  6 system 0.97 temp  -1.0 hbonds, Rg  23.5 A, potential   269.02
18401 / 50000 elapsed  5 system 0.94 temp  -1.0 hbonds, Rg  26.2 A, potential   245.77
18401 / 50000 elapsed  0 system 0.80 temp  -1.0 hbonds, Rg  22.2 A, potential   203.79
18501 / 50000 elapsed  4 system 0.91 temp  -1.0 hbonds, Rg  24.3 A, potential   226.74
18802 / 50000 elapsed  1 system 0.83 temp  -1.0 hbonds, Rg  26.3 A, potential   208.70
18501 / 50000 elapsed  2 system 0.85 temp  -1.0 hbonds, Rg  30.2 A, potential   243.77
18401 / 50000 elapsed  7 system 1.00 temp  -1.0 hbonds, Rg  23.0 A, potential   280.58
18501 / 50000 elapsed  5 system 0.94 temp  -1.0 hbonds, Rg  22.9 A, potential   271.36
18601 / 50000 elapsed  3 system 0.88 temp  -1.0 hbonds, Rg  25.1 A, potential   246.42
18401 / 50000 elapsed  6 system 0.97 temp  -1.0 hbonds, Rg  24.6 A, potential   248.54
18501 / 50000 elapsed  0 system 0.80 temp  -1.0 hbonds, Rg  22.4 A, potential   208.98
18902 / 50000 elapsed  1 system 0.83 temp  -1.0 hbonds, Rg  25.2 A, potential   194.51
18601 / 50000 elapsed  4 system 0.91 temp  -1.0 hbonds, Rg  29.1 A, potential   255.62
18601 / 50000 elapsed  2 system 0.85 temp  -1.0 hbonds, Rg  31.6 A, potential   256.07
18601 / 50000 elapsed  5 system 0.94 temp  -1.0 hbonds, Rg  26.3 A, potential   279.87
18501 / 50000 elapsed  7 system 1.00 temp  -1.0 hbonds, Rg  23.7 A, potential   286.02
18701 / 50000 elapsed  3 system 0.88 temp  -1.0 hbonds, Rg  28.0 A, potential   241.39
18501 / 50000 elapsed  6 system 0.97 temp  -1.0 hbonds, Rg  24.8 A, potential   268.19
19002 / 50000 elapsed  1 system 0.83 temp  -1.0 hbonds, Rg  25.6 A, potential   226.41
18701 / 50000 elapsed  4 system 0.91 temp  -1.0 hbonds, Rg  28.6 A, potential   236.41
18701 / 50000 elapsed  2 system 0.85 temp  -1.0 hbonds, Rg  31.8 A, potential   237.60
18601 / 50000 elapsed  0 system 0.80 temp  -1.0 hbonds, Rg  22.2 A, potential   192.11
18601 / 50000 elapsed  7 system 1.00 temp  -1.0 hbonds, Rg  22.8 A, potential   295.83
18701 / 50000 elapsed  5 system 0.94 temp  -1.0 hbonds, Rg  25.6 A, potential   260.38
18802 / 50000 elapsed  3 system 0.88 temp  -1.0 hbonds, Rg  26.9 A, potential   235.75
18601 / 50000 elapsed  6 system 0.97 temp  -1.0 hbonds, Rg  24.5 A, potential   252.55
18802 / 50000 elapsed  4 system 0.91 temp  -1.0 hbonds, Rg  31.8 A, potential   229.37
19102 / 50000 elapsed  1 system 0.83 temp  -1.0 hbonds, Rg  27.5 A, potential   223.36
18701 / 50000 elapsed  0 system 0.80 temp  -1.0 hbonds, Rg  23.2 A, potential   212.82
18802 / 50000 elapsed  2 system 0.85 temp  -1.0 hbonds, Rg  32.5 A, potential   217.86
18802 / 50000 elapsed  5 system 0.94 temp  -1.0 hbonds, Rg  27.6 A, potential   235.16
18701 / 50000 elapsed  7 system 1.00 temp  -1.0 hbonds, Rg  20.9 A, potential   295.37
18902 / 50000 elapsed  3 system 0.88 temp  -1.0 hbonds, Rg  25.4 A, potential   243.53
18701 / 50000 elapsed  6 system 0.97 temp  -1.0 hbonds, Rg  26.4 A, potential   255.14
19202 / 50000 elapsed  1 system 0.83 temp  -1.0 hbonds, Rg  28.6 A, potential   209.29
18802 / 50000 elapsed  0 system 0.80 temp  -1.0 hbonds, Rg  26.6 A, potential   199.43
18902 / 50000 elapsed  4 system 0.91 temp  -1.0 hbonds, Rg  30.2 A, potential   256.92
18902 / 50000 elapsed  2 system 0.85 temp  -1.0 hbonds, Rg  30.5 A, potential   229.45
18902 / 50000 elapsed  5 system 0.94 temp  -1.0 hbonds, Rg  28.4 A, potential   275.48
18802 / 50000 elapsed  6 system 0.97 temp  -1.0 hbonds, Rg  27.9 A, potential   255.95
19002 / 50000 elapsed  3 system 0.88 temp  -1.0 hbonds, Rg  27.1 A, potential   241.84
18802 / 50000 elapsed  7 system 1.00 temp  -1.0 hbonds, Rg  20.8 A, potential   281.32
18902 / 50000 elapsed  0 system 0.80 temp  -1.0 hbonds, Rg  25.3 A, potential   208.74
19302 / 50000 elapsed  1 system 0.83 temp  -1.0 hbonds, Rg  30.2 A, potential   257.76
19002 / 50000 elapsed  2 system 0.85 temp  -1.0 hbonds, Rg  30.0 A, potential   210.75
19002 / 50000 elapsed  4 system 0.91 temp  -1.0 hbonds, Rg  31.7 A, potential   227.03
19102 / 50000 elapsed  3 system 0.88 temp  -1.0 hbonds, Rg  25.6 A, potential   263.90
18902 / 50000 elapsed  6 system 0.97 temp  -1.0 hbonds, Rg  25.6 A, potential   258.65
19002 / 50000 elapsed  5 system 0.94 temp  -1.0 hbonds, Rg  28.9 A, potential   236.75
19002 / 50000 elapsed  0 system 0.80 temp  -1.0 hbonds, Rg  23.1 A, potential   206.24
19402 / 50000 elapsed  1 system 0.83 temp  -1.0 hbonds, Rg  31.8 A, potential   195.71
18902 / 50000 elapsed  7 system 1.00 temp  -1.0 hbonds, Rg  21.2 A, potential   262.61
19102 / 50000 elapsed  2 system 0.85 temp  -1.0 hbonds, Rg  33.0 A, potential   233.97
19102 / 50000 elapsed  4 system 0.91 temp  -1.0 hbonds, Rg  32.2 A, potential   290.08
19202 / 50000 elapsed  3 system 0.88 temp  -1.0 hbonds, Rg  26.6 A, potential   245.90
19002 / 50000 elapsed  6 system 0.97 temp  -1.0 hbonds, Rg  25.6 A, potential   245.82
19102 / 50000 elapsed  5 system 0.94 temp  -1.0 hbonds, Rg  27.8 A, potential   262.62
19102 / 50000 elapsed  0 system 0.80 temp  -1.0 hbonds, Rg  23.7 A, potential   214.50
19502 / 50000 elapsed  1 system 0.83 temp  -1.0 hbonds, Rg  32.7 A, potential   220.69
19002 / 50000 elapsed  7 system 1.00 temp  -1.0 hbonds, Rg  18.8 A, potential   285.45
19202 / 50000 elapsed  2 system 0.85 temp  -1.0 hbonds, Rg  32.8 A, potential   226.73
19102 / 50000 elapsed  6 system 0.97 temp  -1.0 hbonds, Rg  26.8 A, potential   286.46
19302 / 50000 elapsed  3 system 0.88 temp  -1.0 hbonds, Rg  22.7 A, potential   285.78
19202 / 50000 elapsed  4 system 0.91 temp  -1.0 hbonds, Rg  30.1 A, potential   265.78
19602 / 50000 elapsed  1 system 0.83 temp  -1.0 hbonds, Rg  30.2 A, potential   215.52
19202 / 50000 elapsed  0 system 0.80 temp  -1.0 hbonds, Rg  22.9 A, potential   208.35
19202 / 50000 elapsed  5 system 0.94 temp  -1.0 hbonds, Rg  27.5 A, potential   263.95
19202 / 50000 elapsed  6 system 0.97 temp  -1.0 hbonds, Rg  28.5 A, potential   265.31
19402 / 50000 elapsed  3 system 0.88 temp  -1.0 hbonds, Rg  23.8 A, potential   241.09
19102 / 50000 elapsed  7 system 1.00 temp  -1.0 hbonds, Rg  16.7 A, potential   282.24
19302 / 50000 elapsed  2 system 0.85 temp  -1.0 hbonds, Rg  34.1 A, potential   235.99
19702 / 50000 elapsed  1 system 0.83 temp  -1.0 hbonds, Rg  28.1 A, potential   209.14
19302 / 50000 elapsed  5 system 0.94 temp  -1.0 hbonds, Rg  28.9 A, potential   290.43
19302 / 50000 elapsed  4 system 0.91 temp  -1.0 hbonds, Rg  27.8 A, potential   274.87
19302 / 50000 elapsed  0 system 0.80 temp  -1.0 hbonds, Rg  19.7 A, potential   196.71
19302 / 50000 elapsed  6 system 0.97 temp  -1.0 hbonds, Rg  28.4 A, potential   291.61
19502 / 50000 elapsed  3 system 0.88 temp  -1.0 hbonds, Rg  23.1 A, potential   250.51
19402 / 50000 elapsed  2 system 0.85 temp  -1.0 hbonds, Rg  34.7 A, potential   222.77
19202 / 50000 elapsed  7 system 1.00 temp  -1.0 hbonds, Rg  18.3 A, potential   328.34
19402 / 50000 elapsed  5 system 0.94 temp  -1.0 hbonds, Rg  30.6 A, potential   277.13
19802 / 50000 elapsed  1 system 0.83 temp  -1.0 hbonds, Rg  26.1 A, potential   213.09
19402 / 50000 elapsed  4 system 0.91 temp  -1.0 hbonds, Rg  23.5 A, potential   239.05
19402 / 50000 elapsed  0 system 0.80 temp  -1.0 hbonds, Rg  18.1 A, potential   191.27
19602 / 50000 elapsed  3 system 0.88 temp  -1.0 hbonds, Rg  24.7 A, potential   234.43
19402 / 50000 elapsed  6 system 0.97 temp  -1.0 hbonds, Rg  27.6 A, potential   306.55
19502 / 50000 elapsed  2 system 0.85 temp  -1.0 hbonds, Rg  32.7 A, potential   224.58
19902 / 50000 elapsed  1 system 0.83 temp  -1.0 hbonds, Rg  25.6 A, potential   199.11
19302 / 50000 elapsed  7 system 1.00 temp  -1.0 hbonds, Rg  19.9 A, potential   335.32
19502 / 50000 elapsed  5 system 0.94 temp  -1.0 hbonds, Rg  33.7 A, potential   297.46
19502 / 50000 elapsed  4 system 0.91 temp  -1.0 hbonds, Rg  23.0 A, potential   238.38
19502 / 50000 elapsed  0 system 0.80 temp  -1.0 hbonds, Rg  21.8 A, potential   202.50
19702 / 50000 elapsed  3 system 0.88 temp  -1.0 hbonds, Rg  27.1 A, potential   247.88
19502 / 50000 elapsed  6 system 0.97 temp  -1.0 hbonds, Rg  26.6 A, potential   243.86
20002 / 50000 elapsed  1 system 0.83 temp  -1.0 hbonds, Rg  27.6 A, potential   228.09
19602 / 50000 elapsed  2 system 0.85 temp  -1.0 hbonds, Rg  29.7 A, potential   232.82
19402 / 50000 elapsed  7 system 1.00 temp  -1.0 hbonds, Rg  22.8 A, potential   285.25
19602 / 50000 elapsed  5 system 0.94 temp  -1.0 hbonds, Rg  33.3 A, potential   250.68
19602 / 50000 elapsed  0 system 0.80 temp  -1.0 hbonds, Rg  23.8 A, potential   238.87
19802 / 50000 elapsed  3 system 0.88 temp  -1.0 hbonds, Rg  27.5 A, potential   238.21
19602 / 50000 elapsed  4 system 0.91 temp  -1.0 hbonds, Rg  21.9 A, potential   262.18
19602 / 50000 elapsed  6 system 0.97 temp  -1.0 hbonds, Rg  25.9 A, potential   288.90
20102 / 50000 elapsed  1 system 0.83 temp  -1.0 hbonds, Rg  26.1 A, potential   236.67
19702 / 50000 elapsed  2 system 0.85 temp  -1.0 hbonds, Rg  30.0 A, potential   223.75
19502 / 50000 elapsed  7 system 1.00 temp  -1.0 hbonds, Rg  19.4 A, potential   290.52
19902 / 50000 elapsed  3 system 0.88 temp  -1.0 hbonds, Rg  31.0 A, potential   249.40
19702 / 50000 elapsed  5 system 0.94 temp  -1.0 hbonds, Rg  32.2 A, potential   275.39
19702 / 50000 elapsed  0 system 0.80 temp  -1.0 hbonds, Rg  23.3 A, potential   215.19
19702 / 50000 elapsed  6 system 0.97 temp  -1.0 hbonds, Rg  27.4 A, potential   286.45
19702 / 50000 elapsed  4 system 0.91 temp  -1.0 hbonds, Rg  21.8 A, potential   253.03
20202 / 50000 elapsed  1 system 0.83 temp  -1.0 hbonds, Rg  22.7 A, potential   232.48
19802 / 50000 elapsed  2 system 0.85 temp  -1.0 hbonds, Rg  30.8 A, potential   190.74
19802 / 50000 elapsed  5 system 0.94 temp  -1.0 hbonds, Rg  32.0 A, potential   253.71
19802 / 50000 elapsed  0 system 0.80 temp  -1.0 hbonds, Rg  22.8 A, potential   218.00
19602 / 50000 elapsed  7 system 1.00 temp  -1.0 hbonds, Rg  18.5 A, potential   315.59
19802 / 50000 elapsed  4 system 0.91 temp  -1.0 hbonds, Rg  22.7 A, potential   242.30
19802 / 50000 elapsed  6 system 0.97 temp  -1.0 hbonds, Rg  27.1 A, potential   287.01
20002 / 50000 elapsed  3 system 0.88 temp  -1.0 hbonds, Rg  28.8 A, potential   221.73
20302 / 50000 elapsed  1 system 0.83 temp  -1.0 hbonds, Rg  23.5 A, potential   214.50
19902 / 50000 elapsed  2 system 0.85 temp  -1.0 hbonds, Rg  28.1 A, potential   244.78
19902 / 50000 elapsed  5 system 0.94 temp  -1.0 hbonds, Rg  30.9 A, potential   248.64
19902 / 50000 elapsed  6 system 0.97 temp  -1.0 hbonds, Rg  25.7 A, potential   272.01
19902 / 50000 elapsed  4 system 0.91 temp  -1.0 hbonds, Rg  23.4 A, potential   257.01
20102 / 50000 elapsed  3 system 0.88 temp  -1.0 hbonds, Rg  27.8 A, potential   223.18
19902 / 50000 elapsed  0 system 0.80 temp  -1.0 hbonds, Rg  23.9 A, potential   181.12
19702 / 50000 elapsed  7 system 1.00 temp  -1.0 hbonds, Rg  19.8 A, potential   236.14
20402 / 50000 elapsed  1 system 0.83 temp  -1.0 hbonds, Rg  21.4 A, potential   195.46
20002 / 50000 elapsed  5 system 0.94 temp  -1.0 hbonds, Rg  33.3 A, potential   279.94
20002 / 50000 elapsed  2 system 0.85 temp  -1.0 hbonds, Rg  29.0 A, potential   221.63
20002 / 50000 elapsed  6 system 0.97 temp  -1.0 hbonds, Rg  25.7 A, potential   263.03
20202 / 50000 elapsed  3 system 0.88 temp  -1.0 hbonds, Rg  26.4 A, potential   263.15
20002 / 50000 elapsed  4 system 0.91 temp  -1.0 hbonds, Rg  23.3 A, potential   258.16
20002 / 50000 elapsed  0 system 0.80 temp  -1.0 hbonds, Rg  23.3 A, potential   216.20
19802 / 50000 elapsed  7 system 1.00 temp  -1.0 hbonds, Rg  19.9 A, potential   296.87
20502 / 50000 elapsed  1 system 0.83 temp  -1.0 hbonds, Rg  21.9 A, potential   233.44
20102 / 50000 elapsed  5 system 0.94 temp  -1.0 hbonds, Rg  36.5 A, potential   265.17
20102 / 50000 elapsed  2 system 0.85 temp  -1.0 hbonds, Rg  27.7 A, potential   249.75
20102 / 50000 elapsed  6 system 0.97 temp  -1.0 hbonds, Rg  29.0 A, potential   269.45
20302 / 50000 elapsed  3 system 0.88 temp  -1.0 hbonds, Rg  28.6 A, potential   254.87
20102 / 50000 elapsed  0 system 0.80 temp  -1.0 hbonds, Rg  21.9 A, potential   194.20
19902 / 50000 elapsed  7 system 1.00 temp  -1.0 hbonds, Rg  18.9 A, potential   296.11
20602 / 50000 elapsed  1 system 0.83 temp  -1.0 hbonds, Rg  21.9 A, potential   207.84
20102 / 50000 elapsed  4 system 0.91 temp  -1.0 hbonds, Rg  22.7 A, potential   246.76
20202 / 50000 elapsed  2 system 0.85 temp  -1.0 hbonds, Rg  29.6 A, potential   240.35
20202 / 50000 elapsed  5 system 0.94 temp  -1.0 hbonds, Rg  34.4 A, potential   271.43
20402 / 50000 elapsed  3 system 0.88 temp  -1.0 hbonds, Rg  27.8 A, potential   227.49
20202 / 50000 elapsed  6 system 0.97 temp  -1.0 hbonds, Rg  27.6 A, potential   262.55
20202 / 50000 elapsed  4 system 0.91 temp  -1.0 hbonds, Rg  24.7 A, potential   284.42
20202 / 50000 elapsed  0 system 0.80 temp  -1.0 hbonds, Rg  22.2 A, potential   191.90
20302 / 50000 elapsed  2 system 0.85 temp  -1.0 hbonds, Rg  27.8 A, potential   232.54
20702 / 50000 elapsed  1 system 0.83 temp  -1.0 hbonds, Rg  23.0 A, potential   210.42
20002 / 50000 elapsed  7 system 1.00 temp  -1.0 hbonds, Rg  18.7 A, potential   322.17
20302 / 50000 elapsed  5 system 0.94 temp  -1.0 hbonds, Rg  35.6 A, potential   231.34
20502 / 50000 elapsed  3 system 0.88 temp  -1.0 hbonds, Rg  28.0 A, potential   219.74
20302 / 50000 elapsed  6 system 0.97 temp  -1.0 hbonds, Rg  25.0 A, potential   292.48
20302 / 50000 elapsed  0 system 0.80 temp  -1.0 hbonds, Rg  23.7 A, potential   225.16
20102 / 50000 elapsed  7 system 1.00 temp  -1.0 hbonds, Rg  21.4 A, potential   293.37
20802 / 50000 elapsed  1 system 0.83 temp  -1.0 hbonds, Rg  22.2 A, potential   204.93
20402 / 50000 elapsed  2 system 0.85 temp  -1.0 hbonds, Rg  29.5 A, potential   210.53
20302 / 50000 elapsed  4 system 0.91 temp  -1.0 hbonds, Rg  23.1 A, potential   272.42
20402 / 50000 elapsed  5 system 0.94 temp  -1.0 hbonds, Rg  34.8 A, potential   306.01
20602 / 50000 elapsed  3 system 0.88 temp  -1.0 hbonds, Rg  23.7 A, potential   238.08
20402 / 50000 elapsed  6 system 0.97 temp  -1.0 hbonds, Rg  27.2 A, potential   301.16
20202 / 50000 elapsed  7 system 1.00 temp  -1.0 hbonds, Rg  21.7 A, potential   279.85
20502 / 50000 elapsed  2 system 0.85 temp  -1.0 hbonds, Rg  30.6 A, potential   229.17
20902 / 50000 elapsed  1 system 0.83 temp  -1.0 hbonds, Rg  23.6 A, potential   227.32
20502 / 50000 elapsed  5 system 0.94 temp  -1.0 hbonds, Rg  33.3 A, potential   249.47
20402 / 50000 elapsed  0 system 0.80 temp  -1.0 hbonds, Rg  23.5 A, potential   205.31
20702 / 50000 elapsed  3 system 0.88 temp  -1.0 hbonds, Rg  23.0 A, potential   228.80
20402 / 50000 elapsed  4 system 0.91 temp  -1.0 hbonds, Rg  23.5 A, potential   270.84
20502 / 50000 elapsed  6 system 0.97 temp  -1.0 hbonds, Rg  27.2 A, potential   284.42
20602 / 50000 elapsed  2 system 0.85 temp  -1.0 hbonds, Rg  29.3 A, potential   238.27
20302 / 50000 elapsed  7 system 1.00 temp  -1.0 hbonds, Rg  20.6 A, potential   284.14
20602 / 50000 elapsed  5 system 0.94 temp  -1.0 hbonds, Rg  33.5 A, potential   254.64
20502 / 50000 elapsed  0 system 0.80 temp  -1.0 hbonds, Rg  25.3 A, potential   216.61
20802 / 50000 elapsed  3 system 0.88 temp  -1.0 hbonds, Rg  24.1 A, potential   236.12
21002 / 50000 elapsed  1 system 0.83 temp  -1.0 hbonds, Rg  25.4 A, potential   222.44
20502 / 50000 elapsed  4 system 0.91 temp  -1.0 hbonds, Rg  25.0 A, potential   244.83
20602 / 50000 elapsed  6 system 0.97 temp  -1.0 hbonds, Rg  26.1 A, potential   280.77
20702 / 50000 elapsed  2 system 0.85 temp  -1.0 hbonds, Rg  33.4 A, potential   239.28
20702 / 50000 elapsed  5 system 0.94 temp  -1.0 hbonds, Rg  32.7 A, potential   276.49
20402 / 50000 elapsed  7 system 1.00 temp  -1.0 hbonds, Rg  21.1 A, potential   242.78
20602 / 50000 elapsed  0 system 0.80 temp  -1.0 hbonds, Rg  24.6 A, potential   226.21
20902 / 50000 elapsed  3 system 0.88 temp  -1.0 hbonds, Rg  22.0 A, potential   257.40
21102 / 50000 elapsed  1 system 0.83 temp  -1.0 hbonds, Rg  25.4 A, potential   217.00
20602 / 50000 elapsed  4 system 0.91 temp  -1.0 hbonds, Rg  24.2 A, potential   238.44
20702 / 50000 elapsed  6 system 0.97 temp  -1.0 hbonds, Rg  25.1 A, potential   324.55
20802 / 50000 elapsed  2 system 0.85 temp  -1.0 hbonds, Rg  31.9 A, potential   227.84
20502 / 50000 elapsed  7 system 1.00 temp  -1.0 hbonds, Rg  21.1 A, potential   268.30
20802 / 50000 elapsed  5 system 0.94 temp  -1.0 hbonds, Rg  31.3 A, potential   284.94
20702 / 50000 elapsed  0 system 0.80 temp  -1.0 hbonds, Rg  25.2 A, potential   211.69
21002 / 50000 elapsed  3 system 0.88 temp  -1.0 hbonds, Rg  21.7 A, potential   248.63
21202 / 50000 elapsed  1 system 0.83 temp  -1.0 hbonds, Rg  24.2 A, potential   164.25
20902 / 50000 elapsed  5 system 0.94 temp  -1.0 hbonds, Rg  30.3 A, potential   265.01
20702 / 50000 elapsed  4 system 0.91 temp  -1.0 hbonds, Rg  25.3 A, potential   257.64
20602 / 50000 elapsed  7 system 1.00 temp  -1.0 hbonds, Rg  23.4 A, potential   298.84
20802 / 50000 elapsed  6 system 0.97 temp  -1.0 hbonds, Rg  26.5 A, potential   258.31
20902 / 50000 elapsed  2 system 0.85 temp  -1.0 hbonds, Rg  30.6 A, potential   220.13
20802 / 50000 elapsed  0 system 0.80 temp  -1.0 hbonds, Rg  26.5 A, potential   192.89
21102 / 50000 elapsed  3 system 0.88 temp  -1.0 hbonds, Rg  19.1 A, potential   254.10
21002 / 50000 elapsed  5 system 0.94 temp  -1.0 hbonds, Rg  33.1 A, potential   228.94
20802 / 50000 elapsed  4 system 0.91 temp  -1.0 hbonds, Rg  26.0 A, potential   234.54
20702 / 50000 elapsed  7 system 1.00 temp  -1.0 hbonds, Rg  22.7 A, potential   272.84
21302 / 50000 elapsed  1 system 0.83 temp  -1.0 hbonds, Rg  23.6 A, potential   233.85
20902 / 50000 elapsed  6 system 0.97 temp  -1.0 hbonds, Rg  25.0 A, potential   287.70
21002 / 50000 elapsed  2 system 0.85 temp  -1.0 hbonds, Rg  31.9 A, potential   227.04
20902 / 50000 elapsed  0 system 0.80 temp  -1.0 hbonds, Rg  25.9 A, potential   200.28
21202 / 50000 elapsed  3 system 0.88 temp  -1.0 hbonds, Rg  20.1 A, potential   267.17
21102 / 50000 elapsed  5 system 0.94 temp  -1.0 hbonds, Rg  31.0 A, potential   277.68
20802 / 50000 elapsed  7 system 1.00 temp  -1.0 hbonds, Rg  19.7 A, potential   266.07
20902 / 50000 elapsed  4 system 0.91 temp  -1.0 hbonds, Rg  25.1 A, potential   279.16
21402 / 50000 elapsed  1 system 0.83 temp  -1.0 hbonds, Rg  22.7 A, potential   201.51
21002 / 50000 elapsed  0 system 0.80 temp  -1.0 hbonds, Rg  22.9 A, potential   191.12
21302 / 50000 elapsed  3 system 0.88 temp  -1.0 hbonds, Rg  18.8 A, potential   249.45
21002 / 50000 elapsed  6 system 0.97 temp  -1.0 hbonds, Rg  24.4 A, potential   248.14
21102 / 50000 elapsed  2 system 0.85 temp  -1.0 hbonds, Rg  33.4 A, potential   228.24
20902 / 50000 elapsed  7 system 1.00 temp  -1.0 hbonds, Rg  19.2 A, potential   292.37
21202 / 50000 elapsed  5 system 0.94 temp  -1.0 hbonds, Rg  32.4 A, potential   280.99
21002 / 50000 elapsed  4 system 0.91 temp  -1.0 hbonds, Rg  25.1 A, potential   273.07
21102 / 50000 elapsed  0 system 0.80 temp  -1.0 hbonds, Rg  25.3 A, potential   231.66
21402 / 50000 elapsed  3 system 0.88 temp  -1.0 hbonds, Rg  20.3 A, potential   248.39
21502 / 50000 elapsed  1 system 0.83 temp  -1.0 hbonds, Rg  25.8 A, potential   223.48
21102 / 50000 elapsed  6 system 0.97 temp  -1.0 hbonds, Rg  27.5 A, potential   280.01
21302 / 50000 elapsed  5 system 0.94 temp  -1.0 hbonds, Rg  33.6 A, potential   264.29
21002 / 50000 elapsed  7 system 1.00 temp  -1.0 hbonds, Rg  17.3 A, potential   272.54
21202 / 50000 elapsed  2 system 0.85 temp  -1.0 hbonds, Rg  31.5 A, potential   244.37
21202 / 50000 elapsed  0 system 0.80 temp  -1.0 hbonds, Rg  24.2 A, potential   205.42
21502 / 50000 elapsed  3 system 0.88 temp  -1.0 hbonds, Rg  20.2 A, potential   244.04
21102 / 50000 elapsed  4 system 0.91 temp  -1.0 hbonds, Rg  21.0 A, potential   250.03
21202 / 50000 elapsed  6 system 0.97 temp  -1.0 hbonds, Rg  28.5 A, potential   282.47
21602 / 50000 elapsed  1 system 0.83 temp  -1.0 hbonds, Rg  26.8 A, potential   232.21
21302 / 50000 elapsed  2 system 0.85 temp  -1.0 hbonds, Rg  31.5 A, potential   198.69
21402 / 50000 elapsed  5 system 0.94 temp  -1.0 hbonds, Rg  31.5 A, potential   247.77
21102 / 50000 elapsed  7 system 1.00 temp  -1.0 hbonds, Rg  17.3 A, potential   273.93
21302 / 50000 elapsed  0 system 0.80 temp  -1.0 hbonds, Rg  24.7 A, potential   234.53
21602 / 50000 elapsed  3 system 0.88 temp  -1.0 hbonds, Rg  21.7 A, potential   244.38
21302 / 50000 elapsed  6 system 0.97 temp  -1.0 hbonds, Rg  27.7 A, potential   272.00
21202 / 50000 elapsed  4 system 0.91 temp  -1.0 hbonds, Rg  20.9 A, potential   260.45
21702 / 50000 elapsed  1 system 0.83 temp  -1.0 hbonds, Rg  28.0 A, potential   218.99
21502 / 50000 elapsed  5 system 0.94 temp  -1.0 hbonds, Rg  31.3 A, potential   252.14
21402 / 50000 elapsed  2 system 0.85 temp  -1.0 hbonds, Rg  34.5 A, potential   232.04
21202 / 50000 elapsed  7 system 1.00 temp  -1.0 hbonds, Rg  19.9 A, potential   312.05
21402 / 50000 elapsed  0 system 0.80 temp  -1.0 hbonds, Rg  22.4 A, potential   188.80
21702 / 50000 elapsed  3 system 0.88 temp  -1.0 hbonds, Rg  22.9 A, potential   242.79
21402 / 50000 elapsed  6 system 0.97 temp  -1.0 hbonds, Rg  25.4 A, potential   265.80
21302 / 50000 elapsed  4 system 0.91 temp  -1.0 hbonds, Rg  19.7 A, potential   272.07
21602 / 50000 elapsed  5 system 0.94 temp  -1.0 hbonds, Rg  32.0 A, potential   272.12
21502 / 50000 elapsed  2 system 0.85 temp  -1.0 hbonds, Rg  34.1 A, potential   224.41
21802 / 50000 elapsed  1 system 0.83 temp  -1.0 hbonds, Rg  29.1 A, potential   229.18
21302 / 50000 elapsed  7 system 1.00 temp  -1.0 hbonds, Rg  20.8 A, potential   316.18
21502 / 50000 elapsed  0 system 0.80 temp  -1.0 hbonds, Rg  20.2 A, potential   205.20
21802 / 50000 elapsed  3 system 0.88 temp  -1.0 hbonds, Rg  22.7 A, potential   243.85
21502 / 50000 elapsed  6 system 0.97 temp  -1.0 hbonds, Rg  24.1 A, potential   263.92
21602 / 50000 elapsed  2 system 0.85 temp  -1.0 hbonds, Rg  36.2 A, potential   263.34
21402 / 50000 elapsed  4 system 0.91 temp  -1.0 hbonds, Rg  18.5 A, potential   257.55
21702 / 50000 elapsed  5 system 0.94 temp  -1.0 hbonds, Rg  30.7 A, potential   273.96
21402 / 50000 elapsed  7 system 1.00 temp  -1.0 hbonds, Rg  19.3 A, potential   253.64
21902 / 50000 elapsed  1 system 0.83 temp  -1.0 hbonds, Rg  29.7 A, potential   248.30
21602 / 50000 elapsed  0 system 0.80 temp  -1.0 hbonds, Rg  20.0 A, potential   214.59
21902 / 50000 elapsed  3 system 0.88 temp  -1.0 hbonds, Rg  22.6 A, potential   235.11
21602 / 50000 elapsed  6 system 0.97 temp  -1.0 hbonds, Rg  26.2 A, potential   260.45
21702 / 50000 elapsed  2 system 0.85 temp  -1.0 hbonds, Rg  34.6 A, potential   234.99
21802 / 50000 elapsed  5 system 0.94 temp  -1.0 hbonds, Rg  28.5 A, potential   282.63
21502 / 50000 elapsed  4 system 0.91 temp  -1.0 hbonds, Rg  17.9 A, potential   268.35
21502 / 50000 elapsed  7 system 1.00 temp  -1.0 hbonds, Rg  16.4 A, potential   297.96
21702 / 50000 elapsed  6 system 0.97 temp  -1.0 hbonds, Rg  24.0 A, potential   264.38
21702 / 50000 elapsed  0 system 0.80 temp  -1.0 hbonds, Rg  20.6 A, potential   200.88
22002 / 50000 elapsed  1 system 0.83 temp  -1.0 hbonds, Rg  26.8 A, potential   222.35
22002 / 50000 elapsed  3 system 0.88 temp  -1.0 hbonds, Rg  24.2 A, potential   247.23
21902 / 50000 elapsed  5 system 0.94 temp  -1.0 hbonds, Rg  26.8 A, potential   236.91
21802 / 50000 elapsed  2 system 0.85 temp  -1.0 hbonds, Rg  35.0 A, potential   216.75
21602 / 50000 elapsed  7 system 1.00 temp  -1.0 hbonds, Rg  18.3 A, potential   296.03
21602 / 50000 elapsed  4 system 0.91 temp  -1.0 hbonds, Rg  18.6 A, potential   245.19
21802 / 50000 elapsed  6 system 0.97 temp  -1.0 hbonds, Rg  21.9 A, potential   270.33
21802 / 50000 elapsed  0 system 0.80 temp  -1.0 hbonds, Rg  20.7 A, potential   197.78
22102 / 50000 elapsed  3 system 0.88 temp  -1.0 hbonds, Rg  24.8 A, potential   253.32
22102 / 50000 elapsed  1 system 0.83 temp  -1.0 hbonds, Rg  27.5 A, potential   236.67
21902 / 50000 elapsed  2 system 0.85 temp  -1.0 hbonds, Rg  34.0 A, potential   225.28
22002 / 50000 elapsed  5 system 0.94 temp  -1.0 hbonds, Rg  27.7 A, potential   288.86
21702 / 50000 elapsed  7 system 1.00 temp  -1.0 hbonds, Rg  20.4 A, potential   296.63
21702 / 50000 elapsed  4 system 0.91 temp  -1.0 hbonds, Rg  19.4 A, potential   258.49
21902 / 50000 elapsed  6 system 0.97 temp  -1.0 hbonds, Rg  24.0 A, potential   273.21
22202 / 50000 elapsed  3 system 0.88 temp  -1.0 hbonds, Rg  24.3 A, potential   259.78
21902 / 50000 elapsed  0 system 0.80 temp  -1.0 hbonds, Rg  22.7 A, potential   200.43
22002 / 50000 elapsed  2 system 0.85 temp  -1.0 hbonds, Rg  33.1 A, potential   232.18
22202 / 50000 elapsed  1 system 0.83 temp  -1.0 hbonds, Rg  27.4 A, potential   226.40
22102 / 50000 elapsed  5 system 0.94 temp  -1.0 hbonds, Rg  28.6 A, potential   293.54
21802 / 50000 elapsed  4 system 0.91 temp  -1.0 hbonds, Rg  19.4 A, potential   241.66
21802 / 50000 elapsed  7 system 1.00 temp  -1.0 hbonds, Rg  22.6 A, potential   284.03
22002 / 50000 elapsed  6 system 0.97 temp  -1.0 hbonds, Rg  23.9 A, potential   318.70
22302 / 50000 elapsed  3 system 0.88 temp  -1.0 hbonds, Rg  24.7 A, potential   228.51
22102 / 50000 elapsed  2 system 0.85 temp  -1.0 hbonds, Rg  31.3 A, potential   236.54
22302 / 50000 elapsed  1 system 0.83 temp  -1.0 hbonds, Rg  28.1 A, potential   215.35
22002 / 50000 elapsed  0 system 0.80 temp  -1.0 hbonds, Rg  22.7 A, potential   171.47
22202 / 50000 elapsed  5 system 0.94 temp  -1.0 hbonds, Rg  27.9 A, potential   283.43
21902 / 50000 elapsed  4 system 0.91 temp  -1.0 hbonds, Rg  20.7 A, potential   263.18
21902 / 50000 elapsed  7 system 1.00 temp  -1.0 hbonds, Rg  21.2 A, potential   270.65
22102 / 50000 elapsed  6 system 0.97 temp  -1.0 hbonds, Rg  25.8 A, potential   291.95
22402 / 50000 elapsed  3 system 0.88 temp  -1.0 hbonds, Rg  24.1 A, potential   238.81
22402 / 50000 elapsed  1 system 0.83 temp  -1.0 hbonds, Rg  24.8 A, potential   222.37
22302 / 50000 elapsed  5 system 0.94 temp  -1.0 hbonds, Rg  26.7 A, potential   263.08
22202 / 50000 elapsed  2 system 0.85 temp  -1.0 hbonds, Rg  32.8 A, potential   261.99
22102 / 50000 elapsed  0 system 0.80 temp  -1.0 hbonds, Rg  22.3 A, potential   228.74
22002 / 50000 elapsed  7 system 1.00 temp  -1.0 hbonds, Rg  22.4 A, potential   275.91
22002 / 50000 elapsed  4 system 0.91 temp  -1.0 hbonds, Rg  20.0 A, potential   206.91
22502 / 50000 elapsed  3 system 0.88 temp  -1.0 hbonds, Rg  23.3 A, potential   225.18
22202 / 50000 elapsed  6 system 0.97 temp  -1.0 hbonds, Rg  25.2 A, potential   287.95
22402 / 50000 elapsed  5 system 0.94 temp  -1.0 hbonds, Rg  26.1 A, potential   247.80
22502 / 50000 elapsed  1 system 0.83 temp  -1.0 hbonds, Rg  25.6 A, potential   211.47
22302 / 50000 elapsed  2 system 0.85 temp  -1.0 hbonds, Rg  30.7 A, potential   210.38
22102 / 50000 elapsed  7 system 1.00 temp  -1.0 hbonds, Rg  25.2 A, potential   272.00
22202 / 50000 elapsed  0 system 0.80 temp  -1.0 hbonds, Rg  20.8 A, potential   206.66
22102 / 50000 elapsed  4 system 0.91 temp  -1.0 hbonds, Rg  21.1 A, potential   232.56
22302 / 50000 elapsed  6 system 0.97 temp  -1.0 hbonds, Rg  24.7 A, potential   286.29
22602 / 50000 elapsed  3 system 0.88 temp  -1.0 hbonds, Rg  23.6 A, potential   214.55
22502 / 50000 elapsed  5 system 0.94 temp  -1.0 hbonds, Rg  25.3 A, potential   229.99
22602 / 50000 elapsed  1 system 0.83 temp  -1.0 hbonds, Rg  25.1 A, potential   199.07
22402 / 50000 elapsed  2 system 0.85 temp  -1.0 hbonds, Rg  29.2 A, potential   209.04
22202 / 50000 elapsed  4 system 0.91 temp  -1.0 hbonds, Rg  21.4 A, potential   245.14
22202 / 50000 elapsed  7 system 1.00 temp  -1.0 hbonds, Rg  23.3 A, potential   303.89
22402 / 50000 elapsed  6 system 0.97 temp  -1.0 hbonds, Rg  23.2 A, potential   253.72
22302 / 50000 elapsed  0 system 0.80 temp  -1.0 hbonds, Rg  24.4 A, potential   236.12
22702 / 50000 elapsed  3 system 0.88 temp  -1.0 hbonds, Rg  25.9 A, potential   236.16
22502 / 50000 elapsed  2 system 0.85 temp  -1.0 hbonds, Rg  31.2 A, potential   256.73
22602 / 50000 elapsed  5 system 0.94 temp  -1.0 hbonds, Rg  23.1 A, potential   271.60
22702 / 50000 elapsed  1 system 0.83 temp  -1.0 hbonds, Rg  26.6 A, potential   242.75
22302 / 50000 elapsed  4 system 0.91 temp  -1.0 hbonds, Rg  23.3 A, potential   200.49
22502 / 50000 elapsed  6 system 0.97 temp  -1.0 hbonds, Rg  23.1 A, potential   241.14
22402 / 50000 elapsed  0 system 0.80 temp  -1.0 hbonds, Rg  22.3 A, potential   211.71
22302 / 50000 elapsed  7 system 1.00 temp  -1.0 hbonds, Rg  22.9 A, potential   301.67
22802 / 50000 elapsed  3 system 0.88 temp  -1.0 hbonds, Rg  24.0 A, potential   228.36
22602 / 50000 elapsed  2 system 0.85 temp  -1.0 hbonds, Rg  25.0 A, potential   226.17
22702 / 50000 elapsed  5 system 0.94 temp  -1.0 hbonds, Rg  22.1 A, potential   276.33
22802 / 50000 elapsed  1 system 0.83 temp  -1.0 hbonds, Rg  24.5 A, potential   200.95
22502 / 50000 elapsed  0 system 0.80 temp  -1.0 hbonds, Rg  21.4 A, potential   181.77
22402 / 50000 elapsed  4 system 0.91 temp  -1.0 hbonds, Rg  25.7 A, potential   233.71
22602 / 50000 elapsed  6 system 0.97 temp  -1.0 hbonds, Rg  22.1 A, potential   261.06
22402 / 50000 elapsed  7 system 1.00 temp  -1.0 hbonds, Rg  23.9 A, potential   264.13
22702 / 50000 elapsed  2 system 0.85 temp  -1.0 hbonds, Rg  25.5 A, potential   224.93
22802 / 50000 elapsed  5 system 0.94 temp  -1.0 hbonds, Rg  23.3 A, potential   281.28
22902 / 50000 elapsed  3 system 0.88 temp  -1.0 hbonds, Rg  25.3 A, potential   245.89
22902 / 50000 elapsed  1 system 0.83 temp  -1.0 hbonds, Rg  23.9 A, potential   186.96
22502 / 50000 elapsed  4 system 0.91 temp  -1.0 hbonds, Rg  26.8 A, potential   232.40
22602 / 50000 elapsed  0 system 0.80 temp  -1.0 hbonds, Rg  20.6 A, potential   184.44
22702 / 50000 elapsed  6 system 0.97 temp  -1.0 hbonds, Rg  21.6 A, potential   278.67
22802 / 50000 elapsed  2 system 0.85 temp  -1.0 hbonds, Rg  27.2 A, potential   243.72
23002 / 50000 elapsed  3 system 0.88 temp  -1.0 hbonds, Rg  25.9 A, potential   237.83
22502 / 50000 elapsed  7 system 1.00 temp  -1.0 hbonds, Rg  26.7 A, potential   287.25
22902 / 50000 elapsed  5 system 0.94 temp  -1.0 hbonds, Rg  22.6 A, potential   269.67
22702 / 50000 elapsed  0 system 0.80 temp  -1.0 hbonds, Rg  21.0 A, potential   237.00
22602 / 50000 elapsed  4 system 0.91 temp  -1.0 hbonds, Rg  27.5 A, potential   242.26
23002 / 50000 elapsed  1 system 0.83 temp  -1.0 hbonds, Rg  22.6 A, potential   238.92
23102 / 50000 elapsed  3 system 0.88 temp  -1.0 hbonds, Rg  27.7 A, potential   224.70
22802 / 50000 elapsed  6 system 0.97 temp  -1.0 hbonds, Rg  21.9 A, potential   269.91
22902 / 50000 elapsed  2 system 0.85 temp  -1.0 hbonds, Rg  25.4 A, potential   286.59
22602 / 50000 elapsed  7 system 1.00 temp  -1.0 hbonds, Rg  27.0 A, potential   317.50
23002 / 50000 elapsed  5 system 0.94 temp  -1.0 hbonds, Rg  22.0 A, potential   237.77
22802 / 50000 elapsed  0 system 0.80 temp  -1.0 hbonds, Rg  20.2 A, potential   192.36
22702 / 50000 elapsed  4 system 0.91 temp  -1.0 hbonds, Rg  26.1 A, potential   222.74
23202 / 50000 elapsed  3 system 0.88 temp  -1.0 hbonds, Rg  27.2 A, potential   216.78
23102 / 50000 elapsed  1 system 0.83 temp  -1.0 hbonds, Rg  21.3 A, potential   251.83
23002 / 50000 elapsed  2 system 0.85 temp  -1.0 hbonds, Rg  26.6 A, potential   223.59
22902 / 50000 elapsed  6 system 0.97 temp  -1.0 hbonds, Rg  20.1 A, potential   267.23
23102 / 50000 elapsed  5 system 0.94 temp  -1.0 hbonds, Rg  23.7 A, potential   251.17
22702 / 50000 elapsed  7 system 1.00 temp  -1.0 hbonds, Rg  26.4 A, potential   281.66
22902 / 50000 elapsed  0 system 0.80 temp  -1.0 hbonds, Rg  20.4 A, potential   201.57
22802 / 50000 elapsed  4 system 0.91 temp  -1.0 hbonds, Rg  26.3 A, potential   236.89
23302 / 50000 elapsed  3 system 0.88 temp  -1.0 hbonds, Rg  28.0 A, potential   225.38
23202 / 50000 elapsed  1 system 0.83 temp  -1.0 hbonds, Rg  23.5 A, potential   216.65
23102 / 50000 elapsed  2 system 0.85 temp  -1.0 hbonds, Rg  27.2 A, potential   244.58
23002 / 50000 elapsed  6 system 0.97 temp  -1.0 hbonds, Rg  20.4 A, potential   251.62
23202 / 50000 elapsed  5 system 0.94 temp  -1.0 hbonds, Rg  21.3 A, potential   304.92
23002 / 50000 elapsed  0 system 0.80 temp  -1.0 hbonds, Rg  24.2 A, potential   201.91
22802 / 50000 elapsed  7 system 1.00 temp  -1.0 hbonds, Rg  24.9 A, potential   300.34
22902 / 50000 elapsed  4 system 0.91 temp  -1.0 hbonds, Rg  27.2 A, potential   254.42
23402 / 50000 elapsed  3 system 0.88 temp  -1.0 hbonds, Rg  28.5 A, potential   207.70
23302 / 50000 elapsed  5 system 0.94 temp  -1.0 hbonds, Rg  22.1 A, potential   243.64
22902 / 50000 elapsed  7 system 1.00 temp  -1.0 hbonds, Rg  22.6 A, potential   246.17
23302 / 50000 elapsed  1 system 0.83 temp  -1.0 hbonds, Rg  22.2 A, potential   229.85
23102 / 50000 elapsed  0 system 0.80 temp  -1.0 hbonds, Rg  21.2 A, potential   243.89
23202 / 50000 elapsed  2 system 0.85 temp  -1.0 hbonds, Rg  25.4 A, potential   225.74
23102 / 50000 elapsed  6 system 0.97 temp  -1.0 hbonds, Rg  19.7 A, potential   266.20
23002 / 50000 elapsed  4 system 0.91 temp  -1.0 hbonds, Rg  25.3 A, potential   259.12
23502 / 50000 elapsed  3 system 0.88 temp  -1.0 hbonds, Rg  25.8 A, potential   235.40
23202 / 50000 elapsed  0 system 0.80 temp  -1.0 hbonds, Rg  23.6 A, potential   202.84
23002 / 50000 elapsed  7 system 1.00 temp  -1.0 hbonds, Rg  20.6 A, potential   309.71
23402 / 50000 elapsed  5 system 0.94 temp  -1.0 hbonds, Rg  21.6 A, potential   239.77
23302 / 50000 elapsed  2 system 0.85 temp  -1.0 hbonds, Rg  23.9 A, potential   226.94
23202 / 50000 elapsed  6 system 0.97 temp  -1.0 hbonds, Rg  19.9 A, potential   256.73
23402 / 50000 elapsed  1 system 0.83 temp  -1.0 hbonds, Rg  22.6 A, potential   221.27
23102 / 50000 elapsed  4 system 0.91 temp  -1.0 hbonds, Rg  25.9 A, potential   261.42
23602 / 50000 elapsed  3 system 0.88 temp  -1.0 hbonds, Rg  25.9 A, potential   268.12
23302 / 50000 elapsed  0 system 0.80 temp  -1.0 hbonds, Rg  23.8 A, potential   194.94
23502 / 50000 elapsed  5 system 0.94 temp  -1.0 hbonds, Rg  19.9 A, potential   262.57
23402 / 50000 elapsed  2 system 0.85 temp  -1.0 hbonds, Rg  23.3 A, potential   237.76
23102 / 50000 elapsed  7 system 1.00 temp  -1.0 hbonds, Rg  19.4 A, potential   276.32
23302 / 50000 elapsed  6 system 0.97 temp  -1.0 hbonds, Rg  18.7 A, potential   252.32
23502 / 50000 elapsed  1 system 0.83 temp  -1.0 hbonds, Rg  21.7 A, potential   212.70
23202 / 50000 elapsed  4 system 0.91 temp  -1.0 hbonds, Rg  28.4 A, potential   254.12
23402 / 50000 elapsed  0 system 0.80 temp  -1.0 hbonds, Rg  24.1 A, potential   198.77
23702 / 50000 elapsed  3 system 0.88 temp  -1.0 hbonds, Rg  26.7 A, potential   235.51
23602 / 50000 elapsed  5 system 0.94 temp  -1.0 hbonds, Rg  22.0 A, potential   253.59
23202 / 50000 elapsed  7 system 1.00 temp  -1.0 hbonds, Rg  22.0 A, potential   310.99
23402 / 50000 elapsed  6 system 0.97 temp  -1.0 hbonds, Rg  20.5 A, potential   276.16
23602 / 50000 elapsed  1 system 0.83 temp  -1.0 hbonds, Rg  21.3 A, potential   206.37
23502 / 50000 elapsed  2 system 0.85 temp  -1.0 hbonds, Rg  22.7 A, potential   223.19
23302 / 50000 elapsed  4 system 0.91 temp  -1.0 hbonds, Rg  25.7 A, potential   247.35
23502 / 50000 elapsed  0 system 0.80 temp  -1.0 hbonds, Rg  24.0 A, potential   219.86
23502 / 50000 elapsed  6 system 0.97 temp  -1.0 hbonds, Rg  20.6 A, potential   289.14
23802 / 50000 elapsed  3 system 0.88 temp  -1.0 hbonds, Rg  26.1 A, potential   260.63
23702 / 50000 elapsed  5 system 0.94 temp  -1.0 hbonds, Rg  21.1 A, potential   263.31
23302 / 50000 elapsed  7 system 1.00 temp  -1.0 hbonds, Rg  23.1 A, potential   276.04
23702 / 50000 elapsed  1 system 0.83 temp  -1.0 hbonds, Rg  21.0 A, potential   238.25
23402 / 50000 elapsed  4 system 0.91 temp  -1.0 hbonds, Rg  25.1 A, potential   230.45
23602 / 50000 elapsed  2 system 0.85 temp  -1.0 hbonds, Rg  22.8 A, potential   235.24
23602 / 50000 elapsed  0 system 0.80 temp  -1.0 hbonds, Rg  28.4 A, potential   232.91
23602 / 50000 elapsed  6 system 0.97 temp  -1.0 hbonds, Rg  21.3 A, potential   286.79
23902 / 50000 elapsed  3 system 0.88 temp  -1.0 hbonds, Rg  28.4 A, potential   242.78
23502 / 50000 elapsed  4 system 0.91 temp  -1.0 hbonds, Rg  21.3 A, potential   236.78
23402 / 50000 elapsed  7 system 1.00 temp  -1.0 hbonds, Rg  22.6 A, potential   265.57
23802 / 50000 elapsed  5 system 0.94 temp  -1.0 hbonds, Rg  19.6 A, potential   267.53
23802 / 50000 elapsed  1 system 0.83 temp  -1.0 hbonds, Rg  21.5 A, potential   222.12
23702 / 50000 elapsed  2 system 0.85 temp  -1.0 hbonds, Rg  22.9 A, potential   221.10
23702 / 50000 elapsed  0 system 0.80 temp  -1.0 hbonds, Rg  28.2 A, potential   218.99
23702 / 50000 elapsed  6 system 0.97 temp  -1.0 hbonds, Rg  24.2 A, potential   288.87
24002 / 50000 elapsed  3 system 0.88 temp  -1.0 hbonds, Rg  27.5 A, potential   234.00
23602 / 50000 elapsed  4 system 0.91 temp  -1.0 hbonds, Rg  23.0 A, potential   252.60
23902 / 50000 elapsed  5 system 0.94 temp  -1.0 hbonds, Rg  19.8 A, potential   239.69
23802 / 50000 elapsed  2 system 0.85 temp  -1.0 hbonds, Rg  24.1 A, potential   223.00
23502 / 50000 elapsed  7 system 1.00 temp  -1.0 hbonds, Rg  22.4 A, potential   289.55
23802 / 50000 elapsed  0 system 0.80 temp  -1.0 hbonds, Rg  27.1 A, potential   172.03
23902 / 50000 elapsed  1 system 0.83 temp  -1.0 hbonds, Rg  24.1 A, potential   219.61
24102 / 50000 elapsed  3 system 0.88 temp  -1.0 hbonds, Rg  25.9 A, potential   246.91
23802 / 50000 elapsed  6 system 0.97 temp  -1.0 hbonds, Rg  24.8 A, potential   253.09
23702 / 50000 elapsed  4 system 0.91 temp  -1.0 hbonds, Rg  21.8 A, potential   282.48
23902 / 50000 elapsed  0 system 0.80 temp  -1.0 hbonds, Rg  27.8 A, potential   187.75
24002 / 50000 elapsed  5 system 0.94 temp  -1.0 hbonds, Rg  19.7 A, potential   247.00
24002 / 50000 elapsed  1 system 0.83 temp  -1.0 hbonds, Rg  23.6 A, potential   203.13
23902 / 50000 elapsed  2 system 0.85 temp  -1.0 hbonds, Rg  22.6 A, potential   208.37
23602 / 50000 elapsed  7 system 1.00 temp  -1.0 hbonds, Rg  21.6 A, potential   295.99
24202 / 50000 elapsed  3 system 0.88 temp  -1.0 hbonds, Rg  24.6 A, potential   247.79
23902 / 50000 elapsed  6 system 0.97 temp  -1.0 hbonds, Rg  25.8 A, potential   263.13
23802 / 50000 elapsed  4 system 0.91 temp  -1.0 hbonds, Rg  19.8 A, potential   226.72
24002 / 50000 elapsed  0 system 0.80 temp  -1.0 hbonds, Rg  29.5 A, potential   205.77
24102 / 50000 elapsed  1 system 0.83 temp  -1.0 hbonds, Rg  26.7 A, potential   221.48
24102 / 50000 elapsed  5 system 0.94 temp  -1.0 hbonds, Rg  18.3 A, potential   249.17
23702 / 50000 elapsed  7 system 1.00 temp  -1.0 hbonds, Rg  21.9 A, potential   276.63
24002 / 50000 elapsed  2 system 0.85 temp  -1.0 hbonds, Rg  21.4 A, potential   228.43
24302 / 50000 elapsed  3 system 0.88 temp  -1.0 hbonds, Rg  23.1 A, potential   294.39
23902 / 50000 elapsed  4 system 0.91 temp  -1.0 hbonds, Rg  20.3 A, potential   262.22
24002 / 50000 elapsed  6 system 0.97 temp  -1.0 hbonds, Rg  23.8 A, potential   312.56
24102 / 50000 elapsed  0 system 0.80 temp  -1.0 hbonds, Rg  30.4 A, potential   220.24
24102 / 50000 elapsed  2 system 0.85 temp  -1.0 hbonds, Rg  21.5 A, potential   260.01
24202 / 50000 elapsed  1 system 0.83 temp  -1.0 hbonds, Rg  27.1 A, potential   211.81
24402 / 50000 elapsed  3 system 0.88 temp  -1.0 hbonds, Rg  23.4 A, potential   249.76
24202 / 50000 elapsed  5 system 0.94 temp  -1.0 hbonds, Rg  15.6 A, potential   262.28
23802 / 50000 elapsed  7 system 1.00 temp  -1.0 hbonds, Rg  22.4 A, potential   308.64
24002 / 50000 elapsed  4 system 0.91 temp  -1.0 hbonds, Rg  20.1 A, potential   270.34
24202 / 50000 elapsed  0 system 0.80 temp  -1.0 hbonds, Rg  26.3 A, potential   224.59
24102 / 50000 elapsed  6 system 0.97 temp  -1.0 hbonds, Rg  22.4 A, potential   299.88
24202 / 50000 elapsed  2 system 0.85 temp  -1.0 hbonds, Rg  19.4 A, potential   220.64
23902 / 50000 elapsed  7 system 1.00 temp  -1.0 hbonds, Rg  23.4 A, potential   271.47
24302 / 50000 elapsed  1 system 0.83 temp  -1.0 hbonds, Rg  26.8 A, potential   252.41
24302 / 50000 elapsed  5 system 0.94 temp  -1.0 hbonds, Rg  16.6 A, potential   249.88
24502 / 50000 elapsed  3 system 0.88 temp  -1.0 hbonds, Rg  23.8 A, potential   222.19
24202 / 50000 elapsed  6 system 0.97 temp  -1.0 hbonds, Rg  21.1 A, potential   277.52
24302 / 50000 elapsed  0 system 0.80 temp  -1.0 hbonds, Rg  26.4 A, potential   207.87
24102 / 50000 elapsed  4 system 0.91 temp  -1.0 hbonds, Rg  20.3 A, potential   268.05
24002 / 50000 elapsed  7 system 1.00 temp  -1.0 hbonds, Rg  22.2 A, potential   297.61
24402 / 50000 elapsed  1 system 0.83 temp  -1.0 hbonds, Rg  29.7 A, potential   218.75
24302 / 50000 elapsed  2 system 0.85 temp  -1.0 hbonds, Rg  19.6 A, potential   204.83
24402 / 50000 elapsed  5 system 0.94 temp  -1.0 hbonds, Rg  16.1 A, potential   274.93
24202 / 50000 elapsed  4 system 0.91 temp  -1.0 hbonds, Rg  20.1 A, potential   252.81
24402 / 50000 elapsed  0 system 0.80 temp  -1.0 hbonds, Rg  27.5 A, potential   193.13
24302 / 50000 elapsed  6 system 0.97 temp  -1.0 hbonds, Rg  20.8 A, potential   273.20
24602 / 50000 elapsed  3 system 0.88 temp  -1.0 hbonds, Rg  26.0 A, potential   246.88
24102 / 50000 elapsed  7 system 1.00 temp  -1.0 hbonds, Rg  18.9 A, potential   295.64
24502 / 50000 elapsed  1 system 0.83 temp  -1.0 hbonds, Rg  31.6 A, potential   250.31
24502 / 50000 elapsed  0 system 0.80 temp  -1.0 hbonds, Rg  27.6 A, potential   207.17
24402 / 50000 elapsed  2 system 0.85 temp  -1.0 hbonds, Rg  21.9 A, potential   211.25
24402 / 50000 elapsed  6 system 0.97 temp  -1.0 hbonds, Rg  24.8 A, potential   292.17
24302 / 50000 elapsed  4 system 0.91 temp  -1.0 hbonds, Rg  23.0 A, potential   228.96
24502 / 50000 elapsed  5 system 0.94 temp  -1.0 hbonds, Rg  17.2 A, potential   257.94
24702 / 50000 elapsed  3 system 0.88 temp  -1.0 hbonds, Rg  28.3 A, potential   285.99
24202 / 50000 elapsed  7 system 1.00 temp  -1.0 hbonds, Rg  22.5 A, potential   240.11
24602 / 50000 elapsed  1 system 0.83 temp  -1.0 hbonds, Rg  28.3 A, potential   213.60
24502 / 50000 elapsed  2 system 0.85 temp  -1.0 hbonds, Rg  22.2 A, potential   229.19
24502 / 50000 elapsed  6 system 0.97 temp  -1.0 hbonds, Rg  27.0 A, potential   274.99
24802 / 50000 elapsed  3 system 0.88 temp  -1.0 hbonds, Rg  25.8 A, potential   202.27
24602 / 50000 elapsed  0 system 0.80 temp  -1.0 hbonds, Rg  26.5 A, potential   217.85
24402 / 50000 elapsed  4 system 0.91 temp  -1.0 hbonds, Rg  22.9 A, potential   274.62
24302 / 50000 elapsed  7 system 1.00 temp  -1.0 hbonds, Rg  22.9 A, potential   306.49
24702 / 50000 elapsed  1 system 0.83 temp  -1.0 hbonds, Rg  25.6 A, potential   231.34
24602 / 50000 elapsed  5 system 0.94 temp  -1.0 hbonds, Rg  17.6 A, potential   265.17
24602 / 50000 elapsed  2 system 0.85 temp  -1.0 hbonds, Rg  23.4 A, potential   217.61
24902 / 50000 elapsed  3 system 0.88 temp  -1.0 hbonds, Rg  25.3 A, potential   246.59
24702 / 50000 elapsed  0 system 0.80 temp  -1.0 hbonds, Rg  26.8 A, potential   190.28
24602 / 50000 elapsed  6 system 0.97 temp  -1.0 hbonds, Rg  27.3 A, potential   271.03
24402 / 50000 elapsed  7 system 1.00 temp  -1.0 hbonds, Rg  21.2 A, potential   295.66
24502 / 50000 elapsed  4 system 0.91 temp  -1.0 hbonds, Rg  23.1 A, potential   247.95
24802 / 50000 elapsed  1 system 0.83 temp  -1.0 hbonds, Rg  27.4 A, potential   227.36
24702 / 50000 elapsed  5 system 0.94 temp  -1.0 hbonds, Rg  20.4 A, potential   261.75
24702 / 50000 elapsed  2 system 0.85 temp  -1.0 hbonds, Rg  24.9 A, potential   258.27
25002 / 50000 elapsed  3 system 0.88 temp  -1.0 hbonds, Rg  26.7 A, potential   210.24
24802 / 50000 elapsed  0 system 0.80 temp  -1.0 hbonds, Rg  26.4 A, potential   190.24
24702 / 50000 elapsed  6 system 0.97 temp  -1.0 hbonds, Rg  24.1 A, potential   270.77
24502 / 50000 elapsed  7 system 1.00 temp  -1.0 hbonds, Rg  22.2 A, potential   277.79
24602 / 50000 elapsed  4 system 0.91 temp  -1.0 hbonds, Rg  22.1 A, potential   248.66
24902 / 50000 elapsed  1 system 0.83 temp  -1.0 hbonds, Rg  27.3 A, potential   227.76
24802 / 50000 elapsed  5 system 0.94 temp  -1.0 hbonds, Rg  24.0 A, potential   262.96
24802 / 50000 elapsed  2 system 0.85 temp  -1.0 hbonds, Rg  24.5 A, potential   229.17
24802 / 50000 elapsed  6 system 0.97 temp  -1.0 hbonds, Rg  23.6 A, potential   297.50
24602 / 50000 elapsed  7 system 1.00 temp  -1.0 hbonds, Rg  23.3 A, potential   285.58
25002 / 50000 elapsed  1 system 0.83 temp  -1.0 hbonds, Rg  29.1 A, potential   234.36
24902 / 50000 elapsed  0 system 0.80 temp  -1.0 hbonds, Rg  26.9 A, potential   213.22
25102 / 50000 elapsed  3 system 0.88 temp  -1.0 hbonds, Rg  26.6 A, potential   225.95
24702 / 50000 elapsed  4 system 0.91 temp  -1.0 hbonds, Rg  22.4 A, potential   223.05
24902 / 50000 elapsed  5 system 0.94 temp  -1.0 hbonds, Rg  24.3 A, potential   306.08
24902 / 50000 elapsed  2 system 0.85 temp  -1.0 hbonds, Rg  23.3 A, potential   222.79
24702 / 50000 elapsed  7 system 1.00 temp  -1.0 hbonds, Rg  24.4 A, potential   263.66
24902 / 50000 elapsed  6 system 0.97 temp  -1.0 hbonds, Rg  20.7 A, potential   264.36
25102 / 50000 elapsed  1 system 0.83 temp  -1.0 hbonds, Rg  25.0 A, potential   234.29
24802 / 50000 elapsed  4 system 0.91 temp  -1.0 hbonds, Rg  22.7 A, potential   251.04
25002 / 50000 elapsed  5 system 0.94 temp  -1.0 hbonds, Rg  24.0 A, potential   271.59
25202 / 50000 elapsed  3 system 0.88 temp  -1.0 hbonds, Rg  25.8 A, potential   226.69
25002 / 50000 elapsed  0 system 0.80 temp  -1.0 hbonds, Rg  23.9 A, potential   222.79
25002 / 50000 elapsed  2 system 0.85 temp  -1.0 hbonds, Rg  23.6 A, potential   217.27
24802 / 50000 elapsed  7 system 1.00 temp  -1.0 hbonds, Rg  25.4 A, potential   308.40
24902 / 50000 elapsed  4 system 0.91 temp  -1.0 hbonds, Rg  22.3 A, potential   282.08
25302 / 50000 elapsed  3 system 0.88 temp  -1.0 hbonds, Rg  26.1 A, potential   237.17
25202 / 50000 elapsed  1 system 0.83 temp  -1.0 hbonds, Rg  25.6 A, potential   228.88
25102 / 50000 elapsed  5 system 0.94 temp  -1.0 hbonds, Rg  22.8 A, potential   260.27
25002 / 50000 elapsed  6 system 0.97 temp  -1.0 hbonds, Rg  18.9 A, potential   254.17
25102 / 50000 elapsed  0 system 0.80 temp  -1.0 hbonds, Rg  25.7 A, potential   220.78
25102 / 50000 elapsed  2 system 0.85 temp  -1.0 hbonds, Rg  23.6 A, potential   246.61
25002 / 50000 elapsed  4 system 0.91 temp  -1.0 hbonds, Rg  22.8 A, potential   255.58
24902 / 50000 elapsed  7 system 1.00 temp  -1.0 hbonds, Rg  24.2 A, potential   324.68
25402 / 50000 elapsed  3 system 0.88 temp  -1.0 hbonds, Rg  22.0 A, potential   252.60
25202 / 50000 elapsed  0 system 0.80 temp  -1.0 hbonds, Rg  23.3 A, potential   246.79
25302 / 50000 elapsed  1 system 0.83 temp  -1.0 hbonds, Rg  26.1 A, potential   248.43
25202 / 50000 elapsed  5 system 0.94 temp  -1.0 hbonds, Rg  20.3 A, potential   266.76
25102 / 50000 elapsed  6 system 0.97 temp  -1.0 hbonds, Rg  19.1 A, potential   268.45
25202 / 50000 elapsed  2 system 0.85 temp  -1.0 hbonds, Rg  21.4 A, potential   231.23
25102 / 50000 elapsed  4 system 0.91 temp  -1.0 hbonds, Rg  21.9 A, potential   264.22
25502 / 50000 elapsed  3 system 0.88 temp  -1.0 hbonds, Rg  23.2 A, potential   223.59
25002 / 50000 elapsed  7 system 1.00 temp  -1.0 hbonds, Rg  22.2 A, potential   299.49
25302 / 50000 elapsed  0 system 0.80 temp  -1.0 hbonds, Rg  24.0 A, potential   224.67
25202 / 50000 elapsed  6 system 0.97 temp  -1.0 hbonds, Rg  16.6 A, potential   241.61
25302 / 50000 elapsed  5 system 0.94 temp  -1.0 hbonds, Rg  19.7 A, potential   269.20
25402 / 50000 elapsed  1 system 0.83 temp  -1.0 hbonds, Rg  25.3 A, potential   217.61
25302 / 50000 elapsed  2 system 0.85 temp  -1.0 hbonds, Rg  22.2 A, potential   241.72
25202 / 50000 elapsed  4 system 0.91 temp  -1.0 hbonds, Rg  23.1 A, potential   259.02
25402 / 50000 elapsed  0 system 0.80 temp  -1.0 hbonds, Rg  21.6 A, potential   191.58
25602 / 50000 elapsed  3 system 0.88 temp  -1.0 hbonds, Rg  24.9 A, potential   204.09
25402 / 50000 elapsed  5 system 0.94 temp  -1.0 hbonds, Rg  21.0 A, potential   241.92
25302 / 50000 elapsed  6 system 0.97 temp  -1.0 hbonds, Rg  20.2 A, potential   287.41
25102 / 50000 elapsed  7 system 1.00 temp  -1.0 hbonds, Rg  21.5 A, potential   315.03
25302 / 50000 elapsed  4 system 0.91 temp  -1.0 hbonds, Rg  22.0 A, potential   265.87
25502 / 50000 elapsed  1 system 0.83 temp  -1.0 hbonds, Rg  23.0 A, potential   237.58
25402 / 50000 elapsed  2 system 0.85 temp  -1.0 hbonds, Rg  18.8 A, potential   212.23
25502 / 50000 elapsed  0 system 0.80 temp  -1.0 hbonds, Rg  24.0 A, potential   183.34
25502 / 50000 elapsed  5 system 0.94 temp  -1.0 hbonds, Rg  20.1 A, potential   256.88
25402 / 50000 elapsed  6 system 0.97 temp  -1.0 hbonds, Rg  21.4 A, potential   322.82
25702 / 50000 elapsed  3 system 0.88 temp  -1.0 hbonds, Rg  28.2 A, potential   194.70
25402 / 50000 elapsed  4 system 0.91 temp  -1.0 hbonds, Rg  21.7 A, potential   239.41
25202 / 50000 elapsed  7 system 1.00 temp  -1.0 hbonds, Rg  21.2 A, potential   281.03
25602 / 50000 elapsed  1 system 0.83 temp  -1.0 hbonds, Rg  20.5 A, potential   210.99
25502 / 50000 elapsed  2 system 0.85 temp  -1.0 hbonds, Rg  21.1 A, potential   217.53
25502 / 50000 elapsed  6 system 0.97 temp  -1.0 hbonds, Rg  22.4 A, potential   279.69
25602 / 50000 elapsed  5 system 0.94 temp  -1.0 hbonds, Rg  19.5 A, potential   247.39
25602 / 50000 elapsed  0 system 0.80 temp  -1.0 hbonds, Rg  24.3 A, potential   216.55
25802 / 50000 elapsed  3 system 0.88 temp  -1.0 hbonds, Rg  26.5 A, potential   240.91
25502 / 50000 elapsed  4 system 0.91 temp  -1.0 hbonds, Rg  22.3 A, potential   255.87
25702 / 50000 elapsed  1 system 0.83 temp  -1.0 hbonds, Rg  21.9 A, potential   216.44
25302 / 50000 elapsed  7 system 1.00 temp  -1.0 hbonds, Rg  22.7 A, potential   308.93
25702 / 50000 elapsed  5 system 0.94 temp  -1.0 hbonds, Rg  19.3 A, potential   256.01
25602 / 50000 elapsed  2 system 0.85 temp  -1.0 hbonds, Rg  21.8 A, potential   214.85
25602 / 50000 elapsed  6 system 0.97 temp  -1.0 hbonds, Rg  23.1 A, potential   223.71
25702 / 50000 elapsed  0 system 0.80 temp  -1.0 hbonds, Rg  25.0 A, potential   212.48
25902 / 50000 elapsed  3 system 0.88 temp  -1.0 hbonds, Rg  28.9 A, potential   244.93
25602 / 50000 elapsed  4 system 0.91 temp  -1.0 hbonds, Rg  23.2 A, potential   247.12
25402 / 50000 elapsed  7 system 1.00 temp  -1.0 hbonds, Rg  24.4 A, potential   301.80
25802 / 50000 elapsed  1 system 0.83 temp  -1.0 hbonds, Rg  21.9 A, potential   213.37
25802 / 50000 elapsed  5 system 0.94 temp  -1.0 hbonds, Rg  21.2 A, potential   273.49
25802 / 50000 elapsed  0 system 0.80 temp  -1.0 hbonds, Rg  26.2 A, potential   225.16
25702 / 50000 elapsed  2 system 0.85 temp  -1.0 hbonds, Rg  20.6 A, potential   257.40
25702 / 50000 elapsed  4 system 0.91 temp  -1.0 hbonds, Rg  22.4 A, potential   251.90
25702 / 50000 elapsed  6 system 0.97 temp  -1.0 hbonds, Rg  26.4 A, potential   241.42
26002 / 50000 elapsed  3 system 0.88 temp  -1.0 hbonds, Rg  28.2 A, potential   246.22
25502 / 50000 elapsed  7 system 1.00 temp  -1.0 hbonds, Rg  25.1 A, potential   268.74
25902 / 50000 elapsed  5 system 0.94 temp  -1.0 hbonds, Rg  21.0 A, potential   273.69
25902 / 50000 elapsed  1 system 0.83 temp  -1.0 hbonds, Rg  24.1 A, potential   201.53
25902 / 50000 elapsed  0 system 0.80 temp  -1.0 hbonds, Rg  24.1 A, potential   187.62
25802 / 50000 elapsed  4 system 0.91 temp  -1.0 hbonds, Rg  24.6 A, potential   211.24
25802 / 50000 elapsed  2 system 0.85 temp  -1.0 hbonds, Rg  19.2 A, potential   221.77
25802 / 50000 elapsed  6 system 0.97 temp  -1.0 hbonds, Rg  25.4 A, potential   280.27
25602 / 50000 elapsed  7 system 1.00 temp  -1.0 hbonds, Rg  24.5 A, potential   275.98
26102 / 50000 elapsed  3 system 0.88 temp  -1.0 hbonds, Rg  28.1 A, potential   254.98
26002 / 50000 elapsed  5 system 0.94 temp  -1.0 hbonds, Rg  21.4 A, potential   224.31
25902 / 50000 elapsed  4 system 0.91 temp  -1.0 hbonds, Rg  26.6 A, potential   253.61
26002 / 50000 elapsed  0 system 0.80 temp  -1.0 hbonds, Rg  25.3 A, potential   216.60
26002 / 50000 elapsed  1 system 0.83 temp  -1.0 hbonds, Rg  22.5 A, potential   206.00
25702 / 50000 elapsed  7 system 1.00 temp  -1.0 hbonds, Rg  20.5 A, potential   306.13
26102 / 50000 elapsed  5 system 0.94 temp  -1.0 hbonds, Rg  19.6 A, potential   250.08
25902 / 50000 elapsed  2 system 0.85 temp  -1.0 hbonds, Rg  20.2 A, potential   254.75
25902 / 50000 elapsed  6 system 0.97 temp  -1.0 hbonds, Rg  23.9 A, potential   286.94
26202 / 50000 elapsed  3 system 0.88 temp  -1.0 hbonds, Rg  29.1 A, potential   230.45
26002 / 50000 elapsed  4 system 0.91 temp  -1.0 hbonds, Rg  26.2 A, potential   283.78
26102 / 50000 elapsed  0 system 0.80 temp  -1.0 hbonds, Rg  25.6 A, potential   183.91
26102 / 50000 elapsed  1 system 0.83 temp  -1.0 hbonds, Rg  21.3 A, potential   237.12
25802 / 50000 elapsed  7 system 1.00 temp  -1.0 hbonds, Rg  22.4 A, potential   296.64
26202 / 50000 elapsed  5 system 0.94 temp  -1.0 hbonds, Rg  21.4 A, potential   258.74
26002 / 50000 elapsed  2 system 0.85 temp  -1.0 hbonds, Rg  20.2 A, potential   202.50
26002 / 50000 elapsed  6 system 0.97 temp  -1.0 hbonds, Rg  24.5 A, potential   280.27
26302 / 50000 elapsed  3 system 0.88 temp  -1.0 hbonds, Rg  27.7 A, potential   218.11
26102 / 50000 elapsed  4 system 0.91 temp  -1.0 hbonds, Rg  24.5 A, potential   270.00
26202 / 50000 elapsed  0 system 0.80 temp  -1.0 hbonds, Rg  24.9 A, potential   198.20
25902 / 50000 elapsed  7 system 1.00 temp  -1.0 hbonds, Rg  22.6 A, potential   273.62
26302 / 50000 elapsed  5 system 0.94 temp  -1.0 hbonds, Rg  19.9 A, potential   240.51
26202 / 50000 elapsed  1 system 0.83 temp  -1.0 hbonds, Rg  22.2 A, potential   230.10
26102 / 50000 elapsed  2 system 0.85 temp  -1.0 hbonds, Rg  21.4 A, potential   215.88
26102 / 50000 elapsed  6 system 0.97 temp  -1.0 hbonds, Rg  24.6 A, potential   269.45
26302 / 50000 elapsed  0 system 0.80 temp  -1.0 hbonds, Rg  25.6 A, potential   193.36
26402 / 50000 elapsed  3 system 0.88 temp  -1.0 hbonds, Rg  27.4 A, potential   280.88
26202 / 50000 elapsed  4 system 0.91 temp  -1.0 hbonds, Rg  24.6 A, potential   253.78
26002 / 50000 elapsed  7 system 1.00 temp  -1.0 hbonds, Rg  20.9 A, potential   256.01
26302 / 50000 elapsed  1 system 0.83 temp  -1.0 hbonds, Rg  24.6 A, potential   239.19
26402 / 50000 elapsed  5 system 0.94 temp  -1.0 hbonds, Rg  18.9 A, potential   250.13
26202 / 50000 elapsed  2 system 0.85 temp  -1.0 hbonds, Rg  22.5 A, potential   248.71
26402 / 50000 elapsed  0 system 0.80 temp  -1.0 hbonds, Rg  24.5 A, potential   193.36
26202 / 50000 elapsed  6 system 0.97 temp  -1.0 hbonds, Rg  21.9 A, potential   236.74
26502 / 50000 elapsed  3 system 0.88 temp  -1.0 hbonds, Rg  26.5 A, potential   237.83
26402 / 50000 elapsed  1 system 0.83 temp  -1.0 hbonds, Rg  24.4 A, potential   213.85
26102 / 50000 elapsed  7 system 1.00 temp  -1.0 hbonds, Rg  23.4 A, potential   334.74
26302 / 50000 elapsed  4 system 0.91 temp  -1.0 hbonds, Rg  24.6 A, potential   253.54
26302 / 50000 elapsed  2 system 0.85 temp  -1.0 hbonds, Rg  20.9 A, potential   220.48
26502 / 50000 elapsed  5 system 0.94 temp  -1.0 hbonds, Rg  18.4 A, potential   266.82
26502 / 50000 elapsed  0 system 0.80 temp  -1.0 hbonds, Rg  25.8 A, potential   201.86
26602 / 50000 elapsed  3 system 0.88 temp  -1.0 hbonds, Rg  26.1 A, potential   248.66
26502 / 50000 elapsed  1 system 0.83 temp  -1.0 hbonds, Rg  21.2 A, potential   213.47
26302 / 50000 elapsed  6 system 0.97 temp  -1.0 hbonds, Rg  22.7 A, potential   286.26
26202 / 50000 elapsed  7 system 1.00 temp  -1.0 hbonds, Rg  24.9 A, potential   269.63
26402 / 50000 elapsed  2 system 0.85 temp  -1.0 hbonds, Rg  21.0 A, potential   229.44
26402 / 50000 elapsed  4 system 0.91 temp  -1.0 hbonds, Rg  22.6 A, potential   255.60
26602 / 50000 elapsed  0 system 0.80 temp  -1.0 hbonds, Rg  27.4 A, potential   215.86
26602 / 50000 elapsed  5 system 0.94 temp  -1.0 hbonds, Rg  18.4 A, potential   237.42
26702 / 50000 elapsed  3 system 0.88 temp  -1.0 hbonds, Rg  24.2 A, potential   264.95
26602 / 50000 elapsed  1 system 0.83 temp  -1.0 hbonds, Rg  22.5 A, potential   226.32
26402 / 50000 elapsed  6 system 0.97 temp  -1.0 hbonds, Rg  25.8 A, potential   265.98
26502 / 50000 elapsed  2 system 0.85 temp  -1.0 hbonds, Rg  21.0 A, potential   222.07
26702 / 50000 elapsed  0 system 0.80 temp  -1.0 hbonds, Rg  27.3 A, potential   209.34
26302 / 50000 elapsed  7 system 1.00 temp  -1.0 hbonds, Rg  26.3 A, potential   294.59
26502 / 50000 elapsed  4 system 0.91 temp  -1.0 hbonds, Rg  22.5 A, potential   248.72
26702 / 50000 elapsed  5 system 0.94 temp  -1.0 hbonds, Rg  18.0 A, potential   283.75
26802 / 50000 elapsed  3 system 0.88 temp  -1.0 hbonds, Rg  24.6 A, potential   243.44
26702 / 50000 elapsed  1 system 0.83 temp  -1.0 hbonds, Rg  20.1 A, potential   235.84
26502 / 50000 elapsed  6 system 0.97 temp  -1.0 hbonds, Rg  27.6 A, potential   287.58
26802 / 50000 elapsed  0 system 0.80 temp  -1.0 hbonds, Rg  27.6 A, potential   198.38
26402 / 50000 elapsed  7 system 1.00 temp  -1.0 hbonds, Rg  29.1 A, potential   261.61
26602 / 50000 elapsed  4 system 0.91 temp  -1.0 hbonds, Rg  23.7 A, potential   237.69
26602 / 50000 elapsed  2 system 0.85 temp  -1.0 hbonds, Rg  20.1 A, potential   229.18
26902 / 50000 elapsed  3 system 0.88 temp  -1.0 hbonds, Rg  25.9 A, potential   270.02
26802 / 50000 elapsed  5 system 0.94 temp  -1.0 hbonds, Rg  20.7 A, potential   229.90
26802 / 50000 elapsed  1 system 0.83 temp  -1.0 hbonds, Rg  22.7 A, potential   199.56
26602 / 50000 elapsed  6 system 0.97 temp  -1.0 hbonds, Rg  26.3 A, potential   251.01
26902 / 50000 elapsed  0 system 0.80 temp  -1.0 hbonds, Rg  27.4 A, potential   184.41
27002 / 50000 elapsed  3 system 0.88 temp  -1.0 hbonds, Rg  26.9 A, potential   246.84
26502 / 50000 elapsed  7 system 1.00 temp  -1.0 hbonds, Rg  28.2 A, potential   324.06
26702 / 50000 elapsed  4 system 0.91 temp  -1.0 hbonds, Rg  27.8 A, potential   296.67
26902 / 50000 elapsed  1 system 0.83 temp  -1.0 hbonds, Rg  23.0 A, potential   225.11
26702 / 50000 elapsed  2 system 0.85 temp  -1.0 hbonds, Rg  19.4 A, potential   206.73
26902 / 50000 elapsed  5 system 0.94 temp  -1.0 hbonds, Rg  22.5 A, potential   255.69
26702 / 50000 elapsed  6 system 0.97 temp  -1.0 hbonds, Rg  26.9 A, potential   260.33
27002 / 50000 elapsed  0 system 0.80 temp  -1.0 hbonds, Rg  29.5 A, potential   182.67
26602 / 50000 elapsed  7 system 1.00 temp  -1.0 hbonds, Rg  25.0 A, potential   274.40
27102 / 50000 elapsed  3 system 0.88 temp  -1.0 hbonds, Rg  27.0 A, potential   270.44
26802 / 50000 elapsed  4 system 0.91 temp  -1.0 hbonds, Rg  28.5 A, potential   241.04
27002 / 50000 elapsed  1 system 0.83 temp  -1.0 hbonds, Rg  23.3 A, potential   231.39
26802 / 50000 elapsed  2 system 0.85 temp  -1.0 hbonds, Rg  20.5 A, potential   231.12
27002 / 50000 elapsed  5 system 0.94 temp  -1.0 hbonds, Rg  23.5 A, potential   271.41
26802 / 50000 elapsed  6 system 0.97 temp  -1.0 hbonds, Rg  27.3 A, potential   249.35
27102 / 50000 elapsed  0 system 0.80 temp  -1.0 hbonds, Rg  31.4 A, potential   209.98
27202 / 50000 elapsed  3 system 0.88 temp  -1.0 hbonds, Rg  29.7 A, potential   207.01
26702 / 50000 elapsed  7 system 1.00 temp  -1.0 hbonds, Rg  21.8 A, potential   313.67
27102 / 50000 elapsed  1 system 0.83 temp  -1.0 hbonds, Rg  25.8 A, potential   200.68
26902 / 50000 elapsed  2 system 0.85 temp  -1.0 hbonds, Rg  22.2 A, potential   243.54
26902 / 50000 elapsed  4 system 0.91 temp  -1.0 hbonds, Rg  25.4 A, potential   242.22
27102 / 50000 elapsed  5 system 0.94 temp  -1.0 hbonds, Rg  25.6 A, potential   269.99
27302 / 50000 elapsed  3 system 0.88 temp  -1.0 hbonds, Rg  28.7 A, potential   275.57
26902 / 50000 elapsed  6 system 0.97 temp  -1.0 hbonds, Rg  24.7 A, potential   267.25
26802 / 50000 elapsed  7 system 1.00 temp  -1.0 hbonds, Rg  28.1 A, potential   302.74
27202 / 50000 elapsed  0 system 0.80 temp  -1.0 hbonds, Rg  30.4 A, potential   218.24
27002 / 50000 elapsed  2 system 0.85 temp  -1.0 hbonds, Rg  22.3 A, potential   249.31
27202 / 50000 elapsed  1 system 0.83 temp  -1.0 hbonds, Rg  27.5 A, potential   222.97
27002 / 50000 elapsed  4 system 0.91 temp  -1.0 hbonds, Rg  26.4 A, potential   270.97
27402 / 50000 elapsed  3 system 0.88 temp  -1.0 hbonds, Rg  27.2 A, potential   249.30
27002 / 50000 elapsed  6 system 0.97 temp  -1.0 hbonds, Rg  23.5 A, potential   277.70
26902 / 50000 elapsed  7 system 1.00 temp  -1.0 hbonds, Rg  27.7 A, potential   292.77
27202 / 50000 elapsed  5 system 0.94 temp  -1.0 hbonds, Rg  25.2 A, potential   261.70
27102 / 50000 elapsed  2 system 0.85 temp  -1.0 hbonds, Rg  20.6 A, potential   248.63
27302 / 50000 elapsed  0 system 0.80 temp  -1.0 hbonds, Rg  30.5 A, potential   239.73
27302 / 50000 elapsed  1 system 0.83 temp  -1.0 hbonds, Rg  29.6 A, potential   193.16
27502 / 50000 elapsed  3 system 0.88 temp  -1.0 hbonds, Rg  27.7 A, potential   251.68
27102 / 50000 elapsed  6 system 0.97 temp  -1.0 hbonds, Rg  24.6 A, potential   266.95
27002 / 50000 elapsed  7 system 1.00 temp  -1.0 hbonds, Rg  31.7 A, potential   266.13
27102 / 50000 elapsed  4 system 0.91 temp  -1.0 hbonds, Rg  26.9 A, potential   240.65
27202 / 50000 elapsed  2 system 0.85 temp  -1.0 hbonds, Rg  21.8 A, potential   240.66
27302 / 50000 elapsed  5 system 0.94 temp  -1.0 hbonds, Rg  24.2 A, potential   244.51
27402 / 50000 elapsed  0 system 0.80 temp  -1.0 hbonds, Rg  29.1 A, potential   223.47
27202 / 50000 elapsed  6 system 0.97 temp  -1.0 hbonds, Rg  26.2 A, potential   285.95
27402 / 50000 elapsed  1 system 0.83 temp  -1.0 hbonds, Rg  29.9 A, potential   202.27
27602 / 50000 elapsed  3 system 0.88 temp  -1.0 hbonds, Rg  29.9 A, potential   272.01
27102 / 50000 elapsed  7 system 1.00 temp  -1.0 hbonds, Rg  33.5 A, potential   286.62
27202 / 50000 elapsed  4 system 0.91 temp  -1.0 hbonds, Rg  27.6 A, potential   229.85
27302 / 50000 elapsed  2 system 0.85 temp  -1.0 hbonds, Rg  23.0 A, potential   231.07
27402 / 50000 elapsed  5 system 0.94 temp  -1.0 hbonds, Rg  22.7 A, potential   218.36
27502 / 50000 elapsed  0 system 0.80 temp  -1.0 hbonds, Rg  28.8 A, potential   191.33
27302 / 50000 elapsed  6 system 0.97 temp  -1.0 hbonds, Rg  26.6 A, potential   255.73
27502 / 50000 elapsed  1 system 0.83 temp  -1.0 hbonds, Rg  29.2 A, potential   249.93
27302 / 50000 elapsed  4 system 0.91 temp  -1.0 hbonds, Rg  29.2 A, potential   248.07
27702 / 50000 elapsed  3 system 0.88 temp  -1.0 hbonds, Rg  30.4 A, potential   236.77
27202 / 50000 elapsed  7 system 1.00 temp  -1.0 hbonds, Rg  31.1 A, potential   323.41
27602 / 50000 elapsed  0 system 0.80 temp  -1.0 hbonds, Rg  28.0 A, potential   228.40
27502 / 50000 elapsed  5 system 0.94 temp  -1.0 hbonds, Rg  24.3 A, potential   262.32
27402 / 50000 elapsed  2 system 0.85 temp  -1.0 hbonds, Rg  21.4 A, potential   240.88
27402 / 50000 elapsed  6 system 0.97 temp  -1.0 hbonds, Rg  28.5 A, potential   283.47
27602 / 50000 elapsed  1 system 0.83 temp  -1.0 hbonds, Rg  28.7 A, potential   213.43
27402 / 50000 elapsed  4 system 0.91 temp  -1.0 hbonds, Rg  28.2 A, potential   255.96
27702 / 50000 elapsed  0 system 0.80 temp  -1.0 hbonds, Rg  29.0 A, potential   173.34
27802 / 50000 elapsed  3 system 0.88 temp  -1.0 hbonds, Rg  29.7 A, potential   231.03
27302 / 50000 elapsed  7 system 1.00 temp  -1.0 hbonds, Rg  29.7 A, potential   281.97
27502 / 50000 elapsed  6 system 0.97 temp  -1.0 hbonds, Rg  26.7 A, potential   279.73
27702 / 50000 elapsed  1 system 0.83 temp  -1.0 hbonds, Rg  30.1 A, potential   194.27
27602 / 50000 elapsed  5 system 0.94 temp  -1.0 hbonds, Rg  25.7 A, potential   271.12
27502 / 50000 elapsed  2 system 0.85 temp  -1.0 hbonds, Rg  20.8 A, potential   238.23
27502 / 50000 elapsed  4 system 0.91 temp  -1.0 hbonds, Rg  30.2 A, potential   254.88
27902 / 50000 elapsed  3 system 0.88 temp  -1.0 hbonds, Rg  31.3 A, potential   246.64
27802 / 50000 elapsed  0 system 0.80 temp  -1.0 hbonds, Rg  28.8 A, potential   218.60
27702 / 50000 elapsed  5 system 0.94 temp  -1.0 hbonds, Rg  27.0 A, potential   258.02
27602 / 50000 elapsed  6 system 0.97 temp  -1.0 hbonds, Rg  26.0 A, potential   314.86
27402 / 50000 elapsed  7 system 1.00 temp  -1.0 hbonds, Rg  29.1 A, potential   339.99
27802 / 50000 elapsed  1 system 0.83 temp  -1.0 hbonds, Rg  29.2 A, potential   210.05
27602 / 50000 elapsed  2 system 0.85 temp  -1.0 hbonds, Rg  24.0 A, potential   230.51
27602 / 50000 elapsed  4 system 0.91 temp  -1.0 hbonds, Rg  31.4 A, potential   261.12
28002 / 50000 elapsed  3 system 0.88 temp  -1.0 hbonds, Rg  32.1 A, potential   257.69
27802 / 50000 elapsed  5 system 0.94 temp  -1.0 hbonds, Rg  28.8 A, potential   249.49
27702 / 50000 elapsed  2 system 0.85 temp  -1.0 hbonds, Rg  23.1 A, potential   246.21
27902 / 50000 elapsed  0 system 0.80 temp  -1.0 hbonds, Rg  30.3 A, potential   209.31
27902 / 50000 elapsed  1 system 0.83 temp  -1.0 hbonds, Rg  29.1 A, potential   217.87
27702 / 50000 elapsed  6 system 0.97 temp  -1.0 hbonds, Rg  25.2 A, potential   282.32
27502 / 50000 elapsed  7 system 1.00 temp  -1.0 hbonds, Rg  28.8 A, potential   299.79
27702 / 50000 elapsed  4 system 0.91 temp  -1.0 hbonds, Rg  34.4 A, potential   253.67
27902 / 50000 elapsed  5 system 0.94 temp  -1.0 hbonds, Rg  29.5 A, potential   276.80
28002 / 50000 elapsed  0 system 0.80 temp  -1.0 hbonds, Rg  32.5 A, potential   233.62
27802 / 50000 elapsed  2 system 0.85 temp  -1.0 hbonds, Rg  21.5 A, potential   255.65
28102 / 50000 elapsed  3 system 0.88 temp  -1.0 hbonds, Rg  28.6 A, potential   269.92
28002 / 50000 elapsed  1 system 0.83 temp  -1.0 hbonds, Rg  29.2 A, potential   232.16
27602 / 50000 elapsed  7 system 1.00 temp  -1.0 hbonds, Rg  26.7 A, potential   321.49
27802 / 50000 elapsed  6 system 0.97 temp  -1.0 hbonds, Rg  25.1 A, potential   266.42
27802 / 50000 elapsed  4 system 0.91 temp  -1.0 hbonds, Rg  32.7 A, potential   264.45
28102 / 50000 elapsed  0 system 0.80 temp  -1.0 hbonds, Rg  33.2 A, potential   197.07
27902 / 50000 elapsed  2 system 0.85 temp  -1.0 hbonds, Rg  22.3 A, potential   236.00
28002 / 50000 elapsed  5 system 0.94 temp  -1.0 hbonds, Rg  31.7 A, potential   240.11
28102 / 50000 elapsed  1 system 0.83 temp  -1.0 hbonds, Rg  27.9 A, potential   215.48
28202 / 50000 elapsed  3 system 0.88 temp  -1.0 hbonds, Rg  28.4 A, potential   253.57
27702 / 50000 elapsed  7 system 1.00 temp  -1.0 hbonds, Rg  26.7 A, potential   280.11
27902 / 50000 elapsed  6 system 0.97 temp  -1.0 hbonds, Rg  21.9 A, potential   300.82
27902 / 50000 elapsed  4 system 0.91 temp  -1.0 hbonds, Rg  31.1 A, potential   262.53
28002 / 50000 elapsed  2 system 0.85 temp  -1.0 hbonds, Rg  23.1 A, potential   189.65
28102 / 50000 elapsed  5 system 0.94 temp  -1.0 hbonds, Rg  31.4 A, potential   264.10
28202 / 50000 elapsed  0 system 0.80 temp  -1.0 hbonds, Rg  32.2 A, potential   230.57
28202 / 50000 elapsed  1 system 0.83 temp  -1.0 hbonds, Rg  28.7 A, potential   215.07
28302 / 50000 elapsed  3 system 0.88 temp  -1.0 hbonds, Rg  28.4 A, potential   250.97
28002 / 50000 elapsed  6 system 0.97 temp  -1.0 hbonds, Rg  18.8 A, potential   260.65
27802 / 50000 elapsed  7 system 1.00 temp  -1.0 hbonds, Rg  24.4 A, potential   282.07
28202 / 50000 elapsed  5 system 0.94 temp  -1.0 hbonds, Rg  28.3 A, potential   291.04
28002 / 50000 elapsed  4 system 0.91 temp  -1.0 hbonds, Rg  33.6 A, potential   237.07
28302 / 50000 elapsed  1 system 0.83 temp  -1.0 hbonds, Rg  28.9 A, potential   200.71
28302 / 50000 elapsed  0 system 0.80 temp  -1.0 hbonds, Rg  29.4 A, potential   206.90
28102 / 50000 elapsed  2 system 0.85 temp  -1.0 hbonds, Rg  21.5 A, potential   224.48
28402 / 50000 elapsed  3 system 0.88 temp  -1.0 hbonds, Rg  28.5 A, potential   248.82
28102 / 50000 elapsed  6 system 0.97 temp  -1.0 hbonds, Rg  20.6 A, potential   265.64
28302 / 50000 elapsed  5 system 0.94 temp  -1.0 hbonds, Rg  28.3 A, potential   252.13
28102 / 50000 elapsed  4 system 0.91 temp  -1.0 hbonds, Rg  32.3 A, potential   236.58
27902 / 50000 elapsed  7 system 1.00 temp  -1.0 hbonds, Rg  26.7 A, potential   247.63
28402 / 50000 elapsed  0 system 0.80 temp  -1.0 hbonds, Rg  29.2 A, potential   218.28
28202 / 50000 elapsed  2 system 0.85 temp  -1.0 hbonds, Rg  22.8 A, potential   218.37
28502 / 50000 elapsed  3 system 0.88 temp  -1.0 hbonds, Rg  28.7 A, potential   249.78
28402 / 50000 elapsed  1 system 0.83 temp  -1.0 hbonds, Rg  30.5 A, potential   230.75
28402 / 50000 elapsed  5 system 0.94 temp  -1.0 hbonds, Rg  27.8 A, potential   235.82
28202 / 50000 elapsed  6 system 0.97 temp  -1.0 hbonds, Rg  23.1 A, potential   277.74
28202 / 50000 elapsed  4 system 0.91 temp  -1.0 hbonds, Rg  34.5 A, potential   254.06
28502 / 50000 elapsed  0 system 0.80 temp  -1.0 hbonds, Rg  27.6 A, potential   203.33
28002 / 50000 elapsed  7 system 1.00 temp  -1.0 hbonds, Rg  24.4 A, potential   318.37
28602 / 50000 elapsed  3 system 0.88 temp  -1.0 hbonds, Rg  27.5 A, potential   223.03
28302 / 50000 elapsed  2 system 0.85 temp  -1.0 hbonds, Rg  23.6 A, potential   225.14
28502 / 50000 elapsed  1 system 0.83 temp  -1.0 hbonds, Rg  30.3 A, potential   235.72
28502 / 50000 elapsed  5 system 0.94 temp  -1.0 hbonds, Rg  26.4 A, potential   294.78
28302 / 50000 elapsed  4 system 0.91 temp  -1.0 hbonds, Rg  34.6 A, potential   265.31
28302 / 50000 elapsed  6 system 0.97 temp  -1.0 hbonds, Rg  24.1 A, potential   291.56
28602 / 50000 elapsed  0 system 0.80 temp  -1.0 hbonds, Rg  26.8 A, potential   208.34
28702 / 50000 elapsed  3 system 0.88 temp  -1.0 hbonds, Rg  26.4 A, potential   245.22
28102 / 50000 elapsed  7 system 1.00 temp  -1.0 hbonds, Rg  22.0 A, potential   296.47
28602 / 50000 elapsed  5 system 0.94 temp  -1.0 hbonds, Rg  24.6 A, potential   247.56
28402 / 50000 elapsed  2 system 0.85 temp  -1.0 hbonds, Rg  22.6 A, potential   202.35
28602 / 50000 elapsed  1 system 0.83 temp  -1.0 hbonds, Rg  28.9 A, potential   191.28
28702 / 50000 elapsed  0 system 0.80 temp  -1.0 hbonds, Rg  25.9 A, potential   195.38
28402 / 50000 elapsed  4 system 0.91 temp  -1.0 hbonds, Rg  31.7 A, potential   279.96
28802 / 50000 elapsed  3 system 0.88 temp  -1.0 hbonds, Rg  25.9 A, potential   234.87
28202 / 50000 elapsed  7 system 1.00 temp  -1.0 hbonds, Rg  25.3 A, potential   302.26
28402 / 50000 elapsed  6 system 0.97 temp  -1.0 hbonds, Rg  24.4 A, potential   293.42
28702 / 50000 elapsed  5 system 0.94 temp  -1.0 hbonds, Rg  25.3 A, potential   251.01
28702 / 50000 elapsed  1 system 0.83 temp  -1.0 hbonds, Rg  27.5 A, potential   224.04
28502 / 50000 elapsed  2 system 0.85 temp  -1.0 hbonds, Rg  22.5 A, potential   223.75
28502 / 50000 elapsed  4 system 0.91 temp  -1.0 hbonds, Rg  33.3 A, potential   241.85
28802 / 50000 elapsed  0 system 0.80 temp  -1.0 hbonds, Rg  25.3 A, potential   211.71
28902 / 50000 elapsed  3 system 0.88 temp  -1.0 hbonds, Rg  24.2 A, potential   238.29
28502 / 50000 elapsed  6 system 0.97 temp  -1.0 hbonds, Rg  24.3 A, potential   256.75
28302 / 50000 elapsed  7 system 1.00 temp  -1.0 hbonds, Rg  24.4 A, potential   296.59
28802 / 50000 elapsed  5 system 0.94 temp  -1.0 hbonds, Rg  23.8 A, potential   268.48
28802 / 50000 elapsed  1 system 0.83 temp  -1.0 hbonds, Rg  29.3 A, potential   230.50
28902 / 50000 elapsed  0 system 0.80 temp  -1.0 hbonds, Rg  25.6 A, potential   209.40
28602 / 50000 elapsed  2 system 0.85 temp  -1.0 hbonds, Rg  22.3 A, potential   240.98
28602 / 50000 elapsed  4 system 0.91 temp  -1.0 hbonds, Rg  34.0 A, potential   279.24
29002 / 50000 elapsed  3 system 0.88 temp  -1.0 hbonds, Rg  22.4 A, potential   255.42
28602 / 50000 elapsed  6 system 0.97 temp  -1.0 hbonds, Rg  21.6 A, potential   256.53
28402 / 50000 elapsed  7 system 1.00 temp  -1.0 hbonds, Rg  23.8 A, potential   268.04
28902 / 50000 elapsed  1 system 0.83 temp  -1.0 hbonds, Rg  29.9 A, potential   230.31
28902 / 50000 elapsed  5 system 0.94 temp  -1.0 hbonds, Rg  24.3 A, potential   259.05
28702 / 50000 elapsed  2 system 0.85 temp  -1.0 hbonds, Rg  22.4 A, potential   231.11
29002 / 50000 elapsed  0 system 0.80 temp  -1.0 hbonds, Rg  26.1 A, potential   226.61
29102 / 50000 elapsed  3 system 0.88 temp  -1.0 hbonds, Rg  22.1 A, potential   293.30
28702 / 50000 elapsed  4 system 0.91 temp  -1.0 hbonds, Rg  35.9 A, potential   244.93
28702 / 50000 elapsed  6 system 0.97 temp  -1.0 hbonds, Rg  25.7 A, potential   272.89
28502 / 50000 elapsed  7 system 1.00 temp  -1.0 hbonds, Rg  26.0 A, potential   326.24
29002 / 50000 elapsed  1 system 0.83 temp  -1.0 hbonds, Rg  27.8 A, potential   246.39
29002 / 50000 elapsed  5 system 0.94 temp  -1.0 hbonds, Rg  23.6 A, potential   271.97
29102 / 50000 elapsed  0 system 0.80 temp  -1.0 hbonds, Rg  27.3 A, potential   212.81
28802 / 50000 elapsed  2 system 0.85 temp  -1.0 hbonds, Rg  22.4 A, potential   211.09
28802 / 50000 elapsed  4 system 0.91 temp  -1.0 hbonds, Rg  37.7 A, potential   260.32
28802 / 50000 elapsed  6 system 0.97 temp  -1.0 hbonds, Rg  24.3 A, potential   310.99
29202 / 50000 elapsed  3 system 0.88 temp  -1.0 hbonds, Rg  21.9 A, potential   240.70
28602 / 50000 elapsed  7 system 1.00 temp  -1.0 hbonds, Rg  24.9 A, potential   300.08
29102 / 50000 elapsed  1 system 0.83 temp  -1.0 hbonds, Rg  27.5 A, potential   213.86
29102 / 50000 elapsed  5 system 0.94 temp  -1.0 hbonds, Rg  25.5 A, potential   279.97
29202 / 50000 elapsed  0 system 0.80 temp  -1.0 hbonds, Rg  27.0 A, potential   202.62
28702 / 50000 elapsed  7 system 1.00 temp  -1.0 hbonds, Rg  24.0 A, potential   315.07
29302 / 50000 elapsed  3 system 0.88 temp  -1.0 hbonds, Rg  21.4 A, potential   214.11
28902 / 50000 elapsed  2 system 0.85 temp  -1.0 hbonds, Rg  22.4 A, potential   235.43
28902 / 50000 elapsed  6 system 0.97 temp  -1.0 hbonds, Rg  26.2 A, potential   256.15
28902 / 50000 elapsed  4 system 0.91 temp  -1.0 hbonds, Rg  38.2 A, potential   249.86
29202 / 50000 elapsed  5 system 0.94 temp  -1.0 hbonds, Rg  26.4 A, potential   266.45
29302 / 50000 elapsed  0 system 0.80 temp  -1.0 hbonds, Rg  28.0 A, potential   183.93
29202 / 50000 elapsed  1 system 0.83 temp  -1.0 hbonds, Rg  28.3 A, potential   217.27
28802 / 50000 elapsed  7 system 1.00 temp  -1.0 hbonds, Rg  25.0 A, potential   296.34
29402 / 50000 elapsed  3 system 0.88 temp  -1.0 hbonds, Rg  21.6 A, potential   276.25
29002 / 50000 elapsed  2 system 0.85 temp  -1.0 hbonds, Rg  22.9 A, potential   219.36
29002 / 50000 elapsed  6 system 0.97 temp  -1.0 hbonds, Rg  23.6 A, potential   251.97
29002 / 50000 elapsed  4 system 0.91 temp  -1.0 hbonds, Rg  35.4 A, potential   250.83
29302 / 50000 elapsed  5 system 0.94 temp  -1.0 hbonds, Rg  26.7 A, potential   266.00
29402 / 50000 elapsed  0 system 0.80 temp  -1.0 hbonds, Rg  29.0 A, potential   186.74
28902 / 50000 elapsed  7 system 1.00 temp  -1.0 hbonds, Rg  26.8 A, potential   292.92
29502 / 50000 elapsed  3 system 0.88 temp  -1.0 hbonds, Rg  22.1 A, potential   239.73
29302 / 50000 elapsed  1 system 0.83 temp  -1.0 hbonds, Rg  27.7 A, potential   227.74
29102 / 50000 elapsed  2 system 0.85 temp  -1.0 hbonds, Rg  19.7 A, potential   225.93
29102 / 50000 elapsed  6 system 0.97 temp  -1.0 hbonds, Rg  23.1 A, potential   267.08
29502 / 50000 elapsed  0 system 0.80 temp  -1.0 hbonds, Rg  29.6 A, potential   222.32
29102 / 50000 elapsed  4 system 0.91 temp  -1.0 hbonds, Rg  35.7 A, potential   283.54
29402 / 50000 elapsed  5 system 0.94 temp  -1.0 hbonds, Rg  29.3 A, potential   286.46
29602 / 50000 elapsed  3 system 0.88 temp  -1.0 hbonds, Rg  21.6 A, potential   247.79
29002 / 50000 elapsed  7 system 1.00 temp  -1.0 hbonds, Rg  28.3 A, potential   316.56
29402 / 50000 elapsed  1 system 0.83 temp  -1.0 hbonds, Rg  27.5 A, potential   244.59
29202 / 50000 elapsed  2 system 0.85 temp  -1.0 hbonds, Rg  19.7 A, potential   200.83
29602 / 50000 elapsed  0 system 0.80 temp  -1.0 hbonds, Rg  27.1 A, potential   224.14
29202 / 50000 elapsed  6 system 0.97 temp  -1.0 hbonds, Rg  23.9 A, potential   254.02
29202 / 50000 elapsed  4 system 0.91 temp  -1.0 hbonds, Rg  34.0 A, potential   258.55
29702 / 50000 elapsed  3 system 0.88 temp  -1.0 hbonds, Rg  23.2 A, potential   254.61
29102 / 50000 elapsed  7 system 1.00 temp  -1.0 hbonds, Rg  26.4 A, potential   276.91
29502 / 50000 elapsed  5 system 0.94 temp  -1.0 hbonds, Rg  30.0 A, potential   287.04
29302 / 50000 elapsed  2 system 0.85 temp  -1.0 hbonds, Rg  19.7 A, potential   238.38
29502 / 50000 elapsed  1 system 0.83 temp  -1.0 hbonds, Rg  26.3 A, potential   228.14
29702 / 50000 elapsed  0 system 0.80 temp  -1.0 hbonds, Rg  28.3 A, potential   187.46
29302 / 50000 elapsed  6 system 0.97 temp  -1.0 hbonds, Rg  23.5 A, potential   269.36
29302 / 50000 elapsed  4 system 0.91 temp  -1.0 hbonds, Rg  34.4 A, potential   250.59
29802 / 50000 elapsed  3 system 0.88 temp  -1.0 hbonds, Rg  21.6 A, potential   233.23
29202 / 50000 elapsed  7 system 1.00 temp  -1.0 hbonds, Rg  27.6 A, potential   279.72
29602 / 50000 elapsed  5 system 0.94 temp  -1.0 hbonds, Rg  30.7 A, potential   263.65
29402 / 50000 elapsed  2 system 0.85 temp  -1.0 hbonds, Rg  19.3 A, potential   253.94
29802 / 50000 elapsed  0 system 0.80 temp  -1.0 hbonds, Rg  29.3 A, potential   208.64
29602 / 50000 elapsed  1 system 0.83 temp  -1.0 hbonds, Rg  26.6 A, potential   212.54
29402 / 50000 elapsed  6 system 0.97 temp  -1.0 hbonds, Rg  27.1 A, potential   263.85
29402 / 50000 elapsed  4 system 0.91 temp  -1.0 hbonds, Rg  32.8 A, potential   270.09
29902 / 50000 elapsed  3 system 0.88 temp  -1.0 hbonds, Rg  21.9 A, potential   249.00
29702 / 50000 elapsed  5 system 0.94 temp  -1.0 hbonds, Rg  28.2 A, potential   250.11
29502 / 50000 elapsed  2 system 0.85 temp  -1.0 hbonds, Rg  20.6 A, potential   274.45
29302 / 50000 elapsed  7 system 1.00 temp  -1.0 hbonds, Rg  26.0 A, potential   251.06
29502 / 50000 elapsed  6 system 0.97 temp  -1.0 hbonds, Rg  27.0 A, potential   261.80
29902 / 50000 elapsed  0 system 0.80 temp  -1.0 hbonds, Rg  27.7 A, potential   199.71
29702 / 50000 elapsed  1 system 0.83 temp  -1.0 hbonds, Rg  27.2 A, potential   219.15
29502 / 50000 elapsed  4 system 0.91 temp  -1.0 hbonds, Rg  31.2 A, potential   247.36
30002 / 50000 elapsed  3 system 0.88 temp  -1.0 hbonds, Rg  24.6 A, potential   229.15
29802 / 50000 elapsed  5 system 0.94 temp  -1.0 hbonds, Rg  26.4 A, potential   262.24
29602 / 50000 elapsed  6 system 0.97 temp  -1.0 hbonds, Rg  27.1 A, potential   284.14
29602 / 50000 elapsed  2 system 0.85 temp  -1.0 hbonds, Rg  22.5 A, potential   253.18
29602 / 50000 elapsed  4 system 0.91 temp  -1.0 hbonds, Rg  31.1 A, potential   245.35
30002 / 50000 elapsed  0 system 0.80 temp  -1.0 hbonds, Rg  28.1 A, potential   237.06
29402 / 50000 elapsed  7 system 1.00 temp  -1.0 hbonds, Rg  25.7 A, potential   311.00
29802 / 50000 elapsed  1 system 0.83 temp  -1.0 hbonds, Rg  28.9 A, potential   222.38
30102 / 50000 elapsed  3 system 0.88 temp  -1.0 hbonds, Rg  24.4 A, potential   247.45
29902 / 50000 elapsed  5 system 0.94 temp  -1.0 hbonds, Rg  24.4 A, potential   277.58
29702 / 50000 elapsed  6 system 0.97 temp  -1.0 hbonds, Rg  27.7 A, potential   292.64
29902 / 50000 elapsed  1 system 0.83 temp  -1.0 hbonds, Rg  27.6 A, potential   203.20
30102 / 50000 elapsed  0 system 0.80 temp  -1.0 hbonds, Rg  28.6 A, potential   235.19
29502 / 50000 elapsed  7 system 1.00 temp  -1.0 hbonds, Rg  26.4 A, potential   299.96
29702 / 50000 elapsed  4 system 0.91 temp  -1.0 hbonds, Rg  32.8 A, potential   269.90
29702 / 50000 elapsed  2 system 0.85 temp  -1.0 hbonds, Rg  25.2 A, potential   230.54
30202 / 50000 elapsed  3 system 0.88 temp  -1.0 hbonds, Rg  26.3 A, potential   225.55
30002 / 50000 elapsed  5 system 0.94 temp  -1.0 hbonds, Rg  21.5 A, potential   261.31
29802 / 50000 elapsed  6 system 0.97 temp  -1.0 hbonds, Rg  28.6 A, potential   271.82
29602 / 50000 elapsed  7 system 1.00 temp  -1.0 hbonds, Rg  27.5 A, potential   278.93
30002 / 50000 elapsed  1 system 0.83 temp  -1.0 hbonds, Rg  29.6 A, potential   196.31
30202 / 50000 elapsed  0 system 0.80 temp  -1.0 hbonds, Rg  27.9 A, potential   206.28
29802 / 50000 elapsed  4 system 0.91 temp  -1.0 hbonds, Rg  31.9 A, potential   287.00
29802 / 50000 elapsed  2 system 0.85 temp  -1.0 hbonds, Rg  26.8 A, potential   228.07
30302 / 50000 elapsed  3 system 0.88 temp  -1.0 hbonds, Rg  27.3 A, potential   253.18
30102 / 50000 elapsed  5 system 0.94 temp  -1.0 hbonds, Rg  22.6 A, potential   253.54
29902 / 50000 elapsed  6 system 0.97 temp  -1.0 hbonds, Rg  25.7 A, potential   257.86
29702 / 50000 elapsed  7 system 1.00 temp  -1.0 hbonds, Rg  28.6 A, potential   275.47
30302 / 50000 elapsed  0 system 0.80 temp  -1.0 hbonds, Rg  24.4 A, potential   245.09
30102 / 50000 elapsed  1 system 0.83 temp  -1.0 hbonds, Rg  29.1 A, potential   221.03
29902 / 50000 elapsed  4 system 0.91 temp  -1.0 hbonds, Rg  31.9 A, potential   265.52
29902 / 50000 elapsed  2 system 0.85 temp  -1.0 hbonds, Rg  27.9 A, potential   220.44
30402 / 50000 elapsed  3 system 0.88 temp  -1.0 hbonds, Rg  29.2 A, potential   199.86
30202 / 50000 elapsed  5 system 0.94 temp  -1.0 hbonds, Rg  23.7 A, potential   269.21
30002 / 50000 elapsed  6 system 0.97 temp  -1.0 hbonds, Rg  28.0 A, potential   281.34
29802 / 50000 elapsed  7 system 1.00 temp  -1.0 hbonds, Rg  29.9 A, potential   278.76
30402 / 50000 elapsed  0 system 0.80 temp  -1.0 hbonds, Rg  24.3 A, potential   189.66
30202 / 50000 elapsed  1 system 0.83 temp  -1.0 hbonds, Rg  32.2 A, potential   246.22
30002 / 50000 elapsed  4 system 0.91 temp  -1.0 hbonds, Rg  29.7 A, potential   240.45
30302 / 50000 elapsed  5 system 0.94 temp  -1.0 hbonds, Rg  22.2 A, potential   239.55
30002 / 50000 elapsed  2 system 0.85 temp  -1.0 hbonds, Rg  27.9 A, potential   234.53
30502 / 50000 elapsed  3 system 0.88 temp  -1.0 hbonds, Rg  26.5 A, potential   234.40
30102 / 50000 elapsed  6 system 0.97 temp  -1.0 hbonds, Rg  25.3 A, potential   217.28
29902 / 50000 elapsed  7 system 1.00 temp  -1.0 hbonds, Rg  30.1 A, potential   282.76
30302 / 50000 elapsed  1 system 0.83 temp  -1.0 hbonds, Rg  33.9 A, potential   219.83
30102 / 50000 elapsed  4 system 0.91 temp  -1.0 hbonds, Rg  27.6 A, potential   210.13
30402 / 50000 elapsed  5 system 0.94 temp  -1.0 hbonds, Rg  22.1 A, potential   241.21
30502 / 50000 elapsed  0 system 0.80 temp  -1.0 hbonds, Rg  22.4 A, potential   212.00
30602 / 50000 elapsed  3 system 0.88 temp  -1.0 hbonds, Rg  23.6 A, potential   258.34
30102 / 50000 elapsed  2 system 0.85 temp  -1.0 hbonds, Rg  27.5 A, potential   236.76
30002 / 50000 elapsed  7 system 1.00 temp  -1.0 hbonds, Rg  31.2 A, potential   284.34
30202 / 50000 elapsed  6 system 0.97 temp  -1.0 hbonds, Rg  29.7 A, potential   298.48
30202 / 50000 elapsed  4 system 0.91 temp  -1.0 hbonds, Rg  28.7 A, potential   221.93
30502 / 50000 elapsed  5 system 0.94 temp  -1.0 hbonds, Rg  22.9 A, potential   244.80
30402 / 50000 elapsed  1 system 0.83 temp  -1.0 hbonds, Rg  36.9 A, potential   220.90
30702 / 50000 elapsed  3 system 0.88 temp  -1.0 hbonds, Rg  24.0 A, potential   250.63
30602 / 50000 elapsed  0 system 0.80 temp  -1.0 hbonds, Rg  23.0 A, potential   213.90
30202 / 50000 elapsed  2 system 0.85 temp  -1.0 hbonds, Rg  27.9 A, potential   213.65
30302 / 50000 elapsed  4 system 0.91 temp  -1.0 hbonds, Rg  28.6 A, potential   242.24
30102 / 50000 elapsed  7 system 1.00 temp  -1.0 hbonds, Rg  29.2 A, potential   298.42
30602 / 50000 elapsed  5 system 0.94 temp  -1.0 hbonds, Rg  25.2 A, potential   284.10
30302 / 50000 elapsed  6 system 0.97 temp  -1.0 hbonds, Rg  33.5 A, potential   305.93
30502 / 50000 elapsed  1 system 0.83 temp  -1.0 hbonds, Rg  35.9 A, potential   233.60
30802 / 50000 elapsed  3 system 0.88 temp  -1.0 hbonds, Rg  24.1 A, potential   244.81
30702 / 50000 elapsed  0 system 0.80 temp  -1.0 hbonds, Rg  22.7 A, potential   189.62
30302 / 50000 elapsed  2 system 0.85 temp  -1.0 hbonds, Rg  26.8 A, potential   267.72
30402 / 50000 elapsed  4 system 0.91 temp  -1.0 hbonds, Rg  28.4 A, potential   275.24
30202 / 50000 elapsed  7 system 1.00 temp  -1.0 hbonds, Rg  28.1 A, potential   296.03
30602 / 50000 elapsed  1 system 0.83 temp  -1.0 hbonds, Rg  35.8 A, potential   236.00
30702 / 50000 elapsed  5 system 0.94 temp  -1.0 hbonds, Rg  27.1 A, potential   260.86
30402 / 50000 elapsed  6 system 0.97 temp  -1.0 hbonds, Rg  32.4 A, potential   286.03
30402 / 50000 elapsed  2 system 0.85 temp  -1.0 hbonds, Rg  27.8 A, potential   238.84
30902 / 50000 elapsed  3 system 0.88 temp  -1.0 hbonds, Rg  25.5 A, potential   249.88
30802 / 50000 elapsed  0 system 0.80 temp  -1.0 hbonds, Rg  23.8 A, potential   225.49
30502 / 50000 elapsed  4 system 0.91 temp  -1.0 hbonds, Rg  28.2 A, potential   265.44
30302 / 50000 elapsed  7 system 1.00 temp  -1.0 hbonds, Rg  28.7 A, potential   281.80
30702 / 50000 elapsed  1 system 0.83 temp  -1.0 hbonds, Rg  33.8 A, potential   206.24
30802 / 50000 elapsed  5 system 0.94 temp  -1.0 hbonds, Rg  24.3 A, potential   223.73
30502 / 50000 elapsed  6 system 0.97 temp  -1.0 hbonds, Rg  35.3 A, potential   282.22
30502 / 50000 elapsed  2 system 0.85 temp  -1.0 hbonds, Rg  30.9 A, potential   220.77
31002 / 50000 elapsed  3 system 0.88 temp  -1.0 hbonds, Rg  24.1 A, potential   262.94
30902 / 50000 elapsed  0 system 0.80 temp  -1.0 hbonds, Rg  24.2 A, potential   196.44
30602 / 50000 elapsed  4 system 0.91 temp  -1.0 hbonds, Rg  28.3 A, potential   257.55
30802 / 50000 elapsed  1 system 0.83 temp  -1.0 hbonds, Rg  34.0 A, potential   210.08
30402 / 50000 elapsed  7 system 1.00 temp  -1.0 hbonds, Rg  26.4 A, potential   269.15
30902 / 50000 elapsed  5 system 0.94 temp  -1.0 hbonds, Rg  26.5 A, potential   258.27
30602 / 50000 elapsed  2 system 0.85 temp  -1.0 hbonds, Rg  29.9 A, potential   248.54
30602 / 50000 elapsed  6 system 0.97 temp  -1.0 hbonds, Rg  32.3 A, potential   275.24
30502 / 50000 elapsed  7 system 1.00 temp  -1.0 hbonds, Rg  28.0 A, potential   246.89
30902 / 50000 elapsed  1 system 0.83 temp  -1.0 hbonds, Rg  35.5 A, potential   237.96
31102 / 50000 elapsed  3 system 0.88 temp  -1.0 hbonds, Rg  23.9 A, potential   217.13
31002 / 50000 elapsed  0 system 0.80 temp  -1.0 hbonds, Rg  24.1 A, potential   237.53
31002 / 50000 elapsed  5 system 0.94 temp  -1.0 hbonds, Rg  27.9 A, potential   263.48
30702 / 50000 elapsed  4 system 0.91 temp  -1.0 hbonds, Rg  29.1 A, potential   257.40
30702 / 50000 elapsed  2 system 0.85 temp  -1.0 hbonds, Rg  28.8 A, potential   225.59
30702 / 50000 elapsed  6 system 0.97 temp  -1.0 hbonds, Rg  32.0 A, potential   292.61
30602 / 50000 elapsed  7 system 1.00 temp  -1.0 hbonds, Rg  27.5 A, potential   314.26
31002 / 50000 elapsed  1 system 0.83 temp  -1.0 hbonds, Rg  34.9 A, potential   209.98
31102 / 50000 elapsed  5 system 0.94 temp  -1.0 hbonds, Rg  29.5 A, potential   288.99
30802 / 50000 elapsed  2 system 0.85 temp  -1.0 hbonds, Rg  30.2 A, potential   226.58
31202 / 50000 elapsed  3 system 0.88 temp  -1.0 hbonds, Rg  27.4 A, potential   259.75
31102 / 50000 elapsed  0 system 0.80 temp  -1.0 hbonds, Rg  22.9 A, potential   218.59
30802 / 50000 elapsed  4 system 0.91 temp  -1.0 hbonds, Rg  26.4 A, potential   252.11
30802 / 50000 elapsed  6 system 0.97 temp  -1.0 hbonds, Rg  31.5 A, potential   293.00
30702 / 50000 elapsed  7 system 1.00 temp  -1.0 hbonds, Rg  27.2 A, potential   290.58
31102 / 50000 elapsed  1 system 0.83 temp  -1.0 hbonds, Rg  30.9 A, potential   203.83
31202 / 50000 elapsed  5 system 0.94 temp  -1.0 hbonds, Rg  30.5 A, potential   257.51
30902 / 50000 elapsed  2 system 0.85 temp  -1.0 hbonds, Rg  29.5 A, potential   259.35
30902 / 50000 elapsed  4 system 0.91 temp  -1.0 hbonds, Rg  23.9 A, potential   249.07
31303 / 50000 elapsed  3 system 0.88 temp  -1.0 hbonds, Rg  29.0 A, potential   246.74
31202 / 50000 elapsed  0 system 0.80 temp  -1.0 hbonds, Rg  24.3 A, potential   208.15
31202 / 50000 elapsed  1 system 0.83 temp  -1.0 hbonds, Rg  29.0 A, potential   231.31
30902 / 50000 elapsed  6 system 0.97 temp  -1.0 hbonds, Rg  28.8 A, potential   300.87
30802 / 50000 elapsed  7 system 1.00 temp  -1.0 hbonds, Rg  27.4 A, potential   262.16
31303 / 50000 elapsed  5 system 0.94 temp  -1.0 hbonds, Rg  32.2 A, potential   260.79
31002 / 50000 elapsed  2 system 0.85 temp  -1.0 hbonds, Rg  28.9 A, potential   220.26
31002 / 50000 elapsed  4 system 0.91 temp  -1.0 hbonds, Rg  22.6 A, potential   233.66
31303 / 50000 elapsed  0 system 0.80 temp  -1.0 hbonds, Rg  24.1 A, potential   210.40
31403 / 50000 elapsed  3 system 0.88 temp  -1.0 hbonds, Rg  28.2 A, potential   231.56
31303 / 50000 elapsed  1 system 0.83 temp  -1.0 hbonds, Rg  26.8 A, potential   217.83
31002 / 50000 elapsed  6 system 0.97 temp  -1.0 hbonds, Rg  26.5 A, potential   287.43
31403 / 50000 elapsed  5 system 0.94 temp  -1.0 hbonds, Rg  34.1 A, potential   272.98
30902 / 50000 elapsed  7 system 1.00 temp  -1.0 hbonds, Rg  28.0 A, potential   274.59
31102 / 50000 elapsed  2 system 0.85 temp  -1.0 hbonds, Rg  27.8 A, potential   218.71
31102 / 50000 elapsed  4 system 0.91 temp  -1.0 hbonds, Rg  24.5 A, potential   250.37
31403 / 50000 elapsed  1 system 0.83 temp  -1.0 hbonds, Rg  27.1 A, potential   222.02
31403 / 50000 elapsed  0 system 0.80 temp  -1.0 hbonds, Rg  23.0 A, potential   204.53
31503 / 50000 elapsed  3 system 0.88 temp  -1.0 hbonds, Rg  28.8 A, potential   258.18
31503 / 50000 elapsed  5 system 0.94 temp  -1.0 hbonds, Rg  35.4 A, potential   283.14
31102 / 50000 elapsed  6 system 0.97 temp  -1.0 hbonds, Rg  27.8 A, potential   271.64
31002 / 50000 elapsed  7 system 1.00 temp  -1.0 hbonds, Rg  26.1 A, potential   299.18
31202 / 50000 elapsed  2 system 0.85 temp  -1.0 hbonds, Rg  28.9 A, potential   240.35
31202 / 50000 elapsed  4 system 0.91 temp  -1.0 hbonds, Rg  23.3 A, potential   268.90
31503 / 50000 elapsed  1 system 0.83 temp  -1.0 hbonds, Rg  28.7 A, potential   223.70
31603 / 50000 elapsed  3 system 0.88 temp  -1.0 hbonds, Rg  26.9 A, potential   238.11
31603 / 50000 elapsed  5 system 0.94 temp  -1.0 hbonds, Rg  34.4 A, potential   262.46
31503 / 50000 elapsed  0 system 0.80 temp  -1.0 hbonds, Rg  22.9 A, potential   183.37
31202 / 50000 elapsed  6 system 0.97 temp  -1.0 hbonds, Rg  29.7 A, potential   275.26
31102 / 50000 elapsed  7 system 1.00 temp  -1.0 hbonds, Rg  25.8 A, potential   259.58
31303 / 50000 elapsed  2 system 0.85 temp  -1.0 hbonds, Rg  27.9 A, potential   233.20
31603 / 50000 elapsed  1 system 0.83 temp  -1.0 hbonds, Rg  29.7 A, potential   212.07
31303 / 50000 elapsed  4 system 0.91 temp  -1.0 hbonds, Rg  22.0 A, potential   249.44
31603 / 50000 elapsed  0 system 0.80 temp  -1.0 hbonds, Rg  20.5 A, potential   213.97
31703 / 50000 elapsed  3 system 0.88 temp  -1.0 hbonds, Rg  26.5 A, potential   258.64
31303 / 50000 elapsed  6 system 0.97 temp  -1.0 hbonds, Rg  29.9 A, potential   237.76
31703 / 50000 elapsed  5 system 0.94 temp  -1.0 hbonds, Rg  36.5 A, potential   265.46
31202 / 50000 elapsed  7 system 1.00 temp  -1.0 hbonds, Rg  25.6 A, potential   293.20
31403 / 50000 elapsed  2 system 0.85 temp  -1.0 hbonds, Rg  26.6 A, potential   220.19
31803 / 50000 elapsed  5 system 0.94 temp  -1.0 hbonds, Rg  36.8 A, potential   271.42
31703 / 50000 elapsed  0 system 0.80 temp  -1.0 hbonds, Rg  19.4 A, potential   210.15
31703 / 50000 elapsed  1 system 0.83 temp  -1.0 hbonds, Rg  32.1 A, potential   224.03
31403 / 50000 elapsed  6 system 0.97 temp  -1.0 hbonds, Rg  28.2 A, potential   288.96
31403 / 50000 elapsed  4 system 0.91 temp  -1.0 hbonds, Rg  21.2 A, potential   260.71
31803 / 50000 elapsed  3 system 0.88 temp  -1.0 hbonds, Rg  26.2 A, potential   245.98
31503 / 50000 elapsed  2 system 0.85 temp  -1.0 hbonds, Rg  25.2 A, potential   236.04
31303 / 50000 elapsed  7 system 1.00 temp  -1.0 hbonds, Rg  24.9 A, potential   325.56
31903 / 50000 elapsed  5 system 0.94 temp  -1.0 hbonds, Rg  35.0 A, potential   283.42
31803 / 50000 elapsed  0 system 0.80 temp  -1.0 hbonds, Rg  23.4 A, potential   215.18
31903 / 50000 elapsed  3 system 0.88 temp  -1.0 hbonds, Rg  25.6 A, potential   230.13
31503 / 50000 elapsed  6 system 0.97 temp  -1.0 hbonds, Rg  27.0 A, potential   285.87
31803 / 50000 elapsed  1 system 0.83 temp  -1.0 hbonds, Rg  36.7 A, potential   225.82
31503 / 50000 elapsed  4 system 0.91 temp  -1.0 hbonds, Rg  21.9 A, potential   245.12
31603 / 50000 elapsed  2 system 0.85 temp  -1.0 hbonds, Rg  25.3 A, potential   261.74
31403 / 50000 elapsed  7 system 1.00 temp  -1.0 hbonds, Rg  20.6 A, potential   250.88
32003 / 50000 elapsed  5 system 0.94 temp  -1.0 hbonds, Rg  35.7 A, potential   259.17
31603 / 50000 elapsed  6 system 0.97 temp  -1.0 hbonds, Rg  28.5 A, potential   296.24
32003 / 50000 elapsed  3 system 0.88 temp  -1.0 hbonds, Rg  22.5 A, potential   222.46
31603 / 50000 elapsed  4 system 0.91 temp  -1.0 hbonds, Rg  21.5 A, potential   251.24
31903 / 50000 elapsed  0 system 0.80 temp  -1.0 hbonds, Rg  22.5 A, potential   195.79
31903 / 50000 elapsed  1 system 0.83 temp  -1.0 hbonds, Rg  34.8 A, potential   227.06
31703 / 50000 elapsed  2 system 0.85 temp  -1.0 hbonds, Rg  25.2 A, potential   221.28
31503 / 50000 elapsed  7 system 1.00 temp  -1.0 hbonds, Rg  20.8 A, potential   309.09
31703 / 50000 elapsed  6 system 0.97 temp  -1.0 hbonds, Rg  27.7 A, potential   300.23
32103 / 50000 elapsed  5 system 0.94 temp  -1.0 hbonds, Rg  32.6 A, potential   290.90
32103 / 50000 elapsed  3 system 0.88 temp  -1.0 hbonds, Rg  24.1 A, potential   243.02
32003 / 50000 elapsed  1 system 0.83 temp  -1.0 hbonds, Rg  34.1 A, potential   230.48
31703 / 50000 elapsed  4 system 0.91 temp  -1.0 hbonds, Rg  23.0 A, potential   235.52
32003 / 50000 elapsed  0 system 0.80 temp  -1.0 hbonds, Rg  23.7 A, potential   211.84
31803 / 50000 elapsed  2 system 0.85 temp  -1.0 hbonds, Rg  29.2 A, potential   262.34
31603 / 50000 elapsed  7 system 1.00 temp  -1.0 hbonds, Rg  20.6 A, potential   282.67
31803 / 50000 elapsed  6 system 0.97 temp  -1.0 hbonds, Rg  27.7 A, potential   260.56
32203 / 50000 elapsed  3 system 0.88 temp  -1.0 hbonds, Rg  24.2 A, potential   252.89
32103 / 50000 elapsed  1 system 0.83 temp  -1.0 hbonds, Rg  37.3 A, potential   237.99
32203 / 50000 elapsed  5 system 0.94 temp  -1.0 hbonds, Rg  35.2 A, potential   262.94
32103 / 50000 elapsed  0 system 0.80 temp  -1.0 hbonds, Rg  24.0 A, potential   176.11
31803 / 50000 elapsed  4 system 0.91 temp  -1.0 hbonds, Rg  21.0 A, potential   258.58
31903 / 50000 elapsed  2 system 0.85 temp  -1.0 hbonds, Rg  29.2 A, potential   211.54
31903 / 50000 elapsed  6 system 0.97 temp  -1.0 hbonds, Rg  27.7 A, potential   283.49
31703 / 50000 elapsed  7 system 1.00 temp  -1.0 hbonds, Rg  23.3 A, potential   309.89
32203 / 50000 elapsed  1 system 0.83 temp  -1.0 hbonds, Rg  38.5 A, potential   229.33
32303 / 50000 elapsed  3 system 0.88 temp  -1.0 hbonds, Rg  24.5 A, potential   240.99
32303 / 50000 elapsed  5 system 0.94 temp  -1.0 hbonds, Rg  30.7 A, potential   293.63
32203 / 50000 elapsed  0 system 0.80 temp  -1.0 hbonds, Rg  25.2 A, potential   215.14
31903 / 50000 elapsed  4 system 0.91 temp  -1.0 hbonds, Rg  20.5 A, potential   255.51
32003 / 50000 elapsed  6 system 0.97 temp  -1.0 hbonds, Rg  29.1 A, potential   265.65
32003 / 50000 elapsed  2 system 0.85 temp  -1.0 hbonds, Rg  30.2 A, potential   198.13
31803 / 50000 elapsed  7 system 1.00 temp  -1.0 hbonds, Rg  23.6 A, potential   299.66
32303 / 50000 elapsed  1 system 0.83 temp  -1.0 hbonds, Rg  37.8 A, potential   232.12
32303 / 50000 elapsed  0 system 0.80 temp  -1.0 hbonds, Rg  26.1 A, potential   221.53
32403 / 50000 elapsed  5 system 0.94 temp  -1.0 hbonds, Rg  29.8 A, potential   236.02
32403 / 50000 elapsed  3 system 0.88 temp  -1.0 hbonds, Rg  24.6 A, potential   224.33
32003 / 50000 elapsed  4 system 0.91 temp  -1.0 hbonds, Rg  23.0 A, potential   251.09
32103 / 50000 elapsed  6 system 0.97 temp  -1.0 hbonds, Rg  26.3 A, potential   310.11
31903 / 50000 elapsed  7 system 1.00 temp  -1.0 hbonds, Rg  24.6 A, potential   276.39
32403 / 50000 elapsed  0 system 0.80 temp  -1.0 hbonds, Rg  25.5 A, potential   205.69
32103 / 50000 elapsed  2 system 0.85 temp  -1.0 hbonds, Rg  30.4 A, potential   253.25
32403 / 50000 elapsed  1 system 0.83 temp  -1.0 hbonds, Rg  38.2 A, potential   254.13
32503 / 50000 elapsed  5 system 0.94 temp  -1.0 hbonds, Rg  28.6 A, potential   249.96
32103 / 50000 elapsed  4 system 0.91 temp  -1.0 hbonds, Rg  22.8 A, potential   285.05
32503 / 50000 elapsed  3 system 0.88 temp  -1.0 hbonds, Rg  24.7 A, potential   252.64
32203 / 50000 elapsed  6 system 0.97 temp  -1.0 hbonds, Rg  23.4 A, potential   293.65
32203 / 50000 elapsed  2 system 0.85 temp  -1.0 hbonds, Rg  29.8 A, potential   208.75
32503 / 50000 elapsed  1 system 0.83 temp  -1.0 hbonds, Rg  40.1 A, potential   245.98
32003 / 50000 elapsed  7 system 1.00 temp  -1.0 hbonds, Rg  25.6 A, potential   321.22
32603 / 50000 elapsed  5 system 0.94 temp  -1.0 hbonds, Rg  28.2 A, potential   265.98
32503 / 50000 elapsed  0 system 0.80 temp  -1.0 hbonds, Rg  27.4 A, potential   208.35
32203 / 50000 elapsed  4 system 0.91 temp  -1.0 hbonds, Rg  23.6 A, potential   276.29
32303 / 50000 elapsed  6 system 0.97 temp  -1.0 hbonds, Rg  26.3 A, potential   298.73
32603 / 50000 elapsed  3 system 0.88 temp  -1.0 hbonds, Rg  22.7 A, potential   229.66
32303 / 50000 elapsed  2 system 0.85 temp  -1.0 hbonds, Rg  28.0 A, potential   203.41
32703 / 50000 elapsed  5 system 0.94 temp  -1.0 hbonds, Rg  27.2 A, potential   277.06
32603 / 50000 elapsed  1 system 0.83 temp  -1.0 hbonds, Rg  41.4 A, potential   204.18
32603 / 50000 elapsed  0 system 0.80 temp  -1.0 hbonds, Rg  29.6 A, potential   211.58
32103 / 50000 elapsed  7 system 1.00 temp  -1.0 hbonds, Rg  31.0 A, potential   304.89
32303 / 50000 elapsed  4 system 0.91 temp  -1.0 hbonds, Rg  26.0 A, potential   252.70
32403 / 50000 elapsed  6 system 0.97 temp  -1.0 hbonds, Rg  24.5 A, potential   279.79
32703 / 50000 elapsed  3 system 0.88 temp  -1.0 hbonds, Rg  25.6 A, potential   217.61
32403 / 50000 elapsed  2 system 0.85 temp  -1.0 hbonds, Rg  28.1 A, potential   216.90
32803 / 50000 elapsed  5 system 0.94 temp  -1.0 hbonds, Rg  28.5 A, potential   268.16
32203 / 50000 elapsed  7 system 1.00 temp  -1.0 hbonds, Rg  31.4 A, potential   296.71
32703 / 50000 elapsed  0 system 0.80 temp  -1.0 hbonds, Rg  28.5 A, potential   203.33
32703 / 50000 elapsed  1 system 0.83 temp  -1.0 hbonds, Rg  40.7 A, potential   197.33
32403 / 50000 elapsed  4 system 0.91 temp  -1.0 hbonds, Rg  27.3 A, potential   250.58
32503 / 50000 elapsed  6 system 0.97 temp  -1.0 hbonds, Rg  24.7 A, potential   306.36
32503 / 50000 elapsed  2 system 0.85 temp  -1.0 hbonds, Rg  23.9 A, potential   252.18
32803 / 50000 elapsed  3 system 0.88 temp  -1.0 hbonds, Rg  27.5 A, potential   235.00
32903 / 50000 elapsed  5 system 0.94 temp  -1.0 hbonds, Rg  28.4 A, potential   283.67
32303 / 50000 elapsed  7 system 1.00 temp  -1.0 hbonds, Rg  27.8 A, potential   293.10
32803 / 50000 elapsed  0 system 0.80 temp  -1.0 hbonds, Rg  29.2 A, potential   200.71
32803 / 50000 elapsed  1 system 0.83 temp  -1.0 hbonds, Rg  41.2 A, potential   209.63
32503 / 50000 elapsed  4 system 0.91 temp  -1.0 hbonds, Rg  26.1 A, potential   267.34
32603 / 50000 elapsed  6 system 0.97 temp  -1.0 hbonds, Rg  24.5 A, potential   269.96
32603 / 50000 elapsed  2 system 0.85 temp  -1.0 hbonds, Rg  24.3 A, potential   215.76
33003 / 50000 elapsed  5 system 0.94 temp  -1.0 hbonds, Rg  30.0 A, potential   249.03
32903 / 50000 elapsed  3 system 0.88 temp  -1.0 hbonds, Rg  27.7 A, potential   266.25
32403 / 50000 elapsed  7 system 1.00 temp  -1.0 hbonds, Rg  25.3 A, potential   301.41
32903 / 50000 elapsed  0 system 0.80 temp  -1.0 hbonds, Rg  29.2 A, potential   212.46
32703 / 50000 elapsed  6 system 0.97 temp  -1.0 hbonds, Rg  23.6 A, potential   260.62
32903 / 50000 elapsed  1 system 0.83 temp  -1.0 hbonds, Rg  43.5 A, potential   241.73
32603 / 50000 elapsed  4 system 0.91 temp  -1.0 hbonds, Rg  27.5 A, potential   268.25
32703 / 50000 elapsed  2 system 0.85 temp  -1.0 hbonds, Rg  28.6 A, potential   209.85
33103 / 50000 elapsed  5 system 0.94 temp  -1.0 hbonds, Rg  27.7 A, potential   258.58
33003 / 50000 elapsed  3 system 0.88 temp  -1.0 hbonds, Rg  27.0 A, potential   229.27
32503 / 50000 elapsed  7 system 1.00 temp  -1.0 hbonds, Rg  26.7 A, potential   264.25
32803 / 50000 elapsed  6 system 0.97 temp  -1.0 hbonds, Rg  22.9 A, potential   295.78
33003 / 50000 elapsed  0 system 0.80 temp  -1.0 hbonds, Rg  29.9 A, potential   216.29
32703 / 50000 elapsed  4 system 0.91 temp  -1.0 hbonds, Rg  26.5 A, potential   244.06
33003 / 50000 elapsed  1 system 0.83 temp  -1.0 hbonds, Rg  41.2 A, potential   215.88
32803 / 50000 elapsed  2 system 0.85 temp  -1.0 hbonds, Rg  30.9 A, potential   210.22
33203 / 50000 elapsed  5 system 0.94 temp  -1.0 hbonds, Rg  28.3 A, potential   292.12
32603 / 50000 elapsed  7 system 1.00 temp  -1.0 hbonds, Rg  28.9 A, potential   277.45
33103 / 50000 elapsed  3 system 0.88 temp  -1.0 hbonds, Rg  26.7 A, potential   249.14
32803 / 50000 elapsed  4 system 0.91 temp  -1.0 hbonds, Rg  26.0 A, potential   247.84
33103 / 50000 elapsed  1 system 0.83 temp  -1.0 hbonds, Rg  42.7 A, potential   224.81
32903 / 50000 elapsed  6 system 0.97 temp  -1.0 hbonds, Rg  23.5 A, potential   272.87
32903 / 50000 elapsed  2 system 0.85 temp  -1.0 hbonds, Rg  29.9 A, potential   231.67
33103 / 50000 elapsed  0 system 0.80 temp  -1.0 hbonds, Rg  28.1 A, potential   213.91
33303 / 50000 elapsed  5 system 0.94 temp  -1.0 hbonds, Rg  29.8 A, potential   265.25
33203 / 50000 elapsed  3 system 0.88 temp  -1.0 hbonds, Rg  27.4 A, potential   252.10
32703 / 50000 elapsed  7 system 1.00 temp  -1.0 hbonds, Rg  26.5 A, potential   263.00
33203 / 50000 elapsed  1 system 0.83 temp  -1.0 hbonds, Rg  42.1 A, potential   186.93
33003 / 50000 elapsed  2 system 0.85 temp  -1.0 hbonds, Rg  29.9 A, potential   230.68
32903 / 50000 elapsed  4 system 0.91 temp  -1.0 hbonds, Rg  26.0 A, potential   227.94
33203 / 50000 elapsed  0 system 0.80 temp  -1.0 hbonds, Rg  27.6 A, potential   213.20
33303 / 50000 elapsed  3 system 0.88 temp  -1.0 hbonds, Rg  27.1 A, potential   242.05
33003 / 50000 elapsed  6 system 0.97 temp  -1.0 hbonds, Rg  23.4 A, potential   298.51
33403 / 50000 elapsed  5 system 0.94 temp  -1.0 hbonds, Rg  29.2 A, potential   291.10
32803 / 50000 elapsed  7 system 1.00 temp  -1.0 hbonds, Rg  29.4 A, potential   281.87
33103 / 50000 elapsed  2 system 0.85 temp  -1.0 hbonds, Rg  28.0 A, potential   228.99
33303 / 50000 elapsed  1 system 0.83 temp  -1.0 hbonds, Rg  39.6 A, potential   229.58
33003 / 50000 elapsed  4 system 0.91 temp  -1.0 hbonds, Rg  24.7 A, potential   251.73
33403 / 50000 elapsed  3 system 0.88 temp  -1.0 hbonds, Rg  27.5 A, potential   243.85
33303 / 50000 elapsed  0 system 0.80 temp  -1.0 hbonds, Rg  27.4 A, potential   213.35
33103 / 50000 elapsed  6 system 0.97 temp  -1.0 hbonds, Rg  25.1 A, potential   274.65
33503 / 50000 elapsed  5 system 0.94 temp  -1.0 hbonds, Rg  29.6 A, potential   293.73
32903 / 50000 elapsed  7 system 1.00 temp  -1.0 hbonds, Rg  27.1 A, potential   294.45
33203 / 50000 elapsed  2 system 0.85 temp  -1.0 hbonds, Rg  27.4 A, potential   235.13
33403 / 50000 elapsed  1 system 0.83 temp  -1.0 hbonds, Rg  40.2 A, potential   240.67
33103 / 50000 elapsed  4 system 0.91 temp  -1.0 hbonds, Rg  26.5 A, potential   282.61
33503 / 50000 elapsed  3 system 0.88 temp  -1.0 hbonds, Rg  27.2 A, potential   228.90
33203 / 50000 elapsed  6 system 0.97 temp  -1.0 hbonds, Rg  26.2 A, potential   307.06
33403 / 50000 elapsed  0 system 0.80 temp  -1.0 hbonds, Rg  28.6 A, potential   239.06
33603 / 50000 elapsed  5 system 0.94 temp  -1.0 hbonds, Rg  27.4 A, potential   277.38
33003 / 50000 elapsed  7 system 1.00 temp  -1.0 hbonds, Rg  27.0 A, potential   262.86
33203 / 50000 elapsed  4 system 0.91 temp  -1.0 hbonds, Rg  26.9 A, potential   257.09
33303 / 50000 elapsed  2 system 0.85 temp  -1.0 hbonds, Rg  29.8 A, potential   283.35
33503 / 50000 elapsed  1 system 0.83 temp  -1.0 hbonds, Rg  39.1 A, potential   200.62
33303 / 50000 elapsed  6 system 0.97 temp  -1.0 hbonds, Rg  24.1 A, potential   306.82
33603 / 50000 elapsed  3 system 0.88 temp  -1.0 hbonds, Rg  31.2 A, potential   240.54
33503 / 50000 elapsed  0 system 0.80 temp  -1.0 hbonds, Rg  26.5 A, potential   213.58
33103 / 50000 elapsed  7 system 1.00 temp  -1.0 hbonds, Rg  27.3 A, potential   276.04
33703 / 50000 elapsed  5 system 0.94 temp  -1.0 hbonds, Rg  29.5 A, potential   270.40
33303 / 50000 elapsed  4 system 0.91 temp  -1.0 hbonds, Rg  27.2 A, potential   242.11
33403 / 50000 elapsed  2 system 0.85 temp  -1.0 hbonds, Rg  30.5 A, potential   205.57
33603 / 50000 elapsed  1 system 0.83 temp  -1.0 hbonds, Rg  41.6 A, potential   229.77
33703 / 50000 elapsed  3 system 0.88 temp  -1.0 hbonds, Rg  32.1 A, potential   222.57
33403 / 50000 elapsed  6 system 0.97 temp  -1.0 hbonds, Rg  23.0 A, potential   262.57
33603 / 50000 elapsed  0 system 0.80 temp  -1.0 hbonds, Rg  27.4 A, potential   223.15
33203 / 50000 elapsed  7 system 1.00 temp  -1.0 hbonds, Rg  26.5 A, potential   293.56
33803 / 50000 elapsed  5 system 0.94 temp  -1.0 hbonds, Rg  29.5 A, potential   293.29
33403 / 50000 elapsed  4 system 0.91 temp  -1.0 hbonds, Rg  26.1 A, potential   263.26
33503 / 50000 elapsed  2 system 0.85 temp  -1.0 hbonds, Rg  31.2 A, potential   223.61
33703 / 50000 elapsed  1 system 0.83 temp  -1.0 hbonds, Rg  42.4 A, potential   228.56
33503 / 50000 elapsed  6 system 0.97 temp  -1.0 hbonds, Rg  20.2 A, potential   276.41
33803 / 50000 elapsed  3 system 0.88 temp  -1.0 hbonds, Rg  32.0 A, potential   232.41
33703 / 50000 elapsed  0 system 0.80 temp  -1.0 hbonds, Rg  22.8 A, potential   210.86
33303 / 50000 elapsed  7 system 1.00 temp  -1.0 hbonds, Rg  23.5 A, potential   311.66
33603 / 50000 elapsed  2 system 0.85 temp  -1.0 hbonds, Rg  30.4 A, potential   212.49
33903 / 50000 elapsed  5 system 0.94 temp  -1.0 hbonds, Rg  28.8 A, potential   234.53
33503 / 50000 elapsed  4 system 0.91 temp  -1.0 hbonds, Rg  26.7 A, potential   274.50
33803 / 50000 elapsed  1 system 0.83 temp  -1.0 hbonds, Rg  45.5 A, potential   242.00
33603 / 50000 elapsed  6 system 0.97 temp  -1.0 hbonds, Rg  19.7 A, potential   269.64
33803 / 50000 elapsed  0 system 0.80 temp  -1.0 hbonds, Rg  23.8 A, potential   232.84
33903 / 50000 elapsed  3 system 0.88 temp  -1.0 hbonds, Rg  31.2 A, potential   228.25
33403 / 50000 elapsed  7 system 1.00 temp  -1.0 hbonds, Rg  22.5 A, potential   285.97
34003 / 50000 elapsed  5 system 0.94 temp  -1.0 hbonds, Rg  27.8 A, potential   265.06
33703 / 50000 elapsed  2 system 0.85 temp  -1.0 hbonds, Rg  30.7 A, potential   239.29
33603 / 50000 elapsed  4 system 0.91 temp  -1.0 hbonds, Rg  25.4 A, potential   260.77
33903 / 50000 elapsed  1 system 0.83 temp  -1.0 hbonds, Rg  46.1 A, potential   231.94
33703 / 50000 elapsed  6 system 0.97 temp  -1.0 hbonds, Rg  16.9 A, potential   292.50
33903 / 50000 elapsed  0 system 0.80 temp  -1.0 hbonds, Rg  21.1 A, potential   217.73
34003 / 50000 elapsed  3 system 0.88 temp  -1.0 hbonds, Rg  31.0 A, potential   222.15
34103 / 50000 elapsed  5 system 0.94 temp  -1.0 hbonds, Rg  27.4 A, potential   226.72
33803 / 50000 elapsed  2 system 0.85 temp  -1.0 hbonds, Rg  30.0 A, potential   211.51
33503 / 50000 elapsed  7 system 1.00 temp  -1.0 hbonds, Rg  24.5 A, potential   319.82
33703 / 50000 elapsed  4 system 0.91 temp  -1.0 hbonds, Rg  27.1 A, potential   225.25
33803 / 50000 elapsed  6 system 0.97 temp  -1.0 hbonds, Rg  17.0 A, potential   284.36
34003 / 50000 elapsed  1 system 0.83 temp  -1.0 hbonds, Rg  48.4 A, potential   206.75
34003 / 50000 elapsed  0 system 0.80 temp  -1.0 hbonds, Rg  23.9 A, potential   204.13
34203 / 50000 elapsed  5 system 0.94 temp  -1.0 hbonds, Rg  25.1 A, potential   264.86
34103 / 50000 elapsed  3 system 0.88 temp  -1.0 hbonds, Rg  30.3 A, potential   225.57
33603 / 50000 elapsed  7 system 1.00 temp  -1.0 hbonds, Rg  26.1 A, potential   313.66
33803 / 50000 elapsed  4 system 0.91 temp  -1.0 hbonds, Rg  25.6 A, potential   284.95
33903 / 50000 elapsed  2 system 0.85 temp  -1.0 hbonds, Rg  28.8 A, potential   219.60
33903 / 50000 elapsed  6 system 0.97 temp  -1.0 hbonds, Rg  15.8 A, potential   261.91
34103 / 50000 elapsed  1 system 0.83 temp  -1.0 hbonds, Rg  52.4 A, potential   219.23
33703 / 50000 elapsed  7 system 1.00 temp  -1.0 hbonds, Rg  26.7 A, potential   310.28
34203 / 50000 elapsed  3 system 0.88 temp  -1.0 hbonds, Rg  27.5 A, potential   223.66
33903 / 50000 elapsed  4 system 0.91 temp  -1.0 hbonds, Rg  23.2 A, potential   256.57
34103 / 50000 elapsed  0 system 0.80 temp  -1.0 hbonds, Rg  24.6 A, potential   212.14
34303 / 50000 elapsed  5 system 0.94 temp  -1.0 hbonds, Rg  26.0 A, potential   281.74
34003 / 50000 elapsed  2 system 0.85 temp  -1.0 hbonds, Rg  28.5 A, potential   233.88
34203 / 50000 elapsed  1 system 0.83 temp  -1.0 hbonds, Rg  52.8 A, potential   200.77
34003 / 50000 elapsed  6 system 0.97 temp  -1.0 hbonds, Rg  20.0 A, potential   341.95
34303 / 50000 elapsed  3 system 0.88 temp  -1.0 hbonds, Rg  27.2 A, potential   261.69
34003 / 50000 elapsed  4 system 0.91 temp  -1.0 hbonds, Rg  19.8 A, potential   257.31
33803 / 50000 elapsed  7 system 1.00 temp  -1.0 hbonds, Rg  29.8 A, potential   328.41
34403 / 50000 elapsed  5 system 0.94 temp  -1.0 hbonds, Rg  27.7 A, potential   243.66
34203 / 50000 elapsed  0 system 0.80 temp  -1.0 hbonds, Rg  23.0 A, potential   207.06
34303 / 50000 elapsed  1 system 0.83 temp  -1.0 hbonds, Rg  52.5 A, potential   226.85
34103 / 50000 elapsed  2 system 0.85 temp  -1.0 hbonds, Rg  27.2 A, potential   225.31
34103 / 50000 elapsed  6 system 0.97 temp  -1.0 hbonds, Rg  20.5 A, potential   258.19
34103 / 50000 elapsed  4 system 0.91 temp  -1.0 hbonds, Rg  19.2 A, potential   233.11
34403 / 50000 elapsed  3 system 0.88 temp  -1.0 hbonds, Rg  28.3 A, potential   237.35
34303 / 50000 elapsed  0 system 0.80 temp  -1.0 hbonds, Rg  23.8 A, potential   200.79
33903 / 50000 elapsed  7 system 1.00 temp  -1.0 hbonds, Rg  26.0 A, potential   296.13
34503 / 50000 elapsed  5 system 0.94 temp  -1.0 hbonds, Rg  27.2 A, potential   224.56
34203 / 50000 elapsed  6 system 0.97 temp  -1.0 hbonds, Rg  17.8 A, potential   265.88
34203 / 50000 elapsed  2 system 0.85 temp  -1.0 hbonds, Rg  22.8 A, potential   228.33
34403 / 50000 elapsed  1 system 0.83 temp  -1.0 hbonds, Rg  51.3 A, potential   210.29
34203 / 50000 elapsed  4 system 0.91 temp  -1.0 hbonds, Rg  18.5 A, potential   268.41
34403 / 50000 elapsed  0 system 0.80 temp  -1.0 hbonds, Rg  23.2 A, potential   184.01
34503 / 50000 elapsed  3 system 0.88 temp  -1.0 hbonds, Rg  26.4 A, potential   259.82
34003 / 50000 elapsed  7 system 1.00 temp  -1.0 hbonds, Rg  27.1 A, potential   271.68
34303 / 50000 elapsed  2 system 0.85 temp  -1.0 hbonds, Rg  22.4 A, potential   193.74
34303 / 50000 elapsed  6 system 0.97 temp  -1.0 hbonds, Rg  19.2 A, potential   251.37
34603 / 50000 elapsed  5 system 0.94 temp  -1.0 hbonds, Rg  27.6 A, potential   266.18
34503 / 50000 elapsed  1 system 0.83 temp  -1.0 hbonds, Rg  50.8 A, potential   214.37
34303 / 50000 elapsed  4 system 0.91 temp  -1.0 hbonds, Rg  18.3 A, potential   274.33
34503 / 50000 elapsed  0 system 0.80 temp  -1.0 hbonds, Rg  24.6 A, potential   198.33
34603 / 50000 elapsed  3 system 0.88 temp  -1.0 hbonds, Rg  26.5 A, potential   254.32
34403 / 50000 elapsed  6 system 0.97 temp  -1.0 hbonds, Rg  18.9 A, potential   265.87
34703 / 50000 elapsed  5 system 0.94 temp  -1.0 hbonds, Rg  27.3 A, potential   270.63
34103 / 50000 elapsed  7 system 1.00 temp  -1.0 hbonds, Rg  25.5 A, potential   264.69
34603 / 50000 elapsed  1 system 0.83 temp  -1.0 hbonds, Rg  50.3 A, potential   201.41
34403 / 50000 elapsed  2 system 0.85 temp  -1.0 hbonds, Rg  21.1 A, potential   223.28
34403 / 50000 elapsed  4 system 0.91 temp  -1.0 hbonds, Rg  19.0 A, potential   257.86
34703 / 50000 elapsed  3 system 0.88 temp  -1.0 hbonds, Rg  25.0 A, potential   265.39
34603 / 50000 elapsed  0 system 0.80 temp  -1.0 hbonds, Rg  27.0 A, potential   198.25
34503 / 50000 elapsed  6 system 0.97 temp  -1.0 hbonds, Rg  20.2 A, potential   295.79
34703 / 50000 elapsed  1 system 0.83 temp  -1.0 hbonds, Rg  47.8 A, potential   245.50
34503 / 50000 elapsed  4 system 0.91 temp  -1.0 hbonds, Rg  17.9 A, potential   265.81
34803 / 50000 elapsed  5 system 0.94 temp  -1.0 hbonds, Rg  26.7 A, potential   276.77
34203 / 50000 elapsed  7 system 1.00 temp  -1.0 hbonds, Rg  25.3 A, potential   250.45
34503 / 50000 elapsed  2 system 0.85 temp  -1.0 hbonds, Rg  22.0 A, potential   239.15
34803 / 50000 elapsed  3 system 0.88 temp  -1.0 hbonds, Rg  25.1 A, potential   285.76
34703 / 50000 elapsed  0 system 0.80 temp  -1.0 hbonds, Rg  23.4 A, potential   231.07
34603 / 50000 elapsed  6 system 0.97 temp  -1.0 hbonds, Rg  21.3 A, potential   301.51
34603 / 50000 elapsed  4 system 0.91 temp  -1.0 hbonds, Rg  20.6 A, potential   257.59
34903 / 50000 elapsed  5 system 0.94 temp  -1.0 hbonds, Rg  29.3 A, potential   256.58
34303 / 50000 elapsed  7 system 1.00 temp  -1.0 hbonds, Rg  23.2 A, potential   307.83
34603 / 50000 elapsed  2 system 0.85 temp  -1.0 hbonds, Rg  20.9 A, potential   239.89
34803 / 50000 elapsed  1 system 0.83 temp  -1.0 hbonds, Rg  47.9 A, potential   197.22
34903 / 50000 elapsed  3 system 0.88 temp  -1.0 hbonds, Rg  23.5 A, potential   264.52
34803 / 50000 elapsed  0 system 0.80 temp  -1.0 hbonds, Rg  23.7 A, potential   195.52
34703 / 50000 elapsed  4 system 0.91 temp  -1.0 hbonds, Rg  21.1 A, potential   258.48
34703 / 50000 elapsed  6 system 0.97 temp  -1.0 hbonds, Rg  19.6 A, potential   297.39
34403 / 50000 elapsed  7 system 1.00 temp  -1.0 hbonds, Rg  23.5 A, potential   262.09
35003 / 50000 elapsed  5 system 0.94 temp  -1.0 hbonds, Rg  26.5 A, potential   256.21
34703 / 50000 elapsed  2 system 0.85 temp  -1.0 hbonds, Rg  21.0 A, potential   235.31
34903 / 50000 elapsed  1 system 0.83 temp  -1.0 hbonds, Rg  46.8 A, potential   185.26
35003 / 50000 elapsed  3 system 0.88 temp  -1.0 hbonds, Rg  25.7 A, potential   243.80
34903 / 50000 elapsed  0 system 0.80 temp  -1.0 hbonds, Rg  22.1 A, potential   215.53
34803 / 50000 elapsed  4 system 0.91 temp  -1.0 hbonds, Rg  22.5 A, potential   260.98
34803 / 50000 elapsed  6 system 0.97 temp  -1.0 hbonds, Rg  21.3 A, potential   266.09
34503 / 50000 elapsed  7 system 1.00 temp  -1.0 hbonds, Rg  24.8 A, potential   311.95
35003 / 50000 elapsed  1 system 0.83 temp  -1.0 hbonds, Rg  47.3 A, potential   239.92
35103 / 50000 elapsed  5 system 0.94 temp  -1.0 hbonds, Rg  28.6 A, potential   248.59
34803 / 50000 elapsed  2 system 0.85 temp  -1.0 hbonds, Rg  21.5 A, potential   216.06
35103 / 50000 elapsed  3 system 0.88 temp  -1.0 hbonds, Rg  23.8 A, potential   282.76
34603 / 50000 elapsed  7 system 1.00 temp  -1.0 hbonds, Rg  23.8 A, potential   268.75
34903 / 50000 elapsed  6 system 0.97 temp  -1.0 hbonds, Rg  19.9 A, potential   315.47
34903 / 50000 elapsed  4 system 0.91 temp  -1.0 hbonds, Rg  24.6 A, potential   240.72
35003 / 50000 elapsed  0 system 0.80 temp  -1.0 hbonds, Rg  22.9 A, potential   222.96
35203 / 50000 elapsed  5 system 0.94 temp  -1.0 hbonds, Rg  28.6 A, potential   263.40
34903 / 50000 elapsed  2 system 0.85 temp  -1.0 hbonds, Rg  25.0 A, potential   226.00
35103 / 50000 elapsed  1 system 0.83 temp  -1.0 hbonds, Rg  46.2 A, potential   206.53
34703 / 50000 elapsed  7 system 1.00 temp  -1.0 hbonds, Rg  24.6 A, potential   287.46
35003 / 50000 elapsed  4 system 0.91 temp  -1.0 hbonds, Rg  21.9 A, potential   253.88
35203 / 50000 elapsed  3 system 0.88 temp  -1.0 hbonds, Rg  25.1 A, potential   248.39
35003 / 50000 elapsed  6 system 0.97 temp  -1.0 hbonds, Rg  18.7 A, potential   275.85
35103 / 50000 elapsed  0 system 0.80 temp  -1.0 hbonds, Rg  24.3 A, potential   211.53
35003 / 50000 elapsed  2 system 0.85 temp  -1.0 hbonds, Rg  23.0 A, potential   240.70
35303 / 50000 elapsed  5 system 0.94 temp  -1.0 hbonds, Rg  28.4 A, potential   232.04
35203 / 50000 elapsed  1 system 0.83 temp  -1.0 hbonds, Rg  46.6 A, potential   213.58
34803 / 50000 elapsed  7 system 1.00 temp  -1.0 hbonds, Rg  22.3 A, potential   301.48
35103 / 50000 elapsed  4 system 0.91 temp  -1.0 hbonds, Rg  21.4 A, potential   231.93
35303 / 50000 elapsed  3 system 0.88 temp  -1.0 hbonds, Rg  25.1 A, potential   249.23
35103 / 50000 elapsed  6 system 0.97 temp  -1.0 hbonds, Rg  17.9 A, potential   265.96
35103 / 50000 elapsed  2 system 0.85 temp  -1.0 hbonds, Rg  21.6 A, potential   234.10
35203 / 50000 elapsed  0 system 0.80 temp  -1.0 hbonds, Rg  24.8 A, potential   202.36
35403 / 50000 elapsed  5 system 0.94 temp  -1.0 hbonds, Rg  33.5 A, potential   254.63
35303 / 50000 elapsed  1 system 0.83 temp  -1.0 hbonds, Rg  45.4 A, potential   223.99
34903 / 50000 elapsed  7 system 1.00 temp  -1.0 hbonds, Rg  23.9 A, potential   310.92
35403 / 50000 elapsed  3 system 0.88 temp  -1.0 hbonds, Rg  23.7 A, potential   257.68
35203 / 50000 elapsed  4 system 0.91 temp  -1.0 hbonds, Rg  21.7 A, potential   236.11
35203 / 50000 elapsed  2 system 0.85 temp  -1.0 hbonds, Rg  24.5 A, potential   229.51
35203 / 50000 elapsed  6 system 0.97 temp  -1.0 hbonds, Rg  16.7 A, potential   273.13
35503 / 50000 elapsed  5 system 0.94 temp  -1.0 hbonds, Rg  31.5 A, potential   251.77
35303 / 50000 elapsed  0 system 0.80 temp  -1.0 hbonds, Rg  23.0 A, potential   226.04
35003 / 50000 elapsed  7 system 1.00 temp  -1.0 hbonds, Rg  25.5 A, potential   267.16
35403 / 50000 elapsed  1 system 0.83 temp  -1.0 hbonds, Rg  44.1 A, potential   212.62
35503 / 50000 elapsed  3 system 0.88 temp  -1.0 hbonds, Rg  21.0 A, potential   226.87
35303 / 50000 elapsed  2 system 0.85 temp  -1.0 hbonds, Rg  24.5 A, potential   202.07
35303 / 50000 elapsed  4 system 0.91 temp  -1.0 hbonds, Rg  22.9 A, potential   283.15
35603 / 50000 elapsed  5 system 0.94 temp  -1.0 hbonds, Rg  31.0 A, potential   238.95
35303 / 50000 elapsed  6 system 0.97 temp  -1.0 hbonds, Rg  17.5 A, potential   283.61
35403 / 50000 elapsed  0 system 0.80 temp  -1.0 hbonds, Rg  21.9 A, potential   217.75
35103 / 50000 elapsed  7 system 1.00 temp  -1.0 hbonds, Rg  23.9 A, potential   299.76
35603 / 50000 elapsed  3 system 0.88 temp  -1.0 hbonds, Rg  23.3 A, potential   232.70
35503 / 50000 elapsed  1 system 0.83 temp  -1.0 hbonds, Rg  41.7 A, potential   198.46
35703 / 50000 elapsed  5 system 0.94 temp  -1.0 hbonds, Rg  31.6 A, potential   250.51
35403 / 50000 elapsed  2 system 0.85 temp  -1.0 hbonds, Rg  24.8 A, potential   211.40
35403 / 50000 elapsed  4 system 0.91 temp  -1.0 hbonds, Rg  24.2 A, potential   227.59
35503 / 50000 elapsed  0 system 0.80 temp  -1.0 hbonds, Rg  23.8 A, potential   225.71
35203 / 50000 elapsed  7 system 1.00 temp  -1.0 hbonds, Rg  24.6 A, potential   279.02
35403 / 50000 elapsed  6 system 0.97 temp  -1.0 hbonds, Rg  18.6 A, potential   287.40
35703 / 50000 elapsed  3 system 0.88 temp  -1.0 hbonds, Rg  23.0 A, potential   241.61
35603 / 50000 elapsed  1 system 0.83 temp  -1.0 hbonds, Rg  40.3 A, potential   230.05
35803 / 50000 elapsed  5 system 0.94 temp  -1.0 hbonds, Rg  29.7 A, potential   290.05
35603 / 50000 elapsed  0 system 0.80 temp  -1.0 hbonds, Rg  24.7 A, potential   212.96
35503 / 50000 elapsed  4 system 0.91 temp  -1.0 hbonds, Rg  25.6 A, potential   259.26
35503 / 50000 elapsed  6 system 0.97 temp  -1.0 hbonds, Rg  20.2 A, potential   255.17
35503 / 50000 elapsed  2 system 0.85 temp  -1.0 hbonds, Rg  29.1 A, potential   231.02
35303 / 50000 elapsed  7 system 1.00 temp  -1.0 hbonds, Rg  23.6 A, potential   262.40
35803 / 50000 elapsed  3 system 0.88 temp  -1.0 hbonds, Rg  24.6 A, potential   216.69
35903 / 50000 elapsed  5 system 0.94 temp  -1.0 hbonds, Rg  30.2 A, potential   219.70
35703 / 50000 elapsed  1 system 0.83 temp  -1.0 hbonds, Rg  38.8 A, potential   205.85
35703 / 50000 elapsed  0 system 0.80 temp  -1.0 hbonds, Rg  25.8 A, potential   208.27
35603 / 50000 elapsed  4 system 0.91 temp  -1.0 hbonds, Rg  22.3 A, potential   249.03
35603 / 50000 elapsed  6 system 0.97 temp  -1.0 hbonds, Rg  24.2 A, potential   278.75
35903 / 50000 elapsed  3 system 0.88 temp  -1.0 hbonds, Rg  24.3 A, potential   194.12
35603 / 50000 elapsed  2 system 0.85 temp  -1.0 hbonds, Rg  27.4 A, potential   233.15
35403 / 50000 elapsed  7 system 1.00 temp  -1.0 hbonds, Rg  24.1 A, potential   287.97
35703 / 50000 elapsed  6 system 0.97 temp  -1.0 hbonds, Rg  24.0 A, potential   288.52
36003 / 50000 elapsed  5 system 0.94 temp  -1.0 hbonds, Rg  32.0 A, potential   247.10
35803 / 50000 elapsed  0 system 0.80 temp  -1.0 hbonds, Rg  24.3 A, potential   193.16
36003 / 50000 elapsed  3 system 0.88 temp  -1.0 hbonds, Rg  24.2 A, potential   243.17
35703 / 50000 elapsed  4 system 0.91 temp  -1.0 hbonds, Rg  26.8 A, potential   222.62
35803 / 50000 elapsed  1 system 0.83 temp  -1.0 hbonds, Rg  43.1 A, potential   223.19
35703 / 50000 elapsed  2 system 0.85 temp  -1.0 hbonds, Rg  26.8 A, potential   228.52
35503 / 50000 elapsed  7 system 1.00 temp  -1.0 hbonds, Rg  26.1 A, potential   304.56
36103 / 50000 elapsed  5 system 0.94 temp  -1.0 hbonds, Rg  29.9 A, potential   259.40
35803 / 50000 elapsed  6 system 0.97 temp  -1.0 hbonds, Rg  23.7 A, potential   267.34
35803 / 50000 elapsed  4 system 0.91 temp  -1.0 hbonds, Rg  25.7 A, potential   247.67
35903 / 50000 elapsed  0 system 0.80 temp  -1.0 hbonds, Rg  21.1 A, potential   219.25
35903 / 50000 elapsed  1 system 0.83 temp  -1.0 hbonds, Rg  44.2 A, potential   208.51
36103 / 50000 elapsed  3 system 0.88 temp  -1.0 hbonds, Rg  25.3 A, potential   227.79
35803 / 50000 elapsed  2 system 0.85 temp  -1.0 hbonds, Rg  24.8 A, potential   236.79
35603 / 50000 elapsed  7 system 1.00 temp  -1.0 hbonds, Rg  25.6 A, potential   263.65
36203 / 50000 elapsed  5 system 0.94 temp  -1.0 hbonds, Rg  27.9 A, potential   275.95
35903 / 50000 elapsed  4 system 0.91 temp  -1.0 hbonds, Rg  23.2 A, potential   270.56
35903 / 50000 elapsed  6 system 0.97 temp  -1.0 hbonds, Rg  23.2 A, potential   302.98
36003 / 50000 elapsed  1 system 0.83 temp  -1.0 hbonds, Rg  44.0 A, potential   245.51
35903 / 50000 elapsed  2 system 0.85 temp  -1.0 hbonds, Rg  23.4 A, potential   253.63
36003 / 50000 elapsed  0 system 0.80 temp  -1.0 hbonds, Rg  21.0 A, potential   199.03
36203 / 50000 elapsed  3 system 0.88 temp  -1.0 hbonds, Rg  23.6 A, potential   216.04
36303 / 50000 elapsed  5 system 0.94 temp  -1.0 hbonds, Rg  26.9 A, potential   245.64
36003 / 50000 elapsed  4 system 0.91 temp  -1.0 hbonds, Rg  22.5 A, potential   231.01
35703 / 50000 elapsed  7 system 1.00 temp  -1.0 hbonds, Rg  26.8 A, potential   277.18
36003 / 50000 elapsed  6 system 0.97 temp  -1.0 hbonds, Rg  24.6 A, potential   259.92
36103 / 50000 elapsed  1 system 0.83 temp  -1.0 hbonds, Rg  42.0 A, potential   190.82
36103 / 50000 elapsed  0 system 0.80 temp  -1.0 hbonds, Rg  20.6 A, potential   209.55
36003 / 50000 elapsed  2 system 0.85 temp  -1.0 hbonds, Rg  25.1 A, potential   237.35
36303 / 50000 elapsed  3 system 0.88 temp  -1.0 hbonds, Rg  24.7 A, potential   260.25
36103 / 50000 elapsed  4 system 0.91 temp  -1.0 hbonds, Rg  22.7 A, potential   240.44
35803 / 50000 elapsed  7 system 1.00 temp  -1.0 hbonds, Rg  27.7 A, potential   249.08
36403 / 50000 elapsed  5 system 0.94 temp  -1.0 hbonds, Rg  26.3 A, potential   260.74
36103 / 50000 elapsed  6 system 0.97 temp  -1.0 hbonds, Rg  25.8 A, potential   272.36
36203 / 50000 elapsed  1 system 0.83 temp  -1.0 hbonds, Rg  43.1 A, potential   229.93
36103 / 50000 elapsed  2 system 0.85 temp  -1.0 hbonds, Rg  26.3 A, potential   240.32
36203 / 50000 elapsed  0 system 0.80 temp  -1.0 hbonds, Rg  18.8 A, potential   240.28
36403 / 50000 elapsed  3 system 0.88 temp  -1.0 hbonds, Rg  25.1 A, potential   224.87
35903 / 50000 elapsed  7 system 1.00 temp  -1.0 hbonds, Rg  27.1 A, potential   290.97
36303 / 50000 elapsed  1 system 0.83 temp  -1.0 hbonds, Rg  45.9 A, potential   224.71
36203 / 50000 elapsed  4 system 0.91 temp  -1.0 hbonds, Rg  20.9 A, potential   236.87
36203 / 50000 elapsed  6 system 0.97 temp  -1.0 hbonds, Rg  23.7 A, potential   250.69
36503 / 50000 elapsed  5 system 0.94 temp  -1.0 hbonds, Rg  25.4 A, potential   268.13
36203 / 50000 elapsed  2 system 0.85 temp  -1.0 hbonds, Rg  24.4 A, potential   220.83
36303 / 50000 elapsed  0 system 0.80 temp  -1.0 hbonds, Rg  21.9 A, potential   224.10
36503 / 50000 elapsed  3 system 0.88 temp  -1.0 hbonds, Rg  24.9 A, potential   280.81
36003 / 50000 elapsed  7 system 1.00 temp  -1.0 hbonds, Rg  23.5 A, potential   307.14
36403 / 50000 elapsed  1 system 0.83 temp  -1.0 hbonds, Rg  43.1 A, potential   234.57
36303 / 50000 elapsed  6 system 0.97 temp  -1.0 hbonds, Rg  23.3 A, potential   276.22
36303 / 50000 elapsed  4 system 0.91 temp  -1.0 hbonds, Rg  23.2 A, potential   254.52
36603 / 50000 elapsed  5 system 0.94 temp  -1.0 hbonds, Rg  24.6 A, potential   251.67
36303 / 50000 elapsed  2 system 0.85 temp  -1.0 hbonds, Rg  23.9 A, potential   226.01
36603 / 50000 elapsed  3 system 0.88 temp  -1.0 hbonds, Rg  22.1 A, potential   213.96
36403 / 50000 elapsed  0 system 0.80 temp  -1.0 hbonds, Rg  22.0 A, potential   241.86
36103 / 50000 elapsed  7 system 1.00 temp  -1.0 hbonds, Rg  23.7 A, potential   273.85
36403 / 50000 elapsed  6 system 0.97 temp  -1.0 hbonds, Rg  23.4 A, potential   298.88
36503 / 50000 elapsed  1 system 0.83 temp  -1.0 hbonds, Rg  40.7 A, potential   202.19
36703 / 50000 elapsed  5 system 0.94 temp  -1.0 hbonds, Rg  24.1 A, potential   245.44
36403 / 50000 elapsed  4 system 0.91 temp  -1.0 hbonds, Rg  19.5 A, potential   230.50
36703 / 50000 elapsed  3 system 0.88 temp  -1.0 hbonds, Rg  19.3 A, potential   222.11
36403 / 50000 elapsed  2 system 0.85 temp  -1.0 hbonds, Rg  24.4 A, potential   239.89
36503 / 50000 elapsed  0 system 0.80 temp  -1.0 hbonds, Rg  21.3 A, potential   210.37
36203 / 50000 elapsed  7 system 1.00 temp  -1.0 hbonds, Rg  24.4 A, potential   280.10
36603 / 50000 elapsed  1 system 0.83 temp  -1.0 hbonds, Rg  40.5 A, potential   245.77
36503 / 50000 elapsed  6 system 0.97 temp  -1.0 hbonds, Rg  24.2 A, potential   258.12
36503 / 50000 elapsed  4 system 0.91 temp  -1.0 hbonds, Rg  20.4 A, potential   265.47
36803 / 50000 elapsed  5 system 0.94 temp  -1.0 hbonds, Rg  23.8 A, potential   274.87
36803 / 50000 elapsed  3 system 0.88 temp  -1.0 hbonds, Rg  19.3 A, potential   262.48
36503 / 50000 elapsed  2 system 0.85 temp  -1.0 hbonds, Rg  21.9 A, potential   231.29
36603 / 50000 elapsed  0 system 0.80 temp  -1.0 hbonds, Rg  21.1 A, potential   244.97
36903 / 50000 elapsed  5 system 0.94 temp  -1.0 hbonds, Rg  21.6 A, potential   258.49
36603 / 50000 elapsed  6 system 0.97 temp  -1.0 hbonds, Rg  26.0 A, potential   276.49
36603 / 50000 elapsed  4 system 0.91 temp  -1.0 hbonds, Rg  21.1 A, potential   253.02
36703 / 50000 elapsed  1 system 0.83 temp  -1.0 hbonds, Rg  38.6 A, potential   221.33
36303 / 50000 elapsed  7 system 1.00 temp  -1.0 hbonds, Rg  22.5 A, potential   274.29
36903 / 50000 elapsed  3 system 0.88 temp  -1.0 hbonds, Rg  19.6 A, potential   276.09
36603 / 50000 elapsed  2 system 0.85 temp  -1.0 hbonds, Rg  21.7 A, potential   212.87
37003 / 50000 elapsed  5 system 0.94 temp  -1.0 hbonds, Rg  21.5 A, potential   285.42
36703 / 50000 elapsed  0 system 0.80 temp  -1.0 hbonds, Rg  20.0 A, potential   192.28
36703 / 50000 elapsed  6 system 0.97 temp  -1.0 hbonds, Rg  26.1 A, potential   296.66
36703 / 50000 elapsed  4 system 0.91 temp  -1.0 hbonds, Rg  24.4 A, potential   237.80
36703 / 50000 elapsed  2 system 0.85 temp  -1.0 hbonds, Rg  20.9 A, potential   233.65
36803 / 50000 elapsed  1 system 0.83 temp  -1.0 hbonds, Rg  41.1 A, potential   234.57
36403 / 50000 elapsed  7 system 1.00 temp  -1.0 hbonds, Rg  24.8 A, potential   298.12
37003 / 50000 elapsed  3 system 0.88 temp  -1.0 hbonds, Rg  21.9 A, potential   251.37
37103 / 50000 elapsed  5 system 0.94 temp  -1.0 hbonds, Rg  19.7 A, potential   278.17
36803 / 50000 elapsed  6 system 0.97 temp  -1.0 hbonds, Rg  22.7 A, potential   280.61
36803 / 50000 elapsed  2 system 0.85 temp  -1.0 hbonds, Rg  20.6 A, potential   223.48
36803 / 50000 elapsed  4 system 0.91 temp  -1.0 hbonds, Rg  26.2 A, potential   232.03
36803 / 50000 elapsed  0 system 0.80 temp  -1.0 hbonds, Rg  21.3 A, potential   205.65
36903 / 50000 elapsed  1 system 0.83 temp  -1.0 hbonds, Rg  40.2 A, potential   216.53
36503 / 50000 elapsed  7 system 1.00 temp  -1.0 hbonds, Rg  26.2 A, potential   267.08
37203 / 50000 elapsed  5 system 0.94 temp  -1.0 hbonds, Rg  20.0 A, potential   265.97
37103 / 50000 elapsed  3 system 0.88 temp  -1.0 hbonds, Rg  26.9 A, potential   241.70
36903 / 50000 elapsed  6 system 0.97 temp  -1.0 hbonds, Rg  21.4 A, potential   318.78
36903 / 50000 elapsed  4 system 0.91 temp  -1.0 hbonds, Rg  26.0 A, potential   247.79
36903 / 50000 elapsed  2 system 0.85 temp  -1.0 hbonds, Rg  20.9 A, potential   237.11
36903 / 50000 elapsed  0 system 0.80 temp  -1.0 hbonds, Rg  20.0 A, potential   211.83
37003 / 50000 elapsed  1 system 0.83 temp  -1.0 hbonds, Rg  38.4 A, potential   222.24
37303 / 50000 elapsed  5 system 0.94 temp  -1.0 hbonds, Rg  21.0 A, potential   246.65
36603 / 50000 elapsed  7 system 1.00 temp  -1.0 hbonds, Rg  29.2 A, potential   262.66
37203 / 50000 elapsed  3 system 0.88 temp  -1.0 hbonds, Rg  24.5 A, potential   254.57
37003 / 50000 elapsed  0 system 0.80 temp  -1.0 hbonds, Rg  18.4 A, potential   193.78
37003 / 50000 elapsed  4 system 0.91 temp  -1.0 hbonds, Rg  26.4 A, potential   266.50
37003 / 50000 elapsed  6 system 0.97 temp  -1.0 hbonds, Rg  21.9 A, potential   259.65
37003 / 50000 elapsed  2 system 0.85 temp  -1.0 hbonds, Rg  18.6 A, potential   201.29
37103 / 50000 elapsed  1 system 0.83 temp  -1.0 hbonds, Rg  40.8 A, potential   229.93
37403 / 50000 elapsed  5 system 0.94 temp  -1.0 hbonds, Rg  21.5 A, potential   244.83
36703 / 50000 elapsed  7 system 1.00 temp  -1.0 hbonds, Rg  31.0 A, potential   281.60
37103 / 50000 elapsed  0 system 0.80 temp  -1.0 hbonds, Rg  18.2 A, potential   189.94
37303 / 50000 elapsed  3 system 0.88 temp  -1.0 hbonds, Rg  24.2 A, potential   230.62
37103 / 50000 elapsed  4 system 0.91 temp  -1.0 hbonds, Rg  25.7 A, potential   280.48
37103 / 50000 elapsed  6 system 0.97 temp  -1.0 hbonds, Rg  23.3 A, potential   268.84
37103 / 50000 elapsed  2 system 0.85 temp  -1.0 hbonds, Rg  18.2 A, potential   218.28
37203 / 50000 elapsed  1 system 0.83 temp  -1.0 hbonds, Rg  42.0 A, potential   240.72
37503 / 50000 elapsed  5 system 0.94 temp  -1.0 hbonds, Rg  19.9 A, potential   262.39
37203 / 50000 elapsed  0 system 0.80 temp  -1.0 hbonds, Rg  18.9 A, potential   226.20
36803 / 50000 elapsed  7 system 1.00 temp  -1.0 hbonds, Rg  30.5 A, potential   260.95
37203 / 50000 elapsed  4 system 0.91 temp  -1.0 hbonds, Rg  24.1 A, potential   247.83
37403 / 50000 elapsed  3 system 0.88 temp  -1.0 hbonds, Rg  25.3 A, potential   244.46
37203 / 50000 elapsed  6 system 0.97 temp  -1.0 hbonds, Rg  23.9 A, potential   301.84
37203 / 50000 elapsed  2 system 0.85 temp  -1.0 hbonds, Rg  19.1 A, potential   217.93
37303 / 50000 elapsed  1 system 0.83 temp  -1.0 hbonds, Rg  43.0 A, potential   229.99
37603 / 50000 elapsed  5 system 0.94 temp  -1.0 hbonds, Rg  19.7 A, potential   231.54
36903 / 50000 elapsed  7 system 1.00 temp  -1.0 hbonds, Rg  32.3 A, potential   266.90
37303 / 50000 elapsed  0 system 0.80 temp  -1.0 hbonds, Rg  19.4 A, potential   215.83
37303 / 50000 elapsed  4 system 0.91 temp  -1.0 hbonds, Rg  23.2 A, potential   231.20
37503 / 50000 elapsed  3 system 0.88 temp  -1.0 hbonds, Rg  23.7 A, potential   272.19
37303 / 50000 elapsed  2 system 0.85 temp  -1.0 hbonds, Rg  18.6 A, potential   208.49
37303 / 50000 elapsed  6 system 0.97 temp  -1.0 hbonds, Rg  25.0 A, potential   276.74
37403 / 50000 elapsed  1 system 0.83 temp  -1.0 hbonds, Rg  41.0 A, potential   242.35
37703 / 50000 elapsed  5 system 0.94 temp  -1.0 hbonds, Rg  18.6 A, potential   275.37
37403 / 50000 elapsed  0 system 0.80 temp  -1.0 hbonds, Rg  21.2 A, potential   215.90
37403 / 50000 elapsed  4 system 0.91 temp  -1.0 hbonds, Rg  22.7 A, potential   259.94
37003 / 50000 elapsed  7 system 1.00 temp  -1.0 hbonds, Rg  30.7 A, potential   312.68
37403 / 50000 elapsed  2 system 0.85 temp  -1.0 hbonds, Rg  19.6 A, potential   218.23
37403 / 50000 elapsed  6 system 0.97 temp  -1.0 hbonds, Rg  25.4 A, potential   263.56
37603 / 50000 elapsed  3 system 0.88 temp  -1.0 hbonds, Rg  25.2 A, potential   232.86
37503 / 50000 elapsed  1 system 0.83 temp  -1.0 hbonds, Rg  42.0 A, potential   212.65
37803 / 50000 elapsed  5 system 0.94 temp  -1.0 hbonds, Rg  21.3 A, potential   254.52
37503 / 50000 elapsed  4 system 0.91 temp  -1.0 hbonds, Rg  21.3 A, potential   231.90
37503 / 50000 elapsed  0 system 0.80 temp  -1.0 hbonds, Rg  21.6 A, potential   205.34
37503 / 50000 elapsed  2 system 0.85 temp  -1.0 hbonds, Rg  20.4 A, potential   229.15
37103 / 50000 elapsed  7 system 1.00 temp  -1.0 hbonds, Rg  29.2 A, potential   266.05
37503 / 50000 elapsed  6 system 0.97 temp  -1.0 hbonds, Rg  26.3 A, potential   260.54
37603 / 50000 elapsed  1 system 0.83 temp  -1.0 hbonds, Rg  40.5 A, potential   215.57
37703 / 50000 elapsed  3 system 0.88 temp  -1.0 hbonds, Rg  26.6 A, potential   265.27
37903 / 50000 elapsed  5 system 0.94 temp  -1.0 hbonds, Rg  22.1 A, potential   271.33
37603 / 50000 elapsed  4 system 0.91 temp  -1.0 hbonds, Rg  20.9 A, potential   255.89
37603 / 50000 elapsed  0 system 0.80 temp  -1.0 hbonds, Rg  20.0 A, potential   217.73
37603 / 50000 elapsed  2 system 0.85 temp  -1.0 hbonds, Rg  18.7 A, potential   223.53
37203 / 50000 elapsed  7 system 1.00 temp  -1.0 hbonds, Rg  26.8 A, potential   296.20
37803 / 50000 elapsed  3 system 0.88 temp  -1.0 hbonds, Rg  29.7 A, potential   272.83
37603 / 50000 elapsed  6 system 0.97 temp  -1.0 hbonds, Rg  24.4 A, potential   246.14
37703 / 50000 elapsed  1 system 0.83 temp  -1.0 hbonds, Rg  40.6 A, potential   188.82
38003 / 50000 elapsed  5 system 0.94 temp  -1.0 hbonds, Rg  25.4 A, potential   261.48
37703 / 50000 elapsed  4 system 0.91 temp  -1.0 hbonds, Rg  19.3 A, potential   214.62
37703 / 50000 elapsed  2 system 0.85 temp  -1.0 hbonds, Rg  19.7 A, potential   250.12
37703 / 50000 elapsed  0 system 0.80 temp  -1.0 hbonds, Rg  18.5 A, potential   196.82
37903 / 50000 elapsed  3 system 0.88 temp  -1.0 hbonds, Rg  28.1 A, potential   237.08
37303 / 50000 elapsed  7 system 1.00 temp  -1.0 hbonds, Rg  28.8 A, potential   294.52
37803 / 50000 elapsed  1 system 0.83 temp  -1.0 hbonds, Rg  38.5 A, potential   193.59
37703 / 50000 elapsed  6 system 0.97 temp  -1.0 hbonds, Rg  26.4 A, potential   269.27
38103 / 50000 elapsed  5 system 0.94 temp  -1.0 hbonds, Rg  25.8 A, potential   270.11
37803 / 50000 elapsed  4 system 0.91 temp  -1.0 hbonds, Rg  20.4 A, potential   256.77
37803 / 50000 elapsed  2 system 0.85 temp  -1.0 hbonds, Rg  19.6 A, potential   243.87
37803 / 50000 elapsed  0 system 0.80 temp  -1.0 hbonds, Rg  19.7 A, potential   205.20
38003 / 50000 elapsed  3 system 0.88 temp  -1.0 hbonds, Rg  29.5 A, potential   252.15
37403 / 50000 elapsed  7 system 1.00 temp  -1.0 hbonds, Rg  28.7 A, potential   271.75
37903 / 50000 elapsed  1 system 0.83 temp  -1.0 hbonds, Rg  38.5 A, potential   226.63
37903 / 50000 elapsed  4 system 0.91 temp  -1.0 hbonds, Rg  21.4 A, potential   228.95
38203 / 50000 elapsed  5 system 0.94 temp  -1.0 hbonds, Rg  25.8 A, potential   253.02
37903 / 50000 elapsed  0 system 0.80 temp  -1.0 hbonds, Rg  24.1 A, potential   223.34
37803 / 50000 elapsed  6 system 0.97 temp  -1.0 hbonds, Rg  25.4 A, potential   267.24
37903 / 50000 elapsed  2 system 0.85 temp  -1.0 hbonds, Rg  20.4 A, potential   251.35
38103 / 50000 elapsed  3 system 0.88 temp  -1.0 hbonds, Rg  29.7 A, potential   236.49
38003 / 50000 elapsed  4 system 0.91 temp  -1.0 hbonds, Rg  21.2 A, potential   234.91
38303 / 50000 elapsed  5 system 0.94 temp  -1.0 hbonds, Rg  24.6 A, potential   257.32
38003 / 50000 elapsed  0 system 0.80 temp  -1.0 hbonds, Rg  21.6 A, potential   215.88
37503 / 50000 elapsed  7 system 1.00 temp  -1.0 hbonds, Rg  26.8 A, potential   294.99
38003 / 50000 elapsed  1 system 0.83 temp  -1.0 hbonds, Rg  38.6 A, potential   220.13
37903 / 50000 elapsed  6 system 0.97 temp  -1.0 hbonds, Rg  23.6 A, potential   313.39
38003 / 50000 elapsed  2 system 0.85 temp  -1.0 hbonds, Rg  20.5 A, potential   227.38
38203 / 50000 elapsed  3 system 0.88 temp  -1.0 hbonds, Rg  27.9 A, potential   270.58
38103 / 50000 elapsed  4 system 0.91 temp  -1.0 hbonds, Rg  23.1 A, potential   293.79
38403 / 50000 elapsed  5 system 0.94 temp  -1.0 hbonds, Rg  23.6 A, potential   243.08
38103 / 50000 elapsed  0 system 0.80 temp  -1.0 hbonds, Rg  22.4 A, potential   235.96
38003 / 50000 elapsed  6 system 0.97 temp  -1.0 hbonds, Rg  24.1 A, potential   323.41
37603 / 50000 elapsed  7 system 1.00 temp  -1.0 hbonds, Rg  25.1 A, potential   298.25
38103 / 50000 elapsed  1 system 0.83 temp  -1.0 hbonds, Rg  38.7 A, potential   198.26
38303 / 50000 elapsed  3 system 0.88 temp  -1.0 hbonds, Rg  26.6 A, potential   245.94
38103 / 50000 elapsed  2 system 0.85 temp  -1.0 hbonds, Rg  21.2 A, potential   213.23
38203 / 50000 elapsed  4 system 0.91 temp  -1.0 hbonds, Rg  22.4 A, potential   252.08
38203 / 50000 elapsed  0 system 0.80 temp  -1.0 hbonds, Rg  22.4 A, potential   227.27
38503 / 50000 elapsed  5 system 0.94 temp  -1.0 hbonds, Rg  26.6 A, potential   283.80
38103 / 50000 elapsed  6 system 0.97 temp  -1.0 hbonds, Rg  22.8 A, potential   287.47
38203 / 50000 elapsed  1 system 0.83 temp  -1.0 hbonds, Rg  36.5 A, potential   206.31
37703 / 50000 elapsed  7 system 1.00 temp  -1.0 hbonds, Rg  23.5 A, potential   289.52
38403 / 50000 elapsed  3 system 0.88 temp  -1.0 hbonds, Rg  26.9 A, potential   203.73
38303 / 50000 elapsed  4 system 0.91 temp  -1.0 hbonds, Rg  23.1 A, potential   196.99
38203 / 50000 elapsed  2 system 0.85 temp  -1.0 hbonds, Rg  22.9 A, potential   233.55
38303 / 50000 elapsed  0 system 0.80 temp  -1.0 hbonds, Rg  21.5 A, potential   211.60
38603 / 50000 elapsed  5 system 0.94 temp  -1.0 hbonds, Rg  22.3 A, potential   248.18
38303 / 50000 elapsed  1 system 0.83 temp  -1.0 hbonds, Rg  37.9 A, potential   220.03
38203 / 50000 elapsed  6 system 0.97 temp  -1.0 hbonds, Rg  22.6 A, potential   285.91
37803 / 50000 elapsed  7 system 1.00 temp  -1.0 hbonds, Rg  23.1 A, potential   256.76
38403 / 50000 elapsed  4 system 0.91 temp  -1.0 hbonds, Rg  22.3 A, potential   278.50
38303 / 50000 elapsed  2 system 0.85 temp  -1.0 hbonds, Rg  22.2 A, potential   209.44
38503 / 50000 elapsed  3 system 0.88 temp  -1.0 hbonds, Rg  27.3 A, potential   204.83
38403 / 50000 elapsed  0 system 0.80 temp  -1.0 hbonds, Rg  19.9 A, potential   205.75
38403 / 50000 elapsed  1 system 0.83 temp  -1.0 hbonds, Rg  35.6 A, potential   197.27
38703 / 50000 elapsed  5 system 0.94 temp  -1.0 hbonds, Rg  20.7 A, potential   249.30
38303 / 50000 elapsed  6 system 0.97 temp  -1.0 hbonds, Rg  23.6 A, potential   316.73
38403 / 50000 elapsed  2 system 0.85 temp  -1.0 hbonds, Rg  22.2 A, potential   229.33
37903 / 50000 elapsed  7 system 1.00 temp  -1.0 hbonds, Rg  22.0 A, potential   273.65
38503 / 50000 elapsed  0 system 0.80 temp  -1.0 hbonds, Rg  22.0 A, potential   230.93
38503 / 50000 elapsed  4 system 0.91 temp  -1.0 hbonds, Rg  21.0 A, potential   264.07
38503 / 50000 elapsed  1 system 0.83 temp  -1.0 hbonds, Rg  35.1 A, potential   219.48
38603 / 50000 elapsed  3 system 0.88 temp  -1.0 hbonds, Rg  27.9 A, potential   241.46
38403 / 50000 elapsed  6 system 0.97 temp  -1.0 hbonds, Rg  24.6 A, potential   312.60
38803 / 50000 elapsed  5 system 0.94 temp  -1.0 hbonds, Rg  22.2 A, potential   223.96
38503 / 50000 elapsed  2 system 0.85 temp  -1.0 hbonds, Rg  21.9 A, potential   226.53
38603 / 50000 elapsed  1 system 0.83 temp  -1.0 hbonds, Rg  31.9 A, potential   243.41
38603 / 50000 elapsed  0 system 0.80 temp  -1.0 hbonds, Rg  22.6 A, potential   205.60
38003 / 50000 elapsed  7 system 1.00 temp  -1.0 hbonds, Rg  21.6 A, potential   285.59
38503 / 50000 elapsed  6 system 0.97 temp  -1.0 hbonds, Rg  26.5 A, potential   311.40
38603 / 50000 elapsed  4 system 0.91 temp  -1.0 hbonds, Rg  22.2 A, potential   264.22
38703 / 50000 elapsed  3 system 0.88 temp  -1.0 hbonds, Rg  29.8 A, potential   227.70
38903 / 50000 elapsed  5 system 0.94 temp  -1.0 hbonds, Rg  19.8 A, potential   250.27
38603 / 50000 elapsed  2 system 0.85 temp  -1.0 hbonds, Rg  23.5 A, potential   243.27
38703 / 50000 elapsed  1 system 0.83 temp  -1.0 hbonds, Rg  27.9 A, potential   201.27
38703 / 50000 elapsed  0 system 0.80 temp  -1.0 hbonds, Rg  22.3 A, potential   209.43
38603 / 50000 elapsed  6 system 0.97 temp  -1.0 hbonds, Rg  25.9 A, potential   295.96
38103 / 50000 elapsed  7 system 1.00 temp  -1.0 hbonds, Rg  20.0 A, potential   291.91
38703 / 50000 elapsed  4 system 0.91 temp  -1.0 hbonds, Rg  21.1 A, potential   252.86
38703 / 50000 elapsed  2 system 0.85 temp  -1.0 hbonds, Rg  25.3 A, potential   187.56
38803 / 50000 elapsed  1 system 0.83 temp  -1.0 hbonds, Rg  27.9 A, potential   208.06
38803 / 50000 elapsed  3 system 0.88 temp  -1.0 hbonds, Rg  28.3 A, potential   236.44
39003 / 50000 elapsed  5 system 0.94 temp  -1.0 hbonds, Rg  23.9 A, potential   236.42
38803 / 50000 elapsed  0 system 0.80 temp  -1.0 hbonds, Rg  22.7 A, potential   229.63
38703 / 50000 elapsed  6 system 0.97 temp  -1.0 hbonds, Rg  27.1 A, potential   261.69
38903 / 50000 elapsed  1 system 0.83 temp  -1.0 hbonds, Rg  29.7 A, potential   213.69
38203 / 50000 elapsed  7 system 1.00 temp  -1.0 hbonds, Rg  21.7 A, potential   287.96
38803 / 50000 elapsed  2 system 0.85 temp  -1.0 hbonds, Rg  26.7 A, potential   218.77
38803 / 50000 elapsed  4 system 0.91 temp  -1.0 hbonds, Rg  21.7 A, potential   237.32
39103 / 50000 elapsed  5 system 0.94 temp  -1.0 hbonds, Rg  23.6 A, potential   281.00
38903 / 50000 elapsed  0 system 0.80 temp  -1.0 hbonds, Rg  23.1 A, potential   207.26
38903 / 50000 elapsed  3 system 0.88 temp  -1.0 hbonds, Rg  26.1 A, potential   239.66
38803 / 50000 elapsed  6 system 0.97 temp  -1.0 hbonds, Rg  28.3 A, potential   288.11
39003 / 50000 elapsed  1 system 0.83 temp  -1.0 hbonds, Rg  26.0 A, potential   232.79
39003 / 50000 elapsed  0 system 0.80 temp  -1.0 hbonds, Rg  21.8 A, potential   182.93
38903 / 50000 elapsed  4 system 0.91 temp  -1.0 hbonds, Rg  20.8 A, potential   273.65
38303 / 50000 elapsed  7 system 1.00 temp  -1.0 hbonds, Rg  22.9 A, potential   297.75
38903 / 50000 elapsed  2 system 0.85 temp  -1.0 hbonds, Rg  23.8 A, potential   216.41
38903 / 50000 elapsed  6 system 0.97 temp  -1.0 hbonds, Rg  26.6 A, potential   287.06
39203 / 50000 elapsed  5 system 0.94 temp  -1.0 hbonds, Rg  21.2 A, potential   243.23
39003 / 50000 elapsed  3 system 0.88 temp  -1.0 hbonds, Rg  27.6 A, potential   236.91
39103 / 50000 elapsed  1 system 0.83 temp  -1.0 hbonds, Rg  25.0 A, potential   232.44
39103 / 50000 elapsed  0 system 0.80 temp  -1.0 hbonds, Rg  21.9 A, potential   230.29
39003 / 50000 elapsed  6 system 0.97 temp  -1.0 hbonds, Rg  26.5 A, potential   258.88
39003 / 50000 elapsed  4 system 0.91 temp  -1.0 hbonds, Rg  20.8 A, potential   253.34
39303 / 50000 elapsed  5 system 0.94 temp  -1.0 hbonds, Rg  23.3 A, potential   271.47
38403 / 50000 elapsed  7 system 1.00 temp  -1.0 hbonds, Rg  22.1 A, potential   325.46
39003 / 50000 elapsed  2 system 0.85 temp  -1.0 hbonds, Rg  21.6 A, potential   250.21
39103 / 50000 elapsed  3 system 0.88 temp  -1.0 hbonds, Rg  25.3 A, potential   247.98
39203 / 50000 elapsed  1 system 0.83 temp  -1.0 hbonds, Rg  25.0 A, potential   240.83
39203 / 50000 elapsed  0 system 0.80 temp  -1.0 hbonds, Rg  22.0 A, potential   225.07
39103 / 50000 elapsed  6 system 0.97 temp  -1.0 hbonds, Rg  25.5 A, potential   273.87
39403 / 50000 elapsed  5 system 0.94 temp  -1.0 hbonds, Rg  24.0 A, potential   272.29
39103 / 50000 elapsed  4 system 0.91 temp  -1.0 hbonds, Rg  23.0 A, potential   224.19
38503 / 50000 elapsed  7 system 1.00 temp  -1.0 hbonds, Rg  22.5 A, potential   300.67
39103 / 50000 elapsed  2 system 0.85 temp  -1.0 hbonds, Rg  22.2 A, potential   243.14
39303 / 50000 elapsed  1 system 0.83 temp  -1.0 hbonds, Rg  23.7 A, potential   227.26
39203 / 50000 elapsed  3 system 0.88 temp  -1.0 hbonds, Rg  28.5 A, potential   221.89
39303 / 50000 elapsed  0 system 0.80 temp  -1.0 hbonds, Rg  23.7 A, potential   204.21
39203 / 50000 elapsed  6 system 0.97 temp  -1.0 hbonds, Rg  25.5 A, potential   277.29
39503 / 50000 elapsed  5 system 0.94 temp  -1.0 hbonds, Rg  26.1 A, potential   254.25
39203 / 50000 elapsed  4 system 0.91 temp  -1.0 hbonds, Rg  22.6 A, potential   282.54
39203 / 50000 elapsed  2 system 0.85 temp  -1.0 hbonds, Rg  24.3 A, potential   222.92
38603 / 50000 elapsed  7 system 1.00 temp  -1.0 hbonds, Rg  22.8 A, potential   279.81
39403 / 50000 elapsed  1 system 0.83 temp  -1.0 hbonds, Rg  24.4 A, potential   242.60
39303 / 50000 elapsed  6 system 0.97 temp  -1.0 hbonds, Rg  22.1 A, potential   278.57
39403 / 50000 elapsed  0 system 0.80 temp  -1.0 hbonds, Rg  25.4 A, potential   221.97
39603 / 50000 elapsed  5 system 0.94 temp  -1.0 hbonds, Rg  23.6 A, potential   258.11
39303 / 50000 elapsed  3 system 0.88 temp  -1.0 hbonds, Rg  27.9 A, potential   224.12
39303 / 50000 elapsed  4 system 0.91 temp  -1.0 hbonds, Rg  23.0 A, potential   248.63
39303 / 50000 elapsed  2 system 0.85 temp  -1.0 hbonds, Rg  22.0 A, potential   248.55
39503 / 50000 elapsed  1 system 0.83 temp  -1.0 hbonds, Rg  24.7 A, potential   230.90
39403 / 50000 elapsed  6 system 0.97 temp  -1.0 hbonds, Rg  23.8 A, potential   270.70
38703 / 50000 elapsed  7 system 1.00 temp  -1.0 hbonds, Rg  21.3 A, potential   303.54
39703 / 50000 elapsed  5 system 0.94 temp  -1.0 hbonds, Rg  22.7 A, potential   272.01
39503 / 50000 elapsed  0 system 0.80 temp  -1.0 hbonds, Rg  23.1 A, potential   205.99
39403 / 50000 elapsed  4 system 0.91 temp  -1.0 hbonds, Rg  22.1 A, potential   278.99
39403 / 50000 elapsed  3 system 0.88 temp  -1.0 hbonds, Rg  25.8 A, potential   250.15
39603 / 50000 elapsed  1 system 0.83 temp  -1.0 hbonds, Rg  22.1 A, potential   224.84
39503 / 50000 elapsed  6 system 0.97 temp  -1.0 hbonds, Rg  25.2 A, potential   287.10
39803 / 50000 elapsed  5 system 0.94 temp  -1.0 hbonds, Rg  23.3 A, potential   273.33
39403 / 50000 elapsed  2 system 0.85 temp  -1.0 hbonds, Rg  22.1 A, potential   205.55
38803 / 50000 elapsed  7 system 1.00 temp  -1.0 hbonds, Rg  22.1 A, potential   281.82
39503 / 50000 elapsed  4 system 0.91 temp  -1.0 hbonds, Rg  22.8 A, potential   250.78
39603 / 50000 elapsed  0 system 0.80 temp  -1.0 hbonds, Rg  22.4 A, potential   211.33
39503 / 50000 elapsed  3 system 0.88 temp  -1.0 hbonds, Rg  25.4 A, potential   226.60
39703 / 50000 elapsed  1 system 0.83 temp  -1.0 hbonds, Rg  21.9 A, potential   231.39
39903 / 50000 elapsed  5 system 0.94 temp  -1.0 hbonds, Rg  22.8 A, potential   253.42
39603 / 50000 elapsed  6 system 0.97 temp  -1.0 hbonds, Rg  23.2 A, potential   307.00
39603 / 50000 elapsed  4 system 0.91 temp  -1.0 hbonds, Rg  20.3 A, potential   238.83
38903 / 50000 elapsed  7 system 1.00 temp  -1.0 hbonds, Rg  20.4 A, potential   274.77
39503 / 50000 elapsed  2 system 0.85 temp  -1.0 hbonds, Rg  23.2 A, potential   238.62
39603 / 50000 elapsed  3 system 0.88 temp  -1.0 hbonds, Rg  25.5 A, potential   261.39
39703 / 50000 elapsed  0 system 0.80 temp  -1.0 hbonds, Rg  21.9 A, potential   222.80
39803 / 50000 elapsed  1 system 0.83 temp  -1.0 hbonds, Rg  21.4 A, potential   231.85
40003 / 50000 elapsed  5 system 0.94 temp  -1.0 hbonds, Rg  20.4 A, potential   264.78
39703 / 50000 elapsed  4 system 0.91 temp  -1.0 hbonds, Rg  19.7 A, potential   242.46
39703 / 50000 elapsed  6 system 0.97 temp  -1.0 hbonds, Rg  21.8 A, potential   261.68
39703 / 50000 elapsed  3 system 0.88 temp  -1.0 hbonds, Rg  28.7 A, potential   248.32
39003 / 50000 elapsed  7 system 1.00 temp  -1.0 hbonds, Rg  19.8 A, potential   289.85
39603 / 50000 elapsed  2 system 0.85 temp  -1.0 hbonds, Rg  21.8 A, potential   252.47
40103 / 50000 elapsed  5 system 0.94 temp  -1.0 hbonds, Rg  23.3 A, potential   270.94
39903 / 50000 elapsed  1 system 0.83 temp  -1.0 hbonds, Rg  20.9 A, potential   205.32
39803 / 50000 elapsed  0 system 0.80 temp  -1.0 hbonds, Rg  23.2 A, potential   202.85
39803 / 50000 elapsed  4 system 0.91 temp  -1.0 hbonds, Rg  21.0 A, potential   270.80
39803 / 50000 elapsed  6 system 0.97 temp  -1.0 hbonds, Rg  21.1 A, potential   278.77
39803 / 50000 elapsed  3 system 0.88 temp  -1.0 hbonds, Rg  28.2 A, potential   262.49
39103 / 50000 elapsed  7 system 1.00 temp  -1.0 hbonds, Rg  18.3 A, potential   325.86
40203 / 50000 elapsed  5 system 0.94 temp  -1.0 hbonds, Rg  23.3 A, potential   271.36
40003 / 50000 elapsed  1 system 0.83 temp  -1.0 hbonds, Rg  22.8 A, potential   223.99
39703 / 50000 elapsed  2 system 0.85 temp  -1.0 hbonds, Rg  21.9 A, potential   239.63
39903 / 50000 elapsed  0 system 0.80 temp  -1.0 hbonds, Rg  24.2 A, potential   182.25
39903 / 50000 elapsed  6 system 0.97 temp  -1.0 hbonds, Rg  21.4 A, potential   278.03
39903 / 50000 elapsed  4 system 0.91 temp  -1.0 hbonds, Rg  20.0 A, potential   233.54
39903 / 50000 elapsed  3 system 0.88 temp  -1.0 hbonds, Rg  23.9 A, potential   237.65
39203 / 50000 elapsed  7 system 1.00 temp  -1.0 hbonds, Rg  16.6 A, potential   280.56
40303 / 50000 elapsed  5 system 0.94 temp  -1.0 hbonds, Rg  23.4 A, potential   267.93
40003 / 50000 elapsed  0 system 0.80 temp  -1.0 hbonds, Rg  22.3 A, potential   202.18
39803 / 50000 elapsed  2 system 0.85 temp  -1.0 hbonds, Rg  22.0 A, potential   225.93
40103 / 50000 elapsed  1 system 0.83 temp  -1.0 hbonds, Rg  21.0 A, potential   214.74
40003 / 50000 elapsed  6 system 0.97 temp  -1.0 hbonds, Rg  20.3 A, potential   276.02
40003 / 50000 elapsed  4 system 0.91 temp  -1.0 hbonds, Rg  20.9 A, potential   276.06
40003 / 50000 elapsed  3 system 0.88 temp  -1.0 hbonds, Rg  24.3 A, potential   270.54
39303 / 50000 elapsed  7 system 1.00 temp  -1.0 hbonds, Rg  19.9 A, potential   304.93
40103 / 50000 elapsed  0 system 0.80 temp  -1.0 hbonds, Rg  23.9 A, potential   213.99
40403 / 50000 elapsed  5 system 0.94 temp  -1.0 hbonds, Rg  25.3 A, potential   284.29
40203 / 50000 elapsed  1 system 0.83 temp  -1.0 hbonds, Rg  20.9 A, potential   234.15
39903 / 50000 elapsed  2 system 0.85 temp  -1.0 hbonds, Rg  23.8 A, potential   213.21
40103 / 50000 elapsed  6 system 0.97 temp  -1.0 hbonds, Rg  20.3 A, potential   277.82
39403 / 50000 elapsed  7 system 1.00 temp  -1.0 hbonds, Rg  19.7 A, potential   306.77
40103 / 50000 elapsed  4 system 0.91 temp  -1.0 hbonds, Rg  22.2 A, potential   257.81
40503 / 50000 elapsed  5 system 0.94 temp  -1.0 hbonds, Rg  30.0 A, potential   250.20
40203 / 50000 elapsed  0 system 0.80 temp  -1.0 hbonds, Rg  26.7 A, potential   222.98
40103 / 50000 elapsed  3 system 0.88 temp  -1.0 hbonds, Rg  24.0 A, potential   251.77
40303 / 50000 elapsed  1 system 0.83 temp  -1.0 hbonds, Rg  20.4 A, potential   212.56
40003 / 50000 elapsed  2 system 0.85 temp  -1.0 hbonds, Rg  22.3 A, potential   236.02
40203 / 50000 elapsed  6 system 0.97 temp  -1.0 hbonds, Rg  20.1 A, potential   266.20
39503 / 50000 elapsed  7 system 1.00 temp  -1.0 hbonds, Rg  20.0 A, potential   297.51
40303 / 50000 elapsed  0 system 0.80 temp  -1.0 hbonds, Rg  25.2 A, potential   208.04
40203 / 50000 elapsed  3 system 0.88 temp  -1.0 hbonds, Rg  21.1 A, potential   245.12
40603 / 50000 elapsed  5 system 0.94 temp  -1.0 hbonds, Rg  28.3 A, potential   227.07
40203 / 50000 elapsed  4 system 0.91 temp  -1.0 hbonds, Rg  23.2 A, potential   249.43
40103 / 50000 elapsed  2 system 0.85 temp  -1.0 hbonds, Rg  23.6 A, potential   258.34
40403 / 50000 elapsed  1 system 0.83 temp  -1.0 hbonds, Rg  22.4 A, potential   192.04
40303 / 50000 elapsed  6 system 0.97 temp  -1.0 hbonds, Rg  23.4 A, potential   300.29
39603 / 50000 elapsed  7 system 1.00 temp  -1.0 hbonds, Rg  19.8 A, potential   322.41
40403 / 50000 elapsed  0 system 0.80 temp  -1.0 hbonds, Rg  25.2 A, potential   202.42
40303 / 50000 elapsed  3 system 0.88 temp  -1.0 hbonds, Rg  21.0 A, potential   231.80
40203 / 50000 elapsed  2 system 0.85 temp  -1.0 hbonds, Rg  22.8 A, potential   191.71
40503 / 50000 elapsed  1 system 0.83 temp  -1.0 hbonds, Rg  21.9 A, potential   234.95
40703 / 50000 elapsed  5 system 0.94 temp  -1.0 hbonds, Rg  27.4 A, potential   301.52
40403 / 50000 elapsed  6 system 0.97 temp  -1.0 hbonds, Rg  25.0 A, potential   266.39
40303 / 50000 elapsed  4 system 0.91 temp  -1.0 hbonds, Rg  25.5 A, potential   270.89
39703 / 50000 elapsed  7 system 1.00 temp  -1.0 hbonds, Rg  22.1 A, potential   320.24
40503 / 50000 elapsed  0 system 0.80 temp  -1.0 hbonds, Rg  23.3 A, potential   229.33
40603 / 50000 elapsed  1 system 0.83 temp  -1.0 hbonds, Rg  22.9 A, potential   209.37
40303 / 50000 elapsed  2 system 0.85 temp  -1.0 hbonds, Rg  21.5 A, potential   249.15
40803 / 50000 elapsed  5 system 0.94 temp  -1.0 hbonds, Rg  22.9 A, potential   294.13
40503 / 50000 elapsed  6 system 0.97 temp  -1.0 hbonds, Rg  22.3 A, potential   300.59
40403 / 50000 elapsed  3 system 0.88 temp  -1.0 hbonds, Rg  21.9 A, potential   235.19
40403 / 50000 elapsed  4 system 0.91 temp  -1.0 hbonds, Rg  25.6 A, potential   254.43
39803 / 50000 elapsed  7 system 1.00 temp  -1.0 hbonds, Rg  22.8 A, potential   294.65
40603 / 50000 elapsed  0 system 0.80 temp  -1.0 hbonds, Rg  26.0 A, potential   223.12
40703 / 50000 elapsed  1 system 0.83 temp  -1.0 hbonds, Rg  22.9 A, potential   244.46
40403 / 50000 elapsed  2 system 0.85 temp  -1.0 hbonds, Rg  22.1 A, potential   233.69
40603 / 50000 elapsed  6 system 0.97 temp  -1.0 hbonds, Rg  24.4 A, potential   285.85
40903 / 50000 elapsed  5 system 0.94 temp  -1.0 hbonds, Rg  24.8 A, potential   271.31
40503 / 50000 elapsed  3 system 0.88 temp  -1.0 hbonds, Rg  24.9 A, potential   242.94
40503 / 50000 elapsed  4 system 0.91 temp  -1.0 hbonds, Rg  24.0 A, potential   274.82
40703 / 50000 elapsed  0 system 0.80 temp  -1.0 hbonds, Rg  26.6 A, potential   236.66
39903 / 50000 elapsed  7 system 1.00 temp  -1.0 hbonds, Rg  23.3 A, potential   323.48
40503 / 50000 elapsed  2 system 0.85 temp  -1.0 hbonds, Rg  20.9 A, potential   219.53
40703 / 50000 elapsed  6 system 0.97 temp  -1.0 hbonds, Rg  22.0 A, potential   265.78
40803 / 50000 elapsed  1 system 0.83 temp  -1.0 hbonds, Rg  23.7 A, potential   225.87
40603 / 50000 elapsed  3 system 0.88 temp  -1.0 hbonds, Rg  23.1 A, potential   221.87
41003 / 50000 elapsed  5 system 0.94 temp  -1.0 hbonds, Rg  24.3 A, potential   262.01
40603 / 50000 elapsed  4 system 0.91 temp  -1.0 hbonds, Rg  23.8 A, potential   255.55
40803 / 50000 elapsed  0 system 0.80 temp  -1.0 hbonds, Rg  25.4 A, potential   200.89
40603 / 50000 elapsed  2 system 0.85 temp  -1.0 hbonds, Rg  26.1 A, potential   213.88
40003 / 50000 elapsed  7 system 1.00 temp  -1.0 hbonds, Rg  24.1 A, potential   263.74
40703 / 50000 elapsed  3 system 0.88 temp  -1.0 hbonds, Rg  21.9 A, potential   240.99
40803 / 50000 elapsed  6 system 0.97 temp  -1.0 hbonds, Rg  25.1 A, potential   270.44
40703 / 50000 elapsed  4 system 0.91 temp  -1.0 hbonds, Rg  27.1 A, potential   263.65
40903 / 50000 elapsed  1 system 0.83 temp  -1.0 hbonds, Rg  25.5 A, potential   207.17
40903 / 50000 elapsed  0 system 0.80 temp  -1.0 hbonds, Rg  25.4 A, potential   242.94
41103 / 50000 elapsed  5 system 0.94 temp  -1.0 hbonds, Rg  22.6 A, potential   302.85
40103 / 50000 elapsed  7 system 1.00 temp  -1.0 hbonds, Rg  25.6 A, potential   314.92
40703 / 50000 elapsed  2 system 0.85 temp  -1.0 hbonds, Rg  26.0 A, potential   213.48
40903 / 50000 elapsed  6 system 0.97 temp  -1.0 hbonds, Rg  26.1 A, potential   275.49
40803 / 50000 elapsed  4 system 0.91 temp  -1.0 hbonds, Rg  28.3 A, potential   274.16
40803 / 50000 elapsed  3 system 0.88 temp  -1.0 hbonds, Rg  23.1 A, potential   237.47
41003 / 50000 elapsed  1 system 0.83 temp  -1.0 hbonds, Rg  25.4 A, potential   257.38
41003 / 50000 elapsed  0 system 0.80 temp  -1.0 hbonds, Rg  28.1 A, potential   223.71
41203 / 50000 elapsed  5 system 0.94 temp  -1.0 hbonds, Rg  20.1 A, potential   282.01
40203 / 50000 elapsed  7 system 1.00 temp  -1.0 hbonds, Rg  25.8 A, potential   302.39
40803 / 50000 elapsed  2 system 0.85 temp  -1.0 hbonds, Rg  23.0 A, potential   237.72
40903 / 50000 elapsed  3 system 0.88 temp  -1.0 hbonds, Rg  23.0 A, potential   223.67
41003 / 50000 elapsed  6 system 0.97 temp  -1.0 hbonds, Rg  26.2 A, potential   264.25
40903 / 50000 elapsed  4 system 0.91 temp  -1.0 hbonds, Rg  28.6 A, potential   266.08
41103 / 50000 elapsed  1 system 0.83 temp  -1.0 hbonds, Rg  25.0 A, potential   221.83
41103 / 50000 elapsed  0 system 0.80 temp  -1.0 hbonds, Rg  29.2 A, potential   206.16
41303 / 50000 elapsed  5 system 0.94 temp  -1.0 hbonds, Rg  20.0 A, potential   293.48
40903 / 50000 elapsed  2 system 0.85 temp  -1.0 hbonds, Rg  24.1 A, potential   208.15
41003 / 50000 elapsed  3 system 0.88 temp  -1.0 hbonds, Rg  22.4 A, potential   254.26
40303 / 50000 elapsed  7 system 1.00 temp  -1.0 hbonds, Rg  26.5 A, potential   298.08
41203 / 50000 elapsed  0 system 0.80 temp  -1.0 hbonds, Rg  31.8 A, potential   208.07
41103 / 50000 elapsed  6 system 0.97 temp  -1.0 hbonds, Rg  26.7 A, potential   272.63
41403 / 50000 elapsed  5 system 0.94 temp  -1.0 hbonds, Rg  21.3 A, potential   279.56
41203 / 50000 elapsed  1 system 0.83 temp  -1.0 hbonds, Rg  27.1 A, potential   215.85
41003 / 50000 elapsed  4 system 0.91 temp  -1.0 hbonds, Rg  30.4 A, potential   295.31
41103 / 50000 elapsed  3 system 0.88 temp  -1.0 hbonds, Rg  23.2 A, potential   212.30
41003 / 50000 elapsed  2 system 0.85 temp  -1.0 hbonds, Rg  22.5 A, potential   235.95
40403 / 50000 elapsed  7 system 1.00 temp  -1.0 hbonds, Rg  25.0 A, potential   316.80
41303 / 50000 elapsed  0 system 0.80 temp  -1.0 hbonds, Rg  33.7 A, potential   215.05
41503 / 50000 elapsed  5 system 0.94 temp  -1.0 hbonds, Rg  21.6 A, potential   272.65
41203 / 50000 elapsed  6 system 0.97 temp  -1.0 hbonds, Rg  30.7 A, potential   262.76
41103 / 50000 elapsed  4 system 0.91 temp  -1.0 hbonds, Rg  29.4 A, potential   284.34
41303 / 50000 elapsed  1 system 0.83 temp  -1.0 hbonds, Rg  26.8 A, potential   223.41
41203 / 50000 elapsed  3 system 0.88 temp  -1.0 hbonds, Rg  23.8 A, potential   236.59
41103 / 50000 elapsed  2 system 0.85 temp  -1.0 hbonds, Rg  24.5 A, potential   231.23
40503 / 50000 elapsed  7 system 1.00 temp  -1.0 hbonds, Rg  23.7 A, potential   320.09
41603 / 50000 elapsed  5 system 0.94 temp  -1.0 hbonds, Rg  22.0 A, potential   258.64
41403 / 50000 elapsed  0 system 0.80 temp  -1.0 hbonds, Rg  33.2 A, potential   209.41
41303 / 50000 elapsed  3 system 0.88 temp  -1.0 hbonds, Rg  24.7 A, potential   253.84
41403 / 50000 elapsed  1 system 0.83 temp  -1.0 hbonds, Rg  27.9 A, potential   219.79
41303 / 50000 elapsed  6 system 0.97 temp  -1.0 hbonds, Rg  29.6 A, potential   258.20
41203 / 50000 elapsed  2 system 0.85 temp  -1.0 hbonds, Rg  26.5 A, potential   223.41
41203 / 50000 elapsed  4 system 0.91 temp  -1.0 hbonds, Rg  29.6 A, potential   252.28
41703 / 50000 elapsed  5 system 0.94 temp  -1.0 hbonds, Rg  22.7 A, potential   254.70
41503 / 50000 elapsed  0 system 0.80 temp  -1.0 hbonds, Rg  34.6 A, potential   243.03
40603 / 50000 elapsed  7 system 1.00 temp  -1.0 hbonds, Rg  23.4 A, potential   293.54
41303 / 50000 elapsed  2 system 0.85 temp  -1.0 hbonds, Rg  25.8 A, potential   231.23
41403 / 50000 elapsed  6 system 0.97 temp  -1.0 hbonds, Rg  29.4 A, potential   258.91
41503 / 50000 elapsed  1 system 0.83 temp  -1.0 hbonds, Rg  29.8 A, potential   220.36
41303 / 50000 elapsed  4 system 0.91 temp  -1.0 hbonds, Rg  30.2 A, potential   224.21
41403 / 50000 elapsed  3 system 0.88 temp  -1.0 hbonds, Rg  26.6 A, potential   232.16
41803 / 50000 elapsed  5 system 0.94 temp  -1.0 hbonds, Rg  23.6 A, potential   252.41
40703 / 50000 elapsed  7 system 1.00 temp  -1.0 hbonds, Rg  23.8 A, potential   290.00
41603 / 50000 elapsed  0 system 0.80 temp  -1.0 hbonds, Rg  35.0 A, potential   202.67
41403 / 50000 elapsed  2 system 0.85 temp  -1.0 hbonds, Rg  25.4 A, potential   256.81
41503 / 50000 elapsed  6 system 0.97 temp  -1.0 hbonds, Rg  27.9 A, potential   276.72
41603 / 50000 elapsed  1 system 0.83 temp  -1.0 hbonds, Rg  31.7 A, potential   220.26
40803 / 50000 elapsed  7 system 1.00 temp  -1.0 hbonds, Rg  23.8 A, potential   327.86
41903 / 50000 elapsed  5 system 0.94 temp  -1.0 hbonds, Rg  24.2 A, potential   296.06
41503 / 50000 elapsed  3 system 0.88 temp  -1.0 hbonds, Rg  26.0 A, potential   241.47
41403 / 50000 elapsed  4 system 0.91 temp  -1.0 hbonds, Rg  33.9 A, potential   268.92
41603 / 50000 elapsed  6 system 0.97 temp  -1.0 hbonds, Rg  31.2 A, potential   258.03
41503 / 50000 elapsed  2 system 0.85 temp  -1.0 hbonds, Rg  22.4 A, potential   239.63
41703 / 50000 elapsed  0 system 0.80 temp  -1.0 hbonds, Rg  32.4 A, potential   215.88
40903 / 50000 elapsed  7 system 1.00 temp  -1.0 hbonds, Rg  23.8 A, potential   304.27
42003 / 50000 elapsed  5 system 0.94 temp  -1.0 hbonds, Rg  25.2 A, potential   248.68
41703 / 50000 elapsed  1 system 0.83 temp  -1.0 hbonds, Rg  28.8 A, potential   208.81
41603 / 50000 elapsed  3 system 0.88 temp  -1.0 hbonds, Rg  25.9 A, potential   232.57
41503 / 50000 elapsed  4 system 0.91 temp  -1.0 hbonds, Rg  33.1 A, potential   268.08
41603 / 50000 elapsed  2 system 0.85 temp  -1.0 hbonds, Rg  25.3 A, potential   231.56
41703 / 50000 elapsed  6 system 0.97 temp  -1.0 hbonds, Rg  31.0 A, potential   284.31
41803 / 50000 elapsed  0 system 0.80 temp  -1.0 hbonds, Rg  32.9 A, potential   198.24
42103 / 50000 elapsed  5 system 0.94 temp  -1.0 hbonds, Rg  29.8 A, potential   246.29
41003 / 50000 elapsed  7 system 1.00 temp  -1.0 hbonds, Rg  23.1 A, potential   329.44
41803 / 50000 elapsed  1 system 0.83 temp  -1.0 hbonds, Rg  29.2 A, potential   224.28
41703 / 50000 elapsed  3 system 0.88 temp  -1.0 hbonds, Rg  24.9 A, potential   221.15
41603 / 50000 elapsed  4 system 0.91 temp  -1.0 hbonds, Rg  30.8 A, potential   247.39
41703 / 50000 elapsed  2 system 0.85 temp  -1.0 hbonds, Rg  26.9 A, potential   231.68
41803 / 50000 elapsed  6 system 0.97 temp  -1.0 hbonds, Rg  30.4 A, potential   292.50
41903 / 50000 elapsed  0 system 0.80 temp  -1.0 hbonds, Rg  32.9 A, potential   221.93
41103 / 50000 elapsed  7 system 1.00 temp  -1.0 hbonds, Rg  23.2 A, potential   285.20
42203 / 50000 elapsed  5 system 0.94 temp  -1.0 hbonds, Rg  29.7 A, potential   225.49
41903 / 50000 elapsed  1 system 0.83 temp  -1.0 hbonds, Rg  26.1 A, potential   245.18
41803 / 50000 elapsed  3 system 0.88 temp  -1.0 hbonds, Rg  27.5 A, potential   233.84
41903 / 50000 elapsed  6 system 0.97 temp  -1.0 hbonds, Rg  30.2 A, potential   274.42
41803 / 50000 elapsed  2 system 0.85 temp  -1.0 hbonds, Rg  27.0 A, potential   215.62
41703 / 50000 elapsed  4 system 0.91 temp  -1.0 hbonds, Rg  33.0 A, potential   242.52
42003 / 50000 elapsed  0 system 0.80 temp  -1.0 hbonds, Rg  29.5 A, potential   212.66
41203 / 50000 elapsed  7 system 1.00 temp  -1.0 hbonds, Rg  24.7 A, potential   267.35
42303 / 50000 elapsed  5 system 0.94 temp  -1.0 hbonds, Rg  31.7 A, potential   258.87
42003 / 50000 elapsed  1 system 0.83 temp  -1.0 hbonds, Rg  24.8 A, potential   219.41
42003 / 50000 elapsed  6 system 0.97 temp  -1.0 hbonds, Rg  28.6 A, potential   278.48
41903 / 50000 elapsed  2 system 0.85 temp  -1.0 hbonds, Rg  28.8 A, potential   227.15
41803 / 50000 elapsed  4 system 0.91 temp  -1.0 hbonds, Rg  32.6 A, potential   237.82
41903 / 50000 elapsed  3 system 0.88 temp  -1.0 hbonds, Rg  29.5 A, potential   287.48
42103 / 50000 elapsed  0 system 0.80 temp  -1.0 hbonds, Rg  28.7 A, potential   203.14
41303 / 50000 elapsed  7 system 1.00 temp  -1.0 hbonds, Rg  24.9 A, potential   311.85
42103 / 50000 elapsed  6 system 0.97 temp  -1.0 hbonds, Rg  28.3 A, potential   288.91
42003 / 50000 elapsed  2 system 0.85 temp  -1.0 hbonds, Rg  30.0 A, potential   228.10
42403 / 50000 elapsed  5 system 0.94 temp  -1.0 hbonds, Rg  31.9 A, potential   276.22
42103 / 50000 elapsed  1 system 0.83 temp  -1.0 hbonds, Rg  23.1 A, potential   207.64
41903 / 50000 elapsed  4 system 0.91 temp  -1.0 hbonds, Rg  28.6 A, potential   297.39
42003 / 50000 elapsed  3 system 0.88 temp  -1.0 hbonds, Rg  28.2 A, potential   256.31
42203 / 50000 elapsed  0 system 0.80 temp  -1.0 hbonds, Rg  30.4 A, potential   214.08
42203 / 50000 elapsed  6 system 0.97 temp  -1.0 hbonds, Rg  25.3 A, potential   273.65
42103 / 50000 elapsed  2 system 0.85 temp  -1.0 hbonds, Rg  24.6 A, potential   227.55
42503 / 50000 elapsed  5 system 0.94 temp  -1.0 hbonds, Rg  30.8 A, potential   287.11
41403 / 50000 elapsed  7 system 1.00 temp  -1.0 hbonds, Rg  25.8 A, potential   314.09
42203 / 50000 elapsed  1 system 0.83 temp  -1.0 hbonds, Rg  21.1 A, potential   229.45
42103 / 50000 elapsed  3 system 0.88 temp  -1.0 hbonds, Rg  26.1 A, potential   249.98
42003 / 50000 elapsed  4 system 0.91 temp  -1.0 hbonds, Rg  27.1 A, potential   258.60
42303 / 50000 elapsed  6 system 0.97 temp  -1.0 hbonds, Rg  24.9 A, potential   236.49
42303 / 50000 elapsed  0 system 0.80 temp  -1.0 hbonds, Rg  30.4 A, potential   233.64
42203 / 50000 elapsed  2 system 0.85 temp  -1.0 hbonds, Rg  26.1 A, potential   238.69
42603 / 50000 elapsed  5 system 0.94 temp  -1.0 hbonds, Rg  31.8 A, potential   280.88
42203 / 50000 elapsed  3 system 0.88 temp  -1.0 hbonds, Rg  26.9 A, potential   257.04
41503 / 50000 elapsed  7 system 1.00 temp  -1.0 hbonds, Rg  27.5 A, potential   311.77
42303 / 50000 elapsed  1 system 0.83 temp  -1.0 hbonds, Rg  20.0 A, potential   207.34
42403 / 50000 elapsed  6 system 0.97 temp  -1.0 hbonds, Rg  22.4 A, potential   248.91
42103 / 50000 elapsed  4 system 0.91 temp  -1.0 hbonds, Rg  23.8 A, potential   271.25
42303 / 50000 elapsed  2 system 0.85 temp  -1.0 hbonds, Rg  22.8 A, potential   230.02
42703 / 50000 elapsed  5 system 0.94 temp  -1.0 hbonds, Rg  32.0 A, potential   291.24
42403 / 50000 elapsed  0 system 0.80 temp  -1.0 hbonds, Rg  31.8 A, potential   208.04
42303 / 50000 elapsed  3 system 0.88 temp  -1.0 hbonds, Rg  27.6 A, potential   221.29
41603 / 50000 elapsed  7 system 1.00 temp  -1.0 hbonds, Rg  28.1 A, potential   273.78
42503 / 50000 elapsed  6 system 0.97 temp  -1.0 hbonds, Rg  25.4 A, potential   251.71
42403 / 50000 elapsed  2 system 0.85 temp  -1.0 hbonds, Rg  22.5 A, potential   237.14
42403 / 50000 elapsed  1 system 0.83 temp  -1.0 hbonds, Rg  21.3 A, potential   202.66
42803 / 50000 elapsed  5 system 0.94 temp  -1.0 hbonds, Rg  31.2 A, potential   239.26
42203 / 50000 elapsed  4 system 0.91 temp  -1.0 hbonds, Rg  26.2 A, potential   223.36
42403 / 50000 elapsed  3 system 0.88 temp  -1.0 hbonds, Rg  29.8 A, potential   195.92
42503 / 50000 elapsed  0 system 0.80 temp  -1.0 hbonds, Rg  34.3 A, potential   207.21
42503 / 50000 elapsed  2 system 0.85 temp  -1.0 hbonds, Rg  21.1 A, potential   236.85
42503 / 50000 elapsed  1 system 0.83 temp  -1.0 hbonds, Rg  19.1 A, potential   222.46
42903 / 50000 elapsed  5 system 0.94 temp  -1.0 hbonds, Rg  34.9 A, potential   293.59
41703 / 50000 elapsed  7 system 1.00 temp  -1.0 hbonds, Rg  28.1 A, potential   297.09
42603 / 50000 elapsed  6 system 0.97 temp  -1.0 hbonds, Rg  27.8 A, potential   268.92
42303 / 50000 elapsed  4 system 0.91 temp  -1.0 hbonds, Rg  25.4 A, potential   238.22
42503 / 50000 elapsed  3 system 0.88 temp  -1.0 hbonds, Rg  26.4 A, potential   245.42
42603 / 50000 elapsed  2 system 0.85 temp  -1.0 hbonds, Rg  22.3 A, potential   214.03
42603 / 50000 elapsed  0 system 0.80 temp  -1.0 hbonds, Rg  35.2 A, potential   199.17
42603 / 50000 elapsed  1 system 0.83 temp  -1.0 hbonds, Rg  20.9 A, potential   242.17
43003 / 50000 elapsed  5 system 0.94 temp  -1.0 hbonds, Rg  36.9 A, potential   276.64
41803 / 50000 elapsed  7 system 1.00 temp  -1.0 hbonds, Rg  28.0 A, potential   301.56
42703 / 50000 elapsed  6 system 0.97 temp  -1.0 hbonds, Rg  28.1 A, potential   286.77
42603 / 50000 elapsed  3 system 0.88 temp  -1.0 hbonds, Rg  27.2 A, potential   234.44
42403 / 50000 elapsed  4 system 0.91 temp  -1.0 hbonds, Rg  28.5 A, potential   235.95
42703 / 50000 elapsed  0 system 0.80 temp  -1.0 hbonds, Rg  34.1 A, potential   199.92
42703 / 50000 elapsed  2 system 0.85 temp  -1.0 hbonds, Rg  19.4 A, potential   220.51
43103 / 50000 elapsed  5 system 0.94 temp  -1.0 hbonds, Rg  35.6 A, potential   288.20
41903 / 50000 elapsed  7 system 1.00 temp  -1.0 hbonds, Rg  24.3 A, potential   285.62
42703 / 50000 elapsed  1 system 0.83 temp  -1.0 hbonds, Rg  23.0 A, potential   227.21
42703 / 50000 elapsed  3 system 0.88 temp  -1.0 hbonds, Rg  30.7 A, potential   244.73
42803 / 50000 elapsed  6 system 0.97 temp  -1.0 hbonds, Rg  28.3 A, potential   246.26
42503 / 50000 elapsed  4 system 0.91 temp  -1.0 hbonds, Rg  25.4 A, potential   246.60
42803 / 50000 elapsed  0 system 0.80 temp  -1.0 hbonds, Rg  31.1 A, potential   188.55
42003 / 50000 elapsed  7 system 1.00 temp  -1.0 hbonds, Rg  22.8 A, potential   313.44
43203 / 50000 elapsed  5 system 0.94 temp  -1.0 hbonds, Rg  34.8 A, potential   262.75
42803 / 50000 elapsed  1 system 0.83 temp  -1.0 hbonds, Rg  25.9 A, potential   196.41
42803 / 50000 elapsed  2 system 0.85 temp  -1.0 hbonds, Rg  20.1 A, potential   220.90
42803 / 50000 elapsed  3 system 0.88 temp  -1.0 hbonds, Rg  29.9 A, potential   227.36
42903 / 50000 elapsed  0 system 0.80 temp  -1.0 hbonds, Rg  32.5 A, potential   213.09
42103 / 50000 elapsed  7 system 1.00 temp  -1.0 hbonds, Rg  24.4 A, potential   317.26
42903 / 50000 elapsed  6 system 0.97 temp  -1.0 hbonds, Rg  29.9 A, potential   238.73
42603 / 50000 elapsed  4 system 0.91 temp  -1.0 hbonds, Rg  27.4 A, potential   275.51
42903 / 50000 elapsed  1 system 0.83 temp  -1.0 hbonds, Rg  25.3 A, potential   227.04
43303 / 50000 elapsed  5 system 0.94 temp  -1.0 hbonds, Rg  37.5 A, potential   276.78
42903 / 50000 elapsed  3 system 0.88 temp  -1.0 hbonds, Rg  30.6 A, potential   226.45
42903 / 50000 elapsed  2 system 0.85 temp  -1.0 hbonds, Rg  19.8 A, potential   203.37
43003 / 50000 elapsed  0 system 0.80 temp  -1.0 hbonds, Rg  32.6 A, potential   223.25
42203 / 50000 elapsed  7 system 1.00 temp  -1.0 hbonds, Rg  22.9 A, potential   284.76
43003 / 50000 elapsed  1 system 0.83 temp  -1.0 hbonds, Rg  25.7 A, potential   230.54
43003 / 50000 elapsed  6 system 0.97 temp  -1.0 hbonds, Rg  27.2 A, potential   279.36
42703 / 50000 elapsed  4 system 0.91 temp  -1.0 hbonds, Rg  25.1 A, potential   229.10
43403 / 50000 elapsed  5 system 0.94 temp  -1.0 hbonds, Rg  40.2 A, potential   260.88
43003 / 50000 elapsed  3 system 0.88 temp  -1.0 hbonds, Rg  30.7 A, potential   232.32
43003 / 50000 elapsed  2 system 0.85 temp  -1.0 hbonds, Rg  21.7 A, potential   236.87
43103 / 50000 elapsed  0 system 0.80 temp  -1.0 hbonds, Rg  34.4 A, potential   218.66
42303 / 50000 elapsed  7 system 1.00 temp  -1.0 hbonds, Rg  27.1 A, potential   278.56
43103 / 50000 elapsed  6 system 0.97 temp  -1.0 hbonds, Rg  27.8 A, potential   294.73
42803 / 50000 elapsed  4 system 0.91 temp  -1.0 hbonds, Rg  21.7 A, potential   252.39
43103 / 50000 elapsed  1 system 0.83 temp  -1.0 hbonds, Rg  26.4 A, potential   229.13
43503 / 50000 elapsed  5 system 0.94 temp  -1.0 hbonds, Rg  40.8 A, potential   239.94
43103 / 50000 elapsed  3 system 0.88 temp  -1.0 hbonds, Rg  31.1 A, potential   256.16
42403 / 50000 elapsed  7 system 1.00 temp  -1.0 hbonds, Rg  28.5 A, potential   292.74
43103 / 50000 elapsed  2 system 0.85 temp  -1.0 hbonds, Rg  22.8 A, potential   226.19
43203 / 50000 elapsed  0 system 0.80 temp  -1.0 hbonds, Rg  32.7 A, potential   203.98
43203 / 50000 elapsed  6 system 0.97 temp  -1.0 hbonds, Rg  24.4 A, potential   248.71
42903 / 50000 elapsed  4 system 0.91 temp  -1.0 hbonds, Rg  23.7 A, potential   298.21
43203 / 50000 elapsed  1 system 0.83 temp  -1.0 hbonds, Rg  26.0 A, potential   236.10
43603 / 50000 elapsed  5 system 0.94 temp  -1.0 hbonds, Rg  39.5 A, potential   228.15
42503 / 50000 elapsed  7 system 1.00 temp  -1.0 hbonds, Rg  30.5 A, potential   283.79
43203 / 50000 elapsed  2 system 0.85 temp  -1.0 hbonds, Rg  19.6 A, potential   200.10
43203 / 50000 elapsed  3 system 0.88 temp  -1.0 hbonds, Rg  31.0 A, potential   231.60
43303 / 50000 elapsed  6 system 0.97 temp  -1.0 hbonds, Rg  25.6 A, potential   263.90
43303 / 50000 elapsed  0 system 0.80 temp  -1.0 hbonds, Rg  35.0 A, potential   186.28
43303 / 50000 elapsed  1 system 0.83 temp  -1.0 hbonds, Rg  25.1 A, potential   224.67
43003 / 50000 elapsed  4 system 0.91 temp  -1.0 hbonds, Rg  22.8 A, potential   268.14
42603 / 50000 elapsed  7 system 1.00 temp  -1.0 hbonds, Rg  30.5 A, potential   274.66
43303 / 50000 elapsed  2 system 0.85 temp  -1.0 hbonds, Rg  20.2 A, potential   246.23
43703 / 50000 elapsed  5 system 0.94 temp  -1.0 hbonds, Rg  39.1 A, potential   278.19
43303 / 50000 elapsed  3 system 0.88 temp  -1.0 hbonds, Rg  32.8 A, potential   287.66
43403 / 50000 elapsed  6 system 0.97 temp  -1.0 hbonds, Rg  26.5 A, potential   276.59
43103 / 50000 elapsed  4 system 0.91 temp  -1.0 hbonds, Rg  22.5 A, potential   264.29
43403 / 50000 elapsed  1 system 0.83 temp  -1.0 hbonds, Rg  27.5 A, potential   223.35
43403 / 50000 elapsed  0 system 0.80 temp  -1.0 hbonds, Rg  35.9 A, potential   209.70
42703 / 50000 elapsed  7 system 1.00 temp  -1.0 hbonds, Rg  31.5 A, potential   314.98
43403 / 50000 elapsed  2 system 0.85 temp  -1.0 hbonds, Rg  19.5 A, potential   242.90
43804 / 50000 elapsed  5 system 0.94 temp  -1.0 hbonds, Rg  37.8 A, potential   304.24
43403 / 50000 elapsed  3 system 0.88 temp  -1.0 hbonds, Rg  32.2 A, potential   242.20
43503 / 50000 elapsed  6 system 0.97 temp  -1.0 hbonds, Rg  26.2 A, potential   262.08
43203 / 50000 elapsed  4 system 0.91 temp  -1.0 hbonds, Rg  23.9 A, potential   243.95
43503 / 50000 elapsed  1 system 0.83 temp  -1.0 hbonds, Rg  28.1 A, potential   217.01
43503 / 50000 elapsed  2 system 0.85 temp  -1.0 hbonds, Rg  19.3 A, potential   231.24
43503 / 50000 elapsed  0 system 0.80 temp  -1.0 hbonds, Rg  32.4 A, potential   225.79
42803 / 50000 elapsed  7 system 1.00 temp  -1.0 hbonds, Rg  30.1 A, potential   287.46
43904 / 50000 elapsed  5 system 0.94 temp  -1.0 hbonds, Rg  36.8 A, potential   279.65
43603 / 50000 elapsed  6 system 0.97 temp  -1.0 hbonds, Rg  26.0 A, potential   309.74
43503 / 50000 elapsed  3 system 0.88 temp  -1.0 hbonds, Rg  33.9 A, potential   264.02
43303 / 50000 elapsed  4 system 0.91 temp  -1.0 hbonds, Rg  25.5 A, potential   264.43
43603 / 50000 elapsed  2 system 0.85 temp  -1.0 hbonds, Rg  17.8 A, potential   205.53
43603 / 50000 elapsed  1 system 0.83 temp  -1.0 hbonds, Rg  27.6 A, potential   236.06
43603 / 50000 elapsed  0 system 0.80 temp  -1.0 hbonds, Rg  31.5 A, potential   199.63
43703 / 50000 elapsed  6 system 0.97 temp  -1.0 hbonds, Rg  26.2 A, potential   252.27
43603 / 50000 elapsed  3 system 0.88 temp  -1.0 hbonds, Rg  35.9 A, potential   237.13
42903 / 50000 elapsed  7 system 1.00 temp  -1.0 hbonds, Rg  30.7 A, potential   261.88
44004 / 50000 elapsed  5 system 0.94 temp  -1.0 hbonds, Rg  33.8 A, potential   231.87
43403 / 50000 elapsed  4 system 0.91 temp  -1.0 hbonds, Rg  24.6 A, potential   279.40
43703 / 50000 elapsed  2 system 0.85 temp  -1.0 hbonds, Rg  20.9 A, potential   232.39
43703 / 50000 elapsed  1 system 0.83 temp  -1.0 hbonds, Rg  26.5 A, potential   197.41
43703 / 50000 elapsed  0 system 0.80 temp  -1.0 hbonds, Rg  31.9 A, potential   224.74
43804 / 50000 elapsed  6 system 0.97 temp  -1.0 hbonds, Rg  28.9 A, potential   247.14
43703 / 50000 elapsed  3 system 0.88 temp  -1.0 hbonds, Rg  36.3 A, potential   232.09
44104 / 50000 elapsed  5 system 0.94 temp  -1.0 hbonds, Rg  30.6 A, potential   241.57
43003 / 50000 elapsed  7 system 1.00 temp  -1.0 hbonds, Rg  30.2 A, potential   258.67
43804 / 50000 elapsed  2 system 0.85 temp  -1.0 hbonds, Rg  20.7 A, potential   202.90
43503 / 50000 elapsed  4 system 0.91 temp  -1.0 hbonds, Rg  26.8 A, potential   236.97
43804 / 50000 elapsed  0 system 0.80 temp  -1.0 hbonds, Rg  33.7 A, potential   220.46
43904 / 50000 elapsed  6 system 0.97 temp  -1.0 hbonds, Rg  27.4 A, potential   272.46
43804 / 50000 elapsed  1 system 0.83 temp  -1.0 hbonds, Rg  26.0 A, potential   213.43
44204 / 50000 elapsed  5 system 0.94 temp  -1.0 hbonds, Rg  33.4 A, potential   261.46
43103 / 50000 elapsed  7 system 1.00 temp  -1.0 hbonds, Rg  27.7 A, potential   283.99
43804 / 50000 elapsed  3 system 0.88 temp  -1.0 hbonds, Rg  36.9 A, potential   242.18
43603 / 50000 elapsed  4 system 0.91 temp  -1.0 hbonds, Rg  22.8 A, potential   223.95
43904 / 50000 elapsed  2 system 0.85 temp  -1.0 hbonds, Rg  20.4 A, potential   225.63
43904 / 50000 elapsed  0 system 0.80 temp  -1.0 hbonds, Rg  34.9 A, potential   235.23
44004 / 50000 elapsed  6 system 0.97 temp  -1.0 hbonds, Rg  28.2 A, potential   278.98
44304 / 50000 elapsed  5 system 0.94 temp  -1.0 hbonds, Rg  31.2 A, potential   266.55
43904 / 50000 elapsed  1 system 0.83 temp  -1.0 hbonds, Rg  26.1 A, potential   221.83
43203 / 50000 elapsed  7 system 1.00 temp  -1.0 hbonds, Rg  26.9 A, potential   279.96
43904 / 50000 elapsed  3 system 0.88 temp  -1.0 hbonds, Rg  35.6 A, potential   212.08
43703 / 50000 elapsed  4 system 0.91 temp  -1.0 hbonds, Rg  25.5 A, potential   241.67
44004 / 50000 elapsed  2 system 0.85 temp  -1.0 hbonds, Rg  21.1 A, potential   208.74
44004 / 50000 elapsed  0 system 0.80 temp  -1.0 hbonds, Rg  35.7 A, potential   210.34
44104 / 50000 elapsed  6 system 0.97 temp  -1.0 hbonds, Rg  29.5 A, potential   271.73
44004 / 50000 elapsed  1 system 0.83 temp  -1.0 hbonds, Rg  26.6 A, potential   254.63
44404 / 50000 elapsed  5 system 0.94 temp  -1.0 hbonds, Rg  29.0 A, potential   250.30
43303 / 50000 elapsed  7 system 1.00 temp  -1.0 hbonds, Rg  27.9 A, potential   283.83
43804 / 50000 elapsed  4 system 0.91 temp  -1.0 hbonds, Rg  24.4 A, potential   253.35
44104 / 50000 elapsed  2 system 0.85 temp  -1.0 hbonds, Rg  20.6 A, potential   240.45
44004 / 50000 elapsed  3 system 0.88 temp  -1.0 hbonds, Rg  32.8 A, potential   264.38
44204 / 50000 elapsed  6 system 0.97 temp  -1.0 hbonds, Rg  29.1 A, potential   284.03
44104 / 50000 elapsed  0 system 0.80 temp  -1.0 hbonds, Rg  34.9 A, potential   232.90
44104 / 50000 elapsed  1 system 0.83 temp  -1.0 hbonds, Rg  24.9 A, potential   225.40
44504 / 50000 elapsed  5 system 0.94 temp  -1.0 hbonds, Rg  27.0 A, potential   265.53
43403 / 50000 elapsed  7 system 1.00 temp  -1.0 hbonds, Rg  26.8 A, potential   272.52
43904 / 50000 elapsed  4 system 0.91 temp  -1.0 hbonds, Rg  23.2 A, potential   270.29
44204 / 50000 elapsed  2 system 0.85 temp  -1.0 hbonds, Rg  22.8 A, potential   228.64
44104 / 50000 elapsed  3 system 0.88 temp  -1.0 hbonds, Rg  33.2 A, potential   258.90
44304 / 50000 elapsed  6 system 0.97 temp  -1.0 hbonds, Rg  25.7 A, potential   260.28
44204 / 50000 elapsed  0 system 0.80 temp  -1.0 hbonds, Rg  33.0 A, potential   202.70
44204 / 50000 elapsed  1 system 0.83 temp  -1.0 hbonds, Rg  26.2 A, potential   206.07
44604 / 50000 elapsed  5 system 0.94 temp  -1.0 hbonds, Rg  30.0 A, potential   248.66
43503 / 50000 elapsed  7 system 1.00 temp  -1.0 hbonds, Rg  29.1 A, potential   279.39
44004 / 50000 elapsed  4 system 0.91 temp  -1.0 hbonds, Rg  23.7 A, potential   234.40
44304 / 50000 elapsed  2 system 0.85 temp  -1.0 hbonds, Rg  24.4 A, potential   232.53
44404 / 50000 elapsed  6 system 0.97 temp  -1.0 hbonds, Rg  25.3 A, potential   310.50
44204 / 50000 elapsed  3 system 0.88 temp  -1.0 hbonds, Rg  33.6 A, potential   215.53
44304 / 50000 elapsed  1 system 0.83 temp  -1.0 hbonds, Rg  26.1 A, potential   202.67
44304 / 50000 elapsed  0 system 0.80 temp  -1.0 hbonds, Rg  36.3 A, potential   195.11
44704 / 50000 elapsed  5 system 0.94 temp  -1.0 hbonds, Rg  29.9 A, potential   296.94
43603 / 50000 elapsed  7 system 1.00 temp  -1.0 hbonds, Rg  30.5 A, potential   285.32
44504 / 50000 elapsed  6 system 0.97 temp  -1.0 hbonds, Rg  26.4 A, potential   270.93
44404 / 50000 elapsed  2 system 0.85 temp  -1.0 hbonds, Rg  24.0 A, potential   243.29
44104 / 50000 elapsed  4 system 0.91 temp  -1.0 hbonds, Rg  25.4 A, potential   218.01
44304 / 50000 elapsed  3 system 0.88 temp  -1.0 hbonds, Rg  32.8 A, potential   224.56
44404 / 50000 elapsed  0 system 0.80 temp  -1.0 hbonds, Rg  35.0 A, potential   199.30
44404 / 50000 elapsed  1 system 0.83 temp  -1.0 hbonds, Rg  26.5 A, potential   194.41
44804 / 50000 elapsed  5 system 0.94 temp  -1.0 hbonds, Rg  27.5 A, potential   289.06
43703 / 50000 elapsed  7 system 1.00 temp  -1.0 hbonds, Rg  33.7 A, potential   273.29
44204 / 50000 elapsed  4 system 0.91 temp  -1.0 hbonds, Rg  22.4 A, potential   255.87
44504 / 50000 elapsed  2 system 0.85 temp  -1.0 hbonds, Rg  23.8 A, potential   226.43
44604 / 50000 elapsed  6 system 0.97 temp  -1.0 hbonds, Rg  26.4 A, potential   254.14
44404 / 50000 elapsed  3 system 0.88 temp  -1.0 hbonds, Rg  33.6 A, potential   261.17
44504 / 50000 elapsed  0 system 0.80 temp  -1.0 hbonds, Rg  33.3 A, potential   217.02
44504 / 50000 elapsed  1 system 0.83 temp  -1.0 hbonds, Rg  26.3 A, potential   226.10
43804 / 50000 elapsed  7 system 1.00 temp  -1.0 hbonds, Rg  32.2 A, potential   259.99
44904 / 50000 elapsed  5 system 0.94 temp  -1.0 hbonds, Rg  25.9 A, potential   280.26
44304 / 50000 elapsed  4 system 0.91 temp  -1.0 hbonds, Rg  22.9 A, potential   249.59
44704 / 50000 elapsed  6 system 0.97 temp  -1.0 hbonds, Rg  26.0 A, potential   285.86
44604 / 50000 elapsed  2 system 0.85 temp  -1.0 hbonds, Rg  21.9 A, potential   210.26
44604 / 50000 elapsed  0 system 0.80 temp  -1.0 hbonds, Rg  32.8 A, potential   177.20
44504 / 50000 elapsed  3 system 0.88 temp  -1.0 hbonds, Rg  32.4 A, potential   263.58
44604 / 50000 elapsed  1 system 0.83 temp  -1.0 hbonds, Rg  29.4 A, potential   188.79
44404 / 50000 elapsed  4 system 0.91 temp  -1.0 hbonds, Rg  25.0 A, potential   251.62
45004 / 50000 elapsed  5 system 0.94 temp  -1.0 hbonds, Rg  23.8 A, potential   273.99
44804 / 50000 elapsed  6 system 0.97 temp  -1.0 hbonds, Rg  25.1 A, potential   247.76
43904 / 50000 elapsed  7 system 1.00 temp  -1.0 hbonds, Rg  29.9 A, potential   304.77
44704 / 50000 elapsed  2 system 0.85 temp  -1.0 hbonds, Rg  22.7 A, potential   226.34
44704 / 50000 elapsed  0 system 0.80 temp  -1.0 hbonds, Rg  32.8 A, potential   213.03
44704 / 50000 elapsed  1 system 0.83 temp  -1.0 hbonds, Rg  27.3 A, potential   230.68
45104 / 50000 elapsed  5 system 0.94 temp  -1.0 hbonds, Rg  21.8 A, potential   278.75
44604 / 50000 elapsed  3 system 0.88 temp  -1.0 hbonds, Rg  29.8 A, potential   218.87
44504 / 50000 elapsed  4 system 0.91 temp  -1.0 hbonds, Rg  25.4 A, potential   229.72
44904 / 50000 elapsed  6 system 0.97 temp  -1.0 hbonds, Rg  25.9 A, potential   231.10
44004 / 50000 elapsed  7 system 1.00 temp  -1.0 hbonds, Rg  29.7 A, potential   309.88
44804 / 50000 elapsed  2 system 0.85 temp  -1.0 hbonds, Rg  23.8 A, potential   229.78
44804 / 50000 elapsed  1 system 0.83 temp  -1.0 hbonds, Rg  24.6 A, potential   221.29
45204 / 50000 elapsed  5 system 0.94 temp  -1.0 hbonds, Rg  23.7 A, potential   268.23
44604 / 50000 elapsed  4 system 0.91 temp  -1.0 hbonds, Rg  23.8 A, potential   246.03
44804 / 50000 elapsed  0 system 0.80 temp  -1.0 hbonds, Rg  32.9 A, potential   187.27
44704 / 50000 elapsed  3 system 0.88 temp  -1.0 hbonds, Rg  29.8 A, potential   230.08
45004 / 50000 elapsed  6 system 0.97 temp  -1.0 hbonds, Rg  24.5 A, potential   269.26
44104 / 50000 elapsed  7 system 1.00 temp  -1.0 hbonds, Rg  30.8 A, potential   261.84
44904 / 50000 elapsed  2 system 0.85 temp  -1.0 hbonds, Rg  23.3 A, potential   219.17
45304 / 50000 elapsed  5 system 0.94 temp  -1.0 hbonds, Rg  23.3 A, potential   231.68
44904 / 50000 elapsed  1 system 0.83 temp  -1.0 hbonds, Rg  24.8 A, potential   216.27
44704 / 50000 elapsed  4 system 0.91 temp  -1.0 hbonds, Rg  21.6 A, potential   241.06
44804 / 50000 elapsed  3 system 0.88 temp  -1.0 hbonds, Rg  28.4 A, potential   266.48
44904 / 50000 elapsed  0 system 0.80 temp  -1.0 hbonds, Rg  34.8 A, potential   212.94
45104 / 50000 elapsed  6 system 0.97 temp  -1.0 hbonds, Rg  25.2 A, potential   277.34
45004 / 50000 elapsed  2 system 0.85 temp  -1.0 hbonds, Rg  24.4 A, potential   226.53
45404 / 50000 elapsed  5 system 0.94 temp  -1.0 hbonds, Rg  23.8 A, potential   279.57
44204 / 50000 elapsed  7 system 1.00 temp  -1.0 hbonds, Rg  31.3 A, potential   281.88
44804 / 50000 elapsed  4 system 0.91 temp  -1.0 hbonds, Rg  21.5 A, potential   231.18
44904 / 50000 elapsed  3 system 0.88 temp  -1.0 hbonds, Rg  28.8 A, potential   251.73
45004 / 50000 elapsed  1 system 0.83 temp  -1.0 hbonds, Rg  25.8 A, potential   218.13
45004 / 50000 elapsed  0 system 0.80 temp  -1.0 hbonds, Rg  34.3 A, potential   183.82
45204 / 50000 elapsed  6 system 0.97 temp  -1.0 hbonds, Rg  22.8 A, potential   276.91
45104 / 50000 elapsed  2 system 0.85 temp  -1.0 hbonds, Rg  23.7 A, potential   254.31
45504 / 50000 elapsed  5 system 0.94 temp  -1.0 hbonds, Rg  25.5 A, potential   271.11
44304 / 50000 elapsed  7 system 1.00 temp  -1.0 hbonds, Rg  32.6 A, potential   261.52
44904 / 50000 elapsed  4 system 0.91 temp  -1.0 hbonds, Rg  23.1 A, potential   269.98
45004 / 50000 elapsed  3 system 0.88 temp  -1.0 hbonds, Rg  28.7 A, potential   257.88
45104 / 50000 elapsed  1 system 0.83 temp  -1.0 hbonds, Rg  27.7 A, potential   203.54
45104 / 50000 elapsed  0 system 0.80 temp  -1.0 hbonds, Rg  33.3 A, potential   217.14
45204 / 50000 elapsed  2 system 0.85 temp  -1.0 hbonds, Rg  23.7 A, potential   207.32
45304 / 50000 elapsed  6 system 0.97 temp  -1.0 hbonds, Rg  21.7 A, potential   291.52
45604 / 50000 elapsed  5 system 0.94 temp  -1.0 hbonds, Rg  24.1 A, potential   272.26
45104 / 50000 elapsed  3 system 0.88 temp  -1.0 hbonds, Rg  27.2 A, potential   254.26
45004 / 50000 elapsed  4 system 0.91 temp  -1.0 hbonds, Rg  23.8 A, potential   269.58
44404 / 50000 elapsed  7 system 1.00 temp  -1.0 hbonds, Rg  32.1 A, potential   286.39
45204 / 50000 elapsed  1 system 0.83 temp  -1.0 hbonds, Rg  26.5 A, potential   213.06
45404 / 50000 elapsed  6 system 0.97 temp  -1.0 hbonds, Rg  22.4 A, potential   313.31
45204 / 50000 elapsed  0 system 0.80 temp  -1.0 hbonds, Rg  31.8 A, potential   208.71
45704 / 50000 elapsed  5 system 0.94 temp  -1.0 hbonds, Rg  23.9 A, potential   295.97
45304 / 50000 elapsed  2 system 0.85 temp  -1.0 hbonds, Rg  20.9 A, potential   221.88
45104 / 50000 elapsed  4 system 0.91 temp  -1.0 hbonds, Rg  21.9 A, potential   251.10
45204 / 50000 elapsed  3 system 0.88 temp  -1.0 hbonds, Rg  29.3 A, potential   264.07
44504 / 50000 elapsed  7 system 1.00 temp  -1.0 hbonds, Rg  31.1 A, potential   299.19
45504 / 50000 elapsed  6 system 0.97 temp  -1.0 hbonds, Rg  23.8 A, potential   275.30
45304 / 50000 elapsed  1 system 0.83 temp  -1.0 hbonds, Rg  26.5 A, potential   207.50
45404 / 50000 elapsed  2 system 0.85 temp  -1.0 hbonds, Rg  19.7 A, potential   198.42
45304 / 50000 elapsed  0 system 0.80 temp  -1.0 hbonds, Rg  32.2 A, potential   235.96
45804 / 50000 elapsed  5 system 0.94 temp  -1.0 hbonds, Rg  23.0 A, potential   286.82
45204 / 50000 elapsed  4 system 0.91 temp  -1.0 hbonds, Rg  18.3 A, potential   226.29
44604 / 50000 elapsed  7 system 1.00 temp  -1.0 hbonds, Rg  34.2 A, potential   282.40
45304 / 50000 elapsed  3 system 0.88 temp  -1.0 hbonds, Rg  31.3 A, potential   254.32
45604 / 50000 elapsed  6 system 0.97 temp  -1.0 hbonds, Rg  25.1 A, potential   284.82
45404 / 50000 elapsed  1 system 0.83 temp  -1.0 hbonds, Rg  28.5 A, potential   212.89
45504 / 50000 elapsed  2 system 0.85 temp  -1.0 hbonds, Rg  21.8 A, potential   232.52
45404 / 50000 elapsed  0 system 0.80 temp  -1.0 hbonds, Rg  32.0 A, potential   200.27
45904 / 50000 elapsed  5 system 0.94 temp  -1.0 hbonds, Rg  22.9 A, potential   307.12
44704 / 50000 elapsed  7 system 1.00 temp  -1.0 hbonds, Rg  36.6 A, potential   263.21
45404 / 50000 elapsed  3 system 0.88 temp  -1.0 hbonds, Rg  28.0 A, potential   270.26
45304 / 50000 elapsed  4 system 0.91 temp  -1.0 hbonds, Rg  19.1 A, potential   256.08
45704 / 50000 elapsed  6 system 0.97 temp  -1.0 hbonds, Rg  22.4 A, potential   317.40
45504 / 50000 elapsed  1 system 0.83 temp  -1.0 hbonds, Rg  30.1 A, potential   232.02
45504 / 50000 elapsed  0 system 0.80 temp  -1.0 hbonds, Rg  34.2 A, potential   214.84
45604 / 50000 elapsed  2 system 0.85 temp  -1.0 hbonds, Rg  22.0 A, potential   211.16
46004 / 50000 elapsed  5 system 0.94 temp  -1.0 hbonds, Rg  24.9 A, potential   250.96
44804 / 50000 elapsed  7 system 1.00 temp  -1.0 hbonds, Rg  38.3 A, potential   310.98
45504 / 50000 elapsed  3 system 0.88 temp  -1.0 hbonds, Rg  28.2 A, potential   231.26
45404 / 50000 elapsed  4 system 0.91 temp  -1.0 hbonds, Rg  19.1 A, potential   253.07
45804 / 50000 elapsed  6 system 0.97 temp  -1.0 hbonds, Rg  22.9 A, potential   266.29
45604 / 50000 elapsed  1 system 0.83 temp  -1.0 hbonds, Rg  32.2 A, potential   234.23
46104 / 50000 elapsed  5 system 0.94 temp  -1.0 hbonds, Rg  26.0 A, potential   276.86
45604 / 50000 elapsed  0 system 0.80 temp  -1.0 hbonds, Rg  33.0 A, potential   214.96
44904 / 50000 elapsed  7 system 1.00 temp  -1.0 hbonds, Rg  36.6 A, potential   324.21
45604 / 50000 elapsed  3 system 0.88 temp  -1.0 hbonds, Rg  32.3 A, potential   245.81
45704 / 50000 elapsed  2 system 0.85 temp  -1.0 hbonds, Rg  21.5 A, potential   234.53
45504 / 50000 elapsed  4 system 0.91 temp  -1.0 hbonds, Rg  19.9 A, potential   200.47
45904 / 50000 elapsed  6 system 0.97 temp  -1.0 hbonds, Rg  23.8 A, potential   260.93
45704 / 50000 elapsed  1 system 0.83 temp  -1.0 hbonds, Rg  30.2 A, potential   238.30
46204 / 50000 elapsed  5 system 0.94 temp  -1.0 hbonds, Rg  29.3 A, potential   264.74
45004 / 50000 elapsed  7 system 1.00 temp  -1.0 hbonds, Rg  37.0 A, potential   311.48
45704 / 50000 elapsed  0 system 0.80 temp  -1.0 hbonds, Rg  34.0 A, potential   251.92
45804 / 50000 elapsed  2 system 0.85 temp  -1.0 hbonds, Rg  22.7 A, potential   220.64
45704 / 50000 elapsed  3 system 0.88 temp  -1.0 hbonds, Rg  30.0 A, potential   242.26
45604 / 50000 elapsed  4 system 0.91 temp  -1.0 hbonds, Rg  20.8 A, potential   271.21
46004 / 50000 elapsed  6 system 0.97 temp  -1.0 hbonds, Rg  23.3 A, potential   299.11
45104 / 50000 elapsed  7 system 1.00 temp  -1.0 hbonds, Rg  35.7 A, potential   260.68
46304 / 50000 elapsed  5 system 0.94 temp  -1.0 hbonds, Rg  29.0 A, potential   270.99
45804 / 50000 elapsed  3 system 0.88 temp  -1.0 hbonds, Rg  27.8 A, potential   208.78
45904 / 50000 elapsed  2 system 0.85 temp  -1.0 hbonds, Rg  20.8 A, potential   228.12
45804 / 50000 elapsed  1 system 0.83 temp  -1.0 hbonds, Rg  30.5 A, potential   216.68
45804 / 50000 elapsed  0 system 0.80 temp  -1.0 hbonds, Rg  35.5 A, potential   217.62
45704 / 50000 elapsed  4 system 0.91 temp  -1.0 hbonds, Rg  20.4 A, potential   269.87
46404 / 50000 elapsed  5 system 0.94 temp  -1.0 hbonds, Rg  29.1 A, potential   257.62
46104 / 50000 elapsed  6 system 0.97 temp  -1.0 hbonds, Rg  21.4 A, potential   256.63
45204 / 50000 elapsed  7 system 1.00 temp  -1.0 hbonds, Rg  37.8 A, potential   299.86
45904 / 50000 elapsed  3 system 0.88 temp  -1.0 hbonds, Rg  26.7 A, potential   218.36
45904 / 50000 elapsed  0 system 0.80 temp  -1.0 hbonds, Rg  35.5 A, potential   238.81
46004 / 50000 elapsed  2 system 0.85 temp  -1.0 hbonds, Rg  21.1 A, potential   254.40
45904 / 50000 elapsed  1 system 0.83 temp  -1.0 hbonds, Rg  30.9 A, potential   219.43
45804 / 50000 elapsed  4 system 0.91 temp  -1.0 hbonds, Rg  19.8 A, potential   275.24
46204 / 50000 elapsed  6 system 0.97 temp  -1.0 hbonds, Rg  23.7 A, potential   261.37
46504 / 50000 elapsed  5 system 0.94 temp  -1.0 hbonds, Rg  28.7 A, potential   299.26
46004 / 50000 elapsed  0 system 0.80 temp  -1.0 hbonds, Rg  36.2 A, potential   215.28
45304 / 50000 elapsed  7 system 1.00 temp  -1.0 hbonds, Rg  39.7 A, potential   292.61
46104 / 50000 elapsed  2 system 0.85 temp  -1.0 hbonds, Rg  20.9 A, potential   223.86
46004 / 50000 elapsed  3 system 0.88 temp  -1.0 hbonds, Rg  27.1 A, potential   250.65
46004 / 50000 elapsed  1 system 0.83 temp  -1.0 hbonds, Rg  32.6 A, potential   230.49
46304 / 50000 elapsed  6 system 0.97 temp  -1.0 hbonds, Rg  23.5 A, potential   266.04
46604 / 50000 elapsed  5 system 0.94 temp  -1.0 hbonds, Rg  28.3 A, potential   289.29
45904 / 50000 elapsed  4 system 0.91 temp  -1.0 hbonds, Rg  20.1 A, potential   230.10
46104 / 50000 elapsed  0 system 0.80 temp  -1.0 hbonds, Rg  38.2 A, potential   171.65
46204 / 50000 elapsed  2 system 0.85 temp  -1.0 hbonds, Rg  21.4 A, potential   244.32
46104 / 50000 elapsed  3 system 0.88 temp  -1.0 hbonds, Rg  26.2 A, potential   246.16
45404 / 50000 elapsed  7 system 1.00 temp  -1.0 hbonds, Rg  40.8 A, potential   278.29
46104 / 50000 elapsed  1 system 0.83 temp  -1.0 hbonds, Rg  30.0 A, potential   234.67
46004 / 50000 elapsed  4 system 0.91 temp  -1.0 hbonds, Rg  19.9 A, potential   279.25
46404 / 50000 elapsed  6 system 0.97 temp  -1.0 hbonds, Rg  21.7 A, potential   288.77
46304 / 50000 elapsed  2 system 0.85 temp  -1.0 hbonds, Rg  23.0 A, potential   220.96
46204 / 50000 elapsed  0 system 0.80 temp  -1.0 hbonds, Rg  37.4 A, potential   190.78
46704 / 50000 elapsed  5 system 0.94 temp  -1.0 hbonds, Rg  29.8 A, potential   238.92
46204 / 50000 elapsed  3 system 0.88 temp  -1.0 hbonds, Rg  25.7 A, potential   262.52
45504 / 50000 elapsed  7 system 1.00 temp  -1.0 hbonds, Rg  39.6 A, potential   278.92
46204 / 50000 elapsed  1 system 0.83 temp  -1.0 hbonds, Rg  32.1 A, potential   216.48
46104 / 50000 elapsed  4 system 0.91 temp  -1.0 hbonds, Rg  17.2 A, potential   234.87
46404 / 50000 elapsed  2 system 0.85 temp  -1.0 hbonds, Rg  22.1 A, potential   221.82
46504 / 50000 elapsed  6 system 0.97 temp  -1.0 hbonds, Rg  23.0 A, potential   288.86
46304 / 50000 elapsed  3 system 0.88 temp  -1.0 hbonds, Rg  24.3 A, potential   248.69
46304 / 50000 elapsed  0 system 0.80 temp  -1.0 hbonds, Rg  37.8 A, potential   199.93
46804 / 50000 elapsed  5 system 0.94 temp  -1.0 hbonds, Rg  28.4 A, potential   272.72
45604 / 50000 elapsed  7 system 1.00 temp  -1.0 hbonds, Rg  40.5 A, potential   336.64
46304 / 50000 elapsed  1 system 0.83 temp  -1.0 hbonds, Rg  32.2 A, potential   201.04
46204 / 50000 elapsed  4 system 0.91 temp  -1.0 hbonds, Rg  17.4 A, potential   269.91
46504 / 50000 elapsed  2 system 0.85 temp  -1.0 hbonds, Rg  21.0 A, potential   243.48
46604 / 50000 elapsed  6 system 0.97 temp  -1.0 hbonds, Rg  23.6 A, potential   259.16
46404 / 50000 elapsed  3 system 0.88 temp  -1.0 hbonds, Rg  20.3 A, potential   219.96
46404 / 50000 elapsed  0 system 0.80 temp  -1.0 hbonds, Rg  39.2 A, potential   191.55
46904 / 50000 elapsed  5 system 0.94 temp  -1.0 hbonds, Rg  26.6 A, potential   260.26
45704 / 50000 elapsed  7 system 1.00 temp  -1.0 hbonds, Rg  41.9 A, potential   279.07
46404 / 50000 elapsed  1 system 0.83 temp  -1.0 hbonds, Rg  32.6 A, potential   224.62
46304 / 50000 elapsed  4 system 0.91 temp  -1.0 hbonds, Rg  18.3 A, potential   259.26
46704 / 50000 elapsed  6 system 0.97 temp  -1.0 hbonds, Rg  23.1 A, potential   321.03
46504 / 50000 elapsed  0 system 0.80 temp  -1.0 hbonds, Rg  40.4 A, potential   199.51
46604 / 50000 elapsed  2 system 0.85 temp  -1.0 hbonds, Rg  20.9 A, potential   216.15
46504 / 50000 elapsed  3 system 0.88 temp  -1.0 hbonds, Rg  21.7 A, potential   267.12
46504 / 50000 elapsed  1 system 0.83 temp  -1.0 hbonds, Rg  31.2 A, potential   214.26
47004 / 50000 elapsed  5 system 0.94 temp  -1.0 hbonds, Rg  25.6 A, potential   237.57
45804 / 50000 elapsed  7 system 1.00 temp  -1.0 hbonds, Rg  45.5 A, potential   262.21
46404 / 50000 elapsed  4 system 0.91 temp  -1.0 hbonds, Rg  21.4 A, potential   264.96
46804 / 50000 elapsed  6 system 0.97 temp  -1.0 hbonds, Rg  21.3 A, potential   276.85
46604 / 50000 elapsed  0 system 0.80 temp  -1.0 hbonds, Rg  38.8 A, potential   219.14
46704 / 50000 elapsed  2 system 0.85 temp  -1.0 hbonds, Rg  20.7 A, potential   263.38
46604 / 50000 elapsed  3 system 0.88 temp  -1.0 hbonds, Rg  24.9 A, potential   268.85
46604 / 50000 elapsed  1 system 0.83 temp  -1.0 hbonds, Rg  33.6 A, potential   223.58
47104 / 50000 elapsed  5 system 0.94 temp  -1.0 hbonds, Rg  25.2 A, potential   241.28
45904 / 50000 elapsed  7 system 1.00 temp  -1.0 hbonds, Rg  47.4 A, potential   256.41
46504 / 50000 elapsed  4 system 0.91 temp  -1.0 hbonds, Rg  17.2 A, potential   257.24
46704 / 50000 elapsed  0 system 0.80 temp  -1.0 hbonds, Rg  40.3 A, potential   205.07
46904 / 50000 elapsed  6 system 0.97 temp  -1.0 hbonds, Rg  21.9 A, potential   253.53
46704 / 50000 elapsed  1 system 0.83 temp  -1.0 hbonds, Rg  31.6 A, potential   200.71
46004 / 50000 elapsed  7 system 1.00 temp  -1.0 hbonds, Rg  47.5 A, potential   276.92
46704 / 50000 elapsed  3 system 0.88 temp  -1.0 hbonds, Rg  24.9 A, potential   244.70
46804 / 50000 elapsed  2 system 0.85 temp  -1.0 hbonds, Rg  18.6 A, potential   228.10
47204 / 50000 elapsed  5 system 0.94 temp  -1.0 hbonds, Rg  24.6 A, potential   273.19
46604 / 50000 elapsed  4 system 0.91 temp  -1.0 hbonds, Rg  16.4 A, potential   251.08
46804 / 50000 elapsed  0 system 0.80 temp  -1.0 hbonds, Rg  38.6 A, potential   216.02
47004 / 50000 elapsed  6 system 0.97 temp  -1.0 hbonds, Rg  23.7 A, potential   283.17
46804 / 50000 elapsed  1 system 0.83 temp  -1.0 hbonds, Rg  31.8 A, potential   219.25
46104 / 50000 elapsed  7 system 1.00 temp  -1.0 hbonds, Rg  44.3 A, potential   299.79
46804 / 50000 elapsed  3 system 0.88 temp  -1.0 hbonds, Rg  22.8 A, potential   220.39
46904 / 50000 elapsed  2 system 0.85 temp  -1.0 hbonds, Rg  21.1 A, potential   234.44
47304 / 50000 elapsed  5 system 0.94 temp  -1.0 hbonds, Rg  24.2 A, potential   234.79
46904 / 50000 elapsed  0 system 0.80 temp  -1.0 hbonds, Rg  40.1 A, potential   207.47
47104 / 50000 elapsed  6 system 0.97 temp  -1.0 hbonds, Rg  22.8 A, potential   312.76
46704 / 50000 elapsed  4 system 0.91 temp  -1.0 hbonds, Rg  14.6 A, potential   254.01
46904 / 50000 elapsed  1 system 0.83 temp  -1.0 hbonds, Rg  33.4 A, potential   228.52
46204 / 50000 elapsed  7 system 1.00 temp  -1.0 hbonds, Rg  43.6 A, potential   295.63
46904 / 50000 elapsed  3 system 0.88 temp  -1.0 hbonds, Rg  24.5 A, potential   265.33
47204 / 50000 elapsed  6 system 0.97 temp  -1.0 hbonds, Rg  22.2 A, potential   285.49
47004 / 50000 elapsed  2 system 0.85 temp  -1.0 hbonds, Rg  22.5 A, potential   223.78
47404 / 50000 elapsed  5 system 0.94 temp  -1.0 hbonds, Rg  24.7 A, potential   254.64
47004 / 50000 elapsed  0 system 0.80 temp  -1.0 hbonds, Rg  41.9 A, potential   200.55
47004 / 50000 elapsed  1 system 0.83 temp  -1.0 hbonds, Rg  32.9 A, potential   206.26
46804 / 50000 elapsed  4 system 0.91 temp  -1.0 hbonds, Rg  15.9 A, potential   255.54
46304 / 50000 elapsed  7 system 1.00 temp  -1.0 hbonds, Rg  46.1 A, potential   273.56
47004 / 50000 elapsed  3 system 0.88 temp  -1.0 hbonds, Rg  23.6 A, potential   244.32
47304 / 50000 elapsed  6 system 0.97 temp  -1.0 hbonds, Rg  21.4 A, potential   281.97
47504 / 50000 elapsed  5 system 0.94 temp  -1.0 hbonds, Rg  24.3 A, potential   240.74
47104 / 50000 elapsed  1 system 0.83 temp  -1.0 hbonds, Rg  32.8 A, potential   192.15
47104 / 50000 elapsed  2 system 0.85 temp  -1.0 hbonds, Rg  22.0 A, potential   258.93
47104 / 50000 elapsed  0 system 0.80 temp  -1.0 hbonds, Rg  39.0 A, potential   187.71
46404 / 50000 elapsed  7 system 1.00 temp  -1.0 hbonds, Rg  43.4 A, potential   266.82
46904 / 50000 elapsed  4 system 0.91 temp  -1.0 hbonds, Rg  17.5 A, potential   267.77
47404 / 50000 elapsed  6 system 0.97 temp  -1.0 hbonds, Rg  23.1 A, potential   244.96
47104 / 50000 elapsed  3 system 0.88 temp  -1.0 hbonds, Rg  21.6 A, potential   244.88
47604 / 50000 elapsed  5 system 0.94 temp  -1.0 hbonds, Rg  23.7 A, potential   272.82
47204 / 50000 elapsed  1 system 0.83 temp  -1.0 hbonds, Rg  31.7 A, potential   235.58
47204 / 50000 elapsed  2 system 0.85 temp  -1.0 hbonds, Rg  20.0 A, potential   238.80
46504 / 50000 elapsed  7 system 1.00 temp  -1.0 hbonds, Rg  42.7 A, potential   303.78
47204 / 50000 elapsed  0 system 0.80 temp  -1.0 hbonds, Rg  39.9 A, potential   190.38
47004 / 50000 elapsed  4 system 0.91 temp  -1.0 hbonds, Rg  17.5 A, potential   277.20
47204 / 50000 elapsed  3 system 0.88 temp  -1.0 hbonds, Rg  19.8 A, potential   246.18
47504 / 50000 elapsed  6 system 0.97 temp  -1.0 hbonds, Rg  23.8 A, potential   297.29
47704 / 50000 elapsed  5 system 0.94 temp  -1.0 hbonds, Rg  24.7 A, potential   262.38
47104 / 50000 elapsed  4 system 0.91 temp  -1.0 hbonds, Rg  17.5 A, potential   256.02
47304 / 50000 elapsed  1 system 0.83 temp  -1.0 hbonds, Rg  29.6 A, potential   206.56
47304 / 50000 elapsed  3 system 0.88 temp  -1.0 hbonds, Rg  21.2 A, potential   245.67
47604 / 50000 elapsed  6 system 0.97 temp  -1.0 hbonds, Rg  20.6 A, potential   263.78
47304 / 50000 elapsed  2 system 0.85 temp  -1.0 hbonds, Rg  18.7 A, potential   247.76
46604 / 50000 elapsed  7 system 1.00 temp  -1.0 hbonds, Rg  40.0 A, potential   309.09
47304 / 50000 elapsed  0 system 0.80 temp  -1.0 hbonds, Rg  37.2 A, potential   217.14
47804 / 50000 elapsed  5 system 0.94 temp  -1.0 hbonds, Rg  25.3 A, potential   233.22
47404 / 50000 elapsed  1 system 0.83 temp  -1.0 hbonds, Rg  32.9 A, potential   216.57
47204 / 50000 elapsed  4 system 0.91 temp  -1.0 hbonds, Rg  15.9 A, potential   243.51
47404 / 50000 elapsed  2 system 0.85 temp  -1.0 hbonds, Rg  17.7 A, potential   209.79
47404 / 50000 elapsed  3 system 0.88 temp  -1.0 hbonds, Rg  19.6 A, potential   269.03
47704 / 50000 elapsed  6 system 0.97 temp  -1.0 hbonds, Rg  21.5 A, potential   287.24
46704 / 50000 elapsed  7 system 1.00 temp  -1.0 hbonds, Rg  37.4 A, potential   285.82
47404 / 50000 elapsed  0 system 0.80 temp  -1.0 hbonds, Rg  36.5 A, potential   229.47
47904 / 50000 elapsed  5 system 0.94 temp  -1.0 hbonds, Rg  25.4 A, potential   239.26
47304 / 50000 elapsed  4 system 0.91 temp  -1.0 hbonds, Rg  15.6 A, potential   263.86
47504 / 50000 elapsed  1 system 0.83 temp  -1.0 hbonds, Rg  31.5 A, potential   227.54
47504 / 50000 elapsed  0 system 0.80 temp  -1.0 hbonds, Rg  35.3 A, potential   206.53
47804 / 50000 elapsed  6 system 0.97 temp  -1.0 hbonds, Rg  21.9 A, potential   242.42
47504 / 50000 elapsed  2 system 0.85 temp  -1.0 hbonds, Rg  19.3 A, potential   255.60
47504 / 50000 elapsed  3 system 0.88 temp  -1.0 hbonds, Rg  19.2 A, potential   255.05
46804 / 50000 elapsed  7 system 1.00 temp  -1.0 hbonds, Rg  39.7 A, potential   282.86
48004 / 50000 elapsed  5 system 0.94 temp  -1.0 hbonds, Rg  25.7 A, potential   244.99
47604 / 50000 elapsed  0 system 0.80 temp  -1.0 hbonds, Rg  35.0 A, potential   206.39
47404 / 50000 elapsed  4 system 0.91 temp  -1.0 hbonds, Rg  15.1 A, potential   233.23
47604 / 50000 elapsed  1 system 0.83 temp  -1.0 hbonds, Rg  29.2 A, potential   222.88
47904 / 50000 elapsed  6 system 0.97 temp  -1.0 hbonds, Rg  22.9 A, potential   292.61
47604 / 50000 elapsed  2 system 0.85 temp  -1.0 hbonds, Rg  20.6 A, potential   267.70
46904 / 50000 elapsed  7 system 1.00 temp  -1.0 hbonds, Rg  39.7 A, potential   260.84
47604 / 50000 elapsed  3 system 0.88 temp  -1.0 hbonds, Rg  19.8 A, potential   285.31
48104 / 50000 elapsed  5 system 0.94 temp  -1.0 hbonds, Rg  27.7 A, potential   288.79
47504 / 50000 elapsed  4 system 0.91 temp  -1.0 hbonds, Rg  15.6 A, potential   246.45
47704 / 50000 elapsed  0 system 0.80 temp  -1.0 hbonds, Rg  36.6 A, potential   173.88
47004 / 50000 elapsed  7 system 1.00 temp  -1.0 hbonds, Rg  37.7 A, potential   277.73
47704 / 50000 elapsed  1 system 0.83 temp  -1.0 hbonds, Rg  30.2 A, potential   221.02
47704 / 50000 elapsed  2 system 0.85 temp  -1.0 hbonds, Rg  19.9 A, potential   223.75
48004 / 50000 elapsed  6 system 0.97 temp  -1.0 hbonds, Rg  21.0 A, potential   287.49
48204 / 50000 elapsed  5 system 0.94 temp  -1.0 hbonds, Rg  24.5 A, potential   283.68
47704 / 50000 elapsed  3 system 0.88 temp  -1.0 hbonds, Rg  21.1 A, potential   257.00
47604 / 50000 elapsed  4 system 0.91 temp  -1.0 hbonds, Rg  16.3 A, potential   271.31
47104 / 50000 elapsed  7 system 1.00 temp  -1.0 hbonds, Rg  36.9 A, potential   271.31
47804 / 50000 elapsed  0 system 0.80 temp  -1.0 hbonds, Rg  37.1 A, potential   189.99
47804 / 50000 elapsed  1 system 0.83 temp  -1.0 hbonds, Rg  30.2 A, potential   209.29
47804 / 50000 elapsed  2 system 0.85 temp  -1.0 hbonds, Rg  19.4 A, potential   232.85
48104 / 50000 elapsed  6 system 0.97 temp  -1.0 hbonds, Rg  20.9 A, potential   263.91
48304 / 50000 elapsed  5 system 0.94 temp  -1.0 hbonds, Rg  22.5 A, potential   289.99
47804 / 50000 elapsed  3 system 0.88 temp  -1.0 hbonds, Rg  22.4 A, potential   239.92
47704 / 50000 elapsed  4 system 0.91 temp  -1.0 hbonds, Rg  17.4 A, potential   247.48
47904 / 50000 elapsed  0 system 0.80 temp  -1.0 hbonds, Rg  34.6 A, potential   196.81
47204 / 50000 elapsed  7 system 1.00 temp  -1.0 hbonds, Rg  38.4 A, potential   292.19
47904 / 50000 elapsed  2 system 0.85 temp  -1.0 hbonds, Rg  20.4 A, potential   232.92
48204 / 50000 elapsed  6 system 0.97 temp  -1.0 hbonds, Rg  20.0 A, potential   284.88
47904 / 50000 elapsed  1 system 0.83 temp  -1.0 hbonds, Rg  33.3 A, potential   249.21
48404 / 50000 elapsed  5 system 0.94 temp  -1.0 hbonds, Rg  23.7 A, potential   254.41
47904 / 50000 elapsed  3 system 0.88 temp  -1.0 hbonds, Rg  22.8 A, potential   245.59
48004 / 50000 elapsed  0 system 0.80 temp  -1.0 hbonds, Rg  35.1 A, potential   180.22
47304 / 50000 elapsed  7 system 1.00 temp  -1.0 hbonds, Rg  36.0 A, potential   285.21
48004 / 50000 elapsed  1 system 0.83 temp  -1.0 hbonds, Rg  36.9 A, potential   203.79
47804 / 50000 elapsed  4 system 0.91 temp  -1.0 hbonds, Rg  19.3 A, potential   259.30
48304 / 50000 elapsed  6 system 0.97 temp  -1.0 hbonds, Rg  19.4 A, potential   266.64
48004 / 50000 elapsed  2 system 0.85 temp  -1.0 hbonds, Rg  23.4 A, potential   230.19
48504 / 50000 elapsed  5 system 0.94 temp  -1.0 hbonds, Rg  23.2 A, potential   282.13
48004 / 50000 elapsed  3 system 0.88 temp  -1.0 hbonds, Rg  23.3 A, potential   246.14
48104 / 50000 elapsed  0 system 0.80 temp  -1.0 hbonds, Rg  35.0 A, potential   197.69
48104 / 50000 elapsed  1 system 0.83 temp  -1.0 hbonds, Rg  34.8 A, potential   230.50
47404 / 50000 elapsed  7 system 1.00 temp  -1.0 hbonds, Rg  33.5 A, potential   303.25
47904 / 50000 elapsed  4 system 0.91 temp  -1.0 hbonds, Rg  19.4 A, potential   239.30
48104 / 50000 elapsed  3 system 0.88 temp  -1.0 hbonds, Rg  24.7 A, potential   230.36
48404 / 50000 elapsed  6 system 0.97 temp  -1.0 hbonds, Rg  18.5 A, potential   261.15
48604 / 50000 elapsed  5 system 0.94 temp  -1.0 hbonds, Rg  23.1 A, potential   306.03
48104 / 50000 elapsed  2 system 0.85 temp  -1.0 hbonds, Rg  21.5 A, potential   187.47
48204 / 50000 elapsed  0 system 0.80 temp  -1.0 hbonds, Rg  34.5 A, potential   187.15
48204 / 50000 elapsed  1 system 0.83 temp  -1.0 hbonds, Rg  33.4 A, potential   232.79
47504 / 50000 elapsed  7 system 1.00 temp  -1.0 hbonds, Rg  35.1 A, potential   257.25
48204 / 50000 elapsed  3 system 0.88 temp  -1.0 hbonds, Rg  26.1 A, potential   209.57
48004 / 50000 elapsed  4 system 0.91 temp  -1.0 hbonds, Rg  17.1 A, potential   267.72
48504 / 50000 elapsed  6 system 0.97 temp  -1.0 hbonds, Rg  20.0 A, potential   258.52
48304 / 50000 elapsed  0 system 0.80 temp  -1.0 hbonds, Rg  35.3 A, potential   229.70
48704 / 50000 elapsed  5 system 0.94 temp  -1.0 hbonds, Rg  27.3 A, potential   256.95
48204 / 50000 elapsed  2 system 0.85 temp  -1.0 hbonds, Rg  21.1 A, potential   214.91
48304 / 50000 elapsed  1 system 0.83 temp  -1.0 hbonds, Rg  30.9 A, potential   215.54
47604 / 50000 elapsed  7 system 1.00 temp  -1.0 hbonds, Rg  37.4 A, potential   277.51
48304 / 50000 elapsed  3 system 0.88 temp  -1.0 hbonds, Rg  25.6 A, potential   247.78
48404 / 50000 elapsed  0 system 0.80 temp  -1.0 hbonds, Rg  34.3 A, potential   215.34
48104 / 50000 elapsed  4 system 0.91 temp  -1.0 hbonds, Rg  19.0 A, potential   249.78
48604 / 50000 elapsed  6 system 0.97 temp  -1.0 hbonds, Rg  19.4 A, potential   242.86
48804 / 50000 elapsed  5 system 0.94 temp  -1.0 hbonds, Rg  29.0 A, potential   273.25
47704 / 50000 elapsed  7 system 1.00 temp  -1.0 hbonds, Rg  37.9 A, potential   295.00
48304 / 50000 elapsed  2 system 0.85 temp  -1.0 hbonds, Rg  20.3 A, potential   215.30
48404 / 50000 elapsed  1 system 0.83 temp  -1.0 hbonds, Rg  30.3 A, potential   230.64
48404 / 50000 elapsed  3 system 0.88 temp  -1.0 hbonds, Rg  26.2 A, potential   234.65
48204 / 50000 elapsed  4 system 0.91 temp  -1.0 hbonds, Rg  21.2 A, potential   213.39
48504 / 50000 elapsed  0 system 0.80 temp  -1.0 hbonds, Rg  32.9 A, potential   208.36
48704 / 50000 elapsed  6 system 0.97 temp  -1.0 hbonds, Rg  20.2 A, potential   286.74
48904 / 50000 elapsed  5 system 0.94 temp  -1.0 hbonds, Rg  28.3 A, potential   263.50
47804 / 50000 elapsed  7 system 1.00 temp  -1.0 hbonds, Rg  38.2 A, potential   278.68
48404 / 50000 elapsed  2 system 0.85 temp  -1.0 hbonds, Rg  23.2 A, potential   237.53
48504 / 50000 elapsed  1 system 0.83 temp  -1.0 hbonds, Rg  29.1 A, potential   235.17
48504 / 50000 elapsed  3 system 0.88 temp  -1.0 hbonds, Rg  23.6 A, potential   237.33
48304 / 50000 elapsed  4 system 0.91 temp  -1.0 hbonds, Rg  23.4 A, potential   279.82
48804 / 50000 elapsed  6 system 0.97 temp  -1.0 hbonds, Rg  19.4 A, potential   267.96
49004 / 50000 elapsed  5 system 0.94 temp  -1.0 hbonds, Rg  25.4 A, potential   259.34
48604 / 50000 elapsed  0 system 0.80 temp  -1.0 hbonds, Rg  31.9 A, potential   203.45
48504 / 50000 elapsed  2 system 0.85 temp  -1.0 hbonds, Rg  21.7 A, potential   259.51
47904 / 50000 elapsed  7 system 1.00 temp  -1.0 hbonds, Rg  35.8 A, potential   274.30
48604 / 50000 elapsed  1 system 0.83 temp  -1.0 hbonds, Rg  32.0 A, potential   249.94
48604 / 50000 elapsed  3 system 0.88 temp  -1.0 hbonds, Rg  25.3 A, potential   252.24
48704 / 50000 elapsed  0 system 0.80 temp  -1.0 hbonds, Rg  29.4 A, potential   215.57
48404 / 50000 elapsed  4 system 0.91 temp  -1.0 hbonds, Rg  22.0 A, potential   244.46
49104 / 50000 elapsed  5 system 0.94 temp  -1.0 hbonds, Rg  25.1 A, potential   244.24
48904 / 50000 elapsed  6 system 0.97 temp  -1.0 hbonds, Rg  18.4 A, potential   321.00
48004 / 50000 elapsed  7 system 1.00 temp  -1.0 hbonds, Rg  36.5 A, potential   288.30
48604 / 50000 elapsed  2 system 0.85 temp  -1.0 hbonds, Rg  22.1 A, potential   212.38
48704 / 50000 elapsed  1 system 0.83 temp  -1.0 hbonds, Rg  28.0 A, potential   217.41
48704 / 50000 elapsed  3 system 0.88 temp  -1.0 hbonds, Rg  25.2 A, potential   255.96
48804 / 50000 elapsed  0 system 0.80 temp  -1.0 hbonds, Rg  30.1 A, potential   181.56
48504 / 50000 elapsed  4 system 0.91 temp  -1.0 hbonds, Rg  23.3 A, potential   216.08
49004 / 50000 elapsed  6 system 0.97 temp  -1.0 hbonds, Rg  18.2 A, potential   270.75
49204 / 50000 elapsed  5 system 0.94 temp  -1.0 hbonds, Rg  24.5 A, potential   242.08
48104 / 50000 elapsed  7 system 1.00 temp  -1.0 hbonds, Rg  35.6 A, potential   259.16
48704 / 50000 elapsed  2 system 0.85 temp  -1.0 hbonds, Rg  23.6 A, potential   218.93
48804 / 50000 elapsed  1 system 0.83 temp  -1.0 hbonds, Rg  28.0 A, potential   245.09
48804 / 50000 elapsed  3 system 0.88 temp  -1.0 hbonds, Rg  24.9 A, potential   246.04
48904 / 50000 elapsed  0 system 0.80 temp  -1.0 hbonds, Rg  28.8 A, potential   185.71
49104 / 50000 elapsed  6 system 0.97 temp  -1.0 hbonds, Rg  18.2 A, potential   254.01
48604 / 50000 elapsed  4 system 0.91 temp  -1.0 hbonds, Rg  25.2 A, potential   280.59
49304 / 50000 elapsed  5 system 0.94 temp  -1.0 hbonds, Rg  23.1 A, potential   290.19
48204 / 50000 elapsed  7 system 1.00 temp  -1.0 hbonds, Rg  37.6 A, potential   282.87
48804 / 50000 elapsed  2 system 0.85 temp  -1.0 hbonds, Rg  20.1 A, potential   256.82
48904 / 50000 elapsed  1 system 0.83 temp  -1.0 hbonds, Rg  28.4 A, potential   220.21
49004 / 50000 elapsed  0 system 0.80 temp  -1.0 hbonds, Rg  29.6 A, potential   205.09
48904 / 50000 elapsed  3 system 0.88 temp  -1.0 hbonds, Rg  23.1 A, potential   237.70
49204 / 50000 elapsed  6 system 0.97 temp  -1.0 hbonds, Rg  20.5 A, potential   279.93
48704 / 50000 elapsed  4 system 0.91 temp  -1.0 hbonds, Rg  24.6 A, potential   260.92
48904 / 50000 elapsed  2 system 0.85 temp  -1.0 hbonds, Rg  19.8 A, potential   249.17
49404 / 50000 elapsed  5 system 0.94 temp  -1.0 hbonds, Rg  24.3 A, potential   261.44
48304 / 50000 elapsed  7 system 1.00 temp  -1.0 hbonds, Rg  39.4 A, potential   275.47
49004 / 50000 elapsed  1 system 0.83 temp  -1.0 hbonds, Rg  26.7 A, potential   247.18
49104 / 50000 elapsed  0 system 0.80 temp  -1.0 hbonds, Rg  27.8 A, potential   188.46
49004 / 50000 elapsed  3 system 0.88 temp  -1.0 hbonds, Rg  22.0 A, potential   261.85
48804 / 50000 elapsed  4 system 0.91 temp  -1.0 hbonds, Rg  24.0 A, potential   248.18
49304 / 50000 elapsed  6 system 0.97 temp  -1.0 hbonds, Rg  19.8 A, potential   248.43
48404 / 50000 elapsed  7 system 1.00 temp  -1.0 hbonds, Rg  36.8 A, potential   304.09
49004 / 50000 elapsed  2 system 0.85 temp  -1.0 hbonds, Rg  20.1 A, potential   255.51
49504 / 50000 elapsed  5 system 0.94 temp  -1.0 hbonds, Rg  24.0 A, potential   254.43
49104 / 50000 elapsed  1 system 0.83 temp  -1.0 hbonds, Rg  25.4 A, potential   216.52
49204 / 50000 elapsed  0 system 0.80 temp  -1.0 hbonds, Rg  27.8 A, potential   216.65
49404 / 50000 elapsed  6 system 0.97 temp  -1.0 hbonds, Rg  20.6 A, potential   287.36
48904 / 50000 elapsed  4 system 0.91 temp  -1.0 hbonds, Rg  26.8 A, potential   256.74
49104 / 50000 elapsed  3 system 0.88 temp  -1.0 hbonds, Rg  22.8 A, potential   231.93
48504 / 50000 elapsed  7 system 1.00 temp  -1.0 hbonds, Rg  36.9 A, potential   302.62
49104 / 50000 elapsed  2 system 0.85 temp  -1.0 hbonds, Rg  20.8 A, potential   210.40
49604 / 50000 elapsed  5 system 0.94 temp  -1.0 hbonds, Rg  23.3 A, potential   239.32
49204 / 50000 elapsed  1 system 0.83 temp  -1.0 hbonds, Rg  24.2 A, potential   216.67
49304 / 50000 elapsed  0 system 0.80 temp  -1.0 hbonds, Rg  27.1 A, potential   201.60
49504 / 50000 elapsed  6 system 0.97 temp  -1.0 hbonds, Rg  17.7 A, potential   245.61
49004 / 50000 elapsed  4 system 0.91 temp  -1.0 hbonds, Rg  27.0 A, potential   296.81
48604 / 50000 elapsed  7 system 1.00 temp  -1.0 hbonds, Rg  39.1 A, potential   297.65
49204 / 50000 elapsed  3 system 0.88 temp  -1.0 hbonds, Rg  23.7 A, potential   268.80
49204 / 50000 elapsed  2 system 0.85 temp  -1.0 hbonds, Rg  17.0 A, potential   211.86
49704 / 50000 elapsed  5 system 0.94 temp  -1.0 hbonds, Rg  25.8 A, potential   269.02
49304 / 50000 elapsed  1 system 0.83 temp  -1.0 hbonds, Rg  26.0 A, potential   234.63
49404 / 50000 elapsed  0 system 0.80 temp  -1.0 hbonds, Rg  25.8 A, potential   185.08
49604 / 50000 elapsed  6 system 0.97 temp  -1.0 hbonds, Rg  18.3 A, potential   297.71
48704 / 50000 elapsed  7 system 1.00 temp  -1.0 hbonds, Rg  37.0 A, potential   307.42
49104 / 50000 elapsed  4 system 0.91 temp  -1.0 hbonds, Rg  25.5 A, potential   279.17
49304 / 50000 elapsed  2 system 0.85 temp  -1.0 hbonds, Rg  16.3 A, potential   223.09
49304 / 50000 elapsed  3 system 0.88 temp  -1.0 hbonds, Rg  25.1 A, potential   246.00
49404 / 50000 elapsed  1 system 0.83 temp  -1.0 hbonds, Rg  25.8 A, potential   237.51
49504 / 50000 elapsed  0 system 0.80 temp  -1.0 hbonds, Rg  26.0 A, potential   225.13
49804 / 50000 elapsed  5 system 0.94 temp  -1.0 hbonds, Rg  25.6 A, potential   263.74
48804 / 50000 elapsed  7 system 1.00 temp  -1.0 hbonds, Rg  37.5 A, potential   284.35
49704 / 50000 elapsed  6 system 0.97 temp  -1.0 hbonds, Rg  19.0 A, potential   305.69
49404 / 50000 elapsed  2 system 0.85 temp  -1.0 hbonds, Rg  17.6 A, potential   214.23
49204 / 50000 elapsed  4 system 0.91 temp  -1.0 hbonds, Rg  27.9 A, potential   248.45
49504 / 50000 elapsed  1 system 0.83 temp  -1.0 hbonds, Rg  27.9 A, potential   240.95
49404 / 50000 elapsed  3 system 0.88 temp  -1.0 hbonds, Rg  26.4 A, potential   243.20
49604 / 50000 elapsed  0 system 0.80 temp  -1.0 hbonds, Rg  27.5 A, potential   214.04
49904 / 50000 elapsed  5 system 0.94 temp  -1.0 hbonds, Rg  27.9 A, potential   290.74
48904 / 50000 elapsed  7 system 1.00 temp  -1.0 hbonds, Rg  40.6 A, potential   283.53
49504 / 50000 elapsed  2 system 0.85 temp  -1.0 hbonds, Rg  20.4 A, potential   214.62
49304 / 50000 elapsed  4 system 0.91 temp  -1.0 hbonds, Rg  27.4 A, potential   260.82
49804 / 50000 elapsed  6 system 0.97 temp  -1.0 hbonds, Rg  25.9 A, potential   280.74
49504 / 50000 elapsed  3 system 0.88 temp  -1.0 hbonds, Rg  27.6 A, potential   239.10
49604 / 50000 elapsed  1 system 0.83 temp  -1.0 hbonds, Rg  28.2 A, potential   211.81
49704 / 50000 elapsed  0 system 0.80 temp  -1.0 hbonds, Rg  28.3 A, potential   219.49
49004 / 50000 elapsed  7 system 1.00 temp  -1.0 hbonds, Rg  40.3 A, potential   263.50
49604 / 50000 elapsed  2 system 0.85 temp  -1.0 hbonds, Rg  22.3 A, potential   236.38
49404 / 50000 elapsed  4 system 0.91 temp  -1.0 hbonds, Rg  25.7 A, potential   272.29
49904 / 50000 elapsed  6 system 0.97 temp  -1.0 hbonds, Rg  24.8 A, potential   292.74
49704 / 50000 elapsed  1 system 0.83 temp  -1.0 hbonds, Rg  26.4 A, potential   253.84
49604 / 50000 elapsed  3 system 0.88 temp  -1.0 hbonds, Rg  27.5 A, potential   225.42
49804 / 50000 elapsed  0 system 0.80 temp  -1.0 hbonds, Rg  28.6 A, potential   207.02
49104 / 50000 elapsed  7 system 1.00 temp  -1.0 hbonds, Rg  39.3 A, potential   292.51
49704 / 50000 elapsed  2 system 0.85 temp  -1.0 hbonds, Rg  25.5 A, potential   260.39
49504 / 50000 elapsed  4 system 0.91 temp  -1.0 hbonds, Rg  27.1 A, potential   269.45
49704 / 50000 elapsed  3 system 0.88 temp  -1.0 hbonds, Rg  30.7 A, potential   255.88
49804 / 50000 elapsed  1 system 0.83 temp  -1.0 hbonds, Rg  25.0 A, potential   205.89
49904 / 50000 elapsed  0 system 0.80 temp  -1.0 hbonds, Rg  29.3 A, potential   218.04
49204 / 50000 elapsed  7 system 1.00 temp  -1.0 hbonds, Rg  41.1 A, potential   280.07
49804 / 50000 elapsed  2 system 0.85 temp  -1.0 hbonds, Rg  25.6 A, potential   242.59
49604 / 50000 elapsed  4 system 0.91 temp  -1.0 hbonds, Rg  26.1 A, potential   255.28
49804 / 50000 elapsed  3 system 0.88 temp  -1.0 hbonds, Rg  33.0 A, potential   199.48
49904 / 50000 elapsed  1 system 0.83 temp  -1.0 hbonds, Rg  25.8 A, potential   242.31
49904 / 50000 elapsed  2 system 0.85 temp  -1.0 hbonds, Rg  22.5 A, potential   223.47
49304 / 50000 elapsed  7 system 1.00 temp  -1.0 hbonds, Rg  40.9 A, potential   307.23
49704 / 50000 elapsed  4 system 0.91 temp  -1.0 hbonds, Rg  25.6 A, potential   223.42
49904 / 50000 elapsed  3 system 0.88 temp  -1.0 hbonds, Rg  34.7 A, potential   224.31
49404 / 50000 elapsed  7 system 1.00 temp  -1.0 hbonds, Rg  42.0 A, potential   253.20
49804 / 50000 elapsed  4 system 0.91 temp  -1.0 hbonds, Rg  26.2 A, potential   246.87
49504 / 50000 elapsed  7 system 1.00 temp  -1.0 hbonds, Rg  40.1 A, potential   298.27
49904 / 50000 elapsed  4 system 0.91 temp  -1.0 hbonds, Rg  25.9 A, potential   251.61
49604 / 50000 elapsed  7 system 1.00 temp  -1.0 hbonds, Rg  39.6 A, potential   297.78
49704 / 50000 elapsed  7 system 1.00 temp  -1.0 hbonds, Rg  37.9 A, potential   269.39
49804 / 50000 elapsed  7 system 1.00 temp  -1.0 hbonds, Rg  35.6 A, potential   283.07
49904 / 50000 elapsed  7 system 1.00 temp  -1.0 hbonds, Rg  33.6 A, potential   307.97


finished in 1181.5 seconds (26.58 us/systems/step, 1.5e+05 simulation_time_unit/hour)

avg_kinetic_energy/1.5kT  1.003  1.008  1.004  1.013  1.006  1.010  1.009  1.002
Initial structure gen...
python /home/nithin/data2/nithin/codex_work/resilient_interface/Upside_Desktop/py/PDB_to_initial_structure.py ./pdb/1ubq.pdb .//inputs/1ubq --record-chain-breaks 
Configuring...
Config commandline options:
/home/nithin/data2/nithin/codex_work/resilient_interface/Upside_Desktop/py/upside_config.py --fasta=.//inputs/1ubq.fasta --output=.//inputs/1ubq.up --initial-structure=.//inputs/1ubq.initial.npy --rama-library=/home/nithin/data2/nithin/codex_work/resilient_interface/Upside_Desktop/parameters/common/rama.dat --rama-sheet-mixing-energy=/home/nithin/data2/nithin/codex_work/resilient_interface/Upside_Desktop/parameters/ff_2.1/sheet --reference-state-rama=/home/nithin/data2/nithin/codex_work/resilient_interface/Upside_Desktop/parameters/common/rama_reference.pkl --chain-break-from-file=.//inputs/1ubq.chain_breaks

n_chains: 1


Running...
"/home/nithin/data2/nithin/codex_work/resilient_interface/Upside_Desktop/obj/upside" --duration 50000 --frame-interval 100 --temperature 0.7999999999999999,0.8272066590203876,0.8548682412244555,0.8829847466122037,0.9115561751836322,0.9405825269387411,0.9700638018775304,1.0 --seed 1  .//outputs/SARW/1ubq.run.0.up .//outputs/SARW/1ubq.run.1.up .//outputs/SARW/1ubq.run.2.up .//outputs/SARW/1ubq.run.3.up .//outputs/SARW/1ubq.run.4.up .//outputs/SARW/1ubq.run.5.up .//outputs/SARW/1ubq.run.6.up .//outputs/SARW/1ubq.run.7.up
